tree
version=v4
num_class=1
num_tree_per_iteration=1
label_index=0
max_feature_idx=35
objective=binary sigmoid:1
feature_names=Column_0 Column_1 Column_2 Column_3 Column_4 Column_5 Column_6 Column_7 Column_8 Column_9 Column_10 Column_11 Column_12 Column_13 Column_14 Column_15 Column_16 Column_17 Column_18 Column_19 Column_20 Column_21 Column_22 Column_23 Column_24 Column_25 Column_26 Column_27 Column_28 Column_29 Column_30 Column_31 Column_32 Column_33 Column_34 Column_35
feature_infos=[-49.994209289550781:152.59716796875] [-59.247543334960938:393.42105102539062] [-74.117507934570312:498.29058837890625] [-52.495719909667969:174.25028991699219] [-1:1] [0.23095789551734924:13.006614685058594] [0:100] [0.082100324332714081:3.6458005905151367] [0:0.60000002384185791] [0:100] [0:1] [-40.613231658935547:77.538345336914062] [-80.699607849121094:591.53607177734375] [-30.09619140625:40.015419006347656] [-41.854465484619141:95.48162841796875] [-70.867118835449219:310.07083129882812] [-39.081829071044922:42.595317840576172] [0:18.131650924682617] [0.37792739272117615:10.180340766906738] [0.62395989894866943:17.367979049682617] [0.50675678253173828:21.273622512817383] [0:100] [0:100] [0:100] [-81.512931823730469:0] [0.067498289048671722:9.0489988327026367] [-0.95606213808059692:0.96993666887283325] [-1.0588902235031128:1.0062203407287598] [-3.6437196731567383:3.8860962390899658] [-1.9222511053085327:13.733846664428711] [0.05000000074505806:0.89999997615814209] [-0.99998772144317627:0.99982315301895142] [-80.746864318847656:-1.8066847324371338] [-421.33526611328125:463.01284790039062] [-100:0] [-50.881172180175781:155.8541259765625]
tree_sizes=3514 3519 3518 3524 3496 3521 3510 3519 3525 3530 3521 3520 3528 3509 3515 3531 3517 3530 3533 3540 3536 3523 3551 3511 3527 3537 3534 3550 3533 3535 3522 3534 3522 3527 3552 3548 3537

Tree=0
num_leaves=31
num_cat=0
split_feature=19 34 19 19 19 20 16 35 34 33 15 17 2 33 34 32 12 33 32 19 19 6 22 13 23 33 7 10 7 29
split_gain=3667.58 667.471 649.777 223.497 180.073 171.115 185.975 116.879 111.504 96.5244 94.2706 93.1682 87.2594 86.5104 83.8026 78.6238 61.7881 60.4803 58.4144 56.5182 53.594 48.7088 43.7939 75.5287 39.8428 48.0734 38.5886 43.5683 33.6219 32.983
threshold=2.4553248882293706 -42.855487823486321 1.7711798548698428 3.147587895393372 3.4523571729660039 10.947772026062013 -4.8506140708923331 98.102809906005874 -75.137649536132798 -162.28941345214841 -11.044261932373045 4.8230357170104989 3.6769456863403325 40.215167999267585 -17.097238540649411 -28.16005706787109 -23.093659400939938 -26.424390792846676 -21.464950561523434 1.2225320935249331 2.0371937751770024 50.846105575561531 99.997756958007827 18.688733100891117 12.813570499420168 -147.96257781982419 0.95182442665100109 0.41073055565357214 0.75978654623031627 -0.79236876964569081
decision_type=2 2 2 2 2 2 2 2 2 2 2 2 2 2 2 2 2 2 2 2 2 2 2 2 2 2 2 2 2 2
left_child=2 3 12 18 7 6 11 21 9 15 -6 24 19 20 -12 -8 -13 -7 -2 -1 -4 -3 23 -16 25 -5 -15 -28 -20 -26
right_child=1 4 13 5 10 17 8 -9 -10 -11 14 16 -14 26 22 -17 -18 -19 28 -21 -22 -23 -24 -25 29 -27 27 -29 -30 -31
leaf_value=-0.10112412151198986 -0.05694155953003753 -0.064609126785399359 -0.078542572518480444 -0.035780727481710572 -0.028194217492923425 -0.081020048874947348 -0.035439320100832311 -0.041431974207345276 -0.052113382141860003 -0.059598018725511459 -0.047236746434581228 -0.01030780171543335 -0.07195177489202409 -0.071701653338914081 -0.040786198882550008 -0.054975497011339747 -0.042153924509414867 -0.049841999951581159 -0.070730563763152676 -0.088440537959606103 -0.070197534783831797 -0.053621904402469965 -0.025723165207101571 -0.07388012041746897 -0.024738886899513084 -0.05795293636568017 -0.073830175743475251 -0.059621116838703955 -0.062939774749420835 -0.044535534609829647
leaf_weight=405.41630110144615 1184.275220900774 436.14101153612137 1044.1405659914017 112.15768280625343 320.73600161075592 282.26766496896744 274.27424436807632 670.94774168729782 6192.1532273590565 4789.5577062964439 4773.8206594884396 116.40418750047684 250.29398256540298 527.06617087125778 2472.4649096131325 575.27648887038231 108.91035568714142 68.443663895130157 676.44321835041046 1737.3200087249279 2144.7346649765968 2128.9976181685925 168.86101019382477 62.448598444461823 90.175776153802872 390.42863747477531 235.0565245449543 1121.0772392749786 1955.8901032805443 519.82213345170021
leaf_count=1623 4741 1746 4180 449 1284 1130 1098 2686 24789 19174 19111 466 1002 2110 9898 2303 436 274 2708 6955 8586 8523 676 250 361 1563 941 4488 7830 2081
internal_value=-0.0573056 -0.052382 -0.0760135 -0.0560543 -0.0466144 -0.0542438 -0.0536916 -0.052573 -0.0548926 -0.0579421 -0.0441447 -0.0430917 -0.0889014 -0.069925 -0.0448346 -0.0486323 -0.0254997 -0.0748887 -0.0624629 -0.0908666 -0.0729405 -0.055498 -0.0406043 -0.0416136 -0.0466933 -0.0530017 -0.0648053 -0.0621053 -0.0649518 -0.0415358
internal_weight=35836 28370.9 7465.11 17336.5 11034.4 13519.9 13169.2 3236.09 11831.3 5639.11 7798.33 1337.9 2393.03 5072.08 7477.6 849.551 225.315 350.711 3816.61 2142.74 3188.88 2565.14 2703.77 2534.91 1112.58 502.586 1883.2 1356.13 2632.33 609.998
internal_count=143462 113577 29885 69403 44174 54124 52720 12955 47364 22575 31219 5356 9580 20305 29935 3401 902 1404 15279 8578 12766 10269 10824 10148 4454 2012 7539 5429 10538 2442
is_linear=0
shrinkage=1


Tree=1
num_leaves=31
num_cat=0
split_feature=19 33 19 14 15 19 19 17 19 2 20 7 6 32 15 22 33 7 26 6 22 6 29 19 19 7 18 10 15 35
split_gain=3536.26 594.371 557.675 206.242 205.943 161.522 155.565 162.595 103.86 85.6792 83.8325 82.1728 78.7054 71.7353 70.7539 66.8624 64.2401 63.3255 55.5571 53.951 53.9102 53.408 51.3967 48.0657 47.1286 43.1776 39.1468 40.4509 38.4556 50.1413
threshold=2.4392522573471074 -4.9309866428375235 1.7711798548698428 6.112635850906373 -11.640118122100828 3.6684467792510991 8.9501757621765154 5.7119328975677499 3.147587895393372 3.6769456863403325 9.7172808647155779 2.0207499265670781 44.283969879150398 -27.618870735168453 -9.1495447158813459 16.056980133056644 -159.56793975830075 1.0694207549095156 0.35797074437141424 42.717260360717781 99.997756958007827 46.013990402221687 3.9284625053405766 1.2225320935249331 1.9339084625244143 0.73753947019577037 1.5289959907531741 0.4047847986221314 -11.85128879547119 93.577713012695327
decision_type=2 2 2 2 2 2 2 2 2 2 2 2 2 2 2 2 2 2 2 2 2 2 2 2 2 2 2 2 2 2
left_child=2 4 9 5 6 17 7 13 25 23 15 20 24 16 21 -10 -2 -3 -17 -18 28 -7 -13 -1 -4 -6 -14 -28 -5 -30
right_child=1 3 12 11 8 14 -8 -9 10 -11 -12 22 26 -15 -16 18 19 -19 -20 -21 -22 -23 -24 -25 -26 -27 27 -29 29 -31
leaf_value=-0.041719219791955205 0.021011356645453665 -0.00067254008611263873 -0.026801241250510557 0.036277750858096418 -0.013515737993427774 0.0062393719319423866 -0.032353168271094586 0.032702206747176082 -0.0032478767794849477 -0.013528433176298663 -0.014215358262022283 -0.002714465502063404 -0.013026032371572566 -0.00054931342343838532 0.0091806953042527645 0.0067437943238773147 0.004703106430271429 0.0064742098687190983 0.0002753637220129576 0.019579325071288647 0.034266442051322968 0.028265366407464233 0.025086713641195271 -0.030069207500134892 -0.015068968896274539 -0.0045931300083738589 -0.018307605911232837 -0.0039830486876170955 0.010373604160260473 0.018472650883173024
leaf_weight=410.94851350784302 346.35375045239925 2406.6475265473127 390.15221716463566 82.480856671929359 645.74253040552139 147.42695145308971 87.869522824883461 220.40332318842411 2534.1431039869785 248.67801243066788 352.3402114212513 324.31665329635143 1507.2015232741833 998.17525792121887 5867.5838909745216 1918.1085744798183 1525.1066979318857 2073.8011050075293 3181.3533907830715 256.81146632134914 154.21901625394821 318.37006606161594 72.213076516985893 1751.822195827961 1594.4569369107485 2041.7640651166439 207.72470818459988 1231.1260822415352 1123.9282276034355 1842.6245766282082
leaf_count=1648 1386 9634 1563 330 2586 590 352 882 10145 996 1411 1298 6036 3996 23484 7678 6105 8301 12735 1028 617 1274 289 7021 6386 8175 832 4930 4498 7374
internal_value=6.94967e-06 0.00478702 -0.0185582 0.00907145 0.000408437 0.00699728 0.00679767 0.00783939 -0.00164666 -0.030384 6.84477e-05 0.0152945 -0.0127665 0.00607196 0.0100816 0.000731478 0.00918323 0.00263273 0.00271218 0.00686527 0.0168896 0.0213545 0.00236112 -0.032308 -0.0173953 -0.00674683 -0.00963836 -0.00607276 0.0159948 0.0154138
internal_weight=35863.9 28521.8 7342.11 14413.6 14108.2 10813.8 3434.72 3346.85 10673.5 2411.45 7985.95 3599.78 4930.66 3126.45 6333.38 7633.61 2128.27 4480.45 5099.46 1781.92 3203.25 465.797 396.53 2162.77 1984.61 2687.51 2946.05 1438.85 3049.03 2966.55
internal_count=143580 114168 29412 57689 56479 43283 13749 13397 42730 9665 31969 14406 19747 12515 25348 30558 8519 17935 20413 7133 12819 1864 1587 8669 7949 10761 11798 5762 12202 11872
is_linear=0
shrinkage=0.03


Tree=2
num_leaves=31
num_cat=0
split_feature=20 34 20 20 20 20 24 3 34 17 35 34 34 24 32 13 18 24 10 0 34 12 21 35 22 35 25 18 25 26
split_gain=3017 662.225 395.718 299.311 222.618 154.525 175.907 95.9276 94.5508 90.7522 90.1052 82.7591 76.7502 96.449 55.9211 54.61 52.1895 49.2233 43.8421 39.336 39.3157 38.292 36.717 39.9783 36.5818 35.9144 35.8659 35.5787 49.2957 35.0407
threshold=2.3307666778564458 -43.209505081176751 1.7605701684951784 3.0806430578231816 3.0970591306686406 10.947772026062013 -30.857896804809567 0.74834880232810985 -74.046894073486314 5.7119328975677499 96.69962310791017 -80.765712738037095 -26.436212539672848 -29.065015792846676 -25.268351554870602 -5.1132564544677725 1.6552457213401797 -18.434647560119625 0.42860390245914465 9.0131368637084979 -82.471794128417955 2.1786016225814824 99.995410919189467 128.9804611206055 99.997756958007827 56.644866943359382 1.8668779134750368 2.2872818708419804 0.8881010413169862 0.46180455386638647
decision_type=2 2 2 2 2 2 2 2 2 2 2 2 2 2 2 2 2 2 2 2 2 2 2 2 2 2 2 2 2 2
left_child=2 3 7 14 10 6 9 -1 15 29 27 -4 13 -6 -2 21 -13 -10 -14 -20 -16 -8 24 -24 -21 -7 -15 28 -3 -5
right_child=1 4 11 5 12 25 8 -9 17 -11 -12 16 18 26 20 -17 -18 -19 19 22 -22 -23 23 -25 -26 -27 -28 -29 -30 -31
leaf_value=-0.033077251115269497 0.0024813747026331801 -0.01261173205103504 -0.021416976262105064 0.010912403325949723 0.026071449008223065 -0.021942599511033705 0.012566888830769323 -0.019424491210182408 0.0073916409709499937 0.030409940903545332 0.012262661814197807 -0.013874811774412127 0.0061436765744675628 0.0086070014965468934 -0.012845971665008303 -0.0024960207175216448 -0.0055086395301028428 0.0018597061468080785 0.012583709103692529 0.018375795001682044 -0.0060080495589017024 -0.0011433035196468343 0.01382989599464898 -0.015875840011408994 0.03580751840039692 0.0029744515986331486 0.00065105900597423234 0.0048491204543345033 -0.00022673579781767175 0.0018005534324285028
leaf_weight=1614.7740258574486 474.27640290558338 415.83721627295017 870.98590859770775 1563.6914275735617 261.94706436991692 283.35468964278698 396.69966205954552 666.57666125893593 2350.410500138998 188.96044060587883 561.4985775500536 1865.9705013483763 558.82447285950184 2893.7668476700783 1201.0222361534834 5007.5034755766392 1062.1547314673662 3795.4350241720676 2578.6234596669674 1774.5923513174057 2093.8241996467113 336.44472682476044 156.46498253941536 53.7194894105196 117.99547229707241 62.201573625206947 624.25914524495602 579.82442413270473 953.42690534889698 507.6897761374712
leaf_count=6483 1899 1665 3492 6258 1048 1136 1588 2674 9407 756 2247 7478 2236 11580 4811 20048 4255 15191 10318 7100 8386 1347 626 215 472 249 2498 2321 3817 2032
internal_value=3.20123e-05 0.00396303 -0.0192237 0.000407929 0.00959149 0.00236745 0.00285301 -0.0291049 0.00139237 0.0105235 0.00168251 -0.0132801 0.0117907 0.00851838 -0.00712115 -0.00137405 -0.0108481 0.00397863 0.0141462 0.0150968 -0.00850827 0.00626177 0.018164 0.00612738 0.0194889 -0.0174185 0.0072001 -0.00136248 -0.00400539 0.0086883
internal_weight=35872.8 29792.3 6080.46 18261.5 11530.8 14492.4 14146.8 2281.35 11886.5 2260.34 2510.59 3799.11 9020.19 3779.97 3769.12 5740.65 2928.13 6145.85 5240.22 4681.4 3294.85 733.144 2102.77 210.184 1892.59 345.556 3518.03 1949.09 1369.26 2071.38
internal_count=143633 119251 24382 73108 46143 58012 56627 9157 47581 9046 10050 15225 36093 15126 15096 22983 11733 24598 20967 18731 13197 2935 8413 841 7572 1385 14078 7803 5482 8290
is_linear=0
shrinkage=0.03


Tree=3
num_leaves=31
num_cat=0
split_feature=19 19 34 20 24 34 13 15 35 19 33 19 6 19 19 34 25 13 24 6 18 33 18 34 13 10 33 7 25 23
split_gain=3076.01 635.515 553.498 149.193 212.204 144.7 140.083 124.677 97.5514 90.5275 89.2372 73.1765 67.6721 64.9808 64.1563 62.6835 66.8776 62.657 55.9104 52.5146 48.618 45.6165 44.4589 43.8591 54.9514 38.015 36.5147 33.8217 32.6663 29.5552
threshold=2.569413542747498 1.7711798548698428 -43.209505081176751 10.947772026062013 -30.857896804809567 -72.54723739624022 5.2850828170776376 -9.9450440406799299 66.90527725219728 3.3404879570007329 -159.56793975830075 1.2880077958106997 55.566991806030281 3.9404200315475468 2.0371937751770024 -90.623641967773423 1.4080908298492434 -5.7909545898437491 -18.548483848571774 61.382102966308601 1.6961745023727419 -9.7616434097290021 1.7473038434982302 -1.0000000180025095e-35 18.688733100891117 0.42251415550708776 153.00305175781253 0.68351465463638317 1.1344855427742007 38.975652694702156
decision_type=2 2 2 2 2 2 2 2 2 2 2 2 2 2 2 2 2 2 2 2 2 2 2 2 2 2 2 2 2 2
left_child=1 11 3 4 10 17 7 -4 14 -7 -2 -1 13 -9 -3 -12 -17 29 -11 -13 28 -5 -14 24 -8 -19 -24 -16 -10 -6
right_child=2 8 6 21 5 9 23 12 20 18 15 19 22 -15 27 16 -18 25 -20 -21 -22 -23 26 -25 -26 -27 -28 -29 -30 -31
leaf_value=-0.038384994946634061 0.02406389723277846 -0.01930626912441797 0.024829628464673174 -0.022827603349127826 0.015705516885600099 -0.0021752776114989008 0.01687609590154773 -0.0025765988565040472 -0.013398261576878609 0.0097695341333763411 -0.00020344385815533605 -0.028381927887701587 0.00039473709234764108 0.008849497173334114 -0.021077181805353506 0.0093252198260565348 0.033467312655428481 -0.0097537192543562367 0.0032416014117508992 -0.015173356233346655 0.00089984167418593632 0.007568276329968769 0.0089683627725992161 0.030860320017353116 -0.0093248001059566422 -0.0024598638254631055 0.015776194149031929 -0.0098454873340238485 -0.0034913163423015972 0.0012902992187805915
leaf_weight=567.83283992111683 358.96338455379009 1136.6060860455036 405.43075542151928 286.77631042897701 224.14520621299744 1773.223431199789 1800.1030890494585 979.89823657274246 647.44656999409199 1897.2733597904444 608.68801708519459 1467.2371826022863 480.24875149130821 821.59887611865997 268.40019841492176 1257.4914831072092 112.45572130382061 724.18592740595341 3156.8931153863668 343.74614129960537 751.36898842453957 51.225324302911758 5194.6429340094328 196.18733178079128 73.68975456058979 5844.4893269687891 831.60915490984917 2681.9718121737242 567.81866577267647 303.00008387863636
leaf_count=2287 1436 4561 1622 1151 897 7100 7201 3922 2595 7592 2436 5900 1922 3287 1076 5032 450 2900 12634 1380 3009 205 20784 785 295 23402 3327 10749 2275 1213
internal_value=8.52937e-05 -0.0157564 0.00496472 0.00152563 0.00193701 0.00053133 0.0102565 0.00858467 -0.0105867 0.00364983 0.0102993 -0.0288959 0.00778722 0.00262813 -0.0132306 0.00778362 0.0113409 -0.00246717 0.00569652 -0.0258928 -0.00508071 -0.018168 0.00921272 0.017279 0.0158333 -0.00326765 0.00991278 -0.0108791 -0.00878836 0.00746627
internal_weight=35814.6 8432.43 27382.2 16598.8 16260.8 13923.2 10783.4 8713.43 6053.61 6827.39 2337.6 2378.82 8308 1801.5 4086.98 1978.64 1369.95 7095.82 5054.17 1810.98 1966.63 338.002 6506.5 2069.98 1873.79 6568.68 6026.25 2950.37 1215.27 527.145
internal_count=143425 33832 109593 66448 65092 55738 43145 34864 24265 27326 9354 9567 33242 7209 16386 7918 5482 28412 20226 7280 7879 1356 26033 8281 7496 26302 24111 11825 4870 2110
is_linear=0
shrinkage=0.03


Tree=4
num_leaves=31
num_cat=0
split_feature=19 34 19 19 19 20 16 15 34 13 15 17 6 7 6 0 20 19 24 24 12 16 21 7 21 14 11 7 34 29
split_gain=2944.51 531.038 352.693 266.087 244.849 152.176 161.231 97.5073 93.1327 82.8295 76.4536 74.9542 69.6242 62.7557 58.509 52.3487 49.1874 49.0732 46.314 44.4166 42.1151 41.6446 41.2322 50.0722 43.6043 35.9347 33.1147 32.907 31.8486 31.7612
threshold=2.2528963088989262 -43.209505081176751 1.7445693612098696 3.147587895393372 2.8794124126434331 10.947772026062013 -4.8506140708923331 -11.044261932373045 -74.046894073486314 5.2850828170776376 -11.233275413513182 4.7439780235290536 58.02289009094239 0.94671690464019786 44.283969879150398 -13.053883552551268 4.4202692508697519 1.2880077958106997 -23.867828369140621 -19.802971839904782 -16.314785003662106 9.9169912338256854 99.995410919189467 1.780153274536133 72.87976455688478 5.4928476810455331 1.015902638435364 0.71395668387413036 -29.997981071472164 -0.71348890662193287
decision_type=2 2 2 2 2 2 2 2 2 2 2 2 2 2 2 2 2 2 2 2 2 2 2 2 2 2 2 2 2 2
left_child=2 3 12 18 13 6 11 -6 10 28 15 29 17 -3 -4 -8 -17 -1 -2 26 -13 -7 24 -24 -11 -15 -10 -20 -9 -5
right_child=1 4 14 5 7 21 8 9 19 22 -12 20 -14 25 -16 16 -18 -19 27 -21 -22 -23 23 -25 -26 -27 -28 -29 -30 -31
leaf_value=-0.040799791232401204 0.00064799732684954578 -0.0088832515637536653 -0.018478904588707792 0.019880665175119105 0.025927082611185235 -0.021207859995308873 0.019687729895260579 0.006105536005296985 0.011510224373506753 0.0087600742617033722 -0.0025515753834365394 0.039204184194243624 -0.019445866394329481 0.00085951271697207318 -0.01053266438114697 0.0089322661911795786 -0.0029447227012984563 -0.02888955106896901 -0.0130380726307041 0.0029340257697371966 0.012141267334140692 0.0077783416555781198 0.016147463105496685 -0.013915646310773883 0.019813185470408029 0.01535862778702593 0.0034395427208798392 -0.0056483703096997925 0.010174660058211811 0.0072428989135609077
leaf_weight=437.01875060796738 898.26667192578316 601.88719715178013 1406.2763276100159 228.19331166148186 364.36511233448982 294.9023745059967 198.43902240693569 2807.6245867609978 1222.939651966095 435.4705880433321 4359.1347927302122 138.63305121660233 538.51064710319042 1250.1431235969067 2104.2253355383873 638.55316846072674 612.88927216827869 1263.2951221466064 655.39892610907555 3912.4955980479717 87.231158778071404 51.162166133522987 109.73551212251186 89.444565623998642 1315.5450312942266 174.9458841830492 742.56484080851078 3280.872529193759 4651.1317601799965 869.98643057048321
leaf_count=1767 3597 2411 5648 913 1458 1185 794 11233 4893 1742 17454 555 2167 5005 8440 2556 2453 5092 2628 15657 349 205 439 358 5263 700 2971 13146 18607 3481
internal_value=-7.52703e-06 0.00376228 -0.0196729 0.000546202 0.00871853 0.00272977 0.00325346 0.0106865 0.00212729 0.010092 -0.000564333 0.0131735 -0.0289832 -0.000763292 -0.0137245 0.0053977 0.00310587 -0.0319817 -0.00548288 0.00478953 0.0289179 -0.0168693 0.0156073 0.0025702 0.0170795 0.00265948 0.00847206 -0.00688558 0.008646 0.00989827
internal_weight=35741.3 29992 5749.33 18191.7 11800.3 13357.1 13011.1 9773.32 11687 9408.95 5809.02 1324.04 2238.82 2026.98 3510.5 1449.88 1251.44 1700.31 4834.54 5878 225.864 346.065 1950.2 199.18 1751.02 1425.09 1965.5 3936.27 7458.76 1098.18
internal_count=143167 120053 23114 72837 47216 53466 52076 39100 46778 37642 23257 5298 9026 8116 14088 5803 5009 6859 19371 23521 904 1390 7802 797 7005 5705 7864 15774 29840 4394
is_linear=0
shrinkage=0.03


Tree=5
num_leaves=31
num_cat=0
split_feature=20 34 20 16 20 20 34 34 15 20 33 18 34 17 0 3 20 32 18 7 10 1 24 0 18 22 20 11 9 3
split_gain=2462.58 523.787 436.018 156.808 146.555 118.306 115.823 103.606 98.6132 96.9544 93.4949 90.8637 86.0467 79.1824 64.7021 62.906 59.4105 52.2998 42.5462 41.8064 41.739 40.8039 37.5388 41.1311 35.6301 35.0643 34.3142 34.2247 33.147 32.6183
threshold=2.5074844360351567 -43.209505081176751 1.7044709920883181 -4.8506140708923331 3.0806430578231816 3.0806430578231816 -80.765712738037095 -72.54723739624022 -11.431079387664793 11.654703140258791 -162.28941345214841 1.498499393463135 -23.745584487915036 4.7439780235290536 8.2827053070068377 1.8053981661796572 10.947772026062013 -28.16005706787109 4.5328381061553964 1.3149214386940005 0.44587200880050665 8.3740496635437029 -19.802971839904782 0.13549217581748965 0.93473970890045177 9.7231349945068377 2.145881295204163 3.9101155996322636 11.326732635498049 1.6213038563728335
decision_type=2 2 2 2 2 2 2 2 2 2 2 2 2 2 2 2 2 2 2 2 2 2 2 2 2 2 2 2 2 2
left_child=2 3 15 9 14 -5 26 10 -6 13 17 -8 -10 -2 29 24 25 -7 -15 -13 -14 -22 23 27 -1 -12 -4 -9 -27 -3
right_child=1 4 6 5 8 7 11 22 12 -11 16 19 20 18 -16 -17 -18 -19 -20 -21 21 -23 -24 -25 -26 28 -28 -29 -30 -31
leaf_value=-0.03729375589883345 0.0085823079031289735 -0.007773022179877429 -0.024104903883106391 -0.0055554826607688741 0.027081430720320869 0.017217202552553174 -0.013424321344559675 0.012530058129111184 0.0070645931617439846 -0.023320447905278648 -0.0056692329102921825 -0.0059096037448607757 0.0058519954091948382 0.039059642270394559 0.018123380563834893 -0.014209560333346184 -0.023310554268699952 0.0024738415614449206 0.013467429482365885 0.007468621998682385 0.0096800708214962519 0.016302628887395403 0.0023411051893866782 0.0023450590396976085 -0.027052367322143708 0.0050912656543394942 -0.014139237725769674 -0.0061938091742010778 -0.002045358580176833 0.0020274368059500542
leaf_weight=436.149219378829 1189.6653344482183 397.53634235262871 609.54002949595451 2882.1125561445951 322.42872130870819 312.78355969488621 1906.5961201637983 1075.6686343550682 4201.2950942963362 73.229155540466309 1923.9873193800449 2059.3003621548414 635.92212131619453 130.74769085645676 190.71101832389832 280.20519648492336 123.72139060497284 710.34400275349617 112.09490725398064 232.31370112299919 1250.4100088328123 2664.7162543535233 4069.5741786360741 862.05994863808155 1231.269019767642 719.66348719596863 672.59145943820477 93.960052341222763 3115.9354068338871 1308.7973697036505
leaf_count=1768 4760 1592 2455 11551 1291 1252 7659 4304 16807 295 7704 8259 2544 524 763 1128 498 2844 449 931 5002 10661 16286 3449 4978 2881 2701 376 12477 5238
internal_value=3.13505e-05 0.00405836 -0.0153442 0.000819777 0.00919115 -5.63481e-05 -0.0110032 0.00116127 0.0107766 0.0100693 -0.00135354 -0.00858285 0.0101712 0.0118017 0.00159751 -0.0275397 -0.00281115 0.00700814 0.0274116 -0.00454417 0.0130335 0.0141944 0.00401017 0.00734322 -0.029761 -0.00236423 -0.0189038 0.0110091 -0.000701445 -0.000250274
internal_weight=35795.3 28367.4 7427.97 17395.5 10971.8 15889.8 5480.34 13007.7 9074.77 1505.74 6906.44 4198.21 8752.34 1432.51 1897.04 1947.62 5883.31 1023.13 242.843 2291.61 4551.05 3915.13 6101.26 2031.69 1667.42 5759.59 1282.13 1169.63 3835.6 1706.33
internal_count=143427 113548 29879 69650 43898 63622 22005 52071 36305 6028 27656 16849 35014 5733 7593 7874 23560 4096 973 9190 18207 15663 24415 8129 6746 23062 5156 4680 15358 6830
is_linear=0
shrinkage=0.03


Tree=6
num_leaves=31
num_cat=0
split_feature=19 19 34 32 20 33 35 15 6 34 7 26 19 19 19 35 17 6 10 10 10 6 25 2 7 28 34 32 9 18
split_gain=2594.15 586.63 443.758 111.009 158.893 110.658 110.296 123.312 95.0162 88.2115 80.259 71.0716 69.7431 66.9686 57.4647 56.6879 51.5994 47.7905 45.1069 44.5849 44.3716 36.5041 36.0149 35.6741 34.9317 32.5177 34.3358 32.2542 31.9762 31.8236
threshold=2.618890762329102 1.8902249336242678 -43.209505081176751 -28.16005706787109 10.444988727569582 -175.393196105957 98.102809906005874 -10.662322521209715 58.02289009094239 -70.582843780517564 0.73753947019577037 0.32098782062530523 3.4523571729660039 1.4411554932594302 3.388435006141663 66.90527725219728 5.0944418907165536 50.453744888305671 0.36514157056808477 0.47402940690517431 0.42860390245914465 43.703620910644538 1.8132710456848147 -5.3180661201477042 0.73443132638931286 -1.4841891527175901 -97.713851928710923 -20.407685279846188 21.519595146179203 4.9254333972930917
decision_type=2 2 2 2 2 2 2 2 2 2 2 2 2 2 2 2 2 2 2 2 2 2 2 2 2 2 2 2 2 2
left_child=1 8 3 4 5 -2 7 28 13 -5 -3 16 17 -1 -11 27 21 -9 -17 -6 -8 25 -14 -16 -13 -7 -27 -12 -4 -18
right_child=2 10 6 9 19 11 20 12 -10 14 15 24 22 -15 23 18 29 -19 -20 -21 -22 -23 -24 -25 -26 26 -28 -29 -30 -31
leaf_value=-0.035083646730807362 0.025251337230892641 -0.018232201156991944 0.012901357841901202 -0.0023084861433656689 0.0078383937593843878 -0.0074510416289092739 0.0022731705815135076 -0.0083649651302670387 -0.01561695762397375 -0.002119398561854832 -0.0037892357767739387 -0.0052556478132153549 0.0096887301981731771 -0.024091688746667516 0.010509550000323772 -0.015445537182841826 0.032474133197093087 0.0041537205804992707 -0.0011615301300079593 -0.022784726356856699 0.016542027358082044 0.016844977092001539 0.0033914571317518708 0.00332986372332891 0.004006465660882183 -0.0051381981456404954 0.0091730591385639198 -0.011106429159620864 0.030835695935289651 0.006928881278123653
leaf_weight=767.16109046339989 279.5846758633852 673.19470566511154 150.04085402190685 6683.2115895450115 51.969766303896904 146.4843927025795 219.7094689309597 323.44975778460503 788.0431741476059 1495.6286268383265 696.64650428295135 516.40126007795334 4802.7358221113682 1535.4049068689346 786.09733095765114 226.78733453154564 133.09895022213459 1763.6534116864204 1601.8992168158293 215.36639884114265 2076.0369574278593 337.42520049214363 996.16397376358509 3059.7462172955275 1250.2479328066111 170.92107869684696 1179.6036104410887 2580.7580950409174 244.54802995920181 68.687313795089722
leaf_count=3122 1119 2705 601 26768 209 586 879 1295 3177 5990 2795 2067 19212 6208 3145 910 534 7057 6421 867 8308 1350 3985 12243 5003 684 4720 10364 980 275
internal_value=-6.18311e-05 -0.0141341 0.00456934 0.00147426 0.00558062 0.00705157 0.00935918 0.00774067 -0.0246852 -1.0266e-05 -0.00848571 0.00570331 0.00691705 -0.0277741 0.00286234 -0.00719446 0.00952319 0.00220337 -0.00294865 -0.0167687 0.0151846 0.00791814 0.00861031 0.00480365 0.00128917 0.00588613 0.00734828 -0.00955729 0.024104 0.0239296
internal_weight=35820.7 8869.9 26950.8 16374.5 4349.79 4082.45 10576.3 8280.59 3090.61 12024.7 5779.29 3802.87 7886 2302.57 5341.47 5106.09 2036.22 2087.1 1828.69 267.336 2295.75 1834.43 5798.9 3845.84 1766.65 1497.01 1350.52 3277.4 394.589 201.786
internal_count=143579 35702 107877 65560 17414 16338 42317 33130 12507 48146 23195 15219 31549 9330 21378 20490 8149 8352 7331 1076 9187 7340 23197 15388 7070 5990 5404 13159 1581 809
is_linear=0
shrinkage=0.03


Tree=7
num_leaves=31
num_cat=0
split_feature=19 34 19 19 12 20 13 7 34 12 28 19 2 19 35 2 0 20 26 19 9 29 34 18 32 7 1 35 19 7
split_gain=2483.34 450.584 420.627 187.459 136.269 126.47 110.768 101.702 90.2199 105.699 76.7522 73.7463 70.6808 70.102 55.9792 54.347 51.7347 50.3697 44.873 44.3475 42.6909 42.3394 39.9798 39.5784 39.5257 37.3158 33.5537 32.9005 31.721 31.6689
threshold=2.4392522573471074 -64.86370468139647 1.7711798548698428 3.2765686511993413 -24.546327590942379 10.947772026062013 -5.1132564544677725 1.1785770654678347 -29.997981071472164 -23.557302474975582 -1.2759074568748472 5.814389944076539 3.1830954551696782 3.2600760459899907 68.977157592773452 -4.6343672275543204 -12.42507219314575 7.7987444400787362 0.4751467257738114 1.2225320935249331 2.8684192895889287 3.7704019546508794 -95.698368072509751 1.8007496595382693 -20.809443473815914 0.62543007731437694 -4.6947336196899405 97.39127349853517 2.0565686225891118 2.0207499265670781
decision_type=2 2 2 2 2 2 2 2 2 2 2 2 2 2 2 2 2 2 2 2 2 2 2 2 2 2 2 2 2 2
left_child=2 4 12 7 16 6 10 23 9 11 -6 -5 19 25 24 -11 20 18 22 -1 -2 29 -15 -3 -4 -8 -17 -9 -26 -10
right_child=1 3 14 8 5 -7 13 27 21 15 -12 -13 -14 17 -16 26 -18 -19 -20 -21 -22 -23 -24 -25 28 -27 -28 -29 -30 -31
leaf_value=-0.037305141063853547 0.0030218857982657601 -0.0067180280105843928 -0.0048206975993316361 0.011839078909493445 0.036976303139270687 -0.024114435024296239 -0.017345418322960202 0.0052576591265427663 0.011498366576779141 0.011010919577633818 0.0058135795392908907 0.038102442563686049 -0.012368948972077085 -0.0061169939032366793 -0.0057446958700085038 -0.0041750941028314984 0.0057267233719084038 -0.010038943388677829 -0.0029540921621168774 -0.025840587987871515 0.030303289574075312 0.020954028178467182 0.0036973752883112014 0.00086697615398127043 -0.017999488688909066 -0.0051009065041148086 0.0050336755566438634 0.015550712552179805 -0.0115161106894451 -0.00065954652915119281
leaf_weight=389.29736378788948 79.108898937702179 894.21796084940434 494.04836466908455 276.57726413011551 76.396427735686302 220.73131597042084 246.17612005770206 848.51266373693943 5067.1224129647017 1407.5900349617004 929.80793569982052 149.98095259070396 303.16650192439556 424.77609126269817 1501.1651360690594 381.60010455548763 1097.7363446801901 457.0866896957159 2283.9853477329016 1660.2181765139103 156.31099107861519 423.20016717910767 2998.5443502813578 1998.9775497168303 1137.8938067853451 2569.5193999260664 4879.4642569422722 422.6031406223774 1775.0107759684324 197.91909642517567
leaf_count=1596 317 3582 1985 1107 306 891 988 3396 20277 5632 3722 602 1223 1701 6024 1527 4394 1830 9145 6747 627 1694 12004 8004 4588 10299 19521 1691 7134 792
internal_value=5.71304e-05 0.00404946 -0.0156032 0.00716273 -0.000521578 -0.0017012 -0.00120193 0.0016298 0.00896368 0.0067005 0.00822888 0.0211761 -0.0260355 -0.0022611 -0.0105952 0.00576929 0.00849322 -0.000466765 0.000298848 -0.0280427 0.0212508 0.0117823 0.00247377 -0.0014737 -0.0127257 -0.00618255 0.00436222 0.00870108 -0.0140592 0.0110384
internal_weight=35748.7 28487.9 7260.8 16947.8 11540.2 10207 9986.29 4164.31 12783.5 7095.21 1006.2 426.558 2352.68 8980.09 4908.12 6668.65 1333.16 6164.39 5707.31 2049.52 235.42 5688.24 3423.32 2893.2 3406.95 2815.7 5261.06 1271.12 2912.9 5265.04
internal_count=143346 114049 29297 67825 46224 40886 39995 16673 51152 28389 4028 1709 9566 35967 19731 26680 5338 24680 22850 8343 944 22763 13705 11586 13707 11287 21048 5087 11722 21069
is_linear=0
shrinkage=0.03


Tree=8
num_leaves=31
num_cat=0
split_feature=19 34 19 12 34 19 17 20 13 7 19 15 6 28 2 33 31 19 21 33 33 34 10 32 18 33 20 25 18 7
split_gain=2320.86 435.476 399.897 152.749 134.756 121.807 94.1456 90.6049 84.0664 79.8507 79.7513 72.4071 61.137 57.5417 56.8816 50.3067 49.7427 44.0469 40.4072 61.1156 39.5635 41.0164 39.4984 38.8225 38.0699 37.1047 36.4228 35.4923 34.7936 33.0434
threshold=2.421679019927979 -36.665531158447259 1.7445693612098696 -24.546327590942379 -70.582843780517564 3.6684467792510991 4.8230357170104989 10.444988727569582 -5.3174231052398673 1.1785770654678347 3.5697921514511113 -9.1495447158813459 44.283969879150398 -1.6079509258270261 1.1792693138122561 153.00305175781253 -1.0000000180025095e-35 2.7665363550186162 98.284832000732436 252.32327270507815 -168.34040069580075 -94.482181549072251 0.39752747118473059 -20.306747436523434 1.5289959907531741 228.46832275390628 7.9083271026611337 3.0720200538635258 0.88793817162513744 0.64728069305419933
decision_type=2 2 2 2 2 2 2 2 2 2 2 2 2 2 2 2 2 2 2 2 2 2 2 2 2 2 2 2 2 2
left_child=2 3 14 6 7 9 20 8 13 -3 -6 -7 23 -5 28 -13 -8 29 -17 -20 -2 -22 -14 -4 -24 -11 27 -12 -1 -10
right_child=1 5 12 4 10 11 16 -9 17 25 26 15 22 -15 -16 18 -18 -19 19 -21 21 -23 24 -25 -26 -27 -28 -29 -30 -31
leaf_value=-0.038348031906298485 0.020502233621518377 0.00080500796622530663 -0.0057170094707015753 0.037499650441872361 -0.00087671588456086718 0.025451298228232361 0.0096839847493987666 -0.019984050363179729 -0.024667835530562857 0.0083814248858351051 0.0065016635492210258 0.0092056521910065768 -0.015488312931442561 0.0053388867378028884 -0.017791313515925507 0.017553822669093753 0.040445143616067929 -0.0017274695629840159 0.013850070777878597 -0.020728566760659616 -0.0042723726994357896 0.0083406281609358437 -0.0097854907315437084 -0.016594288781704762 -0.0022464752505750945 0.024025277869699123 -0.0007294081096971116 -0.013539671167736196 -0.026629138345115294 -0.00659833520302891
leaf_weight=292.35387256741524 178.01598320901394 2023.4632017761469 369.66250361502171 52.855542972683907 2952.9928606599569 327.89779117703438 78.444919019937515 248.5854280591011 101.41164101660252 1244.3207034319639 4799.1801614910364 4188.5873567461967 488.0530037432909 769.98923051357269 595.93292483687401 1320.7735868394375 127.55554206669331 6690.9667859524488 153.09883600473404 64.421009168028831 300.33056300878525 992.49004702270031 1238.8127202093601 1594.772416561842 1187.1087171286345 154.34194351732731 797.29973047971725 79.489999189972878 1328.4286033511162 911.27003686130047
leaf_count=1203 713 8099 1487 212 11827 1316 315 1004 408 4979 19200 16759 1964 3082 2419 5289 514 26798 613 258 1202 3972 4984 6433 4765 618 3191 318 5427 3656
internal_value=8.52351e-05 0.00390093 -0.0152692 0.00128904 0.000454719 0.00915746 0.00993419 -0.00216188 -0.00163824 0.00462425 0.00311731 0.0117159 -0.0104594 0.00746596 -0.025838 0.0109226 0.0289071 -0.00261347 0.0155788 0.00349257 0.00724888 0.00539792 -0.00768646 -0.014559 -0.00610495 0.0101344 0.00519768 0.00616934 -0.0287746 -0.00844519
internal_weight=35652.9 28557.8 7095.12 19080.9 17404 9476.9 1676.84 8775.08 8526.49 3422.13 8628.96 6054.78 4878.41 822.845 2216.72 5726.88 206 7703.65 1538.29 217.52 1470.84 1292.82 2913.97 1964.43 2425.92 1398.66 5675.97 4878.67 1620.78 1012.68
internal_count=143025 114343 28682 76412 69696 37931 6716 35160 34156 13696 34536 24235 19633 3294 9049 22919 829 30862 6160 871 5887 5174 11713 7920 9749 5597 22709 19518 6630 4064
is_linear=0
shrinkage=0.03


Tree=9
num_leaves=31
num_cat=0
split_feature=19 19 34 12 20 33 15 17 6 19 26 19 7 19 31 13 34 29 33 10 19 6 22 15 13 23 22 22 32 34
split_gain=2185.58 452.691 392.185 137.745 108.946 104.796 117.155 86.869 86.5512 75.5853 66.8054 65.8456 63.1925 59.5608 56.6135 51.5672 49.5096 63.0266 47.3093 45.0553 40.212 36.7297 35.5678 34.3851 32.6106 31.2212 30.9665 30.9574 30.6323 30.3231
threshold=2.618890762329102 1.8902249336242678 -44.835506439208977 -24.546327590942379 10.947772026062013 137.13275146484378 -11.044261932373045 4.9940297603607187 59.964473724365241 3.147587895393372 0.55083364248275768 1.2880077958106997 0.71395668387413036 3.5017734766006474 1.0000000180025095e-35 3.4727644920349126 -72.935111999511705 5.7649409770965585 -165.21635437011716 0.4348816722631455 2.2199107408523564 59.198070526123054 19.773684501647953 -7.7234699726104727 -5.1132564544677725 13.640802383422853 76.696411132812514 45.802223205566413 -30.304365158081051 -95.998786926269517
decision_type=2 2 2 2 2 2 2 2 2 2 2 2 2 2 2 2 2 2 2 2 2 2 2 2 2 2 2 2 2 2
left_child=1 8 3 7 9 6 25 18 11 -5 16 -1 -3 21 -9 20 17 24 -2 -7 -14 -8 -12 -6 28 -4 27 -15 -11 -20
right_child=2 12 5 4 23 19 13 14 -10 10 22 -13 15 26 -16 -17 -18 -19 29 -21 -22 -23 -24 -25 -26 -27 -28 -29 -30 -31
leaf_value=-0.035447538217726116 0.020815142440803128 -0.017924670913327681 0.0040466459927468758 -0.0038875681181106633 -0.032784234581564153 0.0030670007024135447 -0.0027766562275817453 0.00665810686862108 -0.01275515496557585 0.018684479201705576 -0.0065279960520433413 -0.022575953974577723 -0.010662975297930933 0.014731684866421657 0.042904474966134178 0.010411615526649183 0.0060899141385449169 0.031596580240980929 -0.0047096270949823667 0.014592076651123314 -0.0052361558471751271 0.0051659959845183571 0.00015578819366473894 -0.010576696962635548 -0.00031436604333449919 0.027019755197742482 0.010367881779206283 0.004795008440402663 0.0031561024219268373 0.0072575009924409082
leaf_weight=450.54777064919472 195.62439529597759 529.55712832510471 66.556536674499512 2666.6361288577318 93.118374139070511 348.54416421055794 937.14680425822735 62.487721040844917 671.79003237187862 155.33216355741024 955.51141788065434 1930.8283461779356 2146.6661971509457 312.93747997283936 108.08946587145329 146.72757610678673 3328.611420378089 59.545676380395889 235.35431884229183 2708.9427226036787 2924.5177133828402 1182.1815654933453 2840.0703085064888 203.48400789499283 3601.0062971711159 311.54930001497269 2176.6404250264168 3005.5311053097248 440.47826662659645 960.14376148581505
leaf_count=1868 784 2135 267 10690 378 1395 3751 251 2721 622 3827 7879 8645 1252 437 588 13317 239 942 10850 11740 4730 11366 821 14420 1253 8711 12024 1763 3842
internal_value=-2.32556e-05 -0.0130035 0.00421438 0.00119699 0.000274427 0.00855578 0.0067435 0.00965525 -0.0223402 0.000655953 0.00172213 -0.0250314 -0.00803796 0.00592955 0.0298299 -0.00702846 0.00334856 0.00120028 0.00715104 0.0132846 -0.00753797 0.0016471 -0.00152413 -0.0176859 0.00075801 0.0230368 0.00757785 0.00574073 0.00725412 0.00488706
internal_weight=35756.2 8800.63 26955.5 15905.5 14343.8 11050 7992.54 1561.7 3053.17 14047.2 11380.6 2381.38 5747.47 7614.44 170.577 5217.91 7584.97 4256.36 1391.12 3057.49 5071.18 2119.33 3795.58 296.602 4196.82 378.106 5495.11 3318.47 595.81 1195.5
internal_count=143508 35576 107932 63699 57443 44233 31988 6256 12468 56244 45554 9747 23108 30468 688 20973 30361 17044 5568 12245 20385 8481 15193 1199 16805 1520 21987 13276 2385 4784
is_linear=0
shrinkage=0.03


Tree=10
num_leaves=31
num_cat=0
split_feature=19 34 19 12 19 34 18 17 28 15 35 19 1 19 13 19 31 3 22 13 33 33 22 19 10 35 1 0 26 2
split_gain=2118.4 379.623 314.186 153.961 115.602 112.221 77.6546 76.4283 73.871 60.1381 59.2105 58.6118 57.8986 56.7216 60.3078 55.5068 51.8495 51.3731 50.7224 41.2817 42.7846 37.9154 39.5723 36.0768 35.016 34.4526 33.0588 37.2897 39.1762 35.2254
threshold=2.4052176475524907 -37.480985641479485 1.7181041240692141 -24.546327590942379 3.2765686511993413 -81.442211151123033 2.0836668014526372 4.9940297603607187 -1.9832265377044676 -11.044261932373045 102.16793823242189 2.7665363550186162 -18.321032524108883 7.9140059947967538 -5.3174231052398673 1.9551537036895754 -1.0000000180025095e-35 1.5604085326194765 99.997756958007827 18.688733100891117 153.00305175781253 -171.78001403808591 43.182411193847663 1.2880077958106997 0.4348816722631455 66.90527725219728 -7.2937142848968497 8.2827053070068377 0.43700619041919714 -11.532882690429686
decision_type=2 2 2 2 2 2 2 2 2 2 2 2 2 2 2 2 2 2 2 2 2 2 2 2 2 2 2 2 2 2
left_child=2 3 17 7 10 8 -7 21 -5 -6 -3 -10 -8 14 -13 -4 -9 23 19 20 -11 -2 -23 -1 -22 -17 27 28 -14 -28
right_child=1 4 15 5 9 6 12 16 11 18 -12 13 26 -15 -16 25 -18 -19 -20 -21 24 22 -24 -25 -26 -27 29 -29 -30 -31
leaf_value=-0.033926300640671252 0.021216672251357357 0.00065285419079313131 -0.01577701324377416 0.031936802752113524 0.024545659915931713 -0.0034995370966441003 -0.021796154855358924 0.0073270931611734858 -0.011444916411994755 0.0083075734173734938 0.012801829680490382 0.0071202311891936619 0.0042867632389898026 -0.014805006726069332 -0.0027698342009101025 -0.010752979302954336 0.039912581837230274 -0.014078245182280898 0.026024223666179087 -0.012495337016339212 0.00029186105230610701 0.0042347358214677305 0.023181458403567352 -0.024031540562640678 0.015371909780079884 -0.0043823787048582951 0.010138151136737533 -0.022823364035665244 -0.0072147253261222637 0.0034039948075033667
leaf_weight=487.13623870909214 162.02608685195446 2030.5093870609999 1400.8721532672644 52.730253249406815 259.6818874925375 1895.681373000145 81.930139750242233 72.416950851678848 711.56349070370197 5151.2223684042692 439.00737822055817 638.69749101996422 717.37892973423004 303.80326725542545 4161.2851700484753 2372.2198506891727 118.28346927464008 347.51405198872089 169.88038000464439 75.188597142696381 155.40231601893902 1207.0919642150402 107.77701376378536 1202.3508709818125 1459.1013323068619 1143.8548377156258 773.24302710592747 67.163790673017502 422.75587911903858 7535.5895734131336
leaf_count=2031 650 8128 5678 212 1047 7599 331 291 2859 20616 1758 2557 2872 1225 16671 9562 480 1412 683 301 622 4831 432 4940 5848 4595 3095 269 1693 30160
internal_value=3.16579e-05 0.00362387 -0.014826 0.00115734 0.00844067 0.000319904 0.00204401 0.00986175 -0.0030543 0.0103461 0.00282296 -0.00337959 0.00314071 -0.00225017 -0.0014495 -0.0107125 0.0277195 -0.0247377 0.00981456 0.00940609 0.00965351 0.00752857 0.00581559 -0.0269118 0.0139308 -0.00868659 0.00335925 -0.00126913 6.34291e-06 0.00403364
internal_weight=35723.4 28769.4 6953.95 19029.4 9739.99 17361.8 11493.7 1667.6 5868.08 7270.48 2469.52 5815.35 9598.06 5103.79 4799.98 4916.95 190.7 2037 7010.79 6840.91 6765.73 1476.9 1314.87 1689.49 1614.5 3516.07 9516.13 1207.3 1140.13 8308.83
internal_count=143448 115230 28218 76227 39003 69543 46019 6684 23524 29117 9886 23312 38420 20453 19228 19835 771 8383 28070 27387 27086 5913 5263 6971 6470 14157 38089 4834 4565 33255
is_linear=0
shrinkage=0.03


Tree=11
num_leaves=31
num_cat=0
split_feature=19 34 19 19 32 19 33 7 2 34 19 27 17 2 33 23 10 34 12 19 12 24 2 22 13 33 10 7 9 32
split_gain=1954.58 405.023 221.861 197.004 120.127 158.086 110.194 90.7511 89.1784 119.003 77.1403 51.1629 48.9066 45.353 44.7633 43.6054 41.1578 36.9078 36.2902 35.6409 36.8506 33.9386 34.0703 32.5902 46.6126 31.0574 37.6301 29.8476 27.6565 27.4752
threshold=2.2364940643310551 -60.184335708618157 1.7181041240692141 3.3723698854446416 -27.841956138610836 7.9140059947967538 -159.56793975830075 1.1575253009796145 -5.3180661201477042 -29.997981071472164 3.147587895393372 0.14631414413452151 5.4373157024383554 1.0000000180025095e-35 155.60700225830081 1.699451267719269 0.32519841194152838 -74.046894073486314 -20.262295722961422 5.0647835731506357 -26.949059486389157 -17.951650619506832 8.3115992546081561 99.997756958007827 18.688733100891117 153.00305175781253 0.4348816722631455 0.73753947019577037 46.059238433837898 -22.585466384887692
decision_type=2 2 2 2 2 2 2 2 2 2 2 2 2 2 2 2 2 2 2 2 2 2 2 2 2 2 2 2 2 2
left_child=2 4 13 7 5 6 15 16 19 21 27 29 28 -1 -9 -2 -3 -12 -14 -5 -21 -10 -23 24 25 -11 -27 -6 -8 -4
right_child=1 3 11 8 10 -7 12 14 9 23 17 -13 18 -15 -16 -17 -18 -19 -20 20 -22 22 -24 -25 -26 26 -28 -29 -30 -31
leaf_value=-0.027687283666844118 0.00072629967210543459 -0.014349728415944204 -0.0023218732783815534 0.010859523419202292 -0.011680863536189899 -0.016351739861144386 0.0035785330759767375 0.003727075543390405 0.0081549056975304349 0.008735147499536711 -0.002253020544924861 -0.0061841721209599755 0.032677715062801142 -0.018341103553465032 0.014352815483852791 0.023642818020258031 -0.00078319118720222933 0.0025639746968761615 0.0050942090302128536 0.033280804139010522 0.016252305391367138 0.0059323523442957517 -4.8312321741737481e-05 0.02325059857063114 -0.01406131846933696 -0.00088674059913412839 0.015666103074086758 -0.0047961920131288673 -0.0059880070209556418 -0.015011019199162324
leaf_weight=1290.811684936285 94.712549060583115 214.15286356210709 168.04916732013226 923.08057372272015 728.00010702013969 317.91179719567299 2314.1174425184727 1282.2620994001627 1202.5393761992455 3426.7992822378874 4455.6155281364918 1042.4445562809706 85.69846422970295 768.66348530352116 497.43759973347187 380.39459666609764 3184.9686591625214 2106.0842337012291 88.867362380027771 148.461949005723 555.00891447067261 1416.0630439519882 2157.6462452858686 172.78136977553368 70.437098473310471 134.90406893193722 1271.0889996439219 2645.4062345772982 306.23117491602898 2294.3987599164248
leaf_count=5357 380 859 678 3697 2930 1285 9262 5134 4813 13721 17849 4204 347 3155 1993 1527 12763 8427 356 601 2224 5665 8632 696 282 540 5099 10621 1226 9291
internal_value=-5.84649e-05 0.00295345 -0.0163951 0.00608474 -0.000902721 0.0038 0.00576813 0.00122382 0.0082762 0.00719747 -0.00260277 -0.0117892 0.00348756 -0.0242169 0.00671185 0.019117 -0.0016463 -0.000704487 0.01883 0.0147926 0.0199095 0.00379235 0.00231829 0.0103972 0.00993652 0.0102922 0.0140677 -0.00628941 0.00245294 -0.0141524
internal_weight=35745 30180.7 5564.37 16657.6 13523 3587.93 3270.02 5178.82 11478.8 9852.26 9935.11 3504.89 2794.91 2059.48 1779.7 475.107 3399.12 6561.7 174.566 1626.55 703.471 4776.25 3573.71 5076.01 4903.23 4832.79 1405.99 3373.41 2620.35 2462.45
internal_count=143614 120929 22685 66719 54210 14383 13098 20749 45970 39448 39827 14173 11191 8512 7127 1907 13622 26276 703 6522 2825 19110 14297 20338 19642 19360 5639 13551 10488 9969
is_linear=0
shrinkage=0.03


Tree=12
num_leaves=31
num_cat=0
split_feature=19 19 33 26 33 19 19 17 19 14 2 7 2 7 22 10 15 22 10 33 1 25 28 33 1 14 10 18 14 0
split_gain=1866.01 466.437 274.896 93.9317 91.4786 89.3257 98.0275 88.9873 70.5004 69.0013 65.8017 57.3331 52.1205 48.1976 47.1675 43.3152 42.0717 41.8769 38.6299 35.4493 35.2197 36.5455 49.7835 33.6413 33.2935 32.925 28.77 28.7366 28.581 30.4956
threshold=2.7001724243164067 1.8902249336242678 31.752575874328617 0.35797074437141424 153.00305175781253 3.535736203193665 8.1916403770446795 5.7119328975677499 1.2880077958106997 6.2832911014556894 -6.394596815109252 0.83700722455978405 2.1371326446533208 0.73753947019577037 3.6590944528579716 0.38098421692848211 -7.9928708076477042 18.384285926818851 0.42860390245914465 -20.544044494628903 10.160799980163576 1.9300183653831484 0.13119130581617358 -159.56793975830075 -12.347153663635252 -6.8474469184875479 0.60837087035179149 3.2716602087020878 2.8937579393386845 7.0686528682708749
decision_type=2 2 2 2 2 2 2 2 2 2 2 2 2 2 2 2 2 2 2 2 2 2 2 2 2 2 2 2 2 2
left_child=1 8 3 5 10 25 7 14 -1 13 -4 -5 -10 -3 23 -15 -9 -17 -6 -8 -12 -22 27 -7 -13 -2 -19 -23 29 -16
right_child=2 9 4 11 18 6 19 16 12 -11 20 24 -14 15 28 17 -18 26 -20 -21 21 22 -24 -25 -26 -27 -28 -29 -30 -31
leaf_value=-0.031185672963991422 0.013186800632176832 -0.014368163441045557 0.01517469878445136 -0.003244006361937197 0.0011622893335736897 0.0091244929727876661 -0.015664438800931661 0.031005639987140246 -0.021542378744315232 0.019146144990349077 0.0039549300050878717 -0.0097079098478398632 -0.01125874901664407 -0.012680311053322724 0.0074650595270329152 -0.010299738434293128 0.0038105034026205669 -0.0025368750884080795 0.014340810282042572 0.0090753867087632646 0.01054069552405275 -0.023867774447797221 0.0069066257294683698 -0.0067989038730292065 0.0025942400361347118 -0.0012547488941345316 -0.010019272954581106 -0.00069037747474062945 0.02089638890150133 -0.010494764307415607
leaf_weight=534.31015929579735 149.26609124243259 765.9704375565052 691.97972993552685 4117.2028255313635 224.53487129509449 172.31217283010483 235.44873091578484 201.47416910529137 1873.2418541014194 88.838517025113106 4902.1135887950659 208.45654472708702 595.36620809137821 825.64344646036625 3511.8694895654917 1120.9396014660597 70.694187492132187 3113.1565679758787 2073.7457149028778 65.324669450521469 1919.066707238555 78.459088698029518 754.33122380077839 380.87136894464493 3501.0105184614658 2586.0957213193178 545.18640685081482 125.87426403164864 139.54642018675804 85.675905764102936
leaf_count=2250 598 3095 2778 16495 899 691 952 817 7721 356 19621 837 2421 3328 14060 4521 283 12514 8324 262 7686 314 3020 1525 14016 10362 2193 504 560 343
internal_value=-5.57229e-05 -0.0114738 0.00406859 0.00149925 0.0077466 0.0038753 0.00631453 0.00741045 -0.0212436 -0.00692728 0.00630177 -0.000805834 -0.0190739 -0.00729616 0.00634686 -0.00632463 0.0240366 -0.00522109 0.0130609 -0.0102292 0.00550878 0.00814822 0.0033373 -0.00180431 0.00189644 -0.000456674 -0.00365848 -0.00973589 0.00755761 0.00703038
internal_weight=35658 9462.65 26195.4 15425.2 10770.1 7598.58 4863.22 4562.44 3002.92 6459.73 8471.82 7826.67 2468.61 6370.9 4290.28 5604.93 272.168 4779.28 2298.28 300.773 7779.84 2877.73 958.665 553.184 3709.47 2735.36 3658.34 204.333 3737.09 3597.55
internal_count=143346 38399 104947 61801 43146 30453 19493 18279 12392 26007 33923 31348 10142 25651 17179 22556 1100 19228 9223 1214 31145 11524 3838 2216 14853 10960 14707 818 14963 14403
is_linear=0
shrinkage=0.03


Tree=13
num_leaves=31
num_cat=0
split_feature=19 34 19 19 32 19 35 2 33 19 7 6 6 25 16 19 26 23 7 9 9 6 29 34 19 9 12 6 32 7
split_gain=1755.34 333.278 197.309 197.16 114.863 155.263 98.8884 93.8542 90.3179 75.3873 55.9645 51.4223 51.3129 46.3688 45.6739 41.7647 45.46 41.4947 37.4681 39.6443 36.7072 35.8483 35.3556 34.2377 34.0323 39.1729 33.6624 41.5453 32.6543 32.0424
threshold=2.2364940643310551 -64.86370468139647 2.8794124126434331 1.7445693612098696 -27.841956138610836 7.7860360145568857 92.40063858032228 -11.532882690429686 -159.56793975830075 3.1799983978271489 1.2166905999183657 44.283969879150398 58.02289009094239 1.9992955327033999 -5.1871018409728995 3.4684815406799321 0.13498692959547046 8.3844885826110858 2.1158499717712407 99.99820709228517 1.2659563422203066 32.730308532714851 3.6254086494445805 -80.765712738037095 4.6589539051055917 47.196092605590827 -30.428380012512203 44.683847427368171 -23.316108703613278 0.70674684643745433
decision_type=2 2 2 2 2 2 2 2 2 2 2 2 2 2 2 2 2 2 2 2 2 2 2 2 2 2 2 2 2 2
left_child=3 4 10 12 5 8 7 26 20 29 -3 28 -1 15 17 -9 24 -10 19 -8 -2 -22 -20 -11 -17 -26 -4 -28 -5 -6
right_child=1 2 6 11 9 -7 18 13 14 23 -12 -13 -14 -15 -16 16 -18 -19 22 -21 21 -23 -24 -25 25 -27 27 -29 -30 -31
leaf_value=-0.025250163262977767 0.0011702019743430134 -0.0036680678751880645 0.030581736372007531 0.00088677854630221165 -0.01297963014654124 -0.016138629920313206 0.011991478451661838 0.0019230210177651709 0.0016590684456273019 -0.0026632391445005981 0.0055745047320392791 -0.0079385525501628317 -0.014344194908194946 -0.0012426267618588832 0.0013632449565230702 0.0066359418876653468 0.005565633362619676 0.017513929823317526 -0.0069520488833953271 0.029920180523938102 0.028931247001806902 0.0094175848798052769 0.020966866254851741 0.0020206484581801808 0.02559764340757726 0.010551748201034024 0.0072733084428259747 0.022017607814754623 -0.016892549922937684 -0.0050316468439516879
leaf_weight=1635.9855295568705 96.420206695795059 2352.0163420438766 113.08517423272133 98.714775562286377 557.69894278049469 316.44802092015743 2644.103994756937 2221.7334367334843 261.48432977497578 3304.0422260016203 784.95461538434029 2022.6136717051268 525.32816880941391 988.90849401056767 1922.0223402678967 617.32178355753422 6406.1331683844328 350.70647042989731 165.95115864276886 116.71350175142288 245.0046626329422 135.37609297037125 53.02949321269989 2438.8334039449692 260.32390151917934 405.82086250185966 461.16707418859005 279.43139281868935 1233.3024363964796 2610.1239354759455
leaf_count=6850 387 9438 460 399 2249 1282 10610 8892 1047 13238 3145 8172 2157 3958 7694 2472 25643 1408 665 472 987 543 213 9763 1047 1625 1849 1122 5020 10487
internal_value=1.49812e-05 0.00286582 0.00547778 -0.0155413 -0.000947194 0.00380631 0.00693239 0.00569157 0.00591211 -0.00272418 -0.00134951 -0.0109746 -0.0226142 0.00493835 0.00364734 0.00555663 0.00660415 0.0107801 0.0118183 0.0127654 0.0178852 0.0220686 -5.82936e-05 -0.00067151 0.0117676 0.0164836 0.0152745 0.0128788 -0.015564 -0.00643929
internal_weight=35624.8 30108.9 17870.7 5515.94 12238.2 3327.46 14733.7 11753.9 3011.01 8910.7 3136.97 3354.63 2161.31 10900.2 2534.21 9911.33 7689.6 612.191 2979.8 2760.82 476.801 380.381 218.981 5742.88 1283.47 666.145 853.684 740.598 1332.02 3167.82
internal_count=143294 120696 71611 22598 49085 13348 59028 47068 12066 35737 12583 13591 9007 43637 10149 39679 30787 2455 11960 11082 1917 1530 878 23001 5144 2672 3431 2971 5419 12736
is_linear=0
shrinkage=0.03


Tree=14
num_leaves=31
num_cat=0
split_feature=19 19 34 12 20 17 33 15 13 34 2 7 28 14 19 9 34 24 11 5 10 19 33 34 33 20 32 2 22 31
split_gain=1630.17 467.019 293.859 103.785 104.118 73.5784 72.3922 87.2843 63.6019 68.7811 63.2157 63.0324 55.0969 54.3355 46.6909 45.2925 43.1382 37.414 37.1416 38.1608 35.5099 34.6663 34.1462 37.6977 32.0345 31.9924 34.0543 31.4342 43.1726 31.3809
threshold=2.7665363550186162 1.8902249336242678 -43.209505081176751 -24.546327590942379 10.444988727569582 5.2026174068450937 153.00305175781253 -9.9450440406799299 -5.1132564544677725 -82.471794128417955 3.5470752716064458 0.71395668387413036 -1.1935428380966184 6.112635850906373 1.2225320935249331 47.588329315185554 -84.799343109130845 -18.434647560119625 32.021799087524421 6.1856694221496591 0.44286693632602697 3.6684467792510991 -165.21635437011716 -95.998786926269517 228.46832275390628 6.1023747920989999 -27.46726036071777 1.389009475708008 79.452201843261733 1.0000000180025095e-35
decision_type=2 2 2 2 2 2 2 2 2 2 2 2 2 2 2 2 2 2 2 2 2 2 2 2 2 2 2 2 2 2
left_child=1 10 3 5 8 22 7 -4 12 -10 14 -3 -5 16 -1 -6 -13 -11 24 -20 -18 -9 -2 -24 -8 26 -14 -23 -29 -7
right_child=2 11 6 4 15 29 18 21 9 17 -12 13 25 -15 -16 -17 20 -19 19 -21 -22 27 23 -25 -26 -27 -28 28 -30 -31
leaf_value=-0.031661941630508811 0.018259244711735338 -0.014899940837608842 0.019801335742276299 0.032250883299137216 -0.024890378016664515 0.010412353319256395 0.011749855141230631 0.00267180312014969 -0.0028756011479466382 0.0042046946839772699 -0.0090928924736619343 -0.010594071144182367 0.025511741174558709 0.014614354492863441 -0.02019860202160426 -0.0043099054879906264 -0.0086840769616001543 0.0001903927161045789 -0.018474077558146347 0.013411585114586252 -0.0028326750371262849 0.011785478689780502 -0.0062638297092700726 0.0072545234707280847 0.020876660985973707 0.0016402694647978302 0.0067432904165718247 0.003285419278686222 0.0094224393336422851 0.038499607014832571
leaf_weight=384.70170077681541 192.27089077234268 657.06633539497852 426.97588565945625 76.974366530776024 195.06646649539471 59.98790454864502 1641.0623540282249 2198.4122409820557 3942.2170975357294 3663.9307458847761 406.50147491693497 1216.735073313117 124.98468758165836 121.70090714097023 2211.0658690482378 194.08389647305012 1245.3320447802544 4880.7353777289391 66.768304750323296 66.081317082047462 3785.6206608861685 1066.4529449790716 229.08005709946156 943.64271523058414 449.18277117609978 617.02849569916725 296.37825322151184 2353.6430021524429 1853.3533712029457 98.815081536769867
leaf_count=1648 774 2662 1728 311 796 242 6593 8798 15800 14667 1654 4916 501 488 9184 782 5019 19537 268 266 15227 4272 917 3778 1808 2470 1186 9421 7430 407
internal_value=-2.84488e-05 -0.010283 0.00398257 0.00138699 0.000575824 0.00881993 0.00795914 0.00660771 0.00101506 0.000400407 -0.0201874 -0.0060466 0.00787634 -0.00512874 -0.0219148 -0.0147019 -0.005518 0.00191376 0.012749 -0.00251992 -0.00428552 0.00584921 0.00654522 0.00459798 0.0137274 0.00602577 0.0123931 0.00717022 0.00599419 0.0281151
internal_weight=35665.9 10028.7 25637.1 15515.2 13991.4 1523.8 10121.9 7898.84 13602.2 12486.9 3002.27 7026.46 1115.37 6369.39 2595.77 389.15 6247.69 8544.67 2223.09 132.85 5030.95 7471.86 1364.99 1172.72 2090.25 1038.39 421.363 5273.45 4207 158.803
internal_count=143550 40798 102752 62168 56050 6118 40584 31649 54472 50004 12486 28312 4468 25650 10832 1578 25162 34204 8935 534 20246 29921 5469 4695 8401 4157 1687 21123 16851 649
is_linear=0
shrinkage=0.03


Tree=15
num_leaves=31
num_cat=0
split_feature=19 34 19 19 12 15 34 19 19 25 33 34 17 35 15 23 26 3 22 25 12 0 11 11 14 10 18 15 33 10
split_gain=1617.38 294.889 262.056 124.88 83.399 81.4622 91.2462 76.856 89.7589 74.8776 58.1749 60.4889 59.5524 48.6936 48.0393 47.3306 46.5903 40.3194 40.0234 37.4703 34.6812 39.3114 34.492 33.9907 36.4833 33.6803 33.5245 31.8127 29.811 29.523
threshold=2.4052176475524907 -59.339752197265618 1.7445693612098696 3.2765686511993413 -29.366514205932614 -11.640118122100828 -29.997981071472164 7.9140059947967538 3.147587895393372 1.0488868951797488 -162.28941345214841 -81.803958892822251 5.7119328975677499 66.90527725219728 -7.068347454071044 7.5974690914154062 0.17507881671190265 1.8053981661796572 99.997756958007827 1.9300183653831484 -9.4238271713256818 -0.40069124102592463 32.021799087524421 0.14700118452310565 -1.6377375125885008 0.42860390245914465 2.2742092609405522 -8.7038211822509748 228.46832275390628 0.44722753763198858
decision_type=2 2 2 2 2 2 2 2 2 2 2 2 2 2 2 2 2 2 2 2 2 2 2 2 2 2 2 2 2 2
left_child=2 4 17 9 15 -5 19 8 20 26 12 -12 -10 -4 -9 -2 -17 -1 22 -7 21 -6 28 27 -25 -11 -3 -13 29 -8
right_child=1 3 13 5 7 6 18 14 10 25 11 23 -14 -15 -16 16 -18 -19 -20 -21 -22 -23 -24 24 -26 -27 -28 -29 -30 -31
leaf_value=-0.023728278935345848 0.0035625013423876764 -0.0058563591714070095 -0.011455847847255108 0.018134647320703093 0.0011707773501279607 0.0049084945887950112 0.002995117338362681 -0.026896264281639964 0.0062742314674965093 -0.0027743970286123339 -0.0026184932459522386 0.011410133932901186 0.037122181344188369 -0.0049380925979462401 -0.00675470361076795 0.031066911860582462 0.0057986031699108808 -0.012099498495094473 0.0237296182472507 -0.0022536028637383763 -0.0076790381600362794 -0.012363061504735375 -0.0099504467911512903 -0.0069626968293548929 0.0023896528994539266 0.0077733406064020823 0.0015373637410727003 0.0031381259719214746 0.018585316275862022 0.0096146353037930513
leaf_weight=1825.2942161560059 468.89831785857677 1242.4830379188061 3202.3160553276539 585.52730558812618 1087.8654019981623 4841.7506466060877 716.23761130869389 138.64123806357384 796.44382593035698 335.24578012526035 3572.9129359424114 530.09504295885563 60.001087531447411 1539.5623590201139 470.51561640202999 143.05159251391888 124.84917016327381 325.23026341199875 170.10980875790119 757.02185332775116 1740.4301618933678 233.53258399665356 84.300796911120415 549.19435811042786 1178.705592751503 1401.1551042497158 987.2262611836195 2027.640372812748 291.63673390448093 4266.3677239567041
leaf_count=7711 1881 4981 13011 2370 4368 19378 2870 567 3192 1343 14314 2122 244 6207 1895 581 501 1335 690 3029 6999 937 338 2199 4717 5613 3953 8115 1175 17119
internal_value=-0.000239004 0.00288461 -0.0132926 0.00566165 -0.000432435 0.00721973 0.00664246 -0.00101713 -0.000477882 0.00105581 0.00107318 0.00026159 0.00849365 -0.00934436 -0.0114 0.00936434 0.0194123 -0.021983 0.00937812 0.00393718 -0.00489653 -0.00121727 0.00891538 0.00266625 -0.000576522 0.00572784 -0.00257677 0.00486217 0.00922159 0.0086669
internal_weight=35694.2 28801.8 6892.4 15679.1 13122.8 11713 11127.4 12386 11776.8 3966.11 8714.99 7858.55 856.445 4741.88 609.157 736.799 267.901 2150.52 5528.65 5598.77 3061.83 1321.4 5358.54 4285.64 1727.9 1736.4 2229.71 2557.74 5274.24 4982.61
internal_count=143755 115491 28264 62859 52632 46969 44599 49669 47207 15890 34903 31467 3436 19218 2462 2963 1082 9046 22192 22407 12304 5305 21502 17153 6916 6956 8934 10237 21164 19989
is_linear=0
shrinkage=0.03


Tree=16
num_leaves=31
num_cat=0
split_feature=19 34 19 19 32 19 33 7 2 34 19 6 6 25 6 26 33 18 23 24 2 32 34 13 18 6 0 32 33 10
split_gain=1512.7 277.935 177.71 174.932 92.9489 121.412 103.238 78.1531 55.4959 71.5297 52.2702 49.7893 46.0878 46.0346 47.0398 41.2884 40.9283 39.297 38.1106 36.9237 35.4767 35.0589 32.4558 37.4458 32.3034 30.2883 28.8488 27.7393 27.414 26.6462
threshold=2.2364940643310551 -64.86370468139647 1.7181041240692141 3.6684467792510991 -28.020921707153317 7.7860360145568857 -175.393196105957 1.1785770654678347 -7.5292711257934561 -29.997981071472164 2.8161668777465825 58.02289009094239 42.717260360717781 1.3180044293403628 56.707921981811531 -0.10827377066016196 228.46832275390628 1.7879753708839419 7.5974690914154062 -18.434647560119625 6.2414927482604989 -15.931866168975828 -1.0000000180025095e-35 18.688733100891117 1.3655645251274111 50.289709091186531 -8.0418467521667463 -22.585466384887692 211.91916656494143 0.47589848935604101
decision_type=2 2 2 2 2 2 2 2 2 2 2 2 2 2 2 2 2 2 2 2 2 2 2 2 2 2 2 2 2 2
left_child=2 4 11 7 5 6 26 17 13 19 -6 24 27 14 -5 18 -9 21 -8 -10 -21 25 23 28 -1 -3 -2 -4 -11 -7
right_child=1 3 12 8 10 29 15 16 9 22 -12 -13 -14 -15 -16 -17 -18 -19 -20 20 -22 -23 -24 -25 -26 -27 -28 -29 -30 -31
leaf_value=-0.026683701608330373 0.027714857908388381 -0.007407047463897469 -0.00018202508408890619 0.0085132019677639573 -0.0065843911816829059 0.0041074923817352553 0.0021212149186159599 0.0049565487500604962 0.0085945433205435549 0.0085938409971420653 -0.0010471112750742835 -0.01317253695012814 -0.0075883368308137357 0.02686487158793581 0.026610044944029868 0.0015184142535137187 0.020186159090691352 0.0010420278398321165 0.016721607824510251 0.0069325776473811484 0.00064750371861395535 -0.0073977282544822236 0.022420002947318385 -0.012456442836559176 -0.015985933569980178 0.01277503118891612 0.0052070813907910754 -0.016157525451200191 0.017364273114384637 -0.018316496135994609
leaf_weight=1153.4395603686571 222.32320013642311 111.01712711155415 108.90768714249134 970.6361915320158 1964.6122206151485 57.007976725697517 294.88822793960571 2042.313404545188 1307.5363644361496 4008.8258722424507 7040.3353945165873 497.83220586180687 2194.1117847710848 194.20470327138901 149.93598413467407 2013.5392571240664 172.32559850811958 3481.3576630204916 361.0362199395895 1205.0760109722614 2470.4336222410202 1084.6081248223782 168.45770052075386 70.891461253166199 343.8437152504921 163.49802961945534 69.467231348156929 1161.7299494147301 353.27121534943581 253.67952670156956
leaf_count=4923 900 446 442 3899 7924 231 1182 8183 5238 16095 28212 2063 8900 791 604 8064 694 13947 1452 4822 9885 4357 685 284 1456 656 279 4762 1425 1034
internal_value=0.000169325 0.00279456 -0.0143617 0.00517317 -0.000682961 0.00364507 0.0055217 0.00148963 0.0075558 0.00675844 -0.00225744 -0.0215009 -0.0102414 0.0133475 0.0109696 0.00365868 0.00615694 -0.000643516 0.0101937 0.00426115 0.00271357 -0.00496961 0.00945806 0.00895716 -0.0242493 0.00456146 0.0224437 -0.0148013 0.00931138 -0.0141538
internal_weight=35691.1 30231.3 5459.86 17954.4 12276.9 3271.94 2961.25 7055.12 10899.3 9584.49 9004.95 1995.12 3464.75 1314.78 1120.57 2669.46 2214.64 4840.48 655.924 4983.05 3675.51 1359.12 4601.45 4432.99 1497.28 274.515 291.79 1270.64 4362.1 310.688
internal_count=143835 121289 22546 72011 49278 13142 11877 28283 43728 38434 36136 8442 14104 5294 4503 10698 8877 19406 2634 19945 14707 5459 18489 17804 6379 1102 1179 5204 17520 1265
is_linear=0
shrinkage=0.03


Tree=17
num_leaves=31
num_cat=0
split_feature=19 19 34 13 15 19 0 6 15 19 23 34 31 7 34 0 7 19 6 34 6 34 2 1 11 25 15 0 22 11
split_gain=1393.57 287.704 242.664 91.8757 79.3848 88.6964 110.059 67.4308 59.5607 52.0939 50.4476 47.9054 46.5776 49.4945 45.6193 65.9011 44.5085 43.5734 43.3175 40.2374 37.3729 36.74 35.8012 40.7215 33.0765 33.0405 32.7271 31.9046 30.7181 38.8432
threshold=2.5852442979812627 1.8902249336242678 -60.184335708618157 5.2850828170776376 -10.122069358825682 8.5316271781921404 -13.053883552551268 64.144355773925795 -11.640118122100828 1.2880077958106997 2.4605509042739873 -82.471794128417955 0.94756859540939342 1.9413058757781985 -95.998786926269517 -0.62829574942588795 0.71395668387413036 3.4523571729660039 55.566991806030281 -85.454212188720689 48.966056823730476 -1.0000000180025095e-35 -5.0917162895202628 -3.9204360246658321 -0.45142117142677302 1.3180044293403628 3.9392867088317876 8.5198631286621112 20.834300041198734 0.74925807118415844
decision_type=2 2 2 2 2 2 2 2 2 2 2 2 2 2 2 2 2 2 2 2 2 2 2 2 2 2 2 2 2 2
left_child=1 7 4 8 5 6 10 9 20 -1 -2 -6 21 -14 -8 28 -3 18 -10 -18 25 -5 26 -24 -13 -4 -19 -21 -16 -30
right_child=2 16 3 12 11 -7 14 -9 17 -11 -12 24 13 -15 15 -17 19 22 -20 27 -22 -23 23 -25 -26 -27 -28 -29 29 -31
leaf_value=-0.029662793049768842 -0.0027522931265116148 -0.015344412247765379 0.0040480102177513529 0.011684468094619175 -0.0041327477188307024 -0.02293090915084528 -0.0042888478228999714 -0.0079209334986280952 -0.0025420118080992115 -0.018224825086501754 0.024099960465720018 0.0026519419307719193 0.0085344716109826135 -0.022295808469749559 0.0051336996940328462 -0.0045874669741505121 -0.01154477278000181 0.0078437776036383716 0.0041444650482061769 -0.0048629973547205385 0.023727350775008219 0.02705246835612982 -0.0056738711481507291 0.0052578008454501916 -0.0024243774544363303 0.030413623685901003 0.020699418689694948 0.016350312029129475 0.021080244397568889 0.00074181548435872668
leaf_weight=445.16803665459156 76.106556460261345 486.07766860723495 296.54490062594414 1797.4297123104334 3692.7404242902994 108.51809301972389 681.11560407280922 479.13301801681519 1397.5733851492405 2041.0734930932522 333.98906667530537 2643.262862727046 134.61881120502949 70.468182891607285 1631.1870389133692 567.51047366857529 902.5659389346838 804.2762486487627 2307.7095921337605 3971.3078666329384 226.76506449282169 153.58747787773609 318.12754100561142 7249.8655916899443 2048.8853805065155 49.549193277955055 232.2638253569603 63.585725411772728 263.53031784296036 126.58681236207485
leaf_count=1947 306 1981 1193 7244 14820 447 2730 1969 5597 8567 1354 10589 543 283 6537 2273 3665 3226 9241 16027 921 627 1273 29049 8208 202 931 255 1057 509
internal_value=-9.46681e-05 -0.0107845 0.00320048 0.0057492 5.04128e-05 0.00365514 0.00444921 -0.0182998 0.00478722 -0.02029 0.0190856 -0.00157676 0.0114851 -0.00204286 0.00260374 0.00442392 -0.00667001 0.00434463 0.00161838 -0.00581007 0.0142476 0.0129152 0.00551654 0.00479561 0.000432063 0.00794266 0.0107561 -0.00452101 0.00696244 0.0145379
internal_weight=35601.1 8388.91 27212.2 15038.8 12173.4 3788.54 3680.03 2965.37 12882.7 2486.24 410.096 8384.89 2156.1 205.087 3269.93 2588.81 5423.54 12309.8 3705.28 4937.46 572.859 1951.02 8604.53 7567.99 4692.15 346.094 1036.54 4034.89 2021.3 390.117
internal_count=143571 34411 109160 60330 48830 15213 14766 12483 51633 10514 1660 33617 8697 826 13106 10376 21928 49317 14838 19947 2316 7871 34479 30322 18797 1395 4157 16282 8103 1566
is_linear=0
shrinkage=0.03


Tree=18
num_leaves=31
num_cat=0
split_feature=20 34 20 16 20 20 20 33 20 13 3 13 34 32 35 31 17 12 25 11 26 12 13 1 20 0 20 1 6 1
split_gain=1206.74 257.664 187.831 124.685 102.217 85.0034 77.7935 62.449 61.7137 57.5414 54.574 53.2341 71.8128 41.9478 41.3961 44.6542 40.9575 43.5743 35.4214 36.9647 43.018 38.1642 35.2296 34.2507 33.2887 33.1961 39.6437 32.6618 31.7495 31.3697
threshold=2.3681002855300908 -35.848237991333001 1.7044709920883181 -4.8506140708923331 3.0970591306686406 3.0806430578231816 11.654703140258791 41.60368728637696 8.8338804244995135 6.2500541210174569 0.74834880232810985 -5.3174231052398673 -79.999038696289048 -22.82983303070068 100.42749404907228 0.94756859540939342 4.7439780235290536 -15.50280714035034 2.1347151994705205 -0.8313598334789275 0.12903703749179843 4.9584991931915292 3.4727644920349126 -3.9204360246658321 6.0556135177612314 -2.1355371475219722 4.397442340850831 10.688014507293703 49.526473999023445 -12.043036937713621
decision_type=2 2 2 2 2 2 2 2 2 2 2 2 2 2 2 2 2 2 2 2 2 2 2 2 2 2 2 2 2 2
left_child=2 3 10 6 9 13 16 -4 11 28 -1 24 25 -5 -6 -16 -2 -18 19 20 -14 29 -9 -10 -7 26 -13 -23 -3 -21
right_child=1 4 7 5 14 8 -8 22 23 -11 -12 12 18 -15 15 -17 17 -19 -20 21 -22 27 -24 -25 -26 -27 -28 -29 -30 -31
leaf_value=-0.023503722088900024 0.0077797799074622986 -0.013256140065597711 -0.011696121139794825 0.0021584515842767858 0.0069376779022251025 0.013866885522694177 -0.022636500462868334 -0.0052872362352765316 -0.012077722362202366 0.027184934517525884 -0.012053452156939995 0.0020937117796480751 0.012158856670904139 -0.0056342266160375421 0.014088937276786683 -0.0012349535991589022 0.03092337803964745 0.0052195586883856853 -0.0063918673180568672 -0.023712516935691094 0.0035926572969905424 0.0030415495186334155 0.014410492095911484 -0.00016158548420038352 0.0025904900824269697 -0.0075604581416009557 -0.0043950765003826142 0.019166433638980768 0.00071602300228323739 -0.0010073277584684405
leaf_weight=1312.4026933610439 1243.9206871092319 158.33653144538403 2587.3092537075281 770.07279320061207 5649.6950743347406 471.35907030105591 67.322489738464355 1636.1431356072426 491.74850216507912 69.398927450180054 538.36449557542801 1782.3675360530615 646.66429974138737 3162.053586691618 1483.0100419521332 191.27223668992519 155.38213931024075 98.946222484111786 388.13601596653461 55.183235034346581 2918.7740152478218 2067.7502249032259 84.695573091506958 392.72310641407967 479.00105229020119 868.67934934794903 1611.1559322327375 119.16475909948349 1788.0389650166035 2327.5653208345175
leaf_count=5654 4989 636 10615 3091 22684 1892 279 6624 1987 280 2245 7146 2591 12741 5990 770 644 400 1553 221 11683 8276 341 1573 1921 3482 6457 477 7166 9321
internal_value=-0.000114932 0.0024097 -0.012191 0.000497079 0.00652742 -0.0001884 0.00862467 -0.00874749 0.000863918 0.000536796 -0.0201894 0.00135959 0.000848782 -0.00410412 0.00817387 0.0123297 0.0100535 0.0210417 0.00243949 0.00286342 0.00515349 0.00107259 -0.00430124 -0.00680982 0.00820781 -0.0023285 -0.000982963 0.00393541 -0.000419125 -0.00154919
internal_weight=35616.6 29457.7 6158.92 20118 9339.75 18552.4 1565.57 4308.15 14620.3 2015.77 1850.77 13735.8 12785.4 3932.13 7323.98 1674.28 1498.25 254.328 8523.24 8135.1 3565.44 4569.66 1720.84 884.472 950.36 4262.2 3393.52 2186.91 1946.38 2382.75
internal_count=143729 118250 25479 80724 37526 74412 6312 17580 58580 8082 7899 55020 51207 15832 29444 6760 6033 1044 34122 32569 14274 18295 6965 3560 3813 17085 13603 8753 7802 9542
is_linear=0
shrinkage=0.03


Tree=19
num_leaves=31
num_cat=0
split_feature=19 34 19 19 12 7 15 20 19 11 34 24 17 34 6 3 11 14 20 33 33 18 24 28 28 22 33 31 33 17
split_gain=1227.58 235.196 157.255 131.089 97.0249 80.7229 73.849 68.2274 73.7849 56.0236 53.1779 54.6365 42.3783 41.6231 41.061 40.659 39.0499 41.4928 37.9214 36.9135 36.1446 32.7038 32.5047 30.3727 29.5367 29.3385 38.3743 28.7469 28.4274 27.7787
threshold=2.2364940643310551 -59.339752197265618 1.6579305529594424 3.6684467792510991 -24.546327590942379 1.1075221300125124 -17.062874794006344 10.947772026062013 3.147587895393372 -11.984481334686278 -30.795274734497067 -17.832178115844723 5.2026174068450937 -81.101692199707017 44.283969879150398 2.5211060047149663 0.11017180979251863 -1.8344189524650572 5.7096037864685067 -171.78001403808591 228.46832275390628 2.2615137100219731 -21.416771888732907 -2.5642374753952022 -1.1935428380966184 2.805827379226685 -103.97480010986327 -1.0000000180025095e-35 -109.91035079956053 1.5296589136123659
decision_type=2 2 2 2 2 2 2 2 2 2 2 2 2 2 2 2 2 2 2 2 2 2 2 2 2 2 2 2 2 2
left_child=2 4 15 5 12 21 -5 8 -6 24 11 -8 19 28 22 -1 -15 -18 -13 -2 -7 -3 -4 -12 -10 -21 -27 -14 -11 -30
right_child=1 3 14 6 7 20 10 -9 9 13 23 18 27 16 -16 -17 17 -19 -20 25 -22 -23 -24 -25 -26 26 -28 -29 29 -31
leaf_value=-0.022103272928527665 0.018467541608233516 -0.0037916459483778426 -0.001966661343937237 0.026256770752896879 -0.004805487846674953 0.0043761006521313671 0.0086818053175915077 -0.01740200477522159 0.034363315164899925 1.1830242985970471e-05 0.030305926826623062 0.004941234854411925 0.0055806494425145745 0.0043822239758314679 -0.0071418845994139545 -0.0047203247816531586 -0.0090788870146990032 0.0014070029559225374 -0.0016283234426094737 -0.0065979707574936432 0.018178888654838823 0.0019163572461123428 -0.015349576745133995 0.0084384936992976181 0.0088382249940163818 0.012854474908094663 0.00038844414095039605 0.034710103327314334 -0.01110029128384536 -0.0027570579397370029
leaf_weight=1580.4614465534687 162.52961736917496 2230.4875162988901 190.49259436130524 173.20044477283955 3531.6721622496843 2507.5733991116285 1661.9724149852991 236.47802573442459 50.551295444369316 2247.9967968761921 57.560611799359322 1743.0511484891176 53.048306822776794 2508.4133905917406 2217.9050369411707 134.23987582325935 470.15146791934967 1210.5964657515287 1441.4931067377329 220.22312043607235 183.35492558777332 1513.2076545655727 1283.9607112556696 4898.7307887971401 217.89407619833946 379.19643373787403 541.33390979468822 76.9706991314888 493.64268778264523 1344.4411553740501
leaf_count=6828 658 8954 779 712 14232 10051 6669 976 208 9010 233 6977 215 10040 9039 554 1883 4845 5769 882 741 6061 5315 19725 874 1520 2168 322 1979 5389
internal_value=-7.77688e-05 0.00228209 -0.0132397 0.00470681 -0.000611879 0.00136504 0.00686043 -0.00147303 -0.00115843 0.000347769 0.00651355 0.00427157 0.00677072 -8.87517e-05 -0.0097411 -0.0207547 0.00201042 -0.00152092 0.00196322 0.00511642 0.00532857 -0.00148056 -0.0136332 0.00870154 0.0138103 0.00318656 0.00554826 0.023073 -0.00224452 -0.00501072
internal_weight=35562.8 30155.8 5407.06 16410.6 13745.1 6434.62 9976.01 12311.8 12075.4 8543.69 9802.81 4846.52 1433.3 8275.24 3692.36 1714.7 4189.16 1680.75 3184.54 1303.28 2690.93 3743.7 1474.45 4956.29 268.445 1140.75 920.53 130.019 4086.08 1838.08
internal_count=143608 121093 22515 65892 55201 25807 40085 49436 48460 34228 39373 19415 5765 33146 15133 7382 16768 6728 12746 5228 10792 15015 6094 19958 1082 4570 3688 537 16378 7368
is_linear=0
shrinkage=0.03


Tree=20
num_leaves=31
num_cat=0
split_feature=19 19 33 12 20 19 11 11 33 33 15 10 22 33 9 19 6 17 11 32 14 9 32 32 20 0 19 17 11 2
split_gain=1176.12 302.571 181.139 108.641 78.8851 71.7249 60.7621 60.2034 57.9944 55.2742 53.8461 46.2223 46.0153 38.7665 70.6817 36.3371 36.2908 35.0502 33.2282 40.1614 35.1628 33.1262 32.7898 31.5045 31.4374 30.9469 29.5148 29.0438 32.7842 28.7187
threshold=2.7001724243164067 1.9551537036895754 31.752575874328617 -24.546327590942379 8.6740050315856951 1.4831743240356448 -11.984481334686278 8.5302586555480975 153.00305175781253 86.24771881103517 -9.9450440406799299 0.42860390245914465 19.773684501647953 -129.89735412597653 1.2659563422203066 4.5611162185668954 65.507064819335952 1.651048541069031 0.067272126674652113 -17.641218185424801 -1.0256343483924864 84.05271148681642 -21.464950561523434 -40.986698150634759 4.9648032188415536 8.5198631286621112 3.4208394289016728 4.7439780235290536 1.9099453687667849 0.97570496797561657
decision_type=2 2 2 2 2 2 2 2 2 2 2 2 2 2 2 2 2 2 2 2 2 2 2 2 2 2 2 2 2 2
left_child=1 5 3 7 6 21 -5 13 10 22 -4 -10 17 14 -2 24 -7 -8 19 -14 27 -1 -3 -6 -12 -11 -22 28 -20 -17
right_child=2 9 8 4 23 16 12 -9 11 25 15 -13 18 -15 -16 29 -18 -19 20 -21 26 -23 -24 -25 -26 -27 -28 -29 -30 -31
leaf_value=-0.024277734852342751 -0.0039374424806098108 -0.0011214792050923898 0.016081130752686273 0.01715725431666006 -0.023888493304242364 -0.015064724677536948 -0.0048399488341415442 0.033632441219781088 -0.0023309606186617494 -0.0011841944287517682 0.0030646762625348625 0.011872449556846016 0.0061424516371294032 0.003772709825961658 0.0212211008674703 0.012516839498605374 -0.0044369930745285528 0.00032853483851989806 -0.0023199819219518474 0.00044608948079528622 -0.0036115879482386168 0.00018719118994747647 -0.0079391090654326296 -0.0062156223256716013 -0.011513917333192777 0.017015451904427183 0.0038464207165702963 0.0099505464770695586 -0.015145280068039902 0.0054802885841725608
leaf_weight=980.07878802716732 138.63793493807316 769.87178446352482 380.96354481577873 202.31985118985176 102.53320889174938 1947.9404040724039 1886.0716620981693 81.445924773812294 226.92187334597111 1359.6823794841766 4044.4939845949411 2056.9934919476509 2616.0225449800491 992.18423427641392 353.13583166897297 626.94007727503777 345.72212582826614 3142.3504098653793 449.09603245556355 1950.1605568528175 675.95500017702579 51.178236335515976 3778.7050069123507 808.27074465155602 136.29799135029316 88.621131151914597 1610.857024371624 95.208144754171371 301.99084018170834 3274.0724535733461
leaf_count=4291 557 3102 1553 818 424 8183 7568 340 911 5471 16206 8314 10478 3986 1430 2518 1414 12594 1799 7811 2709 214 15324 3258 546 356 6451 382 1209 13136
internal_value=-4.42971e-05 -0.00919366 0.0032165 0.00112993 0.000281318 -0.0164533 0.000883714 0.00861859 0.00620599 -0.00516405 0.0050566 0.0104543 0.000622523 0.0072139 0.0141045 0.00453314 -0.013472 -0.00160767 0.00208103 0.00371352 -0.000293792 -0.0230501 -0.00678898 -0.0082456 0.00258317 -4.92433e-05 0.00163475 -0.00551847 -0.0075099 0.00661791
internal_weight=35474.7 9321.8 26152.9 15406.2 13840.8 3324.92 12930 1565.4 10746.7 5996.88 8462.77 2283.92 12727.7 1483.96 491.774 8081.8 2293.66 5028.42 7699.29 4566.18 3133.11 1031.26 4548.58 910.804 4180.79 1448.3 2286.81 846.295 751.087 3901.01
internal_count=143353 38355 104998 61814 55501 14102 51819 6313 43184 24253 33959 9225 51001 5973 1987 32406 9597 20162 30839 18289 12550 4505 18426 3682 16752 5827 9160 3390 3008 15654
is_linear=0
shrinkage=0.03


Tree=21
num_leaves=31
num_cat=0
split_feature=19 19 33 19 26 19 17 33 15 33 7 22 20 10 22 33 12 32 7 27 33 3 7 14 11 0 14 20 18 21
split_gain=1117.03 217.994 145.604 145.45 105.603 76.0387 91.0762 71.6514 48.8355 52.1835 42.5451 41.562 39.365 38.5053 38.0247 38.8894 50.4129 37.3842 32.9365 32.2023 31.8676 30.8491 30.4419 29.6579 36.1381 32.6336 29.1046 43.5806 27.8672 27.6831
threshold=2.2023171186447148 3.147587895393372 13.823974609375002 1.5942815542221072 0.45474818348884588 8.5316271781921404 5.8657388687133798 112.3877639770508 -13.239853858947752 137.13275146484378 0.71395668387413036 60.67491531372071 11.654703140258791 0.42251415550708776 3.6590944528579716 -133.09243011474607 -18.918290138244625 -23.316108703613278 1.1615071296691897 -0.066035829484462724 -157.07437896728513 2.2518454790115361 2.0207499265670781 -0.46617585420608515 1.9099453687667849 1.4700452089309695 30.436507225036625 5.0837218761444101 4.5328381061553964 18.667784690856937
decision_type=2 2 2 2 2 2 2 2 2 2 2 2 2 2 2 2 2 2 2 2 2 2 2 2 2 2 2 2 2 2
left_child=3 7 4 21 5 6 14 10 -4 22 -2 17 -6 -11 20 16 -16 -5 -9 -8 -3 -1 29 24 -17 -26 -15 -28 -25 -10
right_child=1 2 8 11 12 -7 19 18 9 13 -12 -13 -14 26 15 23 -18 -19 -20 -21 -22 -23 -24 28 25 -27 27 -29 -30 -31
leaf_value=-0.022343748490810906 -0.0093338852139230877 0.0062383767296013441 0.020692852499194316 0.0040738677854380437 -0.0014891637757021789 -0.010929096348399468 0.027872055606415373 -0.00075658705754561408 0.025559566078986719 -0.0023087808591992112 -0.0022367377598450861 -0.0052865728101914302 -0.022781245267563286 0.011689247985292316 0.021540061173661224 0.003343178128011329 0.005832772699452371 -0.012858265724444382 0.0087160467300246222 0.0065562301895060989 -0.0062033693806170485 -0.0070054274511638249 -0.005140206453776313 0.0055212088940908913 -0.002015306334026308 -0.023668261555876115 -0.023562040204989525 0.013028339586117248 0.01752370902739692 0.0050552806988584196
leaf_weight=1306.2134278267622 873.02638600766659 273.63800345361233 211.53900268673897 121.84232385456562 4780.7523411214352 295.90378545224667 196.53665666282177 595.48145838081837 59.194039642810822 213.4848764538765 5960.1687382310629 1284.3661066293716 78.579700157046318 2240.5723568946123 261.19794270396233 3051.3581346273422 634.43438743054867 2294.8041489869356 733.07877793908119 98.367243647575378 564.84755049645901 134.21539387106895 261.9082764685154 981.2737945318222 345.60906682908535 76.147290676832199 52.864125907421112 62.882510170340538 213.57732014358044 7253.6638195812702
leaf_count=5733 3535 1101 870 497 19154 1210 816 2389 237 857 23972 5239 322 9059 1055 12223 2542 9536 2944 397 2264 557 1049 3934 1384 305 213 255 856 29098
internal_value=9.53042e-05 0.00228505 0.00382606 -0.0128344 0.00155354 0.00391459 0.00457423 -0.00190618 0.00642503 0.00612402 -0.00314692 -0.00967441 -0.00184118 0.00982387 0.00381861 0.00471692 0.0104492 -0.011997 0.00446161 0.0208589 -0.00212257 -0.0209308 0.00486571 0.00361186 0.00220203 -0.00600692 0.01093 -0.00361351 0.00769204 0.00522678
internal_weight=35511.5 30370.1 22208.3 5141.44 11852.2 6992.89 6696.99 8161.76 10356.1 10144.6 6833.2 3701.01 4859.33 2569.8 6402.08 5563.6 895.632 2416.65 1328.56 294.904 838.486 1440.43 7574.77 4667.97 3473.11 421.756 2356.32 115.747 1194.85 7312.86
internal_count=143603 122041 89201 21562 47563 28087 26877 32840 41638 40768 27507 15272 19476 10384 25664 22299 3597 10033 5333 1213 3365 6290 30384 18702 13912 1689 9527 468 4790 29335
is_linear=0
shrinkage=0.03


Tree=22
num_leaves=31
num_cat=0
split_feature=19 19 34 19 7 33 32 2 22 19 16 14 12 27 32 10 22 26 1 3 25 1 21 17 34 11 32 24 2 1
split_gain=1110.31 199.393 152.122 129.627 78.8481 76.0133 59.9103 56.1476 77.4401 52.8926 50.6102 50.5395 47.0195 45.6889 43.3423 37.2685 37.2141 41.2248 35.4582 35.0113 34.4034 34.0984 33.2298 32.4287 30.6557 32.6126 27.9383 27.5948 29.4295 27.4447
threshold=2.2364940643310551 3.3085650205612187 -66.900913238525376 1.5942815542221072 0.73138517141342174 -162.28941345214841 -27.46726036071777 -7.5292711257934561 76.696411132812514 7.9140059947967538 -5.1871018409728995 6.112635850906373 -30.428380012512203 0.14366113394498828 -20.809443473815914 0.6032254993915559 6.993401527404786 0.35797074437141424 -4.6947336196899405 -7.616710662841796 1.18003386259079 3.1976050138473515 25.666965484619144 4.9064471721649179 -1.0000000180025095e-35 32.021799087524421 -17.139002799987789 -18.434647560119625 6.8856337070465097 -7.565319061279296
decision_type=2 2 2 2 2 2 2 2 2 2 2 2 2 2 2 2 2 2 2 2 2 2 2 2 2 2 2 2 2 2
left_child=3 4 5 21 26 6 22 12 15 10 23 14 -4 -5 -6 18 -12 -18 -9 -14 -16 -1 -3 -7 25 -10 -2 -20 -29 -19
right_child=1 2 7 13 11 9 -8 8 24 -11 16 -13 19 -15 20 -17 17 29 27 -21 -22 -23 -24 -25 -26 -27 -28 28 -30 -31
leaf_value=-0.021915347141734997 -0.0030320035516047273 0.020485038931925301 0.02735895731766258 -0.011933712386414882 0.0025356542566832597 0.0052314357402903321 0.0016294246642951677 -0.0042149056095138098 0.0080636951418018715 -0.010193473638202414 -0.0056452025175761887 0.011409231077615677 -0.0058607912624120935 -0.0048532843711211427 -0.0038683188019402867 -0.0062706487689538366 0.0038981176612787327 -0.0060828162506348354 0.0075299017914068588 0.010825458801576274 0.001464711884982416 -0.0054156028945806164 -0.0024711249473831657 0.024548784239668584 0.020449814435023569 -0.011295710225444922 -0.012172027265274074 0.0058054253535271046 0.00096352812188292775 0.00021534532871875405
leaf_weight=1287.5139407813549 511.66219697892666 354.97238586843014 144.97545392811298 2812.5545585751534 2306.0512937754393 575.74460941553116 524.09756471216679 481.56587481498718 3999.2631978392601 482.94571235775948 1148.269254937768 311.14308986067772 122.01559457182884 1172.4053741246462 3886.9832930117846 359.95979562401772 1820.3134513199329 937.77139477431774 1664.1099500060081 1311.6839808672667 1506.6063901633024 127.09420667588711 65.920066654682159 90.557822406291962 177.76474019885063 78.402668669819832 751.30356833338737 1964.4261765182018 2679.8259265571833 1836.5284062623978
leaf_count=5684 2062 1449 605 11663 9248 2306 2100 1928 16120 1968 4603 1255 492 4791 15635 1442 7289 3759 6680 5284 6046 531 267 376 731 315 3042 7871 10734 7355
internal_value=-0.00011159 0.00213558 0.00376542 -0.0126372 -0.00152209 0.000462644 0.00843809 0.00575763 0.00502043 -0.00062977 9.00132e-05 -0.000421323 0.0110676 -0.0098561 -0.000902765 0.00310925 -0.000816144 0.000388419 0.00360957 0.00939182 -0.00237585 -0.0204484 0.0168568 0.00791221 0.00822654 0.00768511 -0.00848635 0.00420982 0.00301559 -0.00190958
internal_weight=35494.4 30094.9 20821.1 5399.57 9273.75 7837.12 944.99 12984 11405.3 6892.13 6409.18 8010.78 1578.68 3984.96 7699.64 7149.89 5742.88 4594.61 6789.93 1433.7 5393.59 1414.61 420.892 666.302 4255.43 4077.67 1262.97 6308.36 4644.25 2774.3
internal_count=143631 120962 83674 22669 37288 31472 3816 52202 45821 27656 25688 32184 6381 16454 30929 28655 23006 18403 27213 5776 21681 6215 1716 2682 17166 16435 5104 25285 18605 11114
is_linear=0
shrinkage=0.03


Tree=23
num_leaves=31
num_cat=0
split_feature=19 34 19 19 19 20 16 7 33 1 35 24 17 6 32 10 22 24 0 10 3 33 14 29 6 6 0 34 28 9
split_gain=978.056 207.788 125.099 106.328 104.694 72.2504 79.5539 48.3595 45.2776 43.85 81.885 43.7221 38.7388 37.505 35.8973 33.7698 30.6794 33.1746 44.6257 30.4395 30.8212 29.9668 33.1138 29.8076 28.9259 28.7613 28.5708 33.0095 30.9847 28.2711
threshold=2.2023171186447148 -43.209505081176751 1.5942815542221072 2.8794124126434331 3.1018052101135258 10.947772026062013 -4.8506140708923331 1.3826213479042055 147.95338439941409 -7.1587178707122794 -7.0814046859741202 -27.598120689392086 4.7439780235290536 45.263542175292976 -21.464950561523434 0.47972232103347784 16.056980133056644 -18.196880340576168 -0.13554728776216504 0.44445393979549414 12.897553443908693 -109.91035079956053 -1.0978943109512327 -0.79236876964569081 76.413181304931655 50.639120101928718 2.5793669223785405 -16.666261672973629 -1.0162563920021055 1.899323642253876
decision_type=2 2 2 2 2 2 2 2 2 2 2 2 2 2 2 2 2 2 2 2 2 2 2 2 2 2 2 2 2 2
left_child=2 4 24 7 14 6 12 -3 11 10 29 -5 23 -4 -2 -14 -11 18 -18 20 -10 -12 -23 -6 -1 -13 28 -28 -27 -8
right_child=1 3 13 8 5 -7 9 -9 19 16 21 25 15 -15 -16 -17 17 -19 -20 -21 -22 22 -24 -25 -26 26 27 -29 -30 -31
leaf_value=-0.020675015434794771 0.00044363330077312708 -0.0027889644116968195 -0.012841829028412877 0.013495934207325372 0.017305258817310744 -0.01250895935308197 -0.0022406152702935389 0.0095767854834583506 0.0085080199284246986 -0.0019900117510840091 -6.7929520778130072e-05 -0.00053145664222164221 0.036764003391274599 -0.0066891204051549068 -0.0053946487136724208 0.011629213495171048 0.0084954785279341624 0.0012449792776042263 0.00060166869464396559 0.011429586566060815 -0.011055472168969715 -0.0074153004260353768 0.0031289936239267918 0.0040760873578845336 0.0027462105984754964 0.026487617995541526 0.0014090140972736471 0.0073123699245271345 0.0072570813462976922 0.01768192937483782
leaf_weight=1351.474597454071 1293.6256143450737 1854.2511258274317 1564.7581746727228 540.66399250924587 184.8122466057539 329.63593554496765 84.651377394795418 334.97715589404106 195.55772823095322 1335.7636596560478 1625.4685109853745 848.72305086255074 73.112435698509216 2122.9601172655821 3496.9587533473969 149.79056909680367 1712.1392811238766 4055.612775683403 1040.4204914718866 2015.4324817806482 113.57028043270111 1576.899609580636 320.11636945605278 919.19229017198086 47.789697661995888 77.804958760738373 2246.524412125349 1381.6056089252234 2318.1200905144215 245.33957029879093
leaf_count=5989 5195 7449 6552 2208 742 1358 341 1345 786 5355 6520 3408 310 8719 14128 620 6859 16232 4168 8173 458 6322 1282 3690 199 313 9014 5562 9294 992
internal_value=-4.32345e-05 0.0019956 -0.0122166 0.00508114 0 0.00133895 0.0016836 -0.000886505 0.00642424 0.000910887 -0.00172376 0.00527322 0.00865238 -0.00930665 -0.00381521 0.0200678 0.0021591 0.00297553 0.0055185 0.0100847 0.00125977 -0.00306694 -0.00562736 0.0063179 -0.019863 0.00462231 0.00535087 0.00366256 0.00789862 0.0125346
internal_weight=35457.8 30370.8 5086.98 11927.2 18443.5 13653 13323.3 2189.23 9738 11996.4 3852.48 7413.44 1326.91 3687.72 4790.58 222.903 8143.94 6808.17 2752.56 2324.56 309.128 3522.48 1897.02 1104 1399.26 6872.78 6024.06 3628.13 2395.93 329.991
internal_count=143583 122124 21459 48010 74114 54791 53433 8794 39216 48071 15457 29799 5362 15271 19323 930 32614 27259 11027 9417 1244 14124 7604 4432 6188 27591 24183 14576 9607 1333
is_linear=0
shrinkage=0.03


Tree=24
num_leaves=31
num_cat=0
split_feature=19 19 22 16 19 6 17 28 7 22 10 32 23 2 1 20 10 28 18 12 11 15 13 7 1 20 15 20 16 12
split_gain=945.451 232.131 146.618 80.3306 87.6634 63.7788 55.6288 52.1173 44.8244 41.1595 40.7465 40.6485 40.3929 39.258 42.8913 52.6966 41.8929 38.8709 38.7073 38.0234 36.7635 35.9728 35.703 35.3967 32.8075 30.7637 27.0859 26.5086 26.4742 26.0554
threshold=2.5852442979812627 1.8902249336242678 61.906969070434577 -4.7059683799743643 8.9501757621765154 51.421833038330085 4.7439780235290536 -2.5642374753952022 0.78914073109626781 17.379131317138675 0.6032254993915559 -10.701406002044676 17.747177124023441 -3.8762037754058833 12.276335239410402 7.6992590427398691 0.48051987588405615 -0.63371399044990528 1.8007496595382693 3.7382136583328252 2.9182516336441044 -11.233275413513182 -2.0075803995132442 2.2442255020141606 -7.2937142848968497 7.6043345928192148 6.348675251007081 3.0806430578231816 2.8573251962661748 -29.366514205932614
decision_type=2 2 2 2 2 2 2 2 2 2 2 2 2 2 2 2 2 2 2 2 2 2 2 2 2 2 2 2 2 2
left_child=1 5 3 4 6 11 12 -5 -3 21 18 -1 -2 -4 15 22 23 20 -11 -7 -14 -9 26 -16 25 -20 -15 -24 -23 -8
right_child=2 8 13 7 -6 19 29 9 -10 10 -12 -13 17 14 16 -17 -18 -19 24 -21 -22 28 27 -25 -26 -27 -28 -29 -30 -31
leaf_value=-0.014465051796416481 0.0012561999627865117 -0.011126225635508457 0.016467110863872446 0.024403654358506305 -0.021061276871833543 -0.013859990739891928 0.032895949093056029 0.0016546705902962262 -0.0039995089581690837 -0.0060056608842874925 -0.0054999179504700308 -0.023833475021785046 0.0086782907823079666 0.02942976690724641 0.0039922413478052678 -0.0083739788118909007 0.010197862568725239 0.016279783348752252 0.00070748879581134601 -0.0019783718707750311 -0.018991428629816322 -0.0041021336627355852 0.00014257063215440154 -0.020539855196866359 0.0029187858036041981 -0.0093907455614493634 0.0074363031523831313 0.0051209488846231032 0.016392637657084146 0.013379835970718429
leaf_weight=798.23721764981747 713.33619193732738 970.71234741806984 292.94937837123871 79.581542357802391 92.917240038514137 833.47549933195114 105.56381316483021 1624.2874603271484 4461.3548158109188 544.08268325030804 745.13456380367279 919.58470666408539 149.10935269296169 86.197588041424751 766.01538214087486 302.36999434232712 2320.270478874445 470.15646468102932 951.17681567370892 346.57597286999226 59.637261018157005 3381.8659593462944 1259.8429287075996 55.736192718148232 8189.613081485033 377.66357043385506 127.63170780241489 4167.7622239887714 56.450158536434174 161.83569350838661
leaf_count=3477 2867 3977 1191 325 390 3561 455 6526 18104 2186 2987 4075 600 346 3090 1213 9379 1893 3812 1449 240 13586 5051 224 32829 1523 511 16753 228 662
internal_value=-0.000102842 -0.00894124 0.00261545 0.00100758 0.00710271 -0.0157993 0.00870027 0.000336515 -0.00527763 0.000213355 0.00125983 -0.0194998 0.00626869 0.00564825 0.005296 0.00379157 0.00813509 0.0115037 0.00176238 -0.0103877 0.000648899 -0.00201751 0.00444764 0.00228715 0.00220857 -0.00215611 0.0164677 0.00396838 -0.00375662 0.0212341
internal_weight=35411.1 8329.94 27081.2 17702.4 1752.56 2897.87 1659.64 15949.9 5432.07 15870.3 10807.7 1717.82 1392.24 9378.78 9085.83 5943.8 3142.02 678.903 10062.5 1180.05 208.747 5062.6 5641.43 821.752 9518.45 1328.84 213.829 5427.61 3438.32 267.4
internal_count=143510 34643 108867 71109 7107 12562 6717 64002 22081 63677 43337 7552 5600 37758 36567 23874 12693 2733 40350 5010 840 20340 22661 3314 38164 5335 857 21804 13814 1117
is_linear=0
shrinkage=0.03


Tree=25
num_leaves=31
num_cat=0
split_feature=19 19 34 12 20 19 11 34 6 35 15 34 1 26 23 18 10 19 10 10 25 1 20 11 5 15 6 28 19 7
split_gain=900.335 213.073 142.379 69.4402 83.0919 64.2096 47.2244 49.3077 47.1728 46.8003 48.3633 42.7227 42.4015 40.9078 52.9374 39.7967 36.3959 34.421 33.2832 31.51 28.904 33.759 43.9905 35.3009 40.2047 32.0273 31.9672 27.2055 27.1434 26.7393
threshold=2.7001724243164067 1.9551537036895754 -35.848237991333001 -24.546327590942379 8.8338804244995135 1.2225320935249331 -11.984481334686278 -85.454212188720689 52.52098464965821 98.102809906005874 -9.6271247863769513 -84.47151947021483 -3.9204360246658321 -0.13656336069107053 7.9719460010528573 1.827090919017792 0.61182168126106273 5.0049850940704355 0.48051987588405615 0.42860390245914465 2.1347151994705205 12.99765205383301 6.8286132812500009 -0.14661681652069089 5.6306490898132333 -9.1495447158813459 44.683847427368171 -1.1286199092864988 3.5017734766006474 0.84985518455505382
decision_type=2 2 2 2 2 2 2 2 2 2 2 2 2 2 2 2 2 2 2 2 2 2 2 2 2 2 2 2 2 2
left_child=1 5 3 13 6 -1 27 -8 -7 10 -4 -3 -6 14 -2 -9 20 -16 -11 -13 21 22 23 24 25 26 -17 -5 -12 -21
right_child=2 11 9 4 12 8 7 15 -10 18 28 19 -14 -15 17 16 -18 -19 -20 29 -22 -23 -24 -25 -26 -27 -28 -29 -30 -31
leaf_value=-0.025992568587766898 0.0050132210176906996 -0.0096269255893807384 0.015859643703816369 0.033630529438170388 -0.012915658517856558 -0.015799795293313344 -0.0018694387268061456 -0.0052376051965010578 -0.0079352127243999607 0.0038032323617646665 0.00070076336502577835 -0.0079667646566737652 -0.00014885317103630437 0.0042543517361459515 0.011639348453434265 0.0068011967546965932 -0.0049462988602257778 0.036115834297315359 0.012162135266835275 -0.0064684775876763028 -0.005223671548050441 0.014623332246640005 -0.0028984833183148349 0.0016471494132259132 0.027671263127489281 0.0040392350761317697 0.020911523144306058 0.0089233007069995044 0.0053356590376829284 -0.00058913645733600639
leaf_weight=369.63644908368587 238.04321536421776 1235.9159699529409 334.26129196584225 52.706127017736435 577.40351532399654 1734.1705684661865 3778.0689853131771 626.48227652907372 1158.7482308745384 597.90596671402454 1548.7206884026527 1043.8791100084782 397.42738142609596 1150.1494122743607 95.200866848230362 486.63715009391308 552.35316261649132 122.46206770837307 1579.7998998165131 929.1393469274044 372.52563486993313 229.76789018511772 1015.1823844760656 3961.7293686270714 72.152245178818703 3616.7924459129572 208.99583248794079 175.75685921311378 4364.6528372913599 2797.5383540838957
leaf_count=1712 961 5052 1378 221 2356 7533 15161 2515 4865 2418 6202 4239 1593 4634 385 1951 2213 520 6421 3779 1491 921 4067 15876 289 14487 840 706 17562 11296
internal_value=2.45964e-05 -0.00800853 0.00287219 0.00134513 0.000751367 -0.0141815 0.0012987 0.00108983 -0.0126587 0.00608336 0.00475732 -0.00465126 -0.00773164 0.00729339 0.0149046 0.00209464 0.00253333 0.0255812 0.00987682 -0.00335731 0.00294993 0.00326947 0.00298767 0.00370567 0.00556145 0.00518172 0.011086 0.0148103 0.00412463 -0.00206035
internal_weight=35424.2 9269.03 26155.2 17729.8 16124 3262.56 15149.2 14920.7 2892.92 8425.34 6247.63 6006.47 974.831 1605.86 455.706 11142.6 10516.1 217.663 2177.71 4770.56 9963.78 9591.26 9361.49 8346.31 4384.58 4312.43 695.633 228.463 5913.37 3726.68
internal_count=143644 38476 105168 71187 64687 14110 60738 59811 12398 33981 25142 24366 3949 6500 1866 44650 42135 905 8839 19314 39922 38431 37510 33443 17567 17278 2791 927 23764 15075
is_linear=0
shrinkage=0.03


Tree=26
num_leaves=31
num_cat=0
split_feature=19 34 19 19 7 20 0 2 32 34 6 16 19 33 20 16 6 0 33 32 25 6 26 25 18 27 33 26 2 30
split_gain=842.679 169.43 121.451 107.554 68.5425 64.8113 84.192 55.8049 55.6914 54.8357 49.0309 43.0277 41.2524 36.2732 35.886 44.8208 43.6349 39.7929 34.772 34.2237 32.4314 33.3281 31.5008 30.736 30.1032 28.2288 27.9473 26.2661 26.0004 25.5951
threshold=2.2199107408523564 -64.86370468139647 1.4831743240356448 3.6684467792510991 1.1785770654678347 10.947772026062013 -12.42507219314575 -4.5144014358520499 -21.762490272521969 -29.997981071472164 45.263542175292976 0.45046724379062658 3.3085650205612187 228.46832275390628 4.9648032188415536 -4.4449422359466544 42.351610183715827 -2.0791215896606441 -168.34040069580075 -21.664881706237789 1.4387621879577639 65.507064819335952 0.0074654135387390861 2.5906623601913457 1.8007496595382693 0.14911416172981265 -133.09243011474607 0.62329190969467174 2.594912171363831 0.47499999403953558
decision_type=2 2 2 2 2 2 2 2 2 2 2 2 2 2 2 2 2 2 2 2 2 2 2 2 2 2 2 2 2 2
left_child=2 5 25 4 24 6 18 11 14 22 19 20 -10 23 16 -16 26 -18 -2 -4 21 -5 -9 28 -3 -1 -8 -25 -6 -12
right_child=1 3 10 7 13 -7 8 9 12 -11 29 -13 -14 -15 15 -17 17 -19 -20 -21 -22 -23 -24 27 -26 -27 -28 -29 -30 -31
leaf_value=-0.023161121432912907 0.017712730312679677 -0.0047136857516048691 0.00063088710812752289 0.0072045820197625164 0.00033299074361926048 -0.016108289452845564 0.0061818251440011809 0.013251222475381302 -0.0057804602636325978 0.0070936158488217353 -0.009949160302380692 0.03371615755395603 -0.0007794477678457405 0.018283734149799717 0.0053413877536815551 -0.0048899243333833864 0.015010023722731627 0.00014443911338666055 0.0042114820646155463 -0.01402093002429107 0.021722091074596727 0.028676394474334527 0.0018215288377561537 -0.026970836954855044 0.00045238302790001595 -0.010416159987364598 -0.00071516491594327523 0.0025364438904921416 0.0076092941504319282 -0.0036159857960353023
leaf_weight=792.27372355759144 277.7777656763792 1432.3580979853868 155.29522112011909 1539.8602424860001 692.16617113351822 242.64849430322647 735.21499145030975 228.02786286175251 2773.9007189720869 4382.1662704795599 956.6995040178299 68.354388520121574 3210.2548793405294 177.73682683706284 527.51374958455563 1414.0257178246975 449.88262461125851 256.23248617351055 459.77841757237911 1607.6758689731359 176.84377834200859 67.661400765180588 4364.3448538631201 50.347784504294395 3464.9872157424688 203.85193800926208 1866.1792146861553 55.526172533631325 1244.2382683753967 1468.5889511406422
leaf_count=3625 1138 5770 642 6223 2776 1014 2953 917 11220 17725 3993 275 12863 724 2124 5670 1803 1027 1858 6834 738 277 17485 202 13897 894 7482 223 4997 6051
internal_value=1.45449e-05 0.00193573 -0.0111565 0.00379089 0.000923558 -0.000788834 -0.000475735 0.00567411 -0.00112192 0.00469153 -0.00890703 0.0104205 -0.00310071 0.00529607 0.00113129 -0.00210105 0.00303331 0.0096447 0.00933372 -0.0127222 0.00950133 0.00813493 0.00239508 0.00415004 -0.00105616 -0.020581 0.00122995 -0.0114763 0.00501764 -0.00612348
internal_weight=35342.4 30158 5184.39 17944.6 7117.36 12213.4 11970.8 10827.3 11233.2 8974.54 4188.26 1852.72 5984.16 2220.02 5249.05 1941.54 3307.51 706.115 737.556 1762.97 1784.37 1607.52 4592.37 2042.28 4897.35 996.126 2601.39 105.874 1936.4 2425.29
internal_count=143420 121381 22039 72229 28589 49152 48138 43640 45142 36127 17520 7513 24083 8922 21059 7794 13265 2830 2996 7476 7238 6500 18402 8198 19667 4519 10435 425 7773 10044
is_linear=0
shrinkage=0.03


Tree=27
num_leaves=31
num_cat=0
split_feature=19 19 34 14 26 6 7 26 19 17 19 14 34 10 7 10 27 0 23 32 19 24 10 19 10 19 28 7 11 35
split_gain=809.581 211.063 130.551 66.8334 65.3089 53.4969 51.5473 53.5078 46.1461 85.4379 45.469 44.4128 37.7741 37.4553 45.2668 34.5591 33.7079 31.5491 48.3681 43.064 31.2393 26.5322 44.8637 39.276 24.8623 26.9049 24.2583 24.1314 23.8062 23.4109
threshold=2.651397824287415 1.8902249336242678 -61.431331634521477 8.5071611404418963 0.35797074437141424 65.507064819335952 2.0207499265670781 0.62909623980522167 7.9140059947967538 5.7119328975677499 1.3449342846870425 6.112635850906373 -94.787879943847642 0.36907956004142767 0.73753947019577037 0.5727297067642213 -0.0055658323690295211 0.50486212968826305 35.541364669799812 -28.16005706787109 5.9549095630645761 -22.252672195434567 0.43230697512626654 7.6608979701995858 0.58091172575950634 2.1685963869094853 -0.43237580358982081 0.8346272110939027 -7.1712396144866934 -7.0814046859741202
decision_type=2 2 2 2 2 2 2 2 2 2 2 2 2 2 2 2 2 2 2 2 2 2 2 2 2 2 2 2 2 2
left_child=1 5 4 15 8 10 -5 20 9 12 -1 13 28 26 -15 21 -16 19 -19 -14 -8 -4 -23 -24 -18 -26 -3 29 -2 -6
right_child=2 11 3 6 27 -7 7 -9 -10 -11 -12 -13 17 14 16 -17 24 18 -20 -21 -22 22 23 -25 25 -27 -28 -29 -30 -31
leaf_value=-0.023946714719729888 0.004049428143458475 -0.00087285889186105832 0.007430914697123296 0.011368511598594125 0.01579821370435525 -0.0043653021198217018 -0.01753939809156892 0.014155550693514391 -0.010070106419780555 0.022894419800004402 -0.013989562877336501 0.017371737338689432 0.0099059043995674972 -0.01157004308915258 -0.0057505927461883044 -0.0002075259086595549 0.0010428938146263556 -0.0098032059428691341 0.0063541761432704272 0.0026894757068417923 0.0093317031497948382 -0.0016210250788947112 0.0050796452377530419 -0.0031263403965619938 -0.015271199813421697 -0.0011847699264362335 -0.013839055782912448 0.00028854455482715309 -0.005517308610036473 -0.0040123905715137324
leaf_weight=538.90496683120728 334.46041384339333 168.47733174264431 2041.2754463851452 1841.2761041224003 53.342512652277946 404.85510946810246 155.12669442594051 121.38007102906704 250.30838331580162 188.06205360591412 1896.271216109395 80.483070492744446 1031.8573230952024 619.24948614835739 2053.3671218454838 1737.5021509230137 1927.6970840841532 361.84977172315121 306.67426601052284 2702.775170609355 50.365545868873596 1254.8236755728722 7209.9398460835218 563.17769446969032 190.76890750229359 343.33743950724602 607.39688895642757 2373.6050806045532 765.33117263019085 3215.3010853379965
leaf_count=2521 1347 690 8260 7501 215 1692 625 491 1031 788 8259 324 4150 2551 8371 6979 7797 1451 1229 10841 203 5032 28954 2259 779 1385 2482 9522 3072 12912
internal_value=7.79821e-05 -0.00779001 0.00269489 0.00454477 0.000301935 -0.0145273 0.00941948 -0.00151487 0.00249804 0.00305513 -0.0162082 -0.00459167 0.00237037 -0.00489618 -0.00396174 0.00371765 -0.00291262 0.00361387 -0.00237045 0.00468947 -0.0108674 0.0043351 0.00363271 0.00448285 -0.000538036 -0.00626324 -0.0110476 -0.00200795 -0.00259328 -0.00367977
internal_weight=35389.2 8830.81 26558.4 14974.9 11583.6 2840.03 2168.15 326.872 5941.32 5691.01 2435.18 5990.78 5502.95 5910.29 5134.42 12806.7 4515.17 4403.16 668.524 3734.63 205.492 11069.2 9027.94 7773.12 2461.8 534.106 775.874 5642.25 1099.79 3268.64
internal_count=143713 36851 106862 60304 46558 12472 8820 1319 23909 22878 10780 24379 22090 24055 20883 51484 18332 17671 2680 14991 828 44505 36245 31213 9961 2164 3172 22649 4419 13127
is_linear=0
shrinkage=0.03


Tree=28
num_leaves=31
num_cat=0
split_feature=19 34 19 19 19 26 33 19 0 24 24 2 23 15 6 12 7 33 12 9 6 20 1 10 15 24 6 6 28 28
split_gain=787.698 150.908 122.304 85.3525 63.1084 61.1938 60.0152 56.9141 77.1101 45.9667 61.9958 40.7389 44.4272 35.9643 35.8642 33.0626 32.8949 31.3543 29.9642 28.1882 32.5856 28.0926 27.4608 27.234 26.8152 26.2072 32.9678 26.1982 43.4768 25.6096
threshold=2.2364940643310551 -64.86370468139647 1.7445693612098696 3.6684467792510991 2.7665363550186162 0.4945389330387116 133.06143188476565 8.5316271781921404 -12.42507219314575 -2.6219731569290157 -19.674037933349606 2.1371326446533208 86.981349945068374 16.284100532531742 58.02289009094239 40.432397842407234 1.2116672396659853 -91.746082305908189 1.0000000180025095e-35 1.899323642253876 27.779712677001957 4.8498685359954843 28.331592559814457 0.34421597421169287 -19.492032051086422 -30.857896804809567 30.439255714416507 55.376668930053718 -1.4841891527175901 -0.45857523381710047
decision_type=2 2 2 2 2 2 2 2 2 2 2 2 2 2 2 2 2 2 2 2 2 2 2 2 2 2 2 2 2 2
left_child=2 4 14 6 -2 7 17 8 19 10 24 13 15 -12 -1 29 25 -3 -4 -6 -21 -7 -17 -8 -5 -10 -27 -26 -29 -13
right_child=1 3 18 9 5 21 23 -9 16 -11 11 12 -14 -15 -16 22 -18 -19 -20 20 -22 -23 -24 -25 27 26 -28 28 -30 -31
leaf_value=-0.018735405351370846 -0.0056401457886647273 0.017509198397570449 -0.0094452346714854283 0.02222773925408859 -0.0029681270562695768 -0.00015746335509428166 -0.0090665335554902179 -0.012615278594933005 0.0063261038098918632 0.012381223542106108 0.0061669583535413613 -0.006305739208092501 0.0076960851282931895 0.021188973657203219 -0.0094584564075739161 -0.0055136836663306358 -0.0060259788655616844 -0.00055435593991601912 -0.0035865885685120074 0.024064653663963789 0.0076962733171401934 -0.0056184503186648719 0.0071467488483257843 0.0076815345584132855 0.005223206225762141 -0.0027508275584435474 0.0028124543164086977 0.033057225373907366 0.0097811715671179082 0.0031413320578417706
leaf_weight=1513.428113386035 1900.9753218591213 86.837600857019424 1890.9710483551025 126.81026634573936 78.191086754202843 1649.1649601459503 91.808804467320442 232.38202910125256 1087.7670000046492 785.78375186026096 1349.958649456501 278.22735568881035 1096.2426275312901 161.1071734726429 513.24428394436836 953.29703040421009 479.92097166180611 5507.0237769335508 1364.8852166384459 235.36103194952011 212.89059574902058 1756.5705803632736 182.08897821605206 1347.2986972033978 1383.6007221490145 1367.9956445246935 3185.6996372044086 77.273809522390366 1102.3500617593527 3310.2850530147552
leaf_count=6898 7717 349 7850 539 316 6615 369 966 4369 3205 5426 1118 4434 649 2201 3826 1930 22106 5616 978 861 7056 733 5431 5595 5489 12772 317 4454 13306
internal_value=7.2648e-05 0.00195257 -0.0106087 0.00371042 -0.000619547 0.000307324 0.00113522 0.00193659 0.00244934 0.00538465 0.00483336 0.00339987 0.00225598 0.00779145 -0.0163993 0.000988997 0.00149798 -0.000268182 -0.0069957 0.0134594 0.0163586 -0.00297929 -0.00346555 0.00659711 0.00873179 0.00214166 0.00113763 0.00804985 0.0113453 0.00240314
internal_weight=35309.4 30026.9 5282.53 17840 12186.9 10285.9 7032.97 6880.21 6647.83 10807 10021.2 7331.21 5820.14 1511.07 2026.67 4723.9 6121.38 5593.86 3255.86 526.443 448.252 3405.74 1135.39 1439.11 2690.03 5641.46 4553.7 2563.22 1179.62 3588.51
internal_count=143491 120926 22565 71857 49069 41352 28255 27681 26715 43602 40397 29492 23417 6075 9099 18983 24560 22455 13466 2155 1839 13671 4559 5800 10905 22630 18261 10366 4771 14424
is_linear=0
shrinkage=0.03


Tree=29
num_leaves=31
num_cat=0
split_feature=19 19 34 13 24 20 0 10 19 31 19 19 20 19 7 26 7 10 34 0 34 6 9 21 6 19 15 32 21 10
split_gain=699.154 134.965 130.71 62.5928 55.1126 54.4327 69.2483 47.6367 43.0849 41.814 41.4531 40.8299 39.7057 39.3289 38.8885 34.7644 33.5305 30.5701 29.9296 29.9278 29.3464 29.0023 28.3793 27.4439 27.1937 27.0857 27.0102 25.8991 25.8206 24.7061
threshold=2.3713425397872929 1.4831743240356448 -59.339752197265618 5.2850828170776376 -19.802971839904782 11.654703140258791 -12.42507219314575 0.4269129633903504 1.9764084219932558 0.94756859540939342 2.8633465766906743 5.2221386432647714 8.518442630767824 5.6919660568237314 1.9413058757781985 0.35797074437141424 0.84719538688659679 0.46875697374343878 -94.787879943847642 2.917283415794373 -1.0000000180025095e-35 65.507064819335952 55.718086242675788 55.517314910888679 53.830919265747077 3.2600760459899907 -16.202163696289059 -40.26879692077636 73.910739898681655 0.56792387366294872
decision_type=2 2 2 2 2 2 2 2 2 2 2 2 2 2 2 2 2 2 2 2 2 2 2 2 2 2 2 2 2 2
left_child=1 -1 5 4 13 6 11 -8 21 20 24 -2 27 19 -11 18 -17 -13 -9 -4 26 -3 -15 -21 -6 -20 -5 -12 -28 -29
right_child=2 8 3 9 10 -7 7 15 -10 14 12 17 -14 22 -16 16 -18 -19 25 23 -22 -23 -24 -25 -26 -27 28 29 -30 -31
leaf_value=-0.019293486151883796 0.017494756682839337 -0.011589791563165157 0.0079179062439055509 0.029892076149635335 -0.007576969797620031 -0.016129333300582249 -0.0057372563016050131 -0.0030421913933685132 -0.0047543812738892631 0.0052213692716509335 -0.012860114589625249 0.01802968696630685 -0.0055703356398161367 0.016508678768294038 -0.022160212043872918 -0.0035153022499832235 0.0013278946457850166 -0.00046610349311579428 -0.00028884086463201562 -0.014018285403302376 0.022905939532539468 -0.0023060872631482095 0.001034822106912888 0.0026036301297560635 0.00036324610197724253 0.0045500526455821422 0.0026542984894973496 0.0043232950680652483 0.01068578203183658 -0.00012657271429729138
leaf_weight=971.92088344693184 293.88370186090469 2003.0954205691814 1259.0048539787531 53.248434334993362 548.80245952308178 189.54473938047886 1400.2322377115488 939.20162142813206 3027.5285788476467 133.09206774830818 85.588110327720642 99.86325016617775 463.94285443425179 513.07236072421074 70.268858060240746 3213.7254832088947 2138.6076120138168 389.68523368239403 1606.0309176146984 98.425436332821846 147.46982631087303 362.36374041438103 137.43370534479618 876.0954602509737 1309.5000819563866 2928.9141740947962 525.39186781644821 6899.4887814372778 1190.976542443037 1333.3384485095739
leaf_count=4499 1203 8636 5071 232 2209 798 5638 3776 12384 543 344 411 1861 2094 283 12908 8576 1581 6471 396 617 1494 552 3536 5257 11753 2127 27717 4858 5354
internal_value=2.82976e-07 -0.0089979 0.00198659 0.00384151 0.00308798 -0.000210972 2.10112e-05 -0.00053215 -0.00713642 0.00863686 0.00208856 0.00866277 0.00295053 0.00676816 -0.00422874 0.00014013 -0.00157744 0.00330535 0.0018222 0.00486298 0.0100109 -0.0101755 0.0132691 0.000896811 -0.00197644 0.00283339 0.00891554 0.00342818 0.008239 0.00360087
internal_weight=35209.7 6364.91 28844.8 15645.1 13524.7 13199.7 13010.1 12226.7 5392.99 2120.45 10640.7 783.432 8782.36 2884.03 203.361 10826.5 5352.33 489.548 5474.15 2233.53 1917.09 2365.46 650.506 974.521 1858.3 4534.95 1769.62 8318.42 1716.37 8232.83
internal_count=143179 27013 116166 63051 54391 53115 52317 49122 22514 8660 42742 3195 35276 11649 826 43484 21484 1992 22000 9003 7834 10130 2646 3932 7466 18224 7217 33415 6985 33071
is_linear=0
shrinkage=0.03


Tree=30
num_leaves=31
num_cat=0
split_feature=19 33 19 19 26 32 34 19 35 9 19 7 2 10 20 7 33 23 12 10 10 29 7 6 7 0 33 6 32 21
split_gain=719.822 144.899 118.923 97.8384 65.9956 71.7199 67.5757 40.5455 39.277 38.928 38.8489 38.3379 38.1687 37.617 33.5012 32.5044 34.6694 32.359 56.4383 32.2398 36.4676 30.4757 32.0556 30.1974 29.0546 30.396 29.8754 28.6849 32.0033 28.589
threshold=2.2199107408523564 129.27256011962893 2.8633465766906743 1.7445693612098696 0.29423201084136968 -28.16005706787109 -22.219929695129391 9.1953554153442401 36.074123382568366 57.175460815429695 4.5381233692169198 0.71395668387413036 0.66027450561523449 0.35721515119075781 10.038772106170656 1.1449865698814394 -159.56793975830075 7.9719460010528573 -28.472428321838375 0.42251415550708776 0.61182168126106273 3.7704019546508794 2.1158499717712407 33.005695343017585 0.73753947019577037 3.1317389011383061 1.600952208042145 44.283969879150398 -23.316108703613278 23.462568283081058
decision_type=2 2 2 2 2 2 2 2 2 2 2 2 2 2 2 2 2 2 2 2 2 2 2 2 2 2 2 2 2 2
left_child=3 2 11 12 5 7 14 9 -9 10 15 -2 -1 -3 19 16 -4 -12 -19 -6 24 22 -15 -7 -21 26 -26 28 -5 -28
right_child=1 13 4 27 6 23 -8 8 -10 -11 17 -13 -14 21 -16 -17 -18 18 -20 20 -22 -23 -24 -25 25 -27 29 -29 -30 -31
leaf_value=-0.018322103885056937 -0.010654059371575368 -0.0066229461090659492 0.023333561093915208 0.0069701180116475484 -0.0053048517687025116 -0.0020246269650727503 0.0067658063599682758 -0.023332655407747854 0.01040003103237803 -0.0051903286666599721 0.0020372445111353802 -0.0022514419038025123 -0.009361119115130186 0.0076504164249175917 -0.0084998812880831588 -0.0041630862606571841 0.0059271043793707933 0.027883562343650397 0.011566042714090103 -0.0015459104817995722 -0.00676834532714556 0.017041120628658608 -0.0069574455001396186 0.0033630217551148425 0.001323190771011773 -0.0012712658855929459 0.020459541078719508 -0.0046581956672715891 -0.011902149042990398 0.0049605102938302592
leaf_weight=1364.4749706089497 553.59131088852882 166.67221216857433 117.42781442403793 85.385853484272957 856.61247086524963 1255.2476486414671 1491.4553899616003 70.69725313782692 53.309634029865265 169.10886833071709 210.6508891582489 4222.435104444623 640.71504539251328 3299.5799321234226 402.34046819806099 242.23794984817505 852.39937506616116 241.09536674618721 957.42751842737198 2680.8732101768255 551.72794564068317 301.35315638780594 139.1491082161665 3645.9649464488029 3394.0938565135002 1842.3136866092682 112.25491930544376 1913.5848972499371 1137.5763684809208 2306.311921864748
leaf_count=6297 2266 671 482 350 3436 5037 6015 302 220 680 857 17041 2801 13391 1640 979 3425 1033 3888 10755 2212 1232 562 14629 13604 7395 450 7863 4802 9250
internal_value=8.21278e-05 0.00185271 0.00104909 -0.0102909 0.00200263 0.00420085 0.000741582 0.00792864 -0.00874404 0.00867784 0.0095799 -0.00323056 -0.0154724 0.0072427 1.44936e-07 0.00561298 0.00807201 0.0129749 0.0148815 0.000293321 0.000735598 0.00786622 0.00705309 0.00198 0.00113823 0.00208028 0.00314517 -0.00696974 -0.0105676 0.00569424
internal_weight=35278.1 30136.3 26229.6 5141.74 21453.6 7815.57 13638 2914.35 124.007 2790.35 2621.24 4776.03 2005.19 3906.75 12146.5 1212.07 969.827 1409.17 1198.52 11744.2 10887.6 3740.08 3438.73 4901.21 10335.8 7654.97 5812.66 3136.55 1222.96 2418.57
internal_count=143565 121452 105596 22113 86289 31532 54757 11866 522 11344 10664 19307 9098 15856 48742 4886 3907 5778 4921 47102 43666 15185 13953 19666 41454 30699 23304 13015 5152 9700
is_linear=0
shrinkage=0.03


Tree=31
num_leaves=31
num_cat=0
split_feature=19 19 34 19 6 26 12 19 19 12 2 7 17 6 15 7 14 12 15 9 32 7 10 23 22 33 7 15 29 33
split_gain=628.824 149.104 95.697 76.0535 66.0998 62.2089 54.9066 66.0633 53.9508 40.0031 37.9589 32.3397 43.0262 34.6579 41.8849 31.8715 31.1192 30.3878 29.893 31.3667 29.397 28.7022 28.0519 27.5103 26.3415 25.2649 23.932 23.7701 25.7492 25.2415
threshold=2.0948505401611333 3.147587895393372 -34.216749191284173 1.2225320935249331 58.230060577392585 0.50438687205314647 -30.428380012512203 5.9549095630645761 8.5316271781921404 2.9479928016662602 -21.510301589965817 1.4133937358856203 6.4223878383636483 43.703620910644538 -10.474345207214354 0.69941270351409923 7.8914678096771249 -17.128129959106442 -9.1495447158813459 99.99820709228517 -21.762490272521969 0.83209222555160534 0.48051987588405615 38.343761444091804 60.67491531372071 -112.29639434814452 1.2068051695823672 1.9989622235298159 -0.78218892216682423 -133.09243011474607
decision_type=2 2 2 2 2 2 2 2 2 2 2 2 2 2 2 2 2 2 2 2 2 2 2 2 2 2 2 2 2 2
left_child=3 4 5 -1 20 6 7 -3 11 17 -10 12 13 27 -15 -7 23 -5 -4 22 -2 -19 -20 -6 -11 -14 -25 28 -8 -30
right_child=1 2 18 9 16 15 8 -9 10 24 -12 -13 25 14 -16 -17 -18 21 19 -21 -22 -23 -24 26 -26 -27 -28 -29 29 -31
leaf_value=-0.024485460695906146 0.00010712097034498454 0.0059274641957663323 0.015005943957150492 0.0011397783411405129 0.0074714856430819123 -0.0048230619018839382 0.0059706111709492493 0.029069052652852489 -0.025794606722779383 -0.010180308201706215 -0.0032904544589261102 -0.0052213618975777837 0.036602304730737903 0.016682564560521411 0.004471154858197152 0.00035528021090533131 0.016885643786090702 -0.017861674409782355 0.0018663191191745439 0.019571772724210651 -0.0045759868970533897 -0.010491317743280743 0.006296392735682341 -0.0024793576107759023 -0.0001875602782141237 0.010322576217187723 0.004556470869839878 0.0065897703406673901 0.0040522927760538703 -0.0021101991503929963
leaf_weight=342.25347267091274 1609.6602279990911 423.99899582564831 304.27731885015965 158.90330390632153 547.15419480204582 1377.9631797373295 650.20922760665417 151.02117101848125 86.687130764126778 412.83206628262997 303.66625756025314 405.39962856471539 49.897675290703773 278.58214010298252 2790.321049362421 4751.2671805173159 124.05979987978935 637.64473277330399 1799.4074476212263 136.79242043197155 4740.3403727561235 2016.3500265032053 4617.8735327124596 1303.8028659075499 564.39248092472553 103.93880943953991 651.60103450715542 687.66683702170849 794.79596953094006 2400.9594607502222
leaf_count=1663 6470 1724 1270 673 2200 5532 2610 651 371 1781 1235 1631 213 1127 11186 19052 506 2793 7263 574 19236 8762 18697 5249 2343 422 2619 2756 3196 9632
internal_value=6.76102e-05 0.00152947 0.00285331 -0.0109253 -0.0017302 0.00152862 0.00309868 0.0120712 0.0024923 -0.00969071 -0.0083795 0.00301507 0.00344811 0.00312645 0.00558961 -0.000807056 0.00226849 -0.0115106 0.00579722 0.00536519 -0.00338668 -0.0122738 0.00505702 0.00153142 -0.00443046 0.0191248 -0.000126004 0.00145491 0.000531407 -0.000572085
internal_weight=35223.7 31091.3 22114.7 4132.38 8976.62 15256.4 9127.14 575.02 8552.12 3790.12 390.353 8161.77 7756.37 7602.53 3068.9 6129.23 2626.62 2812.9 6858.35 6554.07 6350 2653.99 6417.28 2502.56 977.225 153.836 1955.4 4533.63 3845.96 3195.76
internal_count=143437 125422 89142 18015 36280 61338 36754 2375 34379 16352 1606 32773 31142 30507 12313 24584 10574 12228 27804 26534 25706 11555 25960 10068 4124 635 7868 18194 15438 12828
is_linear=0
shrinkage=0.03


Tree=32
num_leaves=31
num_cat=0
split_feature=19 19 34 26 15 3 19 17 33 19 34 19 13 0 18 7 33 22 10 14 5 10 23 32 25 25 0 21 19 0
split_gain=609.588 177.057 96.9603 59.2234 55.611 48.0677 45.567 64.7986 45.2498 41.0767 39.7459 39.1837 32.4707 28.6997 28.5649 30.7787 28.5412 27.8726 26.4824 25.3568 33.9502 24.5113 22.4964 21.6719 25.3583 21.5863 21.4045 28.2934 22.248 21.3916
threshold=1.9551537036895754 2.7665363550186162 -44.835506439208977 0.32523755729198461 -10.848968505859373 1.5007809400558474 8.0422182083129901 6.4223878383636483 153.00305175781253 4.8408811092376718 -84.799343109130845 1.3947486877441408 4.9069602489471444 -9.2154517173767072 1.9710312485694887 0.73753947019577037 -99.465641021728501 2.2559783458709721 0.4307707697153092 30.436507225036625 6.1856694221496591 0.64384469389915477 13.228542804718019 -20.809443473815914 1.0395649671554568 1.326221287250519 -0.90785291790962208 39.578916549682624 3.3085650205612187 1.4700452089309695
decision_type=2 2 2 2 2 2 2 2 2 2 2 2 2 2 2 2 2 2 2 2 2 2 2 2 2 2 2 2 2 2
left_child=5 10 3 6 22 11 7 9 18 13 -2 -1 23 25 -5 -16 -9 -15 -6 -10 -21 -20 -4 -12 -25 -3 -19 29 -29 -28
right_child=1 2 4 14 8 -7 -8 16 19 -11 12 -13 -14 17 15 -17 -18 26 21 20 -22 -23 -24 24 -26 -27 27 28 -30 -31
leaf_value=-0.021314773814030435 -0.007900420940155084 0.012327155633692981 0 -0.0079205389967500015 -0.0018425877309890155 -0.0057392754960366122 -0.008852437520795297 0.034610316822885574 0.0086968893538700645 0.0072220642277390085 0.0019493474295064572 -0.012444465922502663 0.017791419441301259 -0.0078595210737614843 -0.0031354576029878974 0.00081640453012946589 0.010351092534632225 0.0030595724264520529 0.0039155444425374485 -0.021220515384841983 0.0096445230453468152 -0.0069948955339129027 0.018769918488249254 -0.0050622768522503468 -0.00028505089677759485 -0.0050053825096409241 -0.0061328387611656338 -0.0051365942979199036 0.0036840093000373234 -0.028073953558133975
leaf_weight=604.99313081800938 1327.1225168853998 335.1110797226429 68.952869430184364 493.14496958255768 897.88018231093884 711.55400717258453 283.68330310285091 78.474450528621674 2047.8187473118305 1480.5772579014301 867.02164745330811 1849.5548228621483 71.835132837295532 313.33486469089985 2643.7682617306709 5376.2384733557701 105.14754064381123 2525.9717653244734 6807.0300271213055 60.317389398813248 65.668403208255768 188.65881709754467 328.0684427022934 2631.3986267596483 1623.9737049043179 78.112718492746353 202.37960036098957 403.83390885591507 704.15220810472965 50.171783074736595
leaf_count=2925 5452 1355 283 1981 3607 2990 1174 342 8370 5968 3495 8158 291 1258 10618 21563 441 10134 27405 244 270 757 1384 10726 6572 315 812 1620 2824 201
internal_value=-9.4048e-05 0.00114586 0.0022728 0.000731371 0.00449154 -0.0126505 0.00287368 0.00340732 0.00405422 0.00287346 -0.00326476 -0.0146447 -0.00207618 0.00147325 -0.000918054 -0.000484672 0.0209313 0.000726131 0.002995 0.00789043 -0.00506515 0.00361821 0.0155051 -0.00236114 -0.00324317 0.00901036 0.00142402 -0.00160155 0.000453856 -0.0106443
internal_weight=35226 32059.8 25538.5 15074.1 10464.4 3166.1 6560.95 6277.27 10067.4 6093.65 6521.35 2454.55 5194.23 4613.07 8513.15 8020.01 183.622 4199.84 7893.57 2173.8 125.986 6995.69 397.021 5122.39 4255.37 413.224 3886.51 1360.54 1107.99 252.551
internal_count=143535 129462 102926 60606 42320 14073 26444 25270 40653 24487 26536 11083 21084 18519 34162 32181 783 16849 31769 8884 514 28162 1667 20793 17298 1670 15591 5457 4444 1013
is_linear=0
shrinkage=0.03


Tree=33
num_leaves=31
num_cat=0
split_feature=19 19 1 12 20 19 3 6 26 17 35 31 19 28 31 28 5 20 18 25 18 25 28 20 19 1 21 19 9 22
split_gain=603.192 124.834 107.721 69.0549 95.2177 68.3928 48.1573 47.7784 48.4962 44.8492 39.2002 39.4624 35.4399 32.6276 31.6832 31.1931 30.9128 29.8996 28.368 28.2089 30.013 28.0899 34.1723 27.8389 26.6057 25.7031 28.6061 24.986 24.8524 23.1731
threshold=2.3877238035202031 1.7445693612098696 5.1262149810791025 -24.546327590942379 7.6992590427398691 3.147587895393372 -17.222309112548825 30.737266540527347 0.39290677011013037 4.9940297603607187 100.42749404907228 0.94756859540939342 1.2225320935249331 -1.7740821838378904 1.0000000180025095e-35 0.59047031402587902 6.5415520668029794 4.6370432376861581 3.998285293579102 1.174087703227997 1.6961745023727419 1.9300183653831484 -0.020835100673139092 11.654703140258791 4.584315538406373 12.276335239410402 23.077456474304203 4.1598198413848886 99.99820709228517 57.330415725708015
decision_type=2 2 2 2 2 2 2 2 2 2 2 2 2 2 2 2 2 2 2 2 2 2 2 2 2 2 2 2 2 2
left_child=1 12 3 9 5 13 -7 -8 18 -2 21 28 -1 -5 -11 -13 17 27 -9 20 -3 25 29 -6 -19 -4 -27 -10 -12 -23
right_child=2 19 10 4 23 6 7 8 16 14 11 15 -14 -15 -16 -17 -18 24 -20 -21 -22 22 -24 -25 -26 26 -28 -29 -30 -31
leaf_value=-0.023574159625594143 0.0047006609433466167 -0.0091346645041615413 0.0030633498166850845 0.016043652860436186 -0.0057944792384403542 0.029303129527698639 -0.0027661108400855428 0.0035634557617841012 0.0011480144699553031 0.0033293970901957311 0.0090208231557868945 0.010093791690798831 -0.012796240702356559 -0.0024660817736562417 0.029875475694559967 -0.012904072671851173 0.022110664712252034 -0.007755510874381615 0.0091242442844249767 -0.0011764039612083316 -0.0034473239685289723 -0.027647728903248774 0.0017121044545443413 -0.018502416988314632 -0.00024835272808175984 0.027437493584439643 0.006813580585310659 0.0076997260019442387 0.024157984107022294 -0.0051790451696404095
leaf_weight=337.83256676793098 1522.9388163238764 2111.214689925313 3544.0497383475304 85.972892567515373 1216.4611941426992 56.705691337585449 1748.0117929279804 3292.7092944085598 2330.5663880258799 64.428373023867607 1594.3839637935162 87.951843351125717 1618.8482003509998 5168.3603543192148 115.7261369228363 129.53121604025364 59.620586678385735 526.27895030379295 1110.8985696583986 1016.4009279161692 1401.6834152191877 57.798493787646294 1018.3968845009804 179.07521690428257 2212.3211379945278 62.700238928198814 1560.3795386105776 678.02831138670444 104.9540953785181 149.28697507083416
leaf_count=1672 6151 8795 14280 346 4898 241 7018 13218 9346 268 6518 358 7343 20832 517 525 239 2110 4470 4172 5769 232 4097 762 8874 252 6321 2722 446 601
internal_value=-7.84627e-05 -0.00834015 0.00178978 0.000614465 8.58512e-05 0.000695921 0.00194502 0.00181159 0.00259695 0.00639555 0.00466849 0.00843655 -0.0146759 -0.00215737 0.0205354 -0.00353127 0.000793132 0.000565569 0.00497143 -0.00559715 -0.00687125 0.00353516 -0.000537043 -0.00744798 -0.00169879 0.00450377 0.00763593 0.00263158 0.0099782 -0.011625
internal_weight=35163.5 6485.98 28677.5 20368.1 18665 17269.5 12015.1 11958.4 10210.4 1703.09 8309.43 1916.82 1956.68 5254.33 180.155 217.483 5806.82 5747.19 4403.61 4529.3 3512.9 6392.61 1225.48 1395.54 2738.6 5167.13 1623.08 3008.59 1699.34 207.085
internal_count=143393 27751 115642 82012 75076 69416 48238 47997 40979 6936 33630 7847 9015 21178 785 883 23291 23052 17688 18736 14564 25783 4930 5660 10984 20853 6573 12068 6964 833
is_linear=0
shrinkage=0.03


Tree=34
num_leaves=31
num_cat=0
split_feature=19 34 19 19 35 15 0 34 19 14 6 7 15 1 23 18 22 33 34 17 12 23 25 24 34 20 11 22 20 24
split_gain=538.825 114.523 90.9865 59.1887 53.106 50.0427 60.2019 51.9093 47.714 44.412 38.6238 37.7794 35.7512 36.4795 35.6268 35.0551 33.1583 32.7176 29.6387 31.5107 27.6818 27.9258 26.9697 26.1928 31.4154 34.7174 24.1111 26.3709 23.9582 23.2613
threshold=2.2364940643310551 -64.86370468139647 1.7711798548698428 3.4684815406799321 97.39127349853517 -10.306935310363768 -0.62829574942588795 -91.980541229248033 8.3578367233276385 -11.255615711212156 56.129648208618171 2.1158499717712407 -17.570502281188961 -7.0291495323181143 35.888618469238288 1.3655645251274111 99.997756958007827 -183.94206237792966 -82.471794128417955 1.594943165779114 2.1786016225814824 49.804742813110359 1.1922680735588076 -16.453081130981442 -24.509237289428707 5.7899112701416025 0.14700118452310565 18.384285926818851 7.431105613708497 -29.913254737854
decision_type=2 2 2 2 2 2 2 2 2 2 2 2 2 2 2 2 2 2 2 2 2 2 2 2 2 2 2 2 2 2
left_child=2 5 10 4 -3 6 7 17 9 -9 15 12 -5 -14 -8 -1 23 29 19 -7 -4 -22 -19 -15 25 -25 27 -11 -21 -2
right_child=1 3 20 11 -6 18 14 8 -10 26 -12 -13 13 16 -16 -17 -18 22 -20 28 21 -23 -24 24 -26 -27 -28 -29 -30 -31
leaf_value=-0.019140837585617396 0.018250316182539524 -0.00042126567713539424 -0.0076755309381080789 0.017450845849717157 0.0075976263576256597 -0.0068976218499056741 -0.0099628880667432512 0.02676724625071953 -0.020716546610591479 0.0064290934333539494 -0.0072913617049804721 -0.0058197512534905764 -0.0050673269171221799 0.006668429169791738 0.015821354004704927 -0.0084964983171272011 0.019119814678193736 -0.00078356613504834455 -0.00015098391804851691 -0.00016812628974291095 0.0083501667162379535 -0.0040246753233773493 -0.014436433212106458 0.0039096606551798311 0.0058468169213390731 -0.0017454917588788298 -9.2603684119277037e-06 0.016997524084668838 -0.0076444287889978792 -0.00010923986190477557
leaf_weight=1084.5651315152645 128.66707894206047 5208.1857186853886 2051.2443964183331 193.14665198326111 865.55107520520687 1681.7386166900396 461.2863102555275 107.02959170937538 52.152437403798103 974.38113097846508 605.35749664902687 316.34443894028664 350.03435821831226 3531.1619992703199 52.537055432796478 385.73103395104408 142.20195390284061 1048.4029820412397 4211.9997923076153 2047.3186228573322 199.71109978854656 889.72280016541481 148.23145128786564 2639.3077674210072 3001.8650502115488 1545.8744976073503 357.47031092643738 275.68033827841282 475.63403876125813 116.09361454844475
leaf_count=5149 534 20924 8575 828 3504 6809 1856 462 225 3919 2656 1276 1407 14291 211 1774 605 4222 16934 8224 828 3671 597 10594 12208 6202 1441 1114 1931 468
internal_value=4.28202e-05 0.00159394 -0.00885349 0.00312669 0.000720077 -0.000651727 0.00224265 0.00377299 0.00721887 0.00808892 -0.0137315 0.00437245 0.00465699 0.00443368 -0.00727177 -0.0163662 0.00474172 -0.000442301 -0.00193354 -0.00371517 -0.00562151 -0.00173683 -0.00249796 0.0045478 0.00350302 0.00181732 0.00682012 0.0087835 -0.00158599 0.00951606
internal_weight=35148.6 29932.3 5216.33 17793.7 6073.74 12138.6 3721.93 3208.11 1766.71 1714.56 2075.65 11719.9 11403.6 11210.4 513.823 1470.3 10860.4 1441.4 8416.69 4204.69 3140.68 1089.43 1196.63 10718.2 7187.05 4185.18 1607.53 1250.06 2522.95 244.761
internal_count=143439 120786 22653 71839 24428 48947 15049 12982 7161 6936 9579 47411 46135 45307 2067 6923 43900 5821 33898 16964 13074 4499 4819 43295 29004 16796 6474 5033 10155 1002
is_linear=0
shrinkage=0.03


Tree=35
num_leaves=31
num_cat=0
split_feature=19 19 34 12 34 31 17 20 11 19 14 32 33 34 10 33 10 10 0 21 21 1 25 10 24 5 35 6 1 25
split_gain=542.607 132.589 91.9086 48.7956 46.9328 44.9068 50.0905 40.7537 35.8699 31.3996 30.8119 31.4983 30.7077 29.7842 31.4066 29.5734 30.154 28.1861 27.7289 34.5083 26.2568 40.6853 26.1056 28.3933 25.8365 28.0029 24.723 24.5532 24.1582 24.0143
threshold=2.7001724243164067 1.7445693612098696 -42.855487823486321 -23.093659400939938 -84.799343109130845 -1.0000000180025095e-35 4.8230357170104989 10.947772026062013 -11.984481334686278 1.2225320935249331 7.3473472595214853 -20.809443473815914 -112.29639434814452 -74.417091369628892 0.59628054499626171 155.60700225830081 0.42860390245914465 0.42251415550708776 0.65085199475288402 43.427642822265632 14.130350589752199 -12.995865821838377 1.0488868951797488 0.42251415550708776 -27.598120689392086 4.1153495311737069 72.712268829345717 50.639120101928718 23.556821823120121 1.7881530523300173
decision_type=2 2 2 2 2 2 2 2 2 2 2 2 2 2 2 2 2 2 2 2 2 2 2 2 2 2 2 2 2 2
left_child=1 9 3 5 -3 20 12 8 -5 -1 11 -6 -7 17 18 24 29 -10 28 -20 -2 -22 -13 -24 25 -4 -27 -26 -15 -17
right_child=2 4 15 7 10 6 -8 -9 13 -11 -12 22 -14 14 -16 16 -18 -19 19 -21 21 -23 23 -25 27 26 -28 -29 -30 -31
leaf_value=-0.021594815139802621 0.0087911257396316635 -0.0093483486432430311 0.003539209843859139 0.010797413849956441 0.0020164345553009056 0.020264491592936605 0.029806303935013233 -0.011149403995196754 -0.0073793372987522969 -0.01152800888545156 0.019989537960021987 -0.0060664466869795146 0.0037475237655396195 0.0033005902867006788 -0.0054207164847564441 0.0042986271952527386 0.008729774712076881 -0.00070604259855047485 -0.012034258936561747 0.0006208993688115971 -0.014376083001183057 0.0021946330174269554 -0.0087369807749239792 0.00045562116432351239 -0.0016213291883634526 0.022536265096885673 -0.00042825722080747758 0.003690806139460703 0.02407260625322994 -0.016443774433201903
leaf_weight=344.99413785338402 334.01093110442162 1435.1344305723906 288.42208217084408 287.82952147722244 801.15026330947876 133.78764545917511 111.59320574998856 282.74379833042622 631.50089582800865 1601.4352733939886 49.627662509679794 3078.1787295639515 424.72859120368958 3996.548425629735 550.03473487496376 139.5366875231266 1896.8940337449312 5828.6254580020905 210.61359007656574 2307.2321132719517 166.3429102152586 652.51757800579071 382.91256861388683 1412.0764601826668 883.59664578735828 188.26665386557579 52.610294431447983 6607.6896194219589 50.318405494093895 76.714473992586136
leaf_count=1738 1357 5978 1180 1176 3240 540 503 1192 2539 7328 202 12675 1711 16026 2205 563 7792 23400 844 9250 674 2625 1567 5748 3558 805 217 26629 202 310
internal_value=-7.93859e-05 -0.00638506 0.00211988 0.000700543 -0.00449311 0.00531883 0.0114926 0.000103972 0.000335366 -0.0133302 -0.00327175 -0.00348132 0.00775997 0.000111654 0.0014516 0.00435466 0.00751811 -0.00136174 0.00203043 -0.000436086 0.00171043 -0.00116667 -0.00438846 -0.00150079 0.00351849 0.00993162 0.0174775 0.00306211 0.00356846 -0.00303246
internal_weight=35207.7 9105.51 26102.2 15968.4 7159.08 1822.98 670.109 14145.4 13862.7 1946.43 5723.95 5674.32 558.516 13574.9 7114.75 10133.7 2113.15 6460.13 6564.71 2517.85 1152.87 818.86 4873.17 1794.99 8020.59 529.299 240.877 7491.29 4046.87 216.251
internal_count=143774 38476 105298 64244 29410 7410 2754 56834 55642 9066 23432 23230 2251 54466 28527 41054 8665 25939 26322 10094 4656 3299 19990 7315 32389 2202 1022 30187 16228 873
is_linear=0
shrinkage=0.03


Tree=36
num_leaves=31
num_cat=0
split_feature=19 34 19 19 7 15 19 17 24 23 12 19 32 11 34 22 7 16 29 28 17 13 15 1 1 23 7 6 21 32
split_gain=495.183 111.523 69.7089 69.0129 48.6579 47.5599 58.5497 51.2949 41.732 40.2027 37.3224 32.2863 31.4695 30.8666 35.8348 29.9315 29.7759 29.4728 27.4913 26.8919 25.0773 24.3629 24.2024 29.6538 23.9781 23.2272 23.0372 23.2673 22.5779 22.241
threshold=2.2199107408523564 -64.021038055419908 1.2880077958106997 3.6684467792510991 1.1785770654678347 -10.306935310363768 9.4802136421203631 6.4223878383636483 -19.674037933349606 86.981349945068374 3.7382136583328252 2.8326514959335332 -12.490256786346434 2.4399901628494267 -91.980541229248033 61.089618682861335 0.83700722455978405 2.6712309122085576 5.4447231292724618 0.15100692212581637 3.5835162401199345 -3.8950803279876705 -19.492032051086422 -9.2715716361999494 -1.691440165042877 34.836404800415046 2.0207499265670781 67.910930633544936 17.824292182922367 -28.020921707153317
decision_type=2 2 2 2 2 2 2 2 2 2 2 2 2 2 2 2 2 2 2 2 2 2 2 2 2 2 2 2 2 2
left_child=2 5 -1 4 18 6 7 13 22 17 12 -7 -4 14 29 20 -14 -10 -3 -19 -6 -16 -5 -24 -21 -23 27 -26 -25 -2
right_child=1 3 10 8 15 11 -8 -9 9 -11 -12 -13 16 -15 21 -17 -18 19 -20 24 -22 25 23 28 26 -27 -28 -29 -30 -31
leaf_value=-0.019875565387332702 0.0024888868911598209 -0.0013009593263150537 -0.0061937974598557707 0.021190469707356833 0.0012994098123393293 -0.005536441622058289 -0.026844189463898441 0.02086099306827344 0.0043429150911036456 0.0075565688249146674 -0.0028109710569708623 -0.00094161886008826317 -0.018708176955619681 -0.0091105417366516596 0.014010681947771376 0.0065376224440538803 -0.0095852000120256846 -0.0044119905304626159 0.012912047645256552 -0.0074594469812478076 -0.015757898011761935 0.0027309684644804496 -0.0070158410395453662 0.026855881940967937 0.0007030611978132797 0.013785878679797126 -0.0071903799736097547 0.0076434699755227615 0.0075256605396538346 -0.0050248120678560767
leaf_weight=450.38934624195099 771.45591267943382 4679.67769305408 1742.0130425989628 118.00198504328728 480.31002785265446 1718.6340582966805 60.484692364931107 133.43473352491856 3303.6451830267906 1740.8531467318535 1159.3180111795664 6963.8797038644552 441.15725055336952 211.38055817782879 252.12909585237503 1625.5081971138716 1269.5151629447937 815.65100090205669 124.63025198876858 215.67216913402081 91.275708913803101 1516.4193665236235 122.85124848783016 55.534580513834953 895.07821594178677 193.19515292346478 177.40336991846561 854.38929879665375 2326.4748310744762 652.71564005315304
leaf_count=2264 3115 18818 7466 519 1927 7015 267 582 13329 7114 4873 27971 1960 849 1034 6563 5578 3279 502 864 366 6096 497 224 3593 775 714 3449 9466 2626
internal_value=8.07955e-05 0.00154129 -0.00859882 0.00307748 0.000762255 -0.000628426 0.00217273 0.00265426 0.00460141 0.00352091 -0.00749026 -0.00185339 -0.00905582 0.00196914 0.00266775 0.00446061 -0.0119562 0.00239553 -0.000926523 0.000214937 -0.00142101 0.00529753 0.00788984 0.00724907 0.00198461 0.00399633 0.00305277 0.00410356 0.0079937 -0.00094532
internal_weight=35163.1 30100.7 5062.39 17627 7001.4 12473.7 3791.22 3730.73 10625.6 8002.69 4612 8682.51 3452.69 3597.3 3385.92 2197.09 1710.67 6261.84 4804.31 2958.19 571.586 1961.74 2622.86 2504.86 2142.54 1709.61 1926.87 1749.47 2382.01 1424.17
internal_count=143695 121554 22141 71224 28176 50330 15344 15077 43048 32342 19877 34986 15004 14495 13646 8856 7538 25228 19320 11899 2293 7905 10706 10187 8620 6871 7756 7042 9690 5741
is_linear=0
shrinkage=0.03


end of trees

feature_importances:
Column_19=177
Column_34=86
Column_33=67
Column_7=58
Column_20=57
Column_6=52
Column_10=48
Column_15=39
Column_32=39
Column_12=33
Column_22=31
Column_17=30
Column_0=29
Column_2=27
Column_1=26
Column_18=26
Column_24=25
Column_25=24
Column_26=24
Column_11=23
Column_13=23
Column_35=22
Column_14=19
Column_23=19
Column_28=19
Column_9=16
Column_21=14
Column_16=13
Column_3=12
Column_31=11
Column_29=10
Column_5=5
Column_27=5
Column_30=1

parameters:
[boosting: gbdt]
[objective: binary]
[metric: auc]
[tree_learner: serial]
[device_type: cpu]
[data_sample_strategy: bagging]
[data: ]
[valid: ]
[num_iterations: 37]
[learning_rate: 0.03]
[num_leaves: 31]
[num_threads: 0]
[seed: 42]
[deterministic: 0]
[force_col_wise: 0]
[force_row_wise: 0]
[histogram_pool_size: -1]
[max_depth: -1]
[min_data_in_leaf: 200]
[min_sum_hessian_in_leaf: 0.001]
[bagging_fraction: 0.8]
[pos_bagging_fraction: 1]
[neg_bagging_fraction: 1]
[bagging_freq: 1]
[bagging_seed: 400]
[bagging_by_query: 0]
[feature_fraction: 0.8]
[feature_fraction_bynode: 1]
[feature_fraction_seed: 30056]
[extra_trees: 0]
[extra_seed: 12879]
[early_stopping_round: 0]
[early_stopping_min_delta: 0]
[first_metric_only: 0]
[max_delta_step: 0]
[lambda_l1: 0.5]
[lambda_l2: 1]
[linear_lambda: 0]
[min_gain_to_split: 0]
[drop_rate: 0.1]
[max_drop: 50]
[skip_drop: 0.5]
[xgboost_dart_mode: 0]
[uniform_drop: 0]
[drop_seed: 17869]
[top_rate: 0.2]
[other_rate: 0.1]
[min_data_per_group: 100]
[max_cat_threshold: 32]
[cat_l2: 10]
[cat_smooth: 10]
[max_cat_to_onehot: 4]
[top_k: 20]
[monotone_constraints: ]
[monotone_constraints_method: basic]
[monotone_penalty: 0]
[feature_contri: ]
[forcedsplits_filename: ]
[refit_decay_rate: 0.9]
[cegb_tradeoff: 1]
[cegb_penalty_split: 0]
[cegb_penalty_feature_lazy: ]
[cegb_penalty_feature_coupled: ]
[path_smooth: 0]
[interaction_constraints: ]
[verbosity: -1]
[saved_feature_importance_type: 0]
[use_quantized_grad: 0]
[num_grad_quant_bins: 4]
[quant_train_renew_leaf: 0]
[stochastic_rounding: 1]
[linear_tree: 0]
[max_bin: 255]
[max_bin_by_feature: ]
[min_data_in_bin: 3]
[bin_construct_sample_cnt: 200000]
[data_random_seed: 175]
[is_enable_sparse: 1]
[enable_bundle: 1]
[use_missing: 1]
[zero_as_missing: 0]
[feature_pre_filter: 1]
[pre_partition: 0]
[two_round: 0]
[header: 0]
[label_column: ]
[weight_column: ]
[group_column: ]
[ignore_column: ]
[categorical_feature: ]
[forcedbins_filename: ]
[precise_float_parser: 0]
[parser_config_file: ]
[objective_seed: 16083]
[num_class: 1]
[is_unbalance: 0]
[scale_pos_weight: 1]
[sigmoid: 1]
[boost_from_average: 1]
[reg_sqrt: 0]
[alpha: 0.9]
[fair_c: 1]
[poisson_max_delta_step: 0.7]
[tweedie_variance_power: 1.5]
[lambdarank_truncation_level: 30]
[lambdarank_norm: 1]
[label_gain: ]
[lambdarank_position_bias_regularization: 0]
[eval_at: ]
[multi_error_top_k: 1]
[auc_mu_weights: ]
[num_machines: 1]
[local_listen_port: 12400]
[time_out: 120]
[machine_list_filename: ]
[machines: ]
[gpu_platform_id: -1]
[gpu_device_id: -1]
[gpu_device_id_list: ]
[gpu_use_dp: 0]
[num_gpu: 1]

end of parameters

pandas_categorical:null
