tree
version=v4
num_class=1
num_tree_per_iteration=1
label_index=0
max_feature_idx=35
objective=binary sigmoid:1
feature_names=Column_0 Column_1 Column_2 Column_3 Column_4 Column_5 Column_6 Column_7 Column_8 Column_9 Column_10 Column_11 Column_12 Column_13 Column_14 Column_15 Column_16 Column_17 Column_18 Column_19 Column_20 Column_21 Column_22 Column_23 Column_24 Column_25 Column_26 Column_27 Column_28 Column_29 Column_30 Column_31 Column_32 Column_33 Column_34 Column_35
feature_infos=[-59.505100250244141:152.59716796875] [-59.928050994873047:452.04678344726562] [-74.539772033691406:498.29058837890625] [-55.939208984375:189.53501892089844] [-1:1] [0.60484296083450317:13.100776672363281] [0:100] [0.12247937917709351:3.315845251083374] [0:0.60000002384185791] [0:100] [0:0.82954543828964233] [-48.880027770996094:77.538345336914062] [-81.991645812988281:615.78948974609375] [-35.508213043212891:40.015419006347656] [-48.675643920898438:97.859237670898438] [-71.550308227539062:329.937744140625] [-39.97088623046875:42.846347808837891] [0.0057815904729068279:18.476491928100586] [1.0600529909133911:10.189751625061035] [1.1674386262893677:18.193029403686523] [1.1452378034591675:21.882646560668945] [0:100] [0:100] [0:100] [-82.708183288574219:0] [0.14999581873416901:7.3854765892028809] [-0.96866923570632935:0.96716147661209106] [-0.75864315032958984:1.0376003980636597] [-3.698124885559082:3.7590160369873047] [-1.8923718929290771:13.125604629516602] [0.10000000149011612:0.89999997615814209] [-0.99965560436248779:0.99982315301895142] [-80.769569396972656:-3.2310178279876709] [-413.96871948242188:457.42575073242188] [-100:0] [-53.766407012939453:155.8541259765625]
tree_sizes=6564 6929 6941 6888 6977 6899 6998 6968 6987 6966 6958 6972 6998 6995 6944 6960

Tree=0
num_leaves=63
num_cat=0
split_feature=19 0 5 7 19 11 1 9 9 32 0 2 29 12 32 20 2 0 21 9 14 7 21 9 6 17 23 6 32 32 32 2 9 19 2 14 32 10 11 17 19 1 23 19 6 10 14 23 29 7 27 6 14 21 13 0 19 17 7 6 9 27
split_gain=1113.65 189.283 149.075 145.667 85.5539 69.5536 73.4622 69.354 61.6151 58.7319 56.4437 54.9962 54.1045 53.2592 49.7489 73.9256 41.4599 40.307 39.8776 36.6369 33.5655 27.6704 27.4039 27.0829 30.4166 29.3007 27.4263 26.6756 25.1853 24.6003 24.5809 24.4002 24.2776 24.2212 19.8432 19.6861 19.6648 19.0651 18.6513 24.13 17.8851 17.4564 15.7937 15.6968 14.7321 14.6823 14.2588 11.2885 11.0559 10.6112 10.5681 9.93317 9.90035 14.0452 12.6279 9.87921 9.66053 9.49946 8.66044 6.78824 6.67099 6.64072
threshold=4.796433925628663 -10.71130847930908 4.6684560775756845 0.92909550666809093 3.1205519437789921 9.3880896568298358 40.287767410278327 10.573352813720705 42.082748413085945 -39.882541656494134 -13.340409278869627 -11.596136569976805 8.0917191505432147 5.6898136138916025 -10.46330690383911 3.162527441978455 13.005039691925051 -10.406518936157225 92.576950073242202 9.8276624679565447 -3.1456506252288814 0.73127272725105297 50.473136901855476 54.310144424438484 59.85011291503907 4.4841420650482187 72.86407852172853 50.012775421142585 -25.478624343872067 -13.395047664642332 -21.281229019165036 -13.242675781249998 20.750542640686039 2.2349637746810918 6.8120121955871591 -3.4925532341003414 -35.382921218872063 0.4807735681533814 39.416826248168952 5.9631211757659921 5.1443779468536386 -1.0000000180025095e-35 55.169185638427741 2.2349637746810918 63.945230484008796 0.48016160726547247 6.320672035217286 40.919210433959968 -0.85549870133399952 0.80715468525886547 0.064107682555913939 31.617061614990238 5.8736605644226083 22.681377410888675 1.7505834698677065 10.266110420227053 4.2534365653991708 2.2448843717575078 0.50520142912864696 59.673513412475593 54.592504501342781 0.035167474299669273
decision_type=2 2 2 2 2 2 2 2 2 2 2 2 2 2 2 2 2 2 2 2 2 2 2 2 2 2 2 2 2 2 2 2 2 2 2 2 2 2 2 2 2 2 2 2 2 2 2 2 2 2 2 2 2 2 2 2 2 2 2 2 2 2
left_child=1 28 9 4 8 14 34 30 20 16 -4 42 13 -9 15 33 17 -2 23 -17 45 -22 -16 24 31 26 -25 -14 -1 47 35 -12 -19 -5 56 -6 -27 -31 39 59 48 -34 58 -24 -18 -3 -26 -10 50 60 -13 -32 53 -42 -54 -36 -7 -50 -11 -20 -44 -60
right_child=2 3 10 5 7 6 -8 12 29 11 18 40 27 -15 22 19 44 32 38 -21 21 -23 43 25 46 36 -28 -29 -30 37 51 -33 41 -35 55 -37 -38 -39 -40 -41 52 -43 49 -45 -46 -47 -48 -49 57 -51 -52 -53 54 -55 -56 -57 -58 -59 61 -61 -62 -63
leaf_value=1.0201131967890018 1.0109786364707583 0.99173376350424869 1.0188945885974539 0.99334203490511819 1.0099643489844845 1.0002405077732801 0.98850695088865936 0.9980984436873197 1.0043961784661022 1.0057126670567134 1.0163045750096813 1.0043823080589203 1.0041612148558614 1.0023683289660945 1.0014927071435655 1.0087267327600293 1.0153443993856246 1.003471271843462 0.9968674368876892 1.0032144311199709 0.98701976054440332 0.99446657910486147 1.0019151788461695 1.0114059586193069 1.0203886369812156 1.0053737719249165 1.0065527807160435 1.0191492748084265 1.0088184279999979 0.99607790926387896 0.99320842349073379 1.0104341551826355 0.9835463496766369 1.0000949814537776 1.0076315112252652 1.0041263322975242 1.0134258062157007 1.0083329332794642 0.99570332666738848 1.0146892046787614 1.0112322805133802 0.9985086564496084 1.0013911654141447 1.0104128368666057 1.003515884330372 1.0032285113482851 1.0093725990617546 0.99500062738974071 1.0025139627174275 1.0129801569349357 1.0146239365566998 1.0034077093954852 1.0019422611832296 1.0070495120622274 1.011229899481398 1.0159764578975714 1.0113711364018407 1.0061421039609013 1.0155981128304152 1.0053737719249165 1.0096923811299332 1.0097009946507847
leaf_weight=132.97151792049408 30.987462878227234 32.164201974868774 260.05934035778046 143.16992342472076 249.66481167078018 37.067281544208527 29.614600598812103 1784.5248400568962 43.93159294128418 29.810723781585693 254.96013760566711 34.125433802604675 58.640831649303436 1070.4403315782547 131.40253245830536 298.89173054695129 40.401375651359558 36.675035178661346 29.418477416038513 2617.2638741135597 175.92249494791031 424.99893707036972 52.953259348869324 589.15404105186462 202.79137098789215 74.919055819511414 488.7389714717865 44.32383930683136 74.330686271190643 34.125433802604675 40.597498834133148 486.7777396440506 59.229201197624207 912.95341581106186 45.5005784034729 261.43220263719559 938.44942957162857 132.97151792049408 37.655651092529297 58.052462100982666 212.00916057825089 32.948694705963135 51.776520252227783 359.88604038953781 48.834672510623932 115.12430828809738 36.871158361434937 112.57470691204071 249.66481167078018 57.071846187114716 52.364889800548553 53.933875262737274 32.948694705963135 1365.997968018055 348.314772605896 191.80847275257111 29.810723781585693 446.57248717546463 322.03426611423492 60.994309842586517 33.929310619831085 65.505143046379089
leaf_count=678 158 164 1326 730 1273 189 151 9099 224 152 1300 174 299 5458 670 1524 206 187 150 13345 897 2167 270 3004 1034 382 2492 226 379 174 207 2482 302 4655 232 1333 4785 678 192 296 1081 168 264 1835 249 587 188 574 1273 291 267 275 168 6965 1776 978 152 2277 1642 311 173 334
internal_value=1.00541 1.00211 1.00994 1.0018 0.999896 1.00362 1.0102 1.00103 0.996168 1.00776 1.01213 1.00829 1.00008 0.999691 1.00313 1.00255 1.00079 0.996228 1.01158 1.00379 0.993797 0.992208 1.00736 1.01198 1.01408 1.01099 1.00923 1.01061 1.01621 1.00173 1.00563 1.0125 0.992535 0.999144 1.01245 1.00696 1.01284 1.00566 1.00491 1.00725 1.00741 0.988476 1.01258 1.00928 1.00881 1.00047 1.0188 0.997498 1.00547 1.00807 1.01048 0.998711 1.00817 1.00763 1.01037 1.01447 1.00537 1.00486 1.01407 1.00253 1.00487 1.01467
internal_weight=16763 9693 7070.04 9485.69 4635.37 4850.32 333.802 3563.56 1071.81 3551.2 3518.84 3302.13 2957.93 2854.97 4516.52 3972.28 249.076 159.84 3258.78 2916.16 748.21 600.921 544.242 3072.66 981.4 2091.26 1077.89 102.965 207.302 323.603 605.628 741.738 128.853 1056.12 304.187 511.097 1013.37 167.097 186.121 148.465 2742 92.1779 560.128 412.839 89.236 147.289 239.663 156.506 782.728 142.778 86.4903 94.5314 1959.27 1578.01 381.263 237.309 66.878 696.237 417.35 90.4128 85.7058 387.539
internal_count=85472 49423 36049 48366 23635 24731 1702 18170 5465 18107 17942 16837 15082 14557 23029 20254 1270 815 16616 14869 3815 3064 2775 15667 5004 10663 5496 525 1057 1650 3088 3782 657 5385 1551 2606 5167 852 949 757 13981 470 2856 2105 455 751 1222 798 3991 728 441 482 9990 8046 1944 1210 341 3550 2128 461 437 1976
is_linear=0
shrinkage=1


Tree=1
num_leaves=63
num_cat=0
split_feature=19 0 15 15 5 17 6 0 32 26 32 32 32 19 2 14 11 11 35 26 15 4 0 2 32 23 6 3 19 33 18 18 9 32 6 27 17 14 0 2 32 23 27 23 15 19 15 14 7 17 7 32 9 7 27 32 19 6 9 10 26 32
split_gain=1101.46 205.412 154.639 195.784 153.119 100.259 83.645 58.6181 47.4669 44.509 46.4033 40.9308 38.9716 38.1594 37.977 33.0127 75.7061 31.1933 30.6108 30.0184 28.7432 27.924 27.9117 37.339 24.6821 22.6402 26.7288 23.2619 22.2617 21.7911 21.4774 19.9467 19.3746 19.2038 18.7261 17.899 16.1617 17.8586 15.1877 14.9146 16.5922 14.6519 15.4594 14.2767 13.4923 13.0634 12.9866 12.9667 12.4036 11.2928 11.1551 10.7831 10.2369 9.89439 14.5947 9.55074 8.61553 8.05828 7.96553 7.59754 7.35774 6.99587
threshold=4.963219642639161 -10.71130847930908 3.2445527315139775 -11.314528465270994 4.5911769866943368 1.6921722888946535 33.702323913574226 -13.340409278869627 -11.561604022979735 0.37332108616828924 -36.714239120483391 -38.299978256225579 -31.287822723388668 3.2064534425735478 13.005039691925051 28.70880222320557 10.749390602111818 8.1029043197631854 85.953987121582045 0.68674090504646312 9.9201169013977069 1.0000000180025095e-35 0.67455458641052257 -4.1250643730163565 -29.361456871032711 73.567432403564467 59.85011291503907 5.7160296440124521 4.2688896656036386 -93.738151550292955 5.089224338531495 2.2579773664474492 29.930153846740726 -35.142690658569329 50.725055694580085 0.17394782602787021 8.8364534378051776 36.586730957031257 12.662001609802248 -11.596136569976805 -22.877779006958004 68.709358215332045 0.27341590821743017 27.868360519409183 -9.1106686592102033 4.5232713222503671 49.293630599975593 -4.3438310623168936 0.82054445147514354 3.1891286373138432 1.1539004445075991 -20.441247940063473 54.310144424438484 1.1539004445075991 0.27985428273677831 -7.0838873386383048 6.3438181877136239 26.062788963317875 66.25711822509767 0.46671189367771154 0.77561998367309581 -26.543376922607418
decision_type=2 2 2 2 2 2 2 2 2 2 2 2 2 2 2 2 2 2 2 2 2 2 2 2 2 2 2 2 2 2 2 2 2 2 2 2 2 2 2 2 2 2 2 2 2 2 2 2 2 2 2 2 2 2 2 2 2 2 2 2 2 2
left_child=1 24 3 13 9 6 28 -6 15 18 14 21 -8 29 32 16 31 -13 39 25 41 -7 23 -15 -1 26 27 -9 -5 57 44 -4 -11 52 -24 -28 37 -27 -18 61 50 42 -10 -26 -12 60 -38 -34 -46 56 -41 -42 -21 54 -32 -43 -35 -3 -55 -51 -22 -2
right_child=4 2 8 5 7 11 12 19 20 10 30 17 -14 22 -16 -17 38 -19 -20 33 45 -23 34 -25 43 36 35 -29 -30 -31 53 -33 47 49 -36 -37 46 -39 -40 40 51 55 -44 -45 48 -47 -48 -49 -50 59 -52 -53 -54 58 -56 -57 -58 -59 -60 -61 -62 -63
leaf_value=0.015791137521517205 0.01016926284522322 -0.0047308119961959961 -0.0078331302492722667 -0.014691392511613062 0.013879348579499554 -0.016206660113677371 -0.012333062959386 0.007359551812270747 0.0042449866102906115 -0.0023301938079939651 0.0089269683112709886 -0.0038883310160562285 -0.0059001833279558602 0.0040374502930253181 0.004325358839657947 -0.016249622128671582 0 0.0042202519647582606 -0.0036155549952401858 0.0022505808133937615 0.005145856773811147 -0.00089582592297620897 -0.0050318931423842207 -0.0075616557148241561 0.011165198041726183 0.0048033525737481006 0.0057610015925380906 -0.00099818222325715432 -0.0036061223823454303 -0.010185840860688843 -0.001246360279736245 -0.0018920501103027016 -0.0068494816502691789 0.0046301114474573196 0.0071283000703787434 0.012279081078705321 0.0037696290406143483 -0.0062735912502552465 0.010837036868397118 0.0027693861195159245 0.01164855880767402 -0.0014392947793806989 -0.0038043084651627427 0.0010037553681054002 0.00021534036593983424 0 0.014241707594849488 -0.020481974442202417 0.003275816370474108 0.0012432389067562877 -0.0057828640309041685 0.0047944053557335605 -0.0081116376424520947 0.0084418565811527381 -0.011068942842645473 -0.0098426286835961597 -0.0010725082142555176 0.0020561873912854681 -0.00048858030746574976 0.0067937437513066945 0.010683257300818915 0.0047400521410466386
leaf_weight=110.68086209893227 209.16026869416237 69.156385257840157 137.56327423453331 437.36901773512363 256.68451774120331 97.948456957936287 245.36090023815632 945.14382666349411 200.87478765845299 45.137290120124817 71.791475623846054 2904.019637927413 1896.7863844037056 782.07463765144348 50.710527494549751 32.94166474044323 40.905838251113892 107.47437220811844 81.276729077100754 37.336272686719894 232.64346264302731 39.867823615670204 171.7522606998682 65.19888336956501 58.996227234601974 735.18749769032001 138.70738732814789 77.491186812520027 50.699627265334129 95.053587689995766 283.03524857759476 1782.1519914120436 34.023599609732628 113.31764605641365 31.379895761609077 460.5970675945282 50.816316977143288 31.448271319270134 122.49188387393951 220.50143878161907 77.394380331039429 153.7741335183382 69.449265122413635 71.802172958850861 463.49875077605247 85.478531762957573 74.666689530014992 45.452943488955498 892.62501145899296 74.306753262877464 37.82568359375 211.0273838788271 41.931008189916611 35.062761709094048 37.81374791264534 38.425266057252884 115.50123922526836 83.122906997799873 49.339497581124306 375.44247496128082 84.966778755187988 96.039459004998207
leaf_count=568 1070 352 700 2222 1317 498 1248 4834 1024 230 367 14781 9644 3989 259 167 209 548 415 191 1188 203 875 332 302 3756 710 396 258 483 1445 9076 173 579 160 2358 260 160 627 1125 395 784 354 367 2366 436 382 231 4557 380 193 1077 214 179 193 196 590 423 252 1920 434 491
internal_value=-2.21355e-05 -0.00306957 -0.00339963 -0.0046068 0.00482637 -0.00578892 -0.00795675 0.00693477 -0.000528096 0.00228926 0.00102011 -0.00396974 -0.00665482 0.00064705 -0.00629084 -0.00174238 -0.00149041 -0.00359136 0.00499668 0.00637723 0.00242021 -0.011961 0.00190627 0.00311152 0.0105326 0.0071736 0.00824975 0.00671088 -0.0135899 -0.00461299 0.0017336 -0.00233329 -0.0107296 0.0037037 -0.00302908 0.0108196 0.00518622 0.00431431 0.00823015 0.0058424 0.0042771 -0.000102708 0.0021092 0.00579912 0.00260127 0.00533836 0.0102442 -0.0151414 0.0022427 0.00452861 0.00142469 0.00675283 -0.00311101 -0.00128461 -0.00251186 -0.00328063 0.00170225 -0.000950217 0.00315727 0.00591947 0.00673173 0.00855162
internal_weight=16770.7 10300.4 10058.9 7077.26 6470.29 5779.53 2630.22 3528.58 2981.67 2941.72 2008.49 3149.31 2142.15 1297.74 175.324 2116.05 2083.11 3011.49 933.225 3271.89 865.612 137.816 1050.41 847.274 241.479 2514.06 1621.94 1022.64 488.069 247.333 1833.17 1919.72 124.614 757.835 203.132 599.304 892.119 766.636 163.398 851.949 546.749 462.523 270.324 130.798 1427.92 403.089 125.483 79.4765 1356.12 678.568 258.327 288.422 79.2673 405.251 320.849 192.199 228.819 152.279 84.4023 449.749 317.61 305.2
internal_count=85513 52448 51211 36016 33065 29402 13372 18047 15195 15018 10252 16030 10892 6614 893 10779 10612 15329 4766 16730 4416 701 5356 4321 1237 12856 8298 5230 2480 1258 9359 9776 634 3874 1035 3068 4558 3916 836 4351 2790 2358 1378 669 7290 2058 642 404 6923 3469 1318 1472 405 2069 1638 980 1169 775 431 2300 1622 1561
is_linear=0
shrinkage=0.015


Tree=2
num_leaves=63
num_cat=0
split_feature=20 0 25 28 20 20 9 1 13 25 21 32 7 17 17 26 32 10 10 21 26 23 0 17 22 21 20 21 1 34 3 21 17 9 0 18 12 17 3 25 1 26 13 25 0 13 13 23 11 21 12 9 28 1 9 34 34 10 27 25 2 17
split_gain=987.584 181.622 148.812 161.273 139.522 100.411 72.7089 67.5473 69.8301 53.5174 52.5946 49.2334 48.8526 43.1204 42.9654 41.1772 42.3149 36.5437 34.3718 33.7062 31.5387 32.8029 31.1855 28.4981 27.527 26.2731 25.0077 24.2428 24.1096 24.0246 21.7272 21.6927 20.9855 20.7976 20.1137 19.0794 18.9604 18.4751 17.5969 17.4235 17.0155 20.2904 16.76 16.6463 15.4088 15.0672 14.619 13.9654 12.682 12.3262 11.4234 29.9446 10.5771 9.63526 8.15142 7.74862 6.99228 6.40939 7.10019 6.1763 11.2003 6.60233
threshold=4.7724349498748788 -11.856581211090086 1.0218721628189089 -2.0778859853744502 3.0892450809478764 6.3299527168273935 14.227222919464113 40.287767410278327 6.9052543640136728 0.74328050017356884 44.69249343872071 -11.561604022979735 0.7342418134212495 1.6581935286521914 6.9740176200866708 0.36578160524368292 -37.097377777099602 0.49933134019374853 0.42841175198554998 26.447872161865238 0.65159353613853466 66.016803741455092 11.21551561355591 1.6021739244461062 71.744419097900405 58.862236022949226 3.875590562820435 60.289396286010749 6.7546348571777353 -65.846496582031236 6.8911540508270273 75.005344390869155 6.243460178375245 29.930153846740726 27.283049583435062 2.9127162694931035 71.668453216552749 4.5408411026000985 29.775485038757328 0.8379197120666505 4.4664585590362558 0.79803913831710827 0.46585546433925634 1.5690663456916811 8.6073164939880389 -6.6452732086181632 2.0801889896392827 46.829734802246101 3.7197161912918095 80.50144195556642 1.1996330022811892 21.131133079528812 -0.079323682934045778 4.9146370887756357 54.310144424438484 -16.529330253601071 -12.079150199890135 0.53135123848915111 0.073333583772182478 3.170110940933228 39.474796295166023 8.3593511581420916
decision_type=2 2 2 2 2 2 2 2 2 2 2 2 2 2 2 2 2 2 2 2 2 2 2 2 2 2 2 2 2 2 2 2 2 2 2 2 2 2 2 2 2 2 2 2 2 2 2 2 2 2 2 2 2 2 2 2 2 2 2 2 2 2
left_child=2 32 3 35 9 15 10 8 11 17 26 40 13 -8 20 19 25 23 -11 50 21 29 -14 -5 39 33 -6 -19 44 -7 43 -20 45 -17 59 -1 -26 -23 -36 -18 41 -4 -12 -13 -21 -2 -42 -30 52 -10 51 -3 -22 57 -52 -32 -51 -47 -59 61 -61 -16
right_child=1 5 7 4 6 14 12 -9 49 18 42 30 22 -15 34 16 24 27 31 28 48 37 -24 -25 36 -27 -28 -29 47 -31 55 -33 -34 -35 38 -37 -38 -39 -40 -41 46 -43 -44 -45 -46 53 -48 -49 -50 56 54 -53 -54 -55 -56 -57 -58 58 -60 60 -62 -63
leaf_value=0 0.012979723226752268 0.0010331264590284512 -5.0008090715823525e-05 -0.016761668441379697 -0.00084942068615505826 0.0051724824098703147 -0.010230462319133679 -0.020517157313003635 0 -0.019624241291030818 -0.0090788217931491791 0.0027163471992079206 -0.0037122763533161294 -0.0041350459723604122 0.0079045251584866031 -0.0007207978604534276 -0.0017692874006836657 -0.0069357481596113218 -0.0027495286307959218 0.0068842794971546257 -0.0078808990868232676 0.0017251260001986714 0.0079285407632789847 -0.0064346304601090353 0.0026086833532790576 0.00039803180503234425 0.0042496652809294461 -0.013596735169819848 -0.0039849915222388965 0.010092256720488305 0.010948711226343 -0.010372856816625099 0.016290878520432286 -0.014522271496204782 -0.0063317896524178819 0.013253312757954799 0.010103906999287834 0.0063655085666783524 0.0065929226623856439 0.0013241702948970815 -0.0053977015041084056 -0.0087496524810368979 -0.00064212717173393712 -0.0036708489061344426 -0.00064651219862591825 0.0072084282283484983 -0.0014648465768580695 0.0034042251342783171 0.0048969208482966672 0.0052606722707356909 0.0055369297051239353 -0.013204213990439357 0.00097800169242340121 0.013409821355334936 -0.0029705415832807966 0.0036977065170121699 0.01285368670089441 0.0058289385791464891 -0.0039329054519859734 0.00025320337908144676 0.011915786463708656 0.012732513227510428
leaf_weight=30.720295190811157 197.90603671967983 89.719709873199463 901.40601736307144 289.87470538914204 458.44854032993317 539.3108327537775 558.74563106894493 35.098647028207779 29.906781524419785 32.981643408536911 163.58750519156456 377.47906942665577 2389.3368474245071 518.40128999948502 133.13140343129635 38.094908490777016 691.427649512887 560.06522223353386 491.06701716780663 724.59616710245609 30.137728273868561 592.22232712805271 50.311042577028275 86.777101144194603 564.97928884625435 81.40744386613369 400.72481018304825 170.46994243562222 84.342367514967918 419.20344519615173 79.82074873149395 103.1806156039238 178.06562925875187 83.412222370505333 29.812665492296219 120.28347960114479 88.941248029470444 296.36950571835041 84.544267699122429 998.10381563007832 463.78494536876678 62.94193434715271 84.241859599947929 117.72911715507507 62.453439205884933 129.51051902770996 419.0836646258831 166.56530648469925 197.48233729600906 54.158664911985397 68.084842026233673 49.064695104956627 490.11536672711372 44.825961500406265 35.600289270281792 74.803896278142929 100.69542025029659 32.70585834980011 29.242938905954361 43.208089649677277 34.639696896076202 255.72226557135582
leaf_count=156 1018 459 4585 1466 2333 2763 2834 177 153 167 832 1924 12141 2634 683 194 3527 2836 2492 3703 154 3030 257 440 2888 415 2045 864 431 2152 409 524 919 423 153 615 455 1519 434 5096 2359 320 428 601 319 665 2134 851 1011 278 348 250 2508 231 182 383 517 168 150 222 178 1314
internal_value=-7.10038e-05 0.00393724 -0.00336801 -0.00459869 -0.00496519 0.00324432 -0.00359603 -0.000412809 -0.000129007 -0.00859825 -0.000228481 -0.00079561 -0.00465106 -0.00732391 0.00523106 0.00160529 0.000494154 -0.0105951 -0.00502712 0.00379907 0.00437895 0.00541894 -0.00345978 -0.0144686 0.00107031 -0.00603218 0.00151576 -0.00854344 0.00497634 0.00735628 0.00274015 -0.0041287 0.0117679 -0.0103984 0.00893871 0.0105984 0.00367869 0.00330048 0.00304364 4.87339e-05 -0.00204919 -0.00065028 -0.00629917 0.00115905 0.00626757 0.00981235 -0.00355532 0.000849166 0.00167404 0.00871188 -0.00117867 -0.00400976 0.000407878 0.00700981 0.00247302 0.00762862 0.0103947 0.00531071 0.00100741 0.010332 0.005799 0.0111668
internal_weight=16811.1 7584.95 9226.13 6509.22 6358.21 6972.69 4623.8 2716.91 2681.81 1734.42 1107 2497.05 3516.79 1077.15 3145.9 3826.79 2546.37 1107.19 627.229 1280.43 2564.84 1847.11 2439.65 376.652 2343.45 202.915 859.173 730.535 1037.96 958.514 649.833 594.248 612.257 121.507 581.058 151.004 653.921 888.592 114.357 1689.53 1847.22 964.348 247.829 495.208 787.05 434.191 882.869 250.908 717.735 184.761 242.47 138.784 520.253 236.285 103.685 154.625 154.854 191.459 61.9488 466.701 77.8478 388.854
internal_count=85717 38813 46904 33064 32293 35662 23504 13840 13663 8789 5638 12715 17866 5468 16121 19541 12998 5606 3183 6543 13137 9464 12398 1906 11966 1032 4378 3700 5304 4915 3317 3016 3151 617 2984 771 3343 4549 587 8623 9398 4905 1260 2525 4022 2232 4493 1282 3673 948 1239 709 2662 1214 530 792 795 983 318 2397 400 1997
is_linear=0
shrinkage=0.015


Tree=3
num_leaves=63
num_cat=0
split_feature=20 11 25 15 20 28 17 25 1 13 20 16 15 28 16 10 15 22 9 1 33 17 13 15 17 23 17 34 23 18 1 7 10 9 13 34 14 18 22 13 34 6 22 7 34 13 34 10 15 16 1 23 6 10 33 6 18 23 23 11 14 7
split_gain=981.476 165.817 160.302 175.576 119.248 88.33 92.2414 90.3929 73.7052 70.7188 43.8326 41.8621 65.8238 37.6097 35.5405 35.273 29.8397 28.503 33.7549 26.5878 28.6968 26.4359 21.6155 20.7926 20.5978 20.2407 26.775 19.0727 18.314 17.9014 17.7045 17.3078 19.3343 17.224 17.0862 19.9327 16.6566 15.4811 19.1504 15.4451 23.1352 13.8883 13.6466 13.2341 12.5109 12.5076 12.8782 12.309 12.2925 12.0889 10.2971 10.2384 17.1027 16.6667 10.1719 9.56898 8.96524 8.54139 5.28197 5.2769 5.08302 3.73608
threshold=4.7324612140655526 -11.743192195892332 1.0218721628189089 -11.314528465270994 6.2924842834472665 -2.425523996353149 1.5343582034111025 0.68603014945983898 40.287767410278327 5.9254310131073007 3.1262097358703618 -3.4607051610946651 5.2930781841278085 -1.9086379408836363 -3.3951132297515865 0.41422285139560705 12.691489696502687 65.977241516113295 13.063585281372072 12.359436988830568 54.92827224731446 1.8500835299491885 -3.5523730516433711 6.3314044475555429 3.9073382616043095 73.567432403564467 4.1819500923156747 -73.259563446044908 54.921335220336921 2.6593683958053593 11.48656749725342 0.84368118643760692 0.46312770247459417 56.967870712280281 0.46585546433925634 -69.790802001953111 -1.3556792140007017 5.089224338531495 27.243553161621097 -1.5356910824775694 -81.999206542968736 72.251682281494155 8.2321190834045428 1.9694306254386904 -11.106998920440672 2.0801889896392827 -90.760540008544908 0.54878485202789318 -12.0587100982666 -2.8939979076385494 -16.505711555480953 86.887176513671889 63.945230484008796 0.54344379901885997 268.56613159179693 50.178628921508796 3.3298579454422002 41.19841384887696 51.76800727844239 -16.934108734130856 -0.49591888487339014 0.93716731667518627
decision_type=2 2 2 2 2 2 2 2 2 2 2 2 2 2 2 2 2 2 2 2 2 2 2 2 2 2 2 2 2 2 2 2 2 2 2 2 2 2 2 2 2 2 2 2 2 2 2 2 2 2 2 2 2 2 2 2 2 2 2 2 2 2
left_child=2 50 3 13 11 -5 7 10 9 16 -7 21 17 -1 24 -9 31 18 -13 25 33 34 57 -24 45 27 -27 -16 42 39 -19 60 -33 -21 35 -3 49 38 -14 47 -41 -39 -23 -22 56 46 -6 -15 -36 -31 -2 52 -18 -53 -46 -38 -11 -8 -26 -52 -4 -61
right_child=1 4 8 5 14 6 22 15 -10 44 -12 12 37 29 19 -17 51 30 -20 20 43 28 23 -25 58 26 -28 -29 -30 36 -32 32 -34 -35 48 -37 55 41 -40 40 -42 -43 -44 -45 54 -47 -48 -49 -50 -51 59 53 -54 -55 -56 -57 -58 -59 -60 61 -62 -63
leaf_value=0.01309406244624404 0.017441680998885614 -0.0017107746370232102 0.00067007355150228479 0.011467014074912263 0.0010081380238127491 -0.013635995827717202 0.0048451347503529352 -0.015700449895791401 -0.021673785269713773 0.0070899261107014366 -0.0080019864096961563 0.0039063764361480235 0.010216225506165669 0.004141855350984415 0.0030547596687810507 -0.0039422912258221037 0 0.0072009137190471809 -0.0029523169323467384 0.01640213026863184 0.0063055503971235997 0.0021577477111828216 -0.004923189976941543 -0.00095387338455385094 0.015839580327225419 -0.0013026424279219441 0.0053146029423495706 0.006613100798103691 -0.00073206131945856734 0.0056472705907564128 -0.0025482500022596978 -0.0050575225291562276 -0.001079717688352582 0.0077761424807249657 -0.012389899588771262 0.012301794186936421 -0.0040077396684338185 -0.0010555770826063645 0.0031817495045433509 -0.01336682627545966 -0.00089595261359287181 0.006858401416006416 0.0099182645152205446 0.00066781414450343914 0.0068918549101505862 0 0.010980544317129134 -0.0057089448141421579 0 0.00080476390872279775 0.015806730794033979 0.0034056774601991151 0.0081583987011008465 -0.0082629189586818971 0.016081325448675875 0.0047740786180023665 -0.0014811013389691369 -0.0019724086482638399 0.0078111806437559678 0.013452754476229388 0.0074224415870253382 0.0078131506975066545
leaf_weight=54.891869902610779 128.46234151721001 48.611072838306427 55.239588245749474 64.538919746875763 42.637881606817245 632.29435053467751 74.227472260594368 60.669213145971298 33.633840054273605 62.962344869971275 677.71816103160381 183.59119617938995 94.273825377225876 88.532286047935486 696.97082057595253 935.1337057352066 96.89821258187294 131.22483719885349 1176.3064361512661 100.43164685368538 645.97788605093956 69.221755504608154 2570.3124650269747 347.80115489661694 120.40340685844421 323.95330043137074 233.37215340137482 716.06246030330658 51.617207586765289 241.69816428422928 57.141117066144943 335.58340467512608 1595.8723918050528 143.9150775372982 29.81236107647419 38.066482782363892 132.90440879762173 309.46247580647469 1341.3880157470703 56.721736878156662 85.213718861341476 57.282982528209686 298.92119939625263 117.21760024130344 83.150726020336151 50.296694934368134 126.95032425224781 39.057259052991867 36.585100367665291 238.62484662234783 63.696537598967552 83.103832304477692 146.47677674889565 38.576834574341774 53.408685132861137 32.046510890126228 42.320636093616486 85.102716520428658 39.436363041400909 58.303287148475647 55.006272345781326 130.34383517503738
leaf_count=282 667 249 281 331 219 3182 377 306 168 323 3426 939 482 451 3578 4734 494 671 5996 520 3320 355 13030 1769 622 1657 1199 3681 264 1235 292 1706 8117 740 152 195 675 1582 6861 288 432 293 1533 603 427 259 654 199 187 1217 330 425 749 197 276 163 217 432 203 301 280 672
internal_value=0 0.00395594 -0.00332946 -0.00461635 0.00344617 -0.0056633 -0.00587564 -0.00815131 -0.000243722 3.89016e-05 -0.0107494 0.00166357 0.00101578 0.00124959 0.0055225 -0.00470372 -0.0007347 -0.00124502 -0.00201098 0.00495498 0.00695882 0.00540984 -0.0041615 -0.00445621 0.00988463 0.00391669 0.00145051 0.00487537 0.00734788 0.000495496 0.00416899 -0.00144645 -0.00178312 0.0114869 0 0.00441268 0.00186436 0.00296535 0.00366768 -0.00271608 -0.00610039 0.000170345 0.00851913 0.00546327 0.00774199 0.00667337 0.00860167 0.000969044 -0.00556431 0.00328592 0.0135949 0.00319132 0.0049591 -0.000246173 0.0107744 -0.00217502 0.00354143 0.00113141 0.0140725 0.0114558 0.00424497 0.00975765
internal_weight=16761.7 7661.94 9099.72 6417.49 7281.13 5447.8 5383.26 2305.82 2682.23 2648.6 1310.01 3923.51 3350.67 969.691 3357.63 995.803 2406.76 1548.26 1359.9 2977.9 1007.54 572.835 3077.44 2918.11 379.725 1970.36 557.325 1413.03 419.76 914.799 188.366 2041.7 1931.46 244.347 153.075 86.6776 645.274 1802.41 1435.66 269.525 141.935 366.745 368.143 763.195 241.842 219.885 169.588 127.59 66.3975 480.323 380.806 365.056 243.375 121.681 136.559 164.951 105.283 159.33 159.84 252.344 110.246 188.647
internal_count=85465 39276 46189 32529 37306 27587 27256 11648 13660 13492 6608 20051 17116 4942 17255 5040 12249 7898 6935 15298 5183 2935 15608 14799 1957 10115 2856 7259 2152 4660 963 10384 9823 1260 783 444 3290 9218 7343 1370 720 1875 1888 3923 1243 1132 873 650 339 2452 1970 1865 1243 622 703 838 540 809 825 1303 561 973
is_linear=0
shrinkage=0.015


Tree=4
num_leaves=63
num_cat=0
split_feature=19 15 25 19 0 26 0 11 1 19 10 26 20 15 19 10 25 0 2 6 18 7 14 11 6 26 25 10 2 1 3 14 28 13 22 20 1 19 22 0 25 10 26 6 6 1 34 2 1 29 28 18 18 13 19 19 10 20 21 13 18 25
split_gain=940.179 213.176 242.668 132.824 82.8057 81.256 81.18 56.2087 68.9742 48.7305 40.617 40.275 38.8962 38.5457 34.5329 34.5249 33.5359 33.311 34.7908 30.6837 30.5724 30.2302 24.2241 24.0688 24.3824 23.8946 23.1374 27.4759 22.9748 22.9667 22.5236 19.2995 16.5928 16.357 18.4305 16.0739 14.7766 22.1138 14.9543 14.2274 14.0511 14.0334 13.4822 13.409 13.2773 12.6164 13.7774 12.505 12.1473 10.5137 10.124 8.93577 10.0338 8.79129 8.12323 7.09312 7.00239 6.75455 5.72082 5.36763 5.10107 4.23495
threshold=4.9444174766540536 -11.314528465270994 0.75124213099479686 3.1033200025558476 -11.856581211090086 0.3841338604688645 -11.422049045562742 8.3188524246215838 40.287767410278327 4.2688896656036386 0.43487231433391577 0.019174069166183475 7.5018317699432382 0.41120895743370062 3.1205519437789921 0.49933134019374853 0.34679326415061956 0.67455458641052257 -3.5054587125778194 43.695405960083015 2.7024477720260625 0.75473067164421093 -5.2549448013305655 39.416826248168952 77.787998199462905 0.62848564982414257 0.46166411042213445 0.54878485202789318 -11.596136569976805 22.045783996582035 -4.6129848957061759 -3.5505429506301875 0.11574468389153482 -7.3835041522979727 8.9298787117004412 2.9465591907501225 10.745231628417971 7.3039047718048105 74.817962646484389 13.074615478515627 1.0933533906936648 0.55128777027130138 0.33826808631420141 46.08880805969239 51.427095413208015 10.493522644042971 -90.760540008544908 3.3638309240341191 -14.627934932708738 0.57157775759696972 0.68428635597229015 2.92656421661377 2.4040051698684697 0.092800106853246703 5.4968843460083017 7.5731620788574228 0.47749651968479162 4.8933815956115732 64.819297790527358 4.2220058441162118 2.92656421661377 0.69699931144714367
decision_type=2 2 2 2 2 2 2 2 2 2 2 2 2 2 2 2 2 2 2 2 2 2 2 2 2 2 2 2 2 2 2 2 2 2 2 2 2 2 2 2 2 2 2 2 2 2 2 2 2 2 2 2 2 2 2 2 2 2 2 2 2 2
left_child=1 6 3 15 33 9 57 10 29 21 30 39 23 22 31 35 -7 18 19 -16 -15 -5 -12 24 28 36 32 -28 -13 47 -4 61 -17 -2 48 50 38 -38 -14 45 -32 59 -11 -18 53 46 -6 -9 -35 -36 -3 52 -33 -19 -48 -43 -26 -1 -47 -27 -37 -8
right_child=4 2 7 5 11 16 14 8 -10 42 13 12 25 20 17 26 43 44 -20 -21 -22 -23 -24 -25 56 41 27 -29 -30 -31 40 51 -34 34 49 60 37 -39 -40 -41 -42 55 -44 -45 -46 58 54 -49 -50 -51 -52 -53 -54 -55 -56 -57 -58 -59 -60 -61 -62 -63
leaf_value=0.007072389221040515 0.014212122062841136 -0.015387573400024772 0.0019910106004688306 -0.0072225643639408166 0.0007659901498873145 -0.019988893422251752 0.0041817483809776556 -0.0022033764422392218 -0.015796199476815861 0.0032606463364622429 0.0023353587807858332 0.0059473927694789121 0.0059707352739739586 0.0010036594384496508 0.0032211887349332816 -0.018661027176162522 -0.0086423769444500132 3.3870177556025403e-05 -0.0071962892252516288 0.011239031134181295 -0.0021562310289529501 -0.001700213579945174 -0.0040470058139755625 -0.0090278971281918096 0.0015624613301379218 0.0029489302225247189 -0.0042164463375338815 -0.011255566795757642 0.0021286046283511503 0.01240666044900913 -0.011113653472799087 -0.0053765820772409779 -0.0074183642758622196 0.0077475684284662944 0.0061276545733074837 -0.012054120910916647 0.014116066183610925 0.006590129792663958 -0.0025956811670636891 -0.00044460455171706356 -0.004398204222831624 -0.008226977625121229 -0.0048787463839287714 -0.0053687706311746925 0.0056208449481912216 0.0075992239968640908 0.0074556355962918748 0.0048922680990799638 -0.0048080523700277872 0.013039551563091013 -0.024944671565619098 -0.00067808493691497184 -0.016526191452417779 -0.00688111904207123 0.012465375377863769 0.00068767807393257604 0.0084317600893222908 0.01633877133330076 -0.00039247498603178663 0.0076475477308069239 -0.0029529454510029674 -0.002338531661336911
leaf_weight=36.154083490371704 179.08830526471138 220.94115090370178 51.89842814207077 401.40665324032307 39.83944046497345 47.023222699761391 46.328048661351204 66.605589285492897 36.014339402318001 340.68861050903797 142.22009281814098 404.65843819081783 583.3931420147419 1349.2255346775055 718.76026684045792 92.023819386959076 629.82689701020718 56.400512218475342 58.946119040250778 127.9407934397459 1396.3273040801287 523.36373589932919 1532.3065796643496 35.950333371758461 47.128344178199768 329.68127705156803 271.03218545019627 252.61228242516518 3185.5197876244783 80.920765981078148 184.1890494376421 50.36015810072422 57.079429537057877 29.816217631101608 107.62135691940784 36.401165902614594 137.94128203392029 298.66770847141743 46.10011088848114 38.854544833302498 134.36306467652321 31.913750827312469 49.730019733309746 608.60460570454597 31.177384823560715 29.438258349895477 157.97502721846104 258.78004512190819 35.352343365550041 130.31865115463734 42.244715705513954 31.662664726376534 37.069334283471107 118.75436802208424 225.96897394955158 41.965080052614212 219.60766538977623 89.608081310987473 46.801677674055099 73.150392949581146 32.794219017028809 37.186871185898781
leaf_count=187 934 1105 263 2025 205 237 235 340 179 1730 724 2080 3007 6864 3678 461 3182 287 299 655 7096 2646 7762 183 242 1695 1363 1270 16321 419 930 254 286 154 557 183 715 1542 237 200 682 164 252 3077 160 152 814 1329 182 678 211 160 187 603 1167 216 1129 468 240 377 165 189
internal_value=-8.30885e-06 -0.0028268 -0.00369945 -0.00669393 0.00447582 -0.00488751 0.00251542 -0.00163142 0.00346131 -0.00224482 -0.00210602 0.00398651 0.00359115 -0.00169976 0.0013911 -0.0113339 -0.007572 0.00243816 0.00368373 0.00447403 -0.000598331 -0.00412385 -0.00349386 0.00278218 0.00290077 0.0056164 -0.00926996 -0.00767064 0.00256628 0.00527401 -0.00687791 -0.00424988 -0.0146116 0.0104661 0.00812499 -0.0153861 0.00687409 0.00905558 0.0053134 0.00791874 -0.00837303 0.00275542 0.00216608 -0.00705697 -0.00293983 0.00859768 0.00962105 0.0033894 0.000772777 0.0100529 -0.0171547 -0.00809311 -0.0105355 -0.00459455 0.0104923 -0.00308088 0.00729453 0.0139447 0.00261699 0.00387277 -0.00815555 0.00111625
internal_weight=16735.7 10279 8838.62 3605.77 6456.75 2600.64 1440.35 5232.85 442.321 1315.19 4790.53 5974.56 5435.68 4420.08 1314.59 1005.13 1285.45 1111.98 905.647 846.701 2745.55 924.77 1674.53 3892.86 3856.91 1542.81 672.748 523.644 3590.18 406.306 370.451 202.607 149.103 482.197 303.109 332.381 1066.1 436.609 629.493 538.878 318.552 476.711 390.419 1238.43 206.332 500.023 423.783 325.386 65.1686 237.94 263.186 119.092 87.4295 175.155 383.944 73.8788 266.736 125.762 76.2399 402.832 69.1954 83.5149
internal_count=85334 52143 44781 18193 33191 13149 7362 26588 2267 6653 24321 30686 27908 22446 6707 5044 6496 5682 4632 4333 13960 4671 8486 19955 19772 7953 3380 2633 18401 2088 1875 1025 747 2505 1571 1664 5501 2257 3244 2778 1612 2452 1982 6259 1050 2578 2186 1669 336 1235 1316 601 441 890 1981 380 1371 655 392 2072 348 424
is_linear=0
shrinkage=0.015


Tree=5
num_leaves=63
num_cat=0
split_feature=5 17 2 0 7 32 5 11 21 32 5 26 10 21 11 34 24 34 33 18 7 9 3 9 0 1 24 3 32 5 18 26 16 18 24 24 17 17 7 18 5 32 18 1 2 5 18 9 10 2 23 0 16 13 1 23 31 32 34 9 23 24
split_gain=946.472 184.66 101.869 98.0077 95.226 71.8999 64.6057 58.185 57.4708 55.4425 55.5725 51.0469 44.3278 38.3066 35.2891 38.834 33.7566 33.6681 31.4116 29.8326 29.3589 28.6539 32.2376 31.4615 28.4376 42.541 59.3629 26.0859 25.7706 23.2474 22.4084 20.8548 20.7329 20.689 20.2486 20.1959 17.5715 17.126 22.587 18.2857 16.4355 16.0581 15.039 14.3565 13.5684 12.951 12.634 15.6108 11.106 10.7226 10.717 9.5349 9.3169 8.46431 12.7767 9.27078 7.35722 7.09326 6.54814 9.00638 6.21149 5.92863
threshold=4.0101728439331064 1.838309705257416 -18.182539939880368 -11.856581211090086 0.77182069420814525 -37.909378051757805 2.8780791759490971 10.373569488525392 95.135887145996108 -10.795233249664305 1.7772364020347597 0.63862428069114696 0.56927827000617992 47.574731826782234 39.416826248168952 -7.9488043785095206 -16.539068222045895 -27.554392814636227 -120.22736358642577 1.5723199844360354 0.45901827514171606 40.99797439575196 -4.8501434326171866 16.227734565734867 -8.1342711448669416 -3.804743647575378 -31.869152069091793 -5.4404578208923331 -31.858134269714352 4.741662025451661 2.2757881879806523 0.84648030996322643 -0.25100739300251002 2.107038259506226 -25.268375396728512 -28.720219612121578 6.243460178375245 2.7846438884735112 1.9694306254386904 4.8291878700256357 4.8375828266143808 -19.313191413879391 4.4674046039581308 1.7629742622375491 3.9232083559036259 3.3487998247146611 3.3298579454422002 54.592504501342781 0.52704566717147838 -21.879510879516598 58.293962478637702 11.547834396362306 -2.433527827262878 -7.8340952396392813 5.1286349296569833 51.509519577026374 -0.90058562159538258 -36.077184677124016 -87.670387268066392 17.477684974670414 54.921335220336921 -5.0059902667999259
decision_type=2 2 2 2 2 2 2 2 2 2 2 2 2 2 2 2 2 2 2 2 2 2 2 2 2 2 2 2 2 2 2 2 2 2 2 2 2 2 2 2 2 2 2 2 2 2 2 2 2 2 2 2 2 2 2 2 2 2 2 2 2 2
left_child=1 4 49 36 6 24 18 12 11 10 19 16 27 34 15 42 20 31 35 -6 -5 23 -23 -20 -4 26 -26 -7 -21 -22 -15 40 -11 60 -12 -1 53 39 -39 -18 -13 -14 -10 46 -33 -27 52 -48 -45 -3 -9 -52 -8 -2 55 -55 -37 -19 59 -51 -34 -35
right_child=3 2 5 8 9 7 43 50 14 32 13 17 41 30 -16 -17 37 57 21 28 29 22 -24 -25 25 45 -28 -29 -30 -31 -32 44 33 61 -36 56 -38 38 -40 -41 -42 -43 -44 48 -46 -47 47 -49 -50 58 51 -53 -54 54 -56 -57 -58 -59 -60 -61 -62 -63
leaf_value=0.003642944579714849 0.013932153688725338 0.012176244284907692 0.0033526300028591549 -0.0062227101050778659 -0.018180051687618368 0.0021034121658577809 0.0089530631434142117 0.011156080567554166 -0.010130039723351721 -0.005729576033045144 0.0033866417100934867 -0.00048113940287946395 -0.0057230928367357405 -0.010277738599674405 -0.012971260921446816 0.010626904954434252 0.0039144576561484677 0 -0.0081794451383951777 -0.016338481469658016 0.0051779370482292518 -0.021280088754626458 -0.0054594321854079964 -0.01516076929831861 -0.0062246616510000649 -0.0077799862861074025 -0.02915399566375191 -0.00082003228985701334 -0.0052660632794072435 0.009199285457614486 -0.0032371353093082027 0.0041092422926495877 0.0091537436064251538 0.0012708172815114806 -0.0014509997968471912 0 0.016106334741983998 0.006210867205917606 -0.0018802600919930676 -0.0037037111121692862 0.0038823428385837333 -0.0016754221649611599 0.00070199329843398286 -0.012156905886158616 -0.0058428425016268295 0 -0.005474487708402428 0.0023641825022218546 -0.00026565449996720077 0.006235167472852552 -0.00070398384263126146 0.0064301792699634564 0 0.00021616903941301262 0.014193162803462901 0.0081591230695404506 -0.007465179335674932 0.00709393974644041 0.0086327551313337119 -0.0039478797329956525 0.0038491940600908466 -0.0053784591363713495
leaf_weight=54.646727710962296 81.519885584712029 109.8877660036087 44.217835232615471 30.530468583106995 47.677121564745903 822.56454102694988 33.98810763657093 75.688685789704323 51.290290251374245 59.315850034356117 295.76942536234856 292.29468826949596 504.03443811833858 115.42321711778641 53.107396394014359 57.616430178284645 210.54334266483784 33.591931715607643 283.99764622747898 50.529797747731209 487.39100995659828 30.818117737770081 370.22582656145096 354.39072582125664 60.123059675097466 127.44722938537598 46.993926182389259 4067.1972880363464 808.29804694652557 1182.8355649709702 971.46546250581741 37.184040993452072 99.383985579013824 67.966510623693466 557.97173403203487 34.938894465565681 176.08995042741299 854.37473173439503 81.442304268479347 102.92047896981239 543.0129554271698 418.05199320614338 57.194887295365334 52.448442041873932 126.22319692373276 74.824718475341797 189.20431140065193 77.084460377693176 30.209787592291832 46.543452605605125 56.738433718681335 127.13292732834816 104.81841531395912 59.780521929264069 49.810797497630119 85.40292800962925 185.5197751224041 375.0338386297226 80.528094932436943 29.227309241890907 138.41482312977314 48.339735493063927
leaf_count=278 428 569 226 157 239 4201 173 390 262 299 1507 1495 2561 583 266 297 1081 172 1429 253 2504 155 1864 1772 306 645 236 20682 4063 6126 4916 190 506 346 2822 176 928 4406 420 528 2793 2125 294 266 646 381 960 392 153 240 291 657 531 310 261 443 932 1932 414 150 706 247
internal_value=9.9818e-05 -0.00222931 -0.000590921 0.00554507 -0.00439059 -0.000970803 -0.00716206 -0.000583959 0.00487694 -0.00285061 -0.00359781 0.00525511 -0.000897395 -0.00215026 -0.00255212 0.000804631 0.00638087 0.00287897 -0.00889482 -0.00666862 0.00777049 -0.0100995 -0.00681195 -0.0121137 -0.00753007 -0.00914514 -0.0167716 -0.00032452 -0.00597139 0.00804238 -0.0040161 0.00137018 0.00225164 0.00365536 0.000211418 -0.00424888 0.0122169 0.00446769 0.00548821 0.00135799 0.00234004 -0.00391181 -0.00437415 -0.00244423 -0.00346521 -0.00490832 -0.00121984 -0.00314875 -0.00809704 0.00846132 0.00633009 0.00416415 0.00236627 0.00958823 0.00757304 0.00503784 -0.00628768 0.00650542 0.0056339 0.00211384 0.00618655 -0.0014102
internal_weight=16783.2 11754 6691.2 5029.19 5062.85 6425.02 1802.29 6071.41 4576.59 3260.56 2847.13 4357.38 5811.85 1940.63 219.209 166.102 2950.04 1407.34 1314.54 906.505 1700.76 1039.43 401.044 638.388 353.607 309.389 107.117 4889.76 858.828 1670.23 1086.89 998.715 413.421 354.105 853.741 275.105 452.604 1249.28 935.817 313.464 835.308 922.086 108.485 487.754 163.407 202.272 405.095 266.289 82.6582 266.187 259.56 183.871 138.807 276.514 194.994 145.183 220.459 408.626 156.299 75.7708 237.799 116.306
internal_count=85581 59642 34074 25939 25568 32701 9081 30907 23569 16487 14383 22450 29569 9828 1119 853 15222 7228 6606 4555 8787 5220 2019 3201 1794 1568 542 24883 4316 8630 5499 5124 2104 1805 4329 1386 2370 6435 4826 1609 4288 4686 556 2475 836 1026 2056 1352 419 1373 1338 948 704 1442 1014 753 1108 2104 804 390 1212 593
is_linear=0
shrinkage=0.015


Tree=6
num_leaves=63
num_cat=0
split_feature=17 2 15 15 15 28 17 9 6 21 6 14 17 13 17 33 18 13 10 16 32 6 21 32 6 13 14 15 23 13 28 6 13 32 14 18 28 33 33 27 33 6 33 32 15 32 4 28 28 32 27 15 32 15 24 29 23 29 24 24 10 10
split_gain=537.594 184.137 163.611 163.494 125.336 79.8835 84.6774 59.3087 56.3036 45.2724 42.9129 40.3733 39.2496 38.2536 36.5927 34.491 33.0422 32.8706 32.135 28.5872 27.7006 32.588 27.5959 27.228 26.7045 25.9319 23.0496 21.3855 21.3792 21.0476 31.4851 20.5714 19.7011 19.3555 18.9108 17.2355 18.7718 16.8001 25.0352 24.2205 16.7044 15.9123 15.7535 16.7259 14.9182 14.2779 15.6875 14.0455 13.3963 13.0093 12.0802 12.0712 11.7991 11.487 10.2716 9.43853 9.13348 9.10435 9.00189 8.96489 8.67211 7.4728
threshold=2.7846438884735112 -15.634232997894285 6.8157148361206064 -11.314528465270994 10.791237831115724 -2.425523996353149 1.4228777885437014 60.793727874755866 42.01484680175782 98.434238433837905 48.412038803100593 28.70880222320557 4.324151039123536 -5.1253924369812003 4.9956982135772714 268.56613159179693 2.8988251686096196 -5.6543939113616934 0.45406061410903936 -2.7930674552917476 -35.851335525512688 59.321777343750007 41.577106475830085 -10.46330690383911 26.062788963317875 -1.5020279288291929 -2.9291342496871944 20.180257797241214 68.092235565185561 1.3407490253448489 -1.9086379408836363 40.885936737060554 -1.8294942975044248 -15.019561290740965 0.87749192118644725 3.4993835687637334 0.31403903663158422 70.732753753662124 110.39856338500978 0.16406761854887011 -148.86397552490232 74.888183593750014 58.565162658691413 -29.543860435485836 14.965879440307619 -15.581323146820067 1.0000000180025095e-35 1.1660301089286806 1.2669856548309328 -8.7004699707031232 0.056702055037021644 8.5693569183349627 -29.975579261779782 -6.3887205123901358 -4.6959009170532218 -0.7200159728527068 12.65698289871216 -0.32298454642295832 -18.392084121704098 -8.0471229553222638 0.53083872795104992 0.52704566717147838
decision_type=2 2 2 2 2 2 2 2 2 2 2 2 2 2 2 2 2 2 2 2 2 2 2 2 2 2 2 2 2 2 2 2 2 2 2 2 2 2 2 2 2 2 2 2 2 2 2 2 2 2 2 2 2 2 2 2 2 2 2 2 2 2
left_child=2 14 3 16 17 10 8 37 32 12 -5 -11 47 60 53 -13 25 58 26 35 21 -21 -22 -10 -15 -1 -4 -14 42 30 -18 52 -7 41 -31 36 -19 39 -39 57 -32 48 43 -20 61 46 -28 -9 -30 51 -46 -44 -27 56 -48 -37 -2 -6 -3 -45 -8 -35
right_child=1 4 18 5 7 6 13 9 23 11 -12 15 27 24 -16 -17 29 19 28 20 22 -23 -24 -25 -26 31 45 -29 33 34 40 -33 -34 44 -36 55 -38 38 -40 -41 -42 -43 49 59 50 -47 54 -49 -50 -51 -52 -53 -54 -55 -56 -57 -58 -59 -60 -61 -62 -63
leaf_value=0.0019845886778806837 0.0038212602028823033 0.0070515284753074527 0.0069546097385607009 -0.0016673475475734532 -0.00037433763531642369 -0.0055335250935261808 0.0079551764099562872 0.0014166022729811181 -0.0055072563738552066 0.0055018125014329438 0.015961178015317802 -0.00088994223346148019 0.0024007467481900074 -0.0092024024206606349 0.016348373179285919 -0.022306961653807279 0.012325300633247851 0.0033791262670149064 -0.0024949333510196946 -0.0085579038169079618 0.0026039912434876553 0.0013230927817840608 -0.001242065538555392 0.00094002670281420056 -0.0030042482174541911 -0.015458776251636093 -0.00088976826331352656 0.0071330127437772908 -0.00089151192314500043 -0.010466819680099972 0.0076544763032904096 0.0020981302378768846 -0.011116745000172824 0.003084133180497107 0.0023309065938535633 -0.0012341006296144581 -0.0090548945417949344 -0.0063840574161477728 0.011582925074066618 0.014792480021844337 0.0018327455711952467 0.0050582110537158529 -0.0045803769085827903 0.0075747192091157427 -0.0022022831726298477 0.002128333291401243 -0.013233680403052842 0.0059613001159779149 -0.0079331293427373634 0.0085210689955703776 0.0072499958677641899 0.0022220211559031188 -0.0054316282403154403 0.0032080376881696666 -0.002543681502406438 0.0064513944435097437 0.011509868464885695 0.0083396379791160959 0 0.00062521588082424312 -0.00040070693144216561 -0.001467456904073821
leaf_weight=215.21300211548805 53.247377023100853 198.22709593176842 37.892686560750008 54.181951284408569 31.123072326183319 209.55985216796398 81.880529820919037 889.19581438601017 1323.6333741396666 45.333581268787384 65.731525763869286 34.226914152503014 287.43634681403637 163.92760525643826 227.12291769683361 35.106140613555908 95.268775761127472 67.116029620170593 45.603655904531479 196.25405485928059 605.53311109542847 116.30164954066277 1355.0362281352282 160.84155605733395 4106.6461693197489 38.281905129551888 63.750939145684242 1037.3126827180386 503.38197183609009 41.504188254475594 142.88684684038162 57.140346869826317 615.9444206058979 158.06586126983166 59.909136906266212 37.270670667290688 42.489880830049515 31.526617005467415 33.483735173940659 205.09548619389534 536.81438803672791 85.428153276443481 83.257363170385361 369.64635646343231 32.25188347697258 42.72731551527977 83.296672120690346 188.1555330902338 68.652715459465981 46.802574560046196 197.04734580218792 185.92969210445881 117.13881358504295 86.237251043319702 32.908354818820953 262.34555166959763 193.78358289599419 109.39801590144634 53.18789429962635 52.859599605202675 36.682022765278816 158.25827300548553
leaf_count=1099 276 1029 195 278 161 1052 420 4570 6649 235 340 174 1481 828 1197 174 494 343 234 996 3099 596 6912 817 20780 194 325 5375 2571 212 737 290 3076 806 307 191 216 163 173 1073 2747 437 423 1900 165 218 425 969 351 240 1011 949 592 446 167 1349 1005 568 273 269 188 806
internal_value=7.15634e-06 0.00341819 -0.00210371 -0.00309521 0.00262717 -0.00402635 -0.00424575 0.00482244 -0.00657563 0.00394431 0.00797615 -0.00513896 0.00438806 -0.00301369 0.0116261 -0.0122659 0.00176066 0.000429755 0.00147235 -5.2526e-05 -0.000715843 -0.00484847 -4.51026e-05 -0.00479828 -0.00324987 -0.00162798 -0.00344074 0.00612271 0.00212695 0.00343172 0.00427997 -0.00533994 -0.00973433 0.000852496 -0.00286275 0.00358112 -0.00138254 0.0101231 0.00271554 0.0114496 0.00309746 -0.000862552 0.00405619 0.00580853 0.00294208 -0.00532257 -0.00717804 0.00223379 -0.00178744 0.00139289 0.0058481 4.45187e-05 -0.00816174 0.00828479 -0.0104275 0.00544378 0.00995683 0.00632622 0.00559421 0.00674765 0.00528177 0.000764919
internal_weight=16792.5 6421.55 10370.9 8123.19 5861.16 6819.03 6699.12 2927.39 2309.98 2516.77 119.913 114.667 2402.1 4389.14 560.391 69.3331 1304.16 2933.76 2247.76 2682.35 2273.13 312.556 1960.57 1484.47 4270.57 427.774 260.576 1324.75 1987.19 876.383 774.97 212.561 825.504 1203.09 101.413 409.222 109.606 410.627 65.0104 345.617 679.701 657.463 784.099 468.11 545.623 222.683 179.956 1077.35 572.035 315.99 229.299 269.187 155.421 333.268 116.205 299.616 247.031 140.521 251.415 422.506 118.563 316.324
internal_count=85636 33044 52592 41100 30120 34428 33810 15116 11594 12978 618 583 12395 22216 2924 348 6672 15004 11492 13702 11603 1592 10011 7466 21608 2175 1330 6856 10162 4497 3978 1076 4128 6147 519 2099 559 2138 336 1802 3484 3359 4015 2403 2788 1135 917 5539 2922 1612 1176 1372 786 1727 592 1540 1281 729 1302 2169 608 1612
is_linear=0
shrinkage=0.015


Tree=7
num_leaves=63
num_cat=0
split_feature=5 20 0 15 0 15 9 5 28 7 12 13 23 19 32 26 32 0 32 9 0 7 1 9 20 9 12 34 19 34 32 2 23 34 10 16 33 15 10 13 20 5 26 32 28 26 32 9 23 28 5 16 32 26 16 32 16 19 1 13 1 32
split_gain=936.265 176.536 112.248 100.177 82.4403 77.3331 85.0609 69.136 60.74 60.549 56.1422 54.9138 48.2835 56.6658 35.7611 35.4794 35.017 33.7129 33.2078 31.5094 27.9202 27.4837 25.7408 25.551 35.0375 25.2271 25.0375 24.872 31.7165 23.069 21.903 21.655 21.1796 20.8755 19.8425 19.3032 18.8794 18.7567 18.8568 18.4565 17.0493 16.954 16.8719 24.763 16.6615 15.7549 18.7454 15.1712 15.1248 18.3833 17.4554 14.1839 13.1306 12.3816 12.3663 12.156 12.1559 12.1551 11.7445 11.6977 14.4424 11.0747
threshold=3.7659894227981572 3.4681587219238286 -11.856581211090086 2.0823270082473759 -11.040764808654783 5.7358253002166757 13.063585281372072 4.7028937339782724 1.1463931202888491 0.85918873548507702 6.5783164501190194 23.056107521057132 28.269614219665531 3.2064534425735478 -38.299978256225579 0.34252355992794042 -16.033407211303707 0.92581877112388622 -36.363233566284173 55.441932678222663 7.5284888744354257 0.80184370279312145 5.0257287025451669 28.296206474304203 2.3704187870025639 40.635875701904304 7.4591286182403573 -6.7900986671447745 4.7244138717651376 -79.528484344482408 -37.381328582763665 9.8054804801940936 40.32855415344239 -31.743332862854 0.46312770247459417 -1.5525214672088621 -9.0891313552856428 8.5693569183349627 0.4551809430122376 -2.6216216087341304 2.8088418245315556 2.2135967016220097 0.14216431975364688 -15.019561290740965 -1.9086379408836363 0.87263867259025585 -14.921750545501707 31.105015754699711 47.383487701416023 0.94389113783836376 1.4818749427795412 12.889286994934084 -13.837466716766356 -0.655065357685089 6.5796175003051767 -29.020411491394039 0.89887213706970226 5.2351858615875253 4.5836834907531747 -7.3835041522979727 5.0257287025451669 -28.067425727844235
decision_type=2 2 2 2 2 2 2 2 2 2 2 2 2 2 2 2 2 2 2 2 2 2 2 2 2 2 2 2 2 2 2 2 2 2 2 2 2 2 2 2 2 2 2 2 2 2 2 2 2 2 2 2 2 2 2 2 2 2 2 2 2 2
left_child=1 3 44 12 55 6 17 15 19 10 -8 27 13 23 -11 22 48 39 31 20 29 25 53 24 -1 40 -7 28 -10 -9 54 47 -27 61 -24 -35 -22 38 -18 -6 -14 -40 52 -44 -2 46 -20 -17 -5 50 -50 -32 -28 -4 -21 -3 -25 -36 -15 -46 -61 -23
right_child=2 4 7 16 5 26 9 8 11 14 -12 -13 21 58 -16 18 37 -19 45 30 36 33 34 56 -26 32 42 -29 -30 -31 51 -33 -34 35 57 -37 -38 -39 41 -41 -42 -43 43 -45 59 -47 -48 -49 49 -51 -52 -53 -54 -55 -56 -57 -58 -59 -60 60 -62 -63
leaf_value=-0.014308914033419835 0.018832506453837331 0.012401403279210625 -0.00050675540025894514 0 0.0050518859740088335 -0.0024826486017946446 -0.0074460600380577523 0.0054347142311559366 -0.0073992386415725831 -0.0092279639372704111 -0.0018014669207614045 -0.013009668333366029 -0.019806486873327797 0.0025955875338320817 -0.0012691038038773266 -0.0022846856372357315 -0.011417577514596999 -0.0072144258655143607 0.00091980643983494842 -0.00608787512565409 -0.0049350690219730278 -0.0098346958491188595 0.0088209319007552783 0.00024764310750890643 -0.0058586353678831945 0.0025416961177167569 0.0095781753965686941 0.01196411009365385 0.0033285738388179023 0.011907405484344238 0.0054546487177710816 0.00070830821090452783 -0.0095133137679936624 -0.00047014792575377574 -0.0081312461527066858 -0.01183236902162434 0.0065224720076694906 0.004343148833623388 0.0010882736172853564 0.00062723560820966944 -0.011471883572695372 -0.0067853256105587512 -0.00033298012832122244 0.0034352797386702928 0.014058911875117109 -0.006479262947978238 0.0057785564628184873 -0.016507996919198919 0.0017492060640888426 0.0016536763368488645 -0.0097774072211248789 0.010576360754236114 -0.0013198987200138182 0.0082669901565927857 0.0041339340069351639 0.004754842440241428 -0.00905745242129888 0.0013023657376175068 -0.006998602081197629 0.0058703713592291422 0.014322792892438303 -0.0045765903065406663
leaf_weight=140.52638912200928 73.711126133799553 83.807494297623634 36.622008830308914 100.87773413956165 329.43778926134109 383.90386971831322 1175.3077381849289 178.5313620865345 65.087704330682755 134.57151879370213 612.07573360204697 47.530246689915657 94.06993094086647 245.78371551632881 2028.7972192466259 30.765112116932869 33.922093957662582 91.798049673438072 956.7638081908226 52.878692239522934 43.530916079878807 116.74360822141171 41.563670143485069 167.13937632739544 596.95216070115566 39.836006060242653 98.221423909068108 66.017515495419502 733.18635143339634 556.25646013021469 1239.2662861198187 53.988799199461937 134.59591692686081 41.810666427016258 53.98995752632618 267.20869196951389 103.49816246330738 212.93735517561436 394.60394644737244 617.67832379043102 219.30986818671227 70.754795596003532 895.01586924493313 687.57486544549465 150.18375642597675 50.714693307876587 221.57136850059032 47.584263935685158 31.081793636083603 46.964486762881279 215.95758932828903 144.8052607178688 29.440589293837547 342.54202325642109 48.619573056697845 135.41094505786896 36.164676532149315 62.219856828451157 29.914971366524696 184.8562063574791 67.83772124350071 568.4915826022625
leaf_count=698 395 438 189 509 1689 1953 5918 927 332 679 3095 236 464 1240 10282 157 171 465 4906 273 225 585 213 837 2991 199 502 343 3788 2903 6423 276 671 210 276 1340 538 1090 2001 3149 1093 358 4567 3521 798 259 1140 240 156 238 1089 754 150 1767 251 700 181 320 151 966 360 2853
internal_value=-1.43561e-05 -0.00254428 0.00495269 -0.00516409 -0.00117599 -0.00145899 -0.00247487 0.00430356 0.00562462 -0.00347988 -0.00552567 0.00230365 -0.00672342 -0.00447068 -0.00177917 0.00201013 -0.00134442 0.00133188 0.0007067 0.00689437 0.00917264 -0.00855385 0.00527222 -0.00622331 -0.00752346 -0.0115346 0.000954399 0.00319118 0.00241883 0.0103741 0.00552142 -0.00635514 -0.00667762 -0.00705612 7.91232e-05 -0.0103562 0.00300888 0.000624893 -0.000941976 0.00218948 -0.0141311 -0.000100675 0.00173668 0.00129699 0.0119258 0.00148836 0.00185439 -0.0113056 -0.00491936 -0.00662904 -0.00826453 0.00601581 0.00696765 0.007382 -0.00106124 0.00783163 -0.00140664 -0.00301693 0.00145764 0.0105383 0.00829304 -0.00552026
internal_weight=16762.8 11108.7 5654.12 3805.65 7303.04 7083.82 4989.67 5177.53 3279.21 3950.75 1787.38 911.822 2698.55 1216.48 2163.37 1898.33 1107.1 1038.91 1361.39 2367.39 881.817 1482.07 536.938 940.783 737.479 487.812 2094.16 864.292 798.274 734.788 1485.57 132.338 174.432 994.255 157.773 309.019 147.029 712.218 499.281 947.116 313.38 465.359 1710.25 1582.59 476.589 1229.05 1178.34 78.3494 394.882 294.004 247.039 1384.07 127.662 379.164 101.498 219.218 203.304 116.21 275.699 402.878 252.694 685.235
internal_count=85488 56233 29255 19125 37108 35970 25277 26736 16993 19974 9013 4699 13513 6098 10961 9743 5612 5303 6978 12294 4593 7415 2765 4707 3689 2427 10693 4463 4120 3830 7701 673 870 4988 809 1550 763 3620 2530 4838 1557 2359 8740 8088 2519 6305 6046 397 1992 1483 1245 7177 652 1956 524 1138 1018 596 1391 2124 1326 3438
is_linear=0
shrinkage=0.015


Tree=8
num_leaves=63
num_cat=0
split_feature=19 19 2 25 7 32 13 32 13 23 19 7 12 14 13 2 2 6 24 12 32 34 33 22 2 21 21 10 14 27 35 33 24 18 7 10 18 18 21 9 32 21 19 25 21 23 33 9 10 27 33 2 27 22 18 10 12 7 18 10 23 35
split_gain=880.1 177.394 133.835 125.36 68.2035 56.3069 55.4428 51.1588 49.8462 46.3201 46.9771 39.244 38.8783 38.0112 64.0586 30.9134 29.3526 33.4467 43.1201 31.7379 27.89 41.5918 27.5781 27.5775 23.8237 23.5954 23.3161 24.0753 22.8232 22.5064 23.4545 21.6785 20.0839 19.9149 18.5106 17.7474 21.9086 17.6886 16.7542 16.3194 14.3874 14.2925 17.713 16.2668 14.2515 14.0883 13.2958 12.7839 12.1176 12.0513 21.782 11.5993 11.5018 18.294 9.99009 9.60501 9.39192 9.26056 8.9382 8.25268 7.81553 7.76239
threshold=5.1443779468536386 3.1205519437789921 -16.592718124389645 0.74328050017356884 0.78306135535240184 -9.7983613014221174 -8.4126405715942365 -38.299978256225579 -2.3213211297988887 17.743159294128422 3.912151694297791 0.63679575920104992 6.5783164501190194 28.70880222320557 6.9052543640136728 -0.80675354599952687 -11.404810905456541 59.673513412475593 -12.79930257797241 11.150811672210695 -38.808216094970696 -52.582593917846673 -102.14823913574217 8.2321190834045428 1.5969511866569521 45.266117095947273 69.606517791748061 0.48214608430862432 -11.152277946472166 0.17883411794900897 84.988227844238295 -29.311786651611325 -29.501111984252926 2.0665930509567265 0.60593378543853771 0.5851101577281953 3.3965069055557255 2.5902730226516728 69.310955047607436 13.451173782348635 -27.02427768707275 49.034929275512702 6.0452187061309823 0.72382706403732311 72.683052062988295 47.383487701416023 -163.34144592285153 19.530393600463871 0.45406061410903936 0.007720052497461439 -43.86767387390136 -5.6676881313323966 -0.19538305699825284 19.912568092346195 2.0159615278244023 0.55765834450721752 54.369834899902351 0.54542356729507457 4.4142572879791269 0.53572440147399913 47.663902282714851 17.808230400085453
decision_type=2 2 2 2 2 2 2 2 2 2 2 2 2 2 2 2 2 2 2 2 2 2 2 2 2 2 2 2 2 2 2 2 2 2 2 2 2 2 2 2 2 2 2 2 2 2 2 2 2 2 2 2 2 2 2 2 2 2 2 2 2 2
left_child=1 3 11 8 9 15 -2 22 46 31 33 39 -12 14 -9 25 23 20 29 58 21 24 -6 47 -18 51 27 40 -13 56 -31 61 44 -11 -29 36 -17 -27 -24 -3 -10 43 -43 -22 -25 -7 -1 -8 -21 50 -30 -5 -34 -54 55 -47 -19 -49 -20 -59 -23 -4
right_child=6 2 4 5 7 45 16 13 26 10 12 28 -14 -15 -16 35 17 18 19 48 41 60 38 32 -26 37 -28 34 49 30 -32 -33 52 -35 -36 -37 -38 -39 -40 -41 -42 42 -44 -45 -46 54 -48 57 -50 -51 -52 -53 53 -55 -56 -57 -58 59 -60 -61 -62 -63
leaf_value=0.0056895282717546727 0.012849074507501631 0.0039009191068508091 0.0057922006606202763 -0.0073507615151235375 0.0028005989822313579 0.0082122806667423078 0.0077687507331008201 -0.0010590214196935595 -0.0070863464285559532 0.0015148295101646205 -0.0056118326191336521 0.015821880917371325 -0.00011551913829493028 -0.014911448653702667 0.0072008814849963704 -0.00061922745960003704 -0.015858262032717077 0.0056171153988091955 8.481827370238236e-05 3.5286684453905779e-06 0.0015140881817253104 0.011319563538698058 -0.012920017773994584 0.01291146228047335 -0.0013765202502621253 -0.014894333117552885 -0.017355013501845703 -0.017944801432470601 0.0062658013265780811 0.010461176571756506 0.0031218622896065818 -0.0079583933087979692 0.010715915612263654 -0.0086213132547126731 -0.0077216482913069423 -0.010283260150847373 -0.011653254197718281 -0.0035412887597097956 -0.0037592252876831344 -0.0091015773541585718 -0.016771223927213148 -0.00042543175698400005 0.0035522558370889045 0.0053611844544270469 0.0015245500709428462 0.00061541151216074974 -0.0047165069559150412 -0.0076257939046751695 0.0048332409312062822 0.01277853867277251 -0.0045093782441734372 -0.00031342434756445652 -0.002232751310305774 0.006915332261775339 -0.004725121585449397 0.0094454136738530564 -0.00036878482595458054 0.0045734537420120316 -0.0069906890574534765 -0.0046419838268022704 0.00070330341735575744 0.00037256172040577365
leaf_weight=48.785825937986374 181.40290316939354 34.154313668608665 118.743552044034 130.10885632038116 44.359828025102615 76.979526400566101 56.489685416221619 5193.3686552941799 57.423933029174805 43.211142122745514 660.31196619570255 62.511359363794327 524.74817979335785 40.941934987902641 217.88220050930977 506.45838923752308 52.707019209861755 201.89150197803974 93.106130421161652 137.13781224191189 364.84805643558502 30.775056466460228 140.42660634219646 250.00214347243309 53.423089057207108 128.52353346347809 113.311109572649 44.62110099196434 303.38839182257652 565.60038791596889 128.5371109098196 45.614369288086891 82.317066118121147 713.24224048852921 674.14496490359306 57.038096711039543 42.479655295610428 47.399366095662117 76.632750257849693 49.401353657245636 159.07615399360657 441.84052909910679 564.63963161408901 870.9092827886343 31.432283088564873 136.74903856217861 58.577760398387909 30.512818068265915 1140.8704190403223 51.389944702386856 45.85008180141449 95.676852121949196 69.607727453112602 144.98367194831371 53.220299303531647 34.41446615755558 76.239148750901222 66.370039984583855 63.584428861737251 29.043728396296501 36.609065771102905 130.34095987677574
leaf_count=245 966 176 603 654 226 392 294 26356 284 217 3329 336 2656 201 1132 2550 268 1046 479 708 1876 159 707 1314 273 644 561 220 1567 2959 665 230 428 3566 3347 287 214 238 387 250 784 2267 2920 4506 164 698 293 157 5906 267 234 480 360 755 272 176 396 344 327 150 188 657
internal_value=-6.41615e-05 -0.00256021 -0.0015293 -0.00610342 -0.00202477 -0.00290148 0.00467853 -0.00115122 -0.00970524 -0.00424702 -0.00508897 0.00562947 -0.00319498 -0.000835868 -0.000721131 -0.00460639 0.00440589 0.00396379 0.00522239 0.00354204 0.00270028 -0.00302366 -0.00761492 0.00717109 -0.00886755 -0.00784158 -0.0107001 -0.00984256 0.00734331 0.00767419 0.00913654 0.00124619 0.00877891 -0.00802006 -0.00842515 -0.00241833 -0.00153953 -0.011994 -0.00981813 -0.00364439 -0.0143595 0.0031522 0.00179381 0.00424176 0.0117124 0.00274264 0 0.00195231 0.00432752 0.00591109 0.00479084 -0.00446347 0.0058884 0.00388547 0.000743935 0.002566 0.00393184 -0.000620304 -0.00274379 0.0015766 0.00595458 0.00304151
internal_weight=16726.4 10961.5 8496.52 2464.99 7949.82 1309.05 5764.88 5713.61 1155.94 2236.21 1941.51 546.695 1185.06 5452.19 5411.25 1007.68 5583.48 4822.72 2406.97 1434.7 2415.75 173.514 261.419 760.759 106.13 401.709 1048.58 935.266 463.14 972.268 694.137 294.699 578.343 756.453 718.766 605.976 548.938 175.923 217.059 83.5557 216.5 2242.24 1006.48 1235.76 281.434 301.363 107.364 182.416 1278.01 400.628 349.238 225.786 296.908 214.591 224.384 171.164 278.131 125.927 156.691 95.4138 67.3841 249.085
internal_count=85311 55436 43097 12339 40267 6605 29875 29009 5734 11258 9768 2830 5985 27689 27488 5067 28909 24943 12486 7420 12457 888 1320 3966 541 2016 5196 4635 2404 5066 3624 1490 3021 3783 3567 3051 2764 882 1094 426 1068 11569 5187 6382 1478 1538 538 945 6614 2068 1801 1134 1543 1115 1146 874 1442 651 806 494 347 1260
is_linear=0
shrinkage=0.015


Tree=9
num_leaves=63
num_cat=0
split_feature=19 15 15 0 17 0 19 16 32 21 17 32 19 32 27 13 13 1 26 18 15 19 23 15 3 23 0 18 20 29 27 14 23 16 1 16 21 0 18 16 34 27 17 32 26 32 16 0 17 18 23 14 27 32 10 22 13 1 31 18 22 20
split_gain=886.197 173.075 168.253 102.058 80.5344 76.0643 59.3855 54.0548 61.2459 49.3337 42.0403 38.3793 33.5569 47.4218 40.7277 36.3547 29.3578 44.5317 29.1191 27.8122 24.4598 24.4431 24.0535 23.7153 22.3941 21.679 21.6257 21.2312 22.3055 20.7919 20.9749 20.202 20.0363 19.8545 19.1542 26.6115 18.0166 16.4988 16.2826 15.5502 15.4365 15.3067 14.9622 14.1035 13.7169 11.9478 11.9178 11.7793 11.6326 11.3445 10.9966 10.586 10.1499 11.8802 9.93783 9.72077 9.67386 9.45483 9.07379 8.65452 8.15582 7.22938
threshold=4.8131139278411874 -12.252330780029295 2.8550733327865605 -11.856581211090086 1.6921722888946535 -10.71130847930908 5.5942029953002939 -3.4607051610946651 -35.677490234374993 54.671390533447273 5.2728550434112558 -12.697928428649901 4.2534365653991708 -31.131744384765621 -0.13949211686849591 -1.5356910824775694 6.6134257316589364 36.797319412231452 0.51028367877006542 4.639113426208497 -1.9620794653892515 3.1205519437789921 71.869110107421889 9.9201169013977069 -12.713030338287352 4.9398770332336435 0.92581877112388622 5.1140325069427499 5.8005297183990487 1.0000000180025095e-35 0.35090850293636328 7.2066314220428476 40.919210433959968 -0.71976476907730091 40.287767410278327 3.3685956001281743 24.972929954528812 9.2419748306274432 2.1673640012741093 0.24636723101139071 -69.790802001953111 0.276560589671135 6.243460178375245 -30.312829017639157 0.27438266575336462 -22.176148414611813 12.889286994934084 -6.9380128383636466 2.2962087392807011 2.8307642936706547 64.869880676269545 0.45973612368106848 -0.028377970680594441 -37.097377777099602 0.46671189367771154 82.88339996337892 -7.3835041522979727 5.0257287025451669 -1.0000000180025095e-35 4.4850649833679208 65.218086242675795 4.6013488769531259
decision_type=2 2 2 2 2 2 2 2 2 2 2 2 2 2 2 2 2 2 2 2 2 2 2 2 2 2 2 2 2 2 2 2 2 2 2 2 2 2 2 2 2 2 2 2 2 2 2 2 2 2 2 2 2 2 2 2 2 2 2 2 2 2
left_child=1 5 4 42 12 61 7 37 9 47 18 16 13 15 -15 -3 29 55 22 25 39 36 40 41 -23 -6 33 54 -29 38 -31 -27 -21 -26 35 -10 -7 43 -4 -14 -8 50 56 -5 -34 -24 52 -9 -43 -25 -13 -28 -12 -54 -20 -18 -2 -58 -38 -45 -11 -1
right_child=3 2 11 6 19 21 10 8 34 60 46 23 20 14 -16 -17 17 -19 27 32 -22 24 45 49 26 31 51 28 -30 30 -32 -33 44 -35 -36 -37 58 -39 -40 -41 -42 48 -44 59 -46 -47 -48 -49 -50 -51 -52 -53 53 -55 -56 -57 57 -59 -60 -61 -62 -63
leaf_value=0.006110468575088351 0.012578400991573341 -0.0025227312953245576 -0.0092879674580233617 0.011200323720028523 0.0059943952612754774 0.00065300485952022821 0.0045372414048233381 -0.0049965135022096031 0.00098963810761814176 -0.0058891862855909999 0.010530510467981527 0.0034797260973269506 0.0036739793225078216 -0.010166645673998661 -0.005429341939455155 -0.017086836901435018 0.00016741690127771439 -0.011371069733149084 0.00044713321234314063 -0.0020334768020871317 -0.0081669935262292433 -0.0090739343092459211 -0.00098017877033840066 0.005855477293656949 0.0047408549671516011 -0.0032021774359014196 -0.0070412086265246353 -0.0065293753784178921 0.0015413300036461895 -0.0051154759210430105 0.00033802497717758036 0.0058221117865725671 -0.0035394396502104125 -0.0054980799929091823 -0.0092150478886197078 0.0056032093066834933 -0.014144026795217184 -0.0020217657474540856 -3.0221468603975201e-05 -0.0070741840674676225 0.0084684969009127496 -0.0017633106440741498 0.015511835244038832 0.0073603459557516106 -0.014055628733447931 0.0042509835385736204 0.011762093435416829 -0.017277385494506768 -0.012056213777912351 0 -0.0011388704046258172 0.0012641303305217454 0 0.006566492746336334 0.0045782569033616591 0.010593358468563623 0.0053986880128038877 0.013505307230208442 -0.0025651747595680343 -0.00049099994316044524 0.0029816132387872718 0.015745043313526462
leaf_weight=32.751180127263069 131.11122141778469 53.201241165399551 43.485270842909813 178.66123522818089 58.445372924208641 79.615462005138397 425.41590632498264 30.662583902478218 1310.8018760979176 30.750182673335075 146.8053081035614 238.07973450422287 144.76943743228912 564.33695830404758 1640.9486393481493 178.99327392876148 29.022765159606934 29.832449451088905 165.08219262957573 86.507019072771072 86.203517600893974 34.062591478228569 142.64270643889904 330.41830462217331 621.15667299926281 2767.9876784980297 60.912223368883133 86.852241992950439 567.07843682169914 702.45739807188511 197.99162226915359 54.037259757518768 44.472916528582573 42.766415357589722 32.587592378258705 361.19717125594616 40.033010512590408 34.681758224964142 767.91908384859562 35.623547405004501 566.04321801662445 108.83392639458179 127.36640430986881 75.091408938169479 114.13168756663799 283.1835934817791 135.09250125288963 73.846413940191269 32.42119488120079 98.60156013071537 216.38450020551682 70.135947868227959 69.687347874045372 719.91342537105083 850.08666211366653 97.351673454046249 193.91695268452168 43.691502198576927 31.282433316111565 47.387879028916359 77.521741956472397 96.991193130612373
leaf_count=171 701 265 219 933 296 401 2209 155 6710 156 770 1211 731 2793 8170 887 150 146 852 436 432 176 736 1702 3191 13942 309 445 2933 3549 1003 276 225 217 165 1867 200 179 3881 178 2952 553 688 388 574 1464 710 372 165 505 1098 356 361 3763 4396 509 1012 234 156 244 396 521
internal_value=0.000164508 -0.00272712 -0.00343775 0.00428244 -0.00490516 0.00284114 0.00376921 0.00179525 0.00081076 -0.00672497 0.00483394 -0.000474046 -0.0068058 -0.00736007 -0.00665654 -0.0138639 -0.0017572 0.00439736 0.00393023 -0.00325273 -0.00166527 0.00138249 0.00552059 0.00184935 0.00240562 -0.00282792 0.00293784 0.00256584 0.000429905 -0.00233204 -0.00390164 -0.00302006 -0.0081209 0.00404426 0.001767 0.00200076 -0.00409725 0.00733366 -0.000566427 0.00141492 0.0068093 -6.4786e-05 0.0108431 0.00846681 -0.0112811 0.0024672 0.00741086 -0.0139765 -0.00436581 0.00453002 0.00125245 -0.00253133 0.0067434 0.00599551 0.00392342 0.00835573 0.00911497 0.00705222 -0.0094781 0.00424304 0.000265082 0.0135565
internal_weight=16739.3 9832.17 8722.46 6907.16 5829.66 1109.71 6411.07 2253.19 1917.37 212.781 4157.88 2892.8 2704.08 2437.48 2205.29 232.195 1868.06 156.207 3086.38 3125.58 266.597 979.965 1417.29 1024.74 829.034 2880.47 794.971 1669.1 653.931 1711.85 900.449 2822.02 245.112 663.923 1704.59 1672 150.931 335.822 811.404 180.393 991.459 595.719 496.086 301.141 158.605 425.826 1071.5 104.509 141.255 429.02 454.464 131.048 936.406 789.601 1015.17 126.374 368.72 237.608 71.3154 122.479 108.272 129.742
internal_count=85385 49594 43896 35791 29205 5698 33156 11565 9821 1079 21591 14691 13456 12115 10963 1152 9457 805 15987 15749 1341 5006 7361 5234 4249 14514 4073 8626 3378 8652 4552 14218 1235 3408 8742 8577 757 1744 4100 909 5161 3027 2635 1565 799 2200 5604 527 718 2207 2309 665 4894 4124 5248 659 1947 1246 356 632 552 692
is_linear=0
shrinkage=0.015


Tree=10
num_leaves=63
num_cat=0
split_feature=17 15 15 2 15 17 11 6 0 29 11 16 18 10 9 29 9 10 12 13 31 9 12 29 16 16 2 2 15 22 18 34 16 14 21 6 1 6 3 18 33 15 12 26 9 15 13 11 6 2 30 31 14 9 9 9 27 18 10 9 29 29
split_gain=486.86 175.508 183.821 148.597 82.605 77.3856 72.3338 59.0024 54.8809 45.3133 38.0024 37.8428 35.0277 34.1554 35.375 31.9886 29.135 29.0114 28.8733 28.5608 27.8325 26.5549 25.2116 24.9781 23.8561 23.6045 23.3207 23.2775 22.4277 21.1948 19.1687 21.7548 18.7331 17.7513 17.745 17.4631 17.2446 15.7797 17.4193 15.7427 15.5085 15.9501 14.655 13.792 13.1042 12.887 12.7678 12.3222 12.2326 11.4773 11.4421 11.3334 11.2217 13.4613 13.5253 11.1206 10.8058 12.0032 10.4949 9.52757 8.5528 7.63564
threshold=3.1234233379364018 6.6587185859680185 -11.314528465270994 -15.634232997894285 11.453285217285158 1.4228777885437014 39.416826248168952 42.01484680175782 -9.3435773849487287 5.9771888256073007 -11.743192195892332 -5.4841506481170645 2.8988251686096196 0.45692984759807592 57.281320571899421 0.93904647231102001 99.99505996704103 0.63891705870628368 -8.772211551666258 -1.5020279288291929 -0.452147826552391 57.868038177490241 -12.949028015136717 2.725826740264893 3.7534610033035283 12.889286994934084 -1.2996660470962522 -6.1900594234466544 -18.743177413940426 97.440227508544936 2.7024477720260625 -52.582593917846673 -1.4172700047492979 1.992095470428467 70.829433441162124 41.639842987060554 10.745231628417971 58.957126617431648 -5.4404578208923331 3.851804375648499 75.551982879638686 13.220680713653566 -1.3893914222717283 0.42040064930915838 53.369518280029304 -5.6498699188232413 -6.3722023963928214 0.38324227929115301 63.523540496826179 -4.5021092891693106 0.42499999701976782 -1.0000000180025095e-35 -2.9291342496871944 84.732925415039077 72.539302825927749 69.114776611328139 0.054239317774772651 4.621140956878663 0.49866709113121038 65.028110504150405 1.2154231667518618 1.137837886810303
decision_type=2 2 2 2 2 2 2 2 2 2 2 2 2 2 2 2 2 2 2 2 2 2 2 2 2 2 2 2 2 2 2 2 2 2 2 2 2 2 2 2 2 2 2 2 2 2 2 2 2 2 2 2 2 2 2 2 2 2 2 2 2 2
left_child=1 2 12 23 10 7 21 20 46 17 -5 61 19 14 -3 22 -8 -9 -13 -1 58 34 33 45 26 29 32 -24 47 -23 55 -32 43 -12 36 50 -6 38 -30 44 56 -42 -22 -15 -17 -2 -7 -14 -43 -11 -21 -48 -16 54 -54 -28 60 -58 -4 -34 -26 -10
right_child=3 13 5 4 6 8 16 9 11 49 15 18 28 24 52 39 -18 -19 -20 35 42 25 27 -25 40 -27 30 -29 37 -31 31 -33 59 -35 -36 -37 -38 -39 -40 -41 41 48 -44 -45 -46 -47 51 -49 -50 -51 -52 -53 53 -55 -56 -57 57 -59 -60 -61 -62 -63
leaf_value=0.0024423918298899366 0.011036721950109634 0.0084307426147365444 -0.0088455650010933438 0.009266699891045645 0.0070179577172356277 0.011385581612560392 -0.019946219335805516 -0.0043291497187979101 0.012603253171248954 0.013198982555353752 -0.0065913557812518932 -0.004719599761961504 0.011265344275372525 0.0041510864523256223 0.0035543281765978599 0.0029220228708969655 0 -0.015929174581521297 -0.0022687533087290429 -0.0049366245162069085 -0.013342145263204508 0.0039393886879284185 0.0041158222065978698 0.017020326433144092 0.0053286694216490372 0.010375866346605053 -0.0031329727748352835 -0.0010919378688171982 0.0040080544605778741 0.011389683418167445 0.0025821090425974186 -0.002425253133831024 0.010966111962212826 0.001778236216273123 -0.00013833225114241344 0.0021814486952708547 0.016289547132062678 0.012347182909091836 -0.00050914415356505878 0.0048961948954978516 -0.0081540225500831964 -0.0042738043232655471 -0.0079112785577931579 -0.0064806626859695319 -0.0032208861577401773 0.0034034529675163933 0.00014885009431012713 5.1571988630586113e-05 0.0046950128570695778 0.00073970256762866289 -0.014431065740910465 0.0092388308918540576 -0.0037324556579085319 -0.00038713032622482104 -0.012001314633210304 0.0037007097082727754 0.009174699155573179 0.0032404974053625653 -0.0029648130450205786 0.0038265970380296846 -0.0044051697952940247 0.0015939810048679489
leaf_weight=224.17201589047909 225.97662682831287 51.810443505644798 122.04281029105186 112.79453220963478 106.30534717440605 48.523442819714546 32.88595549762249 1402.9807762950659 36.189094975590706 35.086937993764877 243.41660726070404 1731.9066684246063 118.19254632294178 69.861270368099213 29.946239680051804 189.98852942883968 32.679912641644478 49.74232229590416 3012.0319857001305 133.14726524055004 324.74585086107254 1954.7129267752171 252.02715331315994 154.28798109292984 42.882952511310577 158.00606146454811 57.498343974351883 800.46029402315617 487.77277535200119 91.12102147936821 278.06979583203793 631.64658683538437 102.82598248124123 69.948478221893311 30.213188022375107 53.27012400329113 99.153514727950096 35.445114776492119 306.45117793977261 405.18022273480892 31.374621480703354 39.213910639286041 218.52659334242344 42.40414471924305 128.85827307403088 74.665610939264297 126.45055395364761 30.337129086256027 172.24427935481071 35.582589194178581 40.198773518204689 40.445806831121445 103.17635132372379 83.242862775921822 91.975597396492958 417.02270975708961 249.63260358572006 128.09004147350788 185.01979295909405 89.753731936216354 34.214407622814178 29.132786318659782
leaf_count=1146 1195 268 604 598 560 254 164 6998 187 181 1238 8693 618 360 155 970 162 247 15208 669 1599 10168 1296 835 223 835 293 4095 2518 477 1429 3223 530 357 158 270 532 185 1564 2098 160 202 1084 217 658 392 648 157 890 180 202 207 527 424 468 2135 1294 666 918 459 177 152
internal_value=-4.39299e-05 -0.00175341 -0.00278425 0.00378486 0.00298646 -0.00373616 0.00484986 -0.00597296 -0.00267453 -0.00417878 0.00085796 -0.00300867 0.00213198 0.00155347 -0.00272314 0.000388529 -0.0104115 -0.00475801 -0.00316828 -0.00129901 -0.00915232 0.00527437 -0.000954338 0.0119649 0.00220682 0.00474154 0.00122813 0.000146321 0.00372783 0.00428935 0.000386436 -0.000875911 0.00497375 -0.00467613 0.0101121 -0.00505465 0.0116786 0.00272744 0.00224935 0.00293811 0.00454461 0.00138789 -0.0112222 0 0.000388083 0.00922555 0.00467533 0.0091057 0.00293706 0.00732508 -0.00736341 0.00252385 -0.00468791 -0.00564703 -0.00778789 0.00283151 0.00618372 0.00722951 -0.00539278 0.00778929 0.000817168 0.00810928
internal_weight=16737 11574.3 8827.39 5162.68 4707.75 7398.41 2505.08 2373.73 5024.68 1523.39 2202.67 4809.26 1428.99 2746.89 360.151 2089.88 65.5659 1452.72 4743.94 450.788 850.335 2439.51 1365.85 454.93 2386.74 2203.84 1689.08 1052.49 978.199 2045.83 1384.24 909.716 304.845 313.365 235.672 226.616 205.459 829.669 794.224 724.027 697.653 242.833 543.272 112.265 318.847 300.642 215.42 148.53 211.458 70.6695 173.346 166.896 308.341 278.395 195.152 474.521 454.82 377.723 307.063 192.58 77.0974 65.3219
internal_count=85377 58589 44489 26788 24366 37160 13056 11811 25349 7606 11310 24240 7329 14100 1842 10712 326 7245 23901 2287 4205 12730 6986 2422 12258 11480 8646 5391 5042 10645 7080 4652 1566 1595 1250 1141 1092 4267 4082 3726 3612 1252 2683 577 1628 1587 1109 775 1092 361 871 855 1574 1419 995 2428 2360 1960 1522 989 400 339
is_linear=0
shrinkage=0.015


Tree=11
num_leaves=63
num_cat=0
split_feature=5 19 24 13 0 19 21 2 23 23 27 28 0 5 11 34 19 19 28 19 33 33 14 23 21 19 23 12 11 28 13 2 14 27 14 12 5 10 17 1 34 12 10 10 22 10 22 33 5 19 10 24 0 28 14 13 5 23 10 0 13 13
split_gain=838.734 182.358 89.7812 107.867 81.8829 81.8372 62.6001 56.5097 46.4983 39.6096 37.9807 35.152 55.9262 40.7136 31.4878 36.3463 31.3511 27.3266 33.5082 26.608 31.0558 24.6647 21.762 21.6584 20.86 32.1776 19.3757 21.3773 19.2315 18.4204 20.7564 18.2829 21.657 17.6909 16.9996 16.8574 16.3878 15.9919 15.9085 15.5499 17.5169 14.1757 21.4523 17.3811 26.8201 16.1976 13.9161 13.8494 13.2437 11.7716 11.6815 18.0806 14.6608 11.4573 11.1043 9.81509 8.6095 11.3028 8.60537 12.7824 8.11673 7.83483
threshold=4.0101728439331064 4.3463447093963632 -10.751369953155516 -2.6216216087341304 -12.328386783599852 3.2235444784164433 95.135887145996108 -17.767636299133297 18.237960815429691 30.193571090698246 0.035167474299669273 -0.84778892993926991 8.9998130798339862 6.3948760032653817 39.416826248168952 -8.4968223571777326 1.8718928098678591 5.1877131462097177 -0.56544360518455494 4.4576179981231698 127.13885498046876 205.3872985839844 7.2066314220428476 4.9398770332336435 70.829433441162124 6.9695582389831552 41.19841384887696 19.301527023315433 14.413055896759035 0.74923956394195568 -4.8335855007171622 -8.6259036064147931 10.423261642456056 -0.15033189952373502 3.3108626604080205 -2.9404052495956416 2.3552664518356328 0.46130163967609411 4.4296154975891122 5.7214689254760751 -36.031030654907219 13.607608795166017 0.54701459407806408 0.50429147481918346 52.887313842773445 0.53761127591133129 16.380364418029789 -163.34144592285153 2.4723151922225957 6.078054904937745 0.55575889348983776 -15.181295871734617 -6.5606324672698966 -0.54646995663642872 1.0666233301162722 -6.3722023963928214 2.6623359918594365 65.723167419433608 0.45692984759807592 -4.8178477287292472 1.594502925872803 -3.6267216205596919
decision_type=2 2 2 2 2 2 2 2 2 2 2 2 2 2 2 2 2 2 2 2 2 2 2 2 2 2 2 2 2 2 2 2 2 2 2 2 2 2 2 2 2 2 2 2 2 2 2 2 2 2 2 2 2 2 2 2 2 2 2 2 2 2
left_child=1 2 3 9 38 16 11 53 48 36 41 12 39 19 15 49 -5 18 56 20 -13 26 -10 -18 25 -15 35 -28 -26 30 -11 37 -33 -21 -14 -12 47 -20 55 46 -41 43 54 44 -4 -45 -6 -1 -7 -8 58 52 -52 -3 -43 -2 -9 -58 59 -19 -60 -38
right_child=4 7 10 5 6 8 14 17 22 29 21 13 34 24 -16 -17 23 50 31 33 -22 -23 -24 -25 28 -27 27 -29 -30 -31 -32 32 -34 -35 -36 -37 61 -39 -40 40 -42 42 -44 45 -46 -47 -48 -49 -50 -51 51 -53 -54 -55 -56 -57 57 -59 60 -61 -62 -63
leaf_value=0.0048826661997380325 0.011437281356412563 0 -0.016438928016992461 -0.021500078673168922 0.0016992695490617763 0.0016457123693447253 -0.010473572899062823 0.00063758082362581588 -0.0050855821204954217 0.0025530322575258177 -0.0020507703080985761 -0.0083199599026736858 -0.011965899349413087 0.01431135269022453 -0.013195542914069498 0.0087024582814386325 -0.0012630688088354671 0.0055720801712592864 -0.0037336859479212446 0.0072213023406310197 0.0088154241430731684 0.0066503544606983309 0.0034587040477284431 -0.0080731193113880474 0.0011686736491279786 0.0065929687189724608 -0.0022285127938136292 0.0023258263908768157 0.0090704521280990675 0.0044704362887790471 -0.0057681593075144021 -0.0014340478189898017 0.0076852449588901165 0.0032950084763752031 0.0023640952661179108 0.0058738955745062695 0.0096406456688580729 0.0037102680542297787 0.014231945880695682 -0.0005056099128913147 0.0099567999768630615 0.010409159858886246 -0.0092983407171224348 0.0015840976334892778 -0.0028313702636278215 -0.0062588486509084842 0.013257842963988773 -0.0025734137594490688 -0.0026201546448457883 -2.9490833430244652e-05 0.0022272487236823933 0.0027942877249591989 -0.0093187120563877086 0.0088694409726647484 -0.00013293576137358892 0.0036828684916276012 -0.0051645983195195734 -0.013698919878827856 0.0018193215021745925 -0.0030509061699836625 0.0048418781956222606 0.0031515768452516166
leaf_weight=101.35254988074303 82.313748806715012 43.088413551449776 72.002092063426971 37.375684157013893 29.387617111206055 351.08595022559166 51.090990334749222 30.871826812624931 2342.7048987299204 82.347694545984268 84.912103340029716 83.462646290659904 29.875438928604126 163.0643997490406 51.825222238898277 64.056237667798996 118.82578739523888 51.330460220575333 75.855650439858437 300.39692412316799 30.450438067317009 121.49031138420105 65.617699131369591 1630.7990363389254 228.14020355045795 569.42094288766384 946.5587220788002 302.31044892966747 101.69876696169376 65.323538362979889 305.31841000914574 1646.2347006946802 58.356492519378662 2304.174338772893 40.515889316797256 183.2682413905859 107.02705161273479 353.17293734848499 237.46138164401054 54.204728528857231 90.905901491641998 34.428235918283463 37.061837181448936 89.044596210122108 65.557277172803879 157.55761530995369 298.38624383509159 118.45107604563236 301.60017719864845 50.162321984767914 32.454035028815269 106.90237317979336 76.503357440233231 200.99612586200237 51.532669007778168 83.538469359278679 160.26496221125126 50.019157543778419 609.60027922689915 135.72803294658661 320.47674009203911 86.697581872344017
leaf_count=516 443 226 358 182 154 1771 260 156 11727 421 426 422 154 862 254 335 591 264 387 1565 159 628 335 8059 1196 2992 4783 1547 534 328 1534 8347 303 11975 211 927 554 1799 1296 283 474 174 188 448 330 790 1572 601 1526 260 167 550 392 1050 262 441 810 254 3139 695 1652 441
internal_value=-3.72216e-05 -0.00220935 -0.00353079 -0.00451354 0.00514758 -0.00538467 0.00456292 0.000415667 -0.00388171 0.000344196 -0.00090477 0.00495906 0.00855811 0.00443369 -0.00323085 0 -0.00794353 -4.2274e-05 -0.00101077 0.00344519 -0.00353697 0.000198204 -0.00484388 -0.00762115 0.00693793 0.00836593 -0.000316706 -0.00111211 0.0036902 -0.00269534 -0.00395805 -0.000401614 -0.00110442 0.00375879 -0.00367318 0.00331264 0.00370683 0.0023481 0.0116388 0.0104182 0.00599296 -0.00448434 0 -0.00589706 -0.0101949 -0.00337657 0.0122836 0.000810021 -0.000304576 -0.00554549 0.00167083 -0.00147117 -0.00576629 0.00737679 0.00405943 0.00771123 -0.00629095 -0.00737521 0.00229289 -0.00057143 0.00288505 0.00687511
internal_weight=16756.6 11812.1 7860.25 5714.53 4944.53 4848.01 4541.22 3951.86 3061.01 866.518 2145.72 4324.08 543.276 3780.81 217.135 165.31 1787 3707.77 2374.78 2718.48 113.913 1638.54 2408.32 1749.62 1062.32 732.485 1517.05 1248.87 329.839 452.99 387.666 2133.62 1704.59 2604.57 70.3913 268.18 413.528 429.029 403.314 472.884 145.111 507.184 123.023 384.162 137.559 246.602 327.774 219.804 652.686 101.253 1333 215.86 108.957 244.085 85.9609 165.852 241.156 210.284 1117.14 187.058 930.077 193.725
internal_count=85480 59638 39447 28586 25842 24191 23662 20191 15359 4395 10861 22553 2848 19705 1109 855 8832 18915 12056 14121 581 8311 12062 8650 5584 3854 7683 6330 1730 2283 1955 10836 8650 13540 365 1353 2112 2186 2180 2483 757 2550 624 1926 688 1238 1726 1117 3297 520 6859 1109 559 1276 436 884 1220 1064 5750 959 4791 995
is_linear=0
shrinkage=0.015


Tree=12
num_leaves=63
num_cat=0
split_feature=5 15 15 25 17 0 28 14 21 5 25 26 5 26 14 22 10 21 5 3 10 3 0 25 1 23 0 17 5 26 11 18 10 10 2 15 28 29 10 2 18 17 13 21 1 2 27 5 29 27 28 10 11 14 17 15 14 15 18 26 17 29
split_gain=792.03 166.978 188.973 106.442 86.5336 86.1224 60.0618 53.3192 52.9229 37.9216 43.1881 37.5049 36.7887 33.2586 31.5208 37.206 30.6753 30.0574 29.1331 28.2542 26.1862 30.1871 23.9249 23.7831 23.0879 23.0072 56.8406 29.4263 22.9743 22.8489 22.503 21.787 20.7321 23.3004 14.6589 14.0194 13.8417 17.7638 13.4646 12.717 13.658 13.133 12.0422 11.8494 13.7082 13.83 11.5691 10.607 14.5671 10.5854 10.4799 9.72479 9.04154 20.8564 8.98871 8.85296 8.64529 8.62219 7.60909 7.60248 7.45625 7.32426
threshold=4.1841914653778085 6.6587185859680185 -11.314528465270994 0.73554524779319774 1.5127121806144717 -13.340409278869627 1.1463931202888491 -3.79192042350769 99.995410919189467 1.999508321285248 0.53564384579658519 0.3841338604688645 4.7028937339782724 0.839134842157364 10.423261642456056 27.624423027038578 0.43033976852893835 81.369396209716811 2.9582741260528569 -4.6129848957061759 0.5851101577281953 -4.2889006137847892 -12.79765462875366 0.72765797376632702 -2.296701073646545 72.86407852172853 13.074615478515627 4.5408411026000985 2.7133361101150517 0.26426714658737188 -6.1332271099090567 2.8165595531463627 0.45692984759807592 0.57144230604171764 -14.201340675354002 12.948807716369631 1.6195214390754702 0.45655027031898504 0.45924432575702673 -1.5380396246910093 4.8291878700256357 5.0795066356658944 1.4486420750617983 42.140108108520515 -8.8540005683898908 -4.8846039772033683 0.15697272866964343 2.9316754341125493 -0.84381842613220204 -0.47250761091709131 -0.17204940319061277 0.46224193274974829 -4.2646718025207511 -1.399763226509094 2.1436083316802983 3.3687587976455693 0.91937965154647838 -14.669058799743651 4.343536615371705 0.34658586978912359 4.4841420650482187 6.9557762145996103
decision_type=2 2 2 2 2 2 2 2 2 2 2 2 2 2 2 2 2 2 2 2 2 2 2 2 2 2 2 2 2 2 2 2 2 2 2 2 2 2 2 2 2 2 2 2 2 2 2 2 2 2 2 2 2 2 2 2 2 2 2 2 2 2
left_child=1 2 7 4 9 60 12 22 13 10 -4 28 39 23 15 52 18 25 19 -5 34 -22 -1 54 -19 26 -14 -27 -6 -11 -13 36 35 -34 -18 -33 37 -17 -16 41 -41 50 -42 44 57 -46 49 48 -45 -24 -7 -25 -3 59 -8 -20 -49 -9 -40 -54 -2 -15
right_child=5 14 3 16 11 6 8 43 -10 29 -12 30 17 61 38 31 20 24 55 -21 21 -23 46 51 -26 27 -28 -29 -30 -31 -32 32 33 -35 -36 -37 -38 -39 58 40 42 -43 -44 47 45 -47 -48 56 -50 -51 -52 -53 53 -55 -56 -57 -58 -59 -60 -61 -62 -63
leaf_value=0.012732714266684094 0.0091307060456533012 0.011664127124097477 -0.015223122111897022 0.0020943958519176759 -0.0035166461911202594 0.00061379894446898808 -0.0077196798734693083 0.00018229769501686781 -0.013541850372867948 -0.0026680783116756236 -0.007562446675812985 0.002403963169088752 0.0093815772475716996 -0.00065373770546202055 -0.0018005062457509774 0.003325909813903947 0.0050919752266986168 -0.0073828232804253376 0.0010848739641637433 -0.01168876453500756 0.0043900527517631883 -0.00683583425084997 -0.0032809259733874024 0.00081226331281932375 0.0040985576576727644 0.0011690920459364259 -0.0020317889567353282 0.0077845397604920305 0.00095497633954273839 -0.008027883557238321 -0.0062360111392021035 -0.0015874736007931987 0.00067819899844350287 -0.0050636792700127472 -0.0014846522934257077 -0.0094791439171419013 0.0091675308413902718 -0.0015048896361898026 0.0099656561124323376 0.0032164860079716452 -0.0063378008767889637 0.012539398221202777 0.0018923784659180061 0.0035814556816662871 0.0034930312709359622 -0.0053623109094286196 -0.004737864105125186 -0.0021464720111251754 -0.0061561714312507983 0.0049573908400499756 0.0064351619827021159 0.0055636544208303102 0.0044540217060643405 0.010995001389927704 0.00080943657459125106 -0.0077065445118651892 0.0058807803314019687 -0.010382924277964885 0.001560840789294101 -0.00440854038401935 0.014921392186360545 -0.0066265578188500754
leaf_weight=80.374150946736336 108.64295746386051 63.359590873122215 313.92397840321064 37.297372817993164 639.29376092553139 139.66886411607265 44.171061053872108 29.646146968007088 46.278936892747879 287.57788833975792 391.95685248076916 68.900365933775902 1316.4640790522099 150.04878476262093 31.113174736499786 492.98223926126957 75.174557507038116 42.255460694432259 112.39431099593639 200.52724702656269 59.754833698272705 376.07178078591824 33.898329377174377 124.81817376613617 319.73517420887947 270.13143900036812 103.08868882060051 362.62330414354801 424.73250763118267 534.28777381777763 1045.9415193349123 124.25307016074657 1187.6458036154509 181.44845446944237 3304.3766479343176 91.962312743067741 59.199130699038506 255.46067966520786 142.69329141080379 241.8459820151329 82.144333809614182 44.999925747513771 70.981588110327721 38.258686691522598 292.75118252635002 42.860642984509468 29.431666314601898 76.157830968499184 199.91560213267803 550.71405954658985 151.33126294612885 618.00498054921627 37.371968105435371 61.201952740550041 62.369753912091255 30.763553708791733 46.187902733683586 32.301786705851555 35.424839988350868 46.108871042728424 200.93876568973064 69.814518362283707
leaf_count=431 584 328 1524 187 3185 726 226 152 230 1427 1918 350 6960 776 162 2525 387 219 569 997 302 1887 174 648 1671 1403 540 1913 2161 2641 5233 628 6080 924 16641 469 305 1308 747 1254 424 238 367 193 1489 216 151 390 1007 2847 785 3223 193 314 323 156 237 164 184 236 1107 357
internal_value=3.5736e-05 -0.00196346 -0.00292693 -0.00384141 -0.00569585 0.00535914 0.00479395 0.00203684 0.00177996 -0.00844029 -0.0110239 -0.00375869 0.00585632 0.00248117 0.0012385 0.000778792 -0.0021979 0.00675382 -0.00626237 -0.0094652 -0.00178504 -0.0052494 0.00503601 0.00383289 0.00268391 0.00746107 0.00854049 0.00499653 -0.00171917 -0.00618168 -0.00568526 0.000240776 -0.00077377 -7.81183e-05 -0.001331 -0.00506887 0.00224774 0.00165744 0.00682076 0.00286118 0.000980286 0.00500893 -0.00245079 -0.000696754 0.00106025 0.00229263 0.00396615 -0.00267081 -0.00451273 0.00444457 0.00371559 0.00478973 0.00683453 0.00448709 -0.00266556 -0.000781152 0.000809186 -0.00524464 0.00841324 -0.000254166 0.013009 -0.00266057
internal_weight=16736.1 12165.7 9355.47 7902.97 3706.61 4570.36 4260.78 1452.5 1115.51 1527.75 705.881 2178.87 3145.27 1069.23 2810.23 2600.99 4196.36 2414.3 380.982 237.825 3815.38 435.827 694.418 849.364 361.991 2052.31 1419.55 632.755 1064.03 821.866 1114.84 2392.95 1585.31 1369.09 3379.55 216.215 807.642 748.443 209.231 730.972 394.972 336 153.126 758.08 397.56 335.612 614.044 360.52 238.174 584.612 291 742.823 208.042 144.683 106.541 143.158 122.346 61.9479 178.118 83.4808 309.582 219.863
internal_count=85393 61419 47016 39565 18439 23974 22283 7451 5783 7510 3442 10929 16500 5553 14403 13310 21126 12706 1909 1184 19217 2189 3603 4420 1890 10816 7500 3316 5346 4068 5583 12239 8101 7004 17028 1097 4138 3833 1093 3794 2045 1749 791 3848 2021 1705 3172 1827 1200 3021 1511 3871 1071 743 549 725 627 316 931 429 1691 1133
is_linear=0
shrinkage=0.015


Tree=13
num_leaves=63
num_cat=0
split_feature=19 0 5 25 19 9 32 32 5 16 2 23 25 7 26 21 17 26 0 18 12 0 11 21 17 11 26 19 9 32 0 17 33 23 12 0 26 32 7 23 12 26 32 16 11 19 17 23 21 32 3 32 19 10 18 2 17 32 12 10 10 17
split_gain=747.741 159.214 126.376 109.449 109.573 85.4731 59.7248 57.5306 55.2516 52.9655 62.0964 52.9653 48.7307 45.2442 40.0016 38.4126 37.4212 30.6791 33.3677 30.6555 30.4918 28.5456 27.8767 29.9045 27.3102 37.9776 25.6952 25.0655 24.2052 21.7507 21.5347 21.5167 21.2185 20.5262 21.7502 20.0063 19.9593 19.2894 19.1184 18.5145 17.7062 17.0906 16.7386 20.7267 16.501 34.9505 15.9784 16.8479 15.8905 15.1361 13.0917 12.593 12.474 11.9798 11.7388 10.8286 10.6005 9.51536 9.43257 9.28566 9.13409 12.7597
threshold=4.8131139278411874 -10.71130847930908 4.5911769866943368 0.96866971254348766 3.085900187492371 16.227734565734867 -12.875050544738768 -37.097377777099602 3.7422214746475224 -4.6975874900817862 13.005039691925051 72.86407852172853 0.54354125261306774 0.76900711655616771 0.325745239853859 44.69249343872071 1.6581935286521914 0.64393746852874767 13.074615478515627 1.7344450354576113 -0.71046689152717579 -10.127223968505858 8.3188524246215838 99.995410919189467 4.3754465579986581 39.416826248168952 0.36578160524368292 2.096820712089539 30.338199615478519 -19.977354049682614 10.266110420227053 7.2026312351226816 -86.691436767578111 19.680601119995121 -8.772211551666258 -10.71130847930908 0.40774625539779669 -28.383305549621578 0.79908975958824169 83.487304687500014 8.6143741607666033 0.57955059409141552 -14.921750545501707 -2.1742553710937496 8.3188524246215838 6.4818267822265634 2.1192708015441899 55.169185638427741 89.682098388671889 -35.142690658569329 4.5537688732147226 -28.604318618774411 2.2349637746810918 0.49112890660762792 4.9125716686248788 90.678436279296889 4.0560367107391366 -31.858134269714352 54.369834899902351 0.50139474868774425 0.51169091463089 1.5786541700363161
decision_type=2 2 2 2 2 2 2 2 2 2 2 2 2 2 2 2 2 2 2 2 2 2 2 2 2 2 2 2 2 2 2 2 2 2 2 2 2 2 2 2 2 2 2 2 2 2 2 2 2 2 2 2 2 2 2 2 2 2 2 2 2 2
left_child=1 37 7 4 12 15 22 9 13 -2 21 17 16 -7 50 38 27 18 31 52 -21 -11 33 30 29 51 -10 -3 -23 -13 -24 48 -18 41 -35 -16 -17 -1 -6 58 46 -5 43 -37 45 -20 47 -8 -4 -19 57 -26 -14 -12 -52 -53 -39 -9 -31 -51 -42 -62
right_child=2 3 11 6 5 8 40 14 26 10 53 24 19 -15 35 36 32 49 44 20 -22 28 23 -25 25 -27 -28 -29 -30 39 -32 -33 -34 34 -36 42 -38 56 -40 -41 60 -43 -44 -45 -46 -47 -48 -49 -50 59 54 55 -54 -55 -56 -57 -58 -59 -60 -61 61 -63
leaf_value=0.015097085247557691 0.010073299754061172 -0.026136910305484182 0.0083500920129959601 -0.0012438752882485886 -0.00013092251201512578 -0.0068616769431732588 0.004539924698556623 0.010161367815677039 0.0054181163022190629 0.00068441116502156413 0.0074245346012842836 -0.0024395702588683589 -0.017774113943581176 -0.0031956028113454618 0.0073840488444378112 -0.0011058513872974464 0.0050854609504074732 -0.0014737857257537343 -0.012283017531129965 -0.0064202961819787635 -0.00069747370614089716 -0.0053561335039356284 -0.0014597186928471033 -0.010038441434900989 0.0010797400638560238 -0.0079000373961589463 -0.004640726544915934 -0.012093806584554348 -0.018420218179888034 -0.0039226364004970142 0.0078545842285395011 0.013195285656689607 -0.0086924312185839743 -0.0062187964979679607 -0.0022637388893494113 0.0042620554199090397 -0.0087877855927851137 0.0020787041567252428 0.0040941400787145987 0.0077840357487451075 0.0060000638634369078 0.0061131620227869452 0.0036516146866783154 -0.0003786998937842431 0.0064863603739666606 0.0076957403062108383 -0.0055462190928880755 -0.0043209831927572464 -0.0023657201461542913 0.0075069871608776702 0.0036071473118828479 0.006039101995302572 -0.0075832417709038947 -0.0024480492912874259 -0.0070328501136698932 0.012702820133056901 0.013058563136254246 0.0051929997741640031 0.0037565394394222188 0.0030606038986872711 0.0069757391536857012 0.00062060265681228148
leaf_weight=101.45948757231236 48.496970370411873 33.693087205290794 1241.8495091050863 277.09762123227119 475.49282750487328 1272.4416068345308 151.99510711431503 115.64567326009274 188.7067274004221 33.080918848514557 55.27654442191124 252.51093412935734 59.744894206523895 1949.8721926957369 116.0641403645277 219.34134384989738 40.674557477235794 87.533776640892029 42.640317186713219 729.03722636401653 302.99089601635933 54.121897757053375 83.272461593151093 34.411149725317955 107.92763784527779 44.500900879502296 78.363927721977234 356.91273079812527 103.90240205824375 70.313383653759956 151.03019122779369 238.37862700223923 57.111239939928055 427.86738468706608 1257.8582017719746 252.8514806330204 119.81429690122604 74.350657910108566 472.89852304756641 126.37012273073196 269.77219320833683 92.729963585734367 427.61087788641453 1419.1318605840206 69.801428705453873 32.623913511633873 94.931186065077782 67.071533933281898 28.912524446845055 214.18910159170628 75.554593920707703 550.82553492486477 71.498103350400925 48.960560411214828 31.181379050016403 67.261925861239433 28.062458783388138 554.54883846640587 69.546641707420349 249.06202061474323 95.796632096171379 286.09861612319946
leaf_count=552 257 162 6599 1399 2406 6311 769 606 976 173 283 1310 292 9761 609 1100 202 456 223 3593 1504 276 425 173 568 223 393 1730 518 365 786 1301 281 2143 6341 1303 599 386 2415 658 1388 467 2211 7286 365 172 481 339 150 1123 389 2906 352 251 160 359 152 2875 362 1305 491 1472
internal_value=-3.73183e-07 -0.00263039 0.00381751 -0.00290759 -0.00404655 -0.00288775 -0.000676378 0.00172159 -0.00410636 -0.00405727 -0.00648019 0.00581235 -0.0073814 -0.00465129 0.00239284 0.000404435 -0.0113895 0.00723077 0.00826217 -0.00566908 -0.00475925 -0.0115343 -0.00198228 0.00251928 0.0033674 0.00515811 0.00239834 -0.0134703 -0.0141625 0.000669141 0.00449641 0.00892372 -0.00282406 -0.00257991 -0.00328267 0.00135439 -0.00389924 0.0104104 0.00196423 0.00366978 0.0024489 0.000583434 0.00100723 0.000318407 0.00125025 -0.00345388 -0.000433333 0.00174458 0.00809116 0.00408726 0.00532395 0.00599862 -0.0125321 0.00268736 0.000288692 0.00682709 0.00542348 0.00610032 0 0.00517211 0.00385769 0.00228187
internal_weight=16753.1 9922.4 6830.68 9718.53 6428.59 4776.93 3289.93 3336.43 3489.38 343.839 295.342 3494.25 1651.66 3222.31 2992.59 1287.55 488.392 2204.99 1654.21 1163.27 1032.03 191.105 2324.27 268.714 1289.26 770.516 267.071 390.606 158.024 518.741 234.303 1509.14 97.7858 2055.55 1685.73 2215.66 339.156 203.873 948.391 266.23 965.665 369.828 2099.59 1671.98 145.066 75.2642 313.998 219.067 1270.76 550.785 776.93 726.015 131.243 104.237 106.736 618.087 102.413 670.195 139.86 463.251 651.667 381.895
internal_count=85483 49841 35642 48751 32077 23961 16674 17197 17441 1758 1501 18445 8116 16072 15439 6520 2375 11694 8810 5741 5097 967 11734 1384 6751 4056 1369 1892 794 2695 1211 8050 483 10350 8484 11409 1699 1090 4821 1385 4940 1866 10800 8589 760 395 1589 1108 6749 2884 4030 3833 644 534 549 3265 538 3481 727 2428 3351 1963
is_linear=0
shrinkage=0.015


Tree=14
num_leaves=63
num_cat=0
split_feature=19 15 25 5 19 16 32 2 11 32 9 25 7 19 11 2 15 9 16 21 30 9 15 15 11 32 31 32 12 25 7 21 13 11 11 3 7 13 15 21 34 7 7 2 29 12 16 10 16 3 33 25 25 3 25 16 12 7 20 7 13 25
split_gain=819.415 161.163 183.98 128.749 75.4111 53.3197 76.1456 60.6034 52.6687 50.4814 41.3305 38.9071 35.8027 33.3872 30.7075 30.3839 29.9529 29.6415 28.2769 27.4739 27.7964 26.6697 33.4263 26.594 26.072 28.0888 25.3167 22.755 22.5321 21.0946 20.145 19.9125 19.7566 19.4549 18.7022 18.4479 18.3329 17.7751 16.9273 15.3036 18.8292 15.1109 15.1051 14.592 14.2134 14.2084 13.9565 14.098 11.9384 11.5069 10.37 12.1883 9.8916 9.40814 15.6335 13.307 9.28186 8.92022 9.48641 7.87007 7.67198 6.08609
threshold=4.796433925628663 -11.873332023620604 0.83377355337142955 4.6684560775756845 3.1033200025558476 -4.6975874900817862 -37.097377777099602 13.005039691925051 -10.037864208221434 -12.497984886169432 56.967870712280281 0.53564384579658519 0.83617964386940014 3.1033200025558476 8.3188524246215838 -4.25119924545288 -7.5059058666229239 27.469609260559086 12.889286994934084 59.442548751831062 0.42499999701976782 18.687569618225101 2.5868643522262578 -7.6407752037048331 -7.8746047019958487 -32.052953720092766 0.94756859540939342 -35.382921218872063 -2.9404052495956416 3.382961750030518 0.7773948907852174 85.091644287109389 1.3756270408630373 -16.934108734130856 4.3951270580291757 5.9418485164642343 0.87257474660873424 -3.2753056287765498 -0.540144383907318 90.345195770263686 -80.951515197753892 0.77461302280426036 0.56019431352615368 -0.1728907376527786 0.22780746221542361 -22.059099197387692 -3.990056991577148 0.59285959601402294 -1.1907116770744322 -12.713030338287352 -82.184116363525376 0.66743481159210216 0.54801720380783092 7.2063698768615732 1.5539214611053469 4.7899127006530771 -25.029195785522457 1.0775296092033388 6.5655095577239999 1.8662775754928591 -1.2888399362564085 1.1263342499732973
decision_type=2 2 2 2 2 2 2 2 2 2 2 2 2 2 2 2 2 2 2 2 2 2 2 2 2 2 2 2 2 2 2 2 2 2 2 2 2 2 2 2 2 2 2 2 2 2 2 2 2 2 2 2 2 2 2 2 2 2 2 2 2 2
left_child=1 8 4 5 11 52 7 17 -1 14 33 23 21 50 24 32 56 -7 27 20 -13 45 -23 44 -4 -26 31 57 30 42 -18 -16 41 -5 -34 -9 -17 -19 -11 40 49 -15 -29 -30 -3 -6 -14 -48 -21 -35 51 -10 -2 54 -40 -55 -8 58 -12 -42 -25 -37
right_child=3 2 9 10 12 6 16 35 13 38 18 19 46 15 26 36 28 37 -20 48 -22 22 -24 60 25 -27 -28 29 43 -31 -32 -33 34 39 -36 61 -38 -39 53 -41 59 -43 -44 -45 -46 -47 47 -49 -50 -51 -52 -53 -54 55 -56 -57 -58 -59 -60 -61 -62 -63
leaf_value=0.014088555207312588 0.013220306162032208 -0.010017495261418843 0.0055066249208016354 0.015723210503678118 -0.010079275113587902 -0.0012768913683209562 0 0.012507161920563135 0.0019650548636383144 -0.005521476182677113 0.0086712968390248394 -0.0090617327351478639 0.004425911648728624 0.0012215253884384682 0.0001622641031107031 -0.013393362460022373 -0.0069857517411332634 -0.0057389477609670336 0.010540686155176908 -0.017404831008420732 -0.0024666394145109092 -0.0077527194594724036 -0.0023562212390992165 -0.0078079881529666585 -0.007595757653489776 -0.0023760084180750336 -0.0093126995878828368 -0.0047256176533978164 0.0038914222112129675 -0.0026185437783689922 0.00071067396464027553 0.0085697530746862843 -0.0089331541844463701 0.0098942996331714168 0.0040480424635143258 0.0041742213996856332 0.00096208389921128819 -0.01775176709961624 0.0023511718532107013 -0.0020152570879794912 0.0095967465857384644 0.0057382168634838079 0.0052936013319627136 0.0013983231779268336 0 -0.0013006061565262782 -0.0021636356214600524 -0.0083445099751613943 -0.0088466676611149292 0.003217076025968487 -0.010328135590353683 -0.0073013162906321117 0.0062032529705547028 0.006458347821688532 -0.0028189209213585033 -0.0031827375472611016 0.0079378872129341888 -0.00488967330471996 -0.0015084150203455273 0.0025840801725904227 -0.016777781540877001 -0.0044157560671925682
leaf_weight=79.670823872089386 86.77165250480175 124.74251984059811 83.030942440032959 77.48569031059742 45.530912458896637 62.751163318753242 35.890837877988815 33.505936950445175 70.63492938876152 67.510135725140572 29.782875657081604 238.48769304156303 62.691527873277664 260.02480719983578 142.19924528896809 37.976401403546333 111.88988925516605 48.487991273403168 178.49660851061344 58.374570846557617 385.56084628403187 1160.5137741565704 346.10233025252819 37.214261889457703 258.54896318912506 2473.5041265487671 33.737711951136589 31.519457802176476 833.73659072816372 80.042713060975075 223.7219290137291 118.18939036130905 51.262800827622414 80.004149407148361 43.557399302721024 30.039197474718094 36.002754896879196 95.082201465964317 649.2041375041008 32.056351363658905 797.42198106646538 521.97449997067451 1645.4220377802849 1531.3383633643389 43.048262387514114 398.79596261680126 1096.8439460396767 90.693741366267204 169.34534703195095 258.81706309318542 47.7114417552948 53.109707698225975 135.90282009541988 185.90853580832481 160.82285214960575 35.343410924077034 247.07163190841675 74.802396342158318 52.36424508690834 45.786023780703545 214.33062729239464 40.720346868038177
leaf_count=439 459 603 425 431 227 322 187 172 354 337 154 1165 317 1339 730 191 570 245 954 285 1893 5742 1731 180 1289 12409 169 165 4300 420 1147 616 260 432 224 154 182 472 3303 166 4264 2701 8661 7902 208 1983 5488 453 831 1367 234 267 719 969 822 182 1286 390 274 243 1031 209
internal_value=6.40915e-05 -0.0027045 -0.00341799 0.00403057 -0.00553651 0.00201271 0.00152401 -0.0055077 0.00243293 -0.00116129 0.00612082 -0.00863952 -0.00429508 0.00156854 -0.00213971 0.00267791 0.00226421 -0.0102045 0.0047928 -0.00673116 -0.00503189 -0.00557016 -0.00652774 -0.0124299 -0.00262422 -0.00288066 0.00243334 0.00423847 0.00176717 0.00472862 -0.001837 0.00407179 0.00347098 0.00824996 -0.00285464 0.00366229 -0.00636828 -0.0139323 0.00159252 0.00773559 0.00801566 0.00426244 0.00509094 0.00228607 -0.00748817 -0.00227491 -0.00228765 -0.00266152 -0.0112382 0.00488656 -0.00445685 -0.00194554 0.00909776 0.00208253 0.00130181 0.00483635 0.00690979 -0.00114466 0.00212241 0.00924072 -0.015582 -0.000548436
internal_weight=16783.1 9882.2 8680.28 6900.91 4472.28 3516.91 3294.24 310.587 1201.93 4208 3384 1271.1 3201.17 1122.25 3109.21 950.799 2983.65 206.321 2092.43 851.768 624.049 1950.94 1506.62 419.336 2815.08 2732.05 294.126 1913.93 2700.69 1756.98 335.612 260.389 876.82 1291.57 94.8202 104.265 73.9792 143.57 1098.79 1214.09 1182.03 781.999 1676.94 2365.07 167.791 444.327 1250.23 1187.54 227.72 338.821 171.456 123.745 222.674 1031.28 810.027 221.252 282.962 156.95 82.1471 843.208 251.545 70.7595
internal_count=85644 49579 43388 36065 22137 18144 16966 1574 6191 21251 17921 6196 15941 5752 15638 4897 15392 1039 11018 4174 3058 9683 7473 2022 14123 13698 1515 10064 13919 9246 1717 1346 4524 6903 484 535 373 717 5613 6472 6306 4040 8826 12202 811 2210 6258 5941 1116 1799 855 621 1178 5276 4125 1151 1473 818 428 4507 1211 363
is_linear=0
shrinkage=0.015


Tree=15
num_leaves=63
num_cat=0
split_feature=19 15 25 5 19 0 0 26 10 25 5 26 12 15 19 21 26 14 11 10 0 5 7 33 6 12 9 25 27 26 27 33 10 6 7 14 12 11 0 35 6 29 27 26 17 29 10 29 10 26 11 10 26 29 26 14 19 11 10 27 29 10
split_gain=731.943 157.855 171.122 117.625 81.6933 67.0721 51.5089 47.6629 43.2613 42.8182 40.4614 36.6143 35.1026 32.1576 29.7258 28.7761 38.2409 28.1788 29.8099 24.6413 23.6302 22.6792 24.2979 22.4638 21.9441 20.9958 29.5598 39.2766 20.5808 18.5346 17.408 22.982 16.7692 16.7388 16.2053 16.198 15.7712 15.205 22.0022 15.0947 13.5313 11.8673 11.6094 11.2969 11.1177 17.9106 10.6285 10.2574 10.0171 9.69134 15.5863 9.6593 9.62642 9.40709 9.30071 9.17311 8.86303 8.86222 7.86238 14.7074 7.85454 7.39141
threshold=4.8131139278411874 -11.314528465270994 0.75124213099479686 4.4765722751617441 2.8647428750991826 -10.71130847930908 -13.340409278869627 0.325745239853859 0.41422285139560705 0.34679326415061956 1.8505154848098757 0.34658586978912359 5.9998433589935312 6.3314044475555429 3.1205519437789921 81.369396209716811 0.68097892403602611 28.70880222320557 10.749390602111818 0.5007758140563966 0.67455458641052257 4.7028937339782724 0.78579461574554454 -82.184116363525376 53.665073394775398 -25.587690353393551 27.894839286804203 0.72765797376632702 0.329186961054802 0.8626479208469392 -0.12548030167818067 57.359344482421882 0.5851101577281953 45.733945846557624 0.53656044602394115 -2.9291342496871944 -4.4787371158599845 39.416826248168952 18.692558288574222 17.428065299987797 51.762498855590827 -0.47303557395935053 0.23518163710832599 0.84648030996322643 1.5911257266998293 -0.16060660034418103 0.47122515738010412 1.4901949167251589 0.53199732303619396 0.35469084978103643 2.5482277870178227 0.56111350655555736 -0.095384489744901643 1.9830467700958254 0.67811435461044323 -0.45183967053890223 3.7023543119430546 10.035602092742922 0.45924432575702673 -0.15033189952373502 0.73570638895034801 0.48924958705902105
decision_type=2 2 2 2 2 2 2 2 2 2 2 2 2 2 2 2 2 2 2 2 2 2 2 2 2 2 2 2 2 2 2 2 2 2 2 2 2 2 2 2 2 2 2 2 2 2 2 2 2 2 2 2 2 2 2 2 2 2 2 2 2 2
left_child=1 5 4 7 19 56 54 24 10 41 -4 12 -11 29 23 16 28 18 -15 44 21 22 -16 60 47 -9 39 36 34 32 -21 -32 -10 -13 -8 -12 -28 38 46 -27 -30 -6 -29 57 45 -3 -17 58 -31 50 -22 52 -26 -37 -5 -45 -1 -18 59 -2 -7 -60
right_child=3 2 8 6 9 14 15 25 13 11 35 33 -14 17 20 37 43 -19 -20 30 49 -23 -24 -25 51 26 27 42 40 48 31 -33 -34 -35 -36 53 -38 -39 -40 -41 -42 -43 -44 55 -46 -47 -48 -49 -50 -51 -52 -53 -54 -55 -56 -57 -58 -59 61 -61 -62 -63
leaf_value=0.0044034542950032686 0.010218835472200044 -0.011342780374954353 -0.022605772124497062 0.013442443854580682 -0.019780796613885415 0.0013111621403009259 -0.00061808149084886701 -0.0084304789905262981 -0.0014469242092762619 -0.0039663795445763084 0.0027666336613495256 -0.0074586718709769096 0.0015043144169030532 0.00019682904117002253 -0.00065959553368543017 -0.0053633355237928523 0.0028467273253821863 -0.013314755777238658 0.0073303659685385412 -0.012951745558248833 0.003311232093870217 0.014834506727765968 0.0046528221904865406 -0.011378531759167683 0.009116013806554529 0.010363800386774751 -0.011015846939428192 0.00024834531579606987 0 -0.0028870253772366422 -0.003788971193620802 -0.013773387930470825 -0.0048486242871400914 -0.0041778038163831008 0.0062612371720234339 -0.0089706907061902659 -0.0025061263224348766 -0.0061148907109179794 0.0058692791803957971 0.0026036362926506154 0.01007262401859586 -0.0091093195330898009 0.0029078636309387866 0.0026273796930968525 -0.0071953353844491173 -0.020895053633105645 0.0014805870166537845 0.0012778342332614907 -0.015304682226379512 -0.0080001527499432516 -0.0067113160970885804 -0.0061964700982191758 0.00056579585589412642 0 0.0042529028683294407 -0.0053220032865519649 0.014724225764364621 0.0087837271909237315 0.01266867186330419 -0.0024941296988735063 -0.0065788638429501939 0.0068195342149940897
leaf_weight=31.449676185846329 30.867469385266304 127.72169151902199 33.643088117241859 217.6774370521307 43.834364429116249 107.44013255834579 76.608817011117935 54.333146005868912 2800.9860069006681 860.82394863665104 43.817330837249756 737.28015097975731 374.13769268989563 1369.4317693710327 302.76869395375252 66.364747911691666 501.18018743395805 29.968957498669624 144.50134052336216 120.24254578351974 90.07580754160881 34.82893730700016 512.4203877300024 63.1707913428545 34.827175661921501 94.998375296592712 56.095911517739296 905.63981340825558 33.110692515969276 32.160725310444832 253.0608614385128 67.110773101449013 373.91097639501095 748.31581409275532 1530.525606289506 130.3988144993782 405.49421185255051 44.194401517510414 260.24800033867359 156.86949189007282 490.92882825434208 83.45737986266613 638.67167635262012 61.45122042298317 57.921459019184113 91.940747901797295 197.31019082665443 90.279920548200607 34.546379432082176 51.269012749195099 53.911525905132294 34.479454413056374 178.54667761921883 33.793839812278748 36.277867183089256 62.886777564883232 97.002766713500023 66.564912989735603 67.275504574179649 49.76425775885582 35.774403214454651 390.44667540490627
leaf_count=169 163 611 164 1209 214 537 404 277 14030 4267 220 3635 1868 6983 1551 346 2626 144 764 579 458 186 2643 309 179 497 282 4660 175 161 1229 326 1866 3704 8129 649 2075 221 1376 805 2625 408 3299 319 283 439 1033 471 173 258 273 177 918 169 198 327 537 352 353 258 179 2040
internal_value=6.1353e-05 -0.00252877 -0.0032857 0.0038431 -0.00579966 0.00217115 0.00568484 0.00173059 -0.00149792 -0.0046442 -0.00767557 -0.00423138 -0.00229713 -0.00117976 0.0010894 0.00518325 0.00580603 0.000593949 0.000896376 -0.0103362 0.00212676 0.00321451 0.0026646 -0.00406251 0.00470745 0.000592533 0.000823578 0.000205282 0.00680558 -0.00202901 -0.00798248 -0.00600086 -0.00185507 -0.00582397 0.00592363 -0.00499708 -0.00361571 0.0020525 0.0027906 0.00564825 0.00944902 -0.0131493 0.00136027 0.00269572 -0.0139331 -0.0155611 -0.000212918 0.00619791 -0.00979453 -0.00251711 -0.000379181 0.0008478 0.00210271 -0.00716756 0.0122318 -0.00129508 0.0124186 0.00359753 0.00698744 0.00232066 -0.000619903 0.00776324
internal_weight=16807 9973.12 8593.01 6833.92 3565.85 1380.11 3645.33 3188.59 5027.16 2847.85 241.653 2720.56 1234.96 4785.51 1251.66 3391.37 2823.26 1543.9 1513.93 717.998 1045.27 850.018 815.189 206.385 876.487 2312.1 2257.77 2005.9 2131.17 3241.6 440.414 320.172 3174.9 1485.6 1607.13 208.01 461.59 568.117 523.923 251.868 524.04 127.292 1544.31 692.083 277.584 219.662 263.675 628.634 66.7071 195.256 143.987 247.853 213.374 164.193 253.955 124.338 128.452 567.745 538.354 80.6317 143.215 457.722
internal_count=85780 49986 42886 35794 17563 7100 19340 16454 25323 14096 1202 13474 6135 24121 6394 17933 14957 7891 7747 3467 5369 4380 4194 1025 4559 11895 11618 10316 11333 16230 2134 1555 15896 7339 8533 1038 2357 2976 2755 1302 2800 622 7959 3624 1333 1050 1379 3285 334 989 731 1274 1097 818 1407 646 706 2978 2814 421 716 2393
is_linear=0
shrinkage=0.015


end of trees

feature_importances:
Column_32=61
Column_10=55
Column_19=48
Column_0=45
Column_15=44
Column_17=42
Column_9=41
Column_13=39
Column_23=38
Column_18=37
Column_26=36
Column_2=35
Column_21=34
Column_7=32
Column_14=31
Column_6=30
Column_11=30
Column_5=29
Column_25=29
Column_1=28
Column_16=26
Column_12=24
Column_27=24
Column_33=22
Column_28=21
Column_34=21
Column_29=20
Column_20=17
Column_3=14
Column_22=14
Column_24=12
Column_31=5
Column_35=4
Column_4=2
Column_30=2

parameters:
[boosting: gbdt]
[objective: binary]
[metric: auc]
[tree_learner: serial]
[device_type: cpu]
[data_sample_strategy: bagging]
[data: ]
[valid: ]
[num_iterations: 2000]
[learning_rate: 0.015]
[num_leaves: 63]
[num_threads: 0]
[seed: 42]
[deterministic: 0]
[force_col_wise: 0]
[force_row_wise: 0]
[histogram_pool_size: -1]
[max_depth: 7]
[min_data_in_leaf: 150]
[min_sum_hessian_in_leaf: 0.001]
[bagging_fraction: 0.8]
[pos_bagging_fraction: 1]
[neg_bagging_fraction: 1]
[bagging_freq: 1]
[bagging_seed: 400]
[bagging_by_query: 0]
[feature_fraction: 0.7]
[feature_fraction_bynode: 1]
[feature_fraction_seed: 30056]
[extra_trees: 0]
[extra_seed: 12879]
[early_stopping_round: 0]
[early_stopping_min_delta: 0]
[first_metric_only: 0]
[max_delta_step: 0]
[lambda_l1: 1]
[lambda_l2: 2]
[linear_lambda: 0]
[min_gain_to_split: 0]
[drop_rate: 0.1]
[max_drop: 50]
[skip_drop: 0.5]
[xgboost_dart_mode: 0]
[uniform_drop: 0]
[drop_seed: 17869]
[top_rate: 0.2]
[other_rate: 0.1]
[min_data_per_group: 100]
[max_cat_threshold: 32]
[cat_l2: 10]
[cat_smooth: 10]
[max_cat_to_onehot: 4]
[top_k: 20]
[monotone_constraints: ]
[monotone_constraints_method: basic]
[monotone_penalty: 0]
[feature_contri: ]
[forcedsplits_filename: ]
[refit_decay_rate: 0.9]
[cegb_tradeoff: 1]
[cegb_penalty_split: 0]
[cegb_penalty_feature_lazy: ]
[cegb_penalty_feature_coupled: ]
[path_smooth: 0]
[interaction_constraints: ]
[verbosity: -1]
[saved_feature_importance_type: 0]
[use_quantized_grad: 0]
[num_grad_quant_bins: 4]
[quant_train_renew_leaf: 0]
[stochastic_rounding: 1]
[linear_tree: 0]
[max_bin: 255]
[max_bin_by_feature: ]
[min_data_in_bin: 3]
[bin_construct_sample_cnt: 200000]
[data_random_seed: 175]
[is_enable_sparse: 1]
[enable_bundle: 1]
[use_missing: 1]
[zero_as_missing: 0]
[feature_pre_filter: 0]
[pre_partition: 0]
[two_round: 0]
[header: 0]
[label_column: ]
[weight_column: ]
[group_column: ]
[ignore_column: ]
[categorical_feature: ]
[forcedbins_filename: ]
[precise_float_parser: 0]
[parser_config_file: ]
[objective_seed: 16083]
[num_class: 1]
[is_unbalance: 0]
[scale_pos_weight: 1]
[sigmoid: 1]
[boost_from_average: 1]
[reg_sqrt: 0]
[alpha: 0.9]
[fair_c: 1]
[poisson_max_delta_step: 0.7]
[tweedie_variance_power: 1.5]
[lambdarank_truncation_level: 30]
[lambdarank_norm: 1]
[label_gain: ]
[lambdarank_position_bias_regularization: 0]
[eval_at: ]
[multi_error_top_k: 1]
[auc_mu_weights: ]
[num_machines: 1]
[local_listen_port: 12400]
[time_out: 120]
[machine_list_filename: ]
[machines: ]
[gpu_platform_id: -1]
[gpu_device_id: -1]
[gpu_device_id_list: ]
[gpu_use_dp: 0]
[num_gpu: 1]

end of parameters

pandas_categorical:null
