tree
version=v4
num_class=1
num_tree_per_iteration=1
label_index=0
max_feature_idx=13
objective=binary sigmoid:1
feature_names=Column_0 Column_1 Column_2 Column_3 Column_4 Column_5 Column_6 Column_7 Column_8 Column_9 Column_10 Column_11 Column_12 Column_13
feature_infos=[0:92.800003051757812] [0:100] [0.089206069707870483:100] [10:92] [0:100] [0.085543200373649597:100] [0.089206069707870483:100] [0:100] [-22:8] [-16.965799331665039:22.296699523925781] [-34.279033660888672:94.052436828613281] [0:100] [0:100] [0:20]
tree_sizes=3367 3486 3510 3473 3475 3490 3506 3483 3501 3499 3524 3501 3508 3512 3485 3463 3514 3502 3489 3504 3512 3512 3526 3511 3525 3517 3507 3509 3493 3519 3532 3503 3516 3505 3487 3542 3488 3527 3523 3485 3515 3512 3526 3511 3496 3527 3529 3535 3546 3474 3511 3514 3515 3495 3533 3536 3531 3493 3499 3527 3507 3526 3535 3501 3540 3467 3506 3488 3493 3522 3528 3502 3521 3502 3509 3504 3508 3488 3291 3527 3506 3505 3485 3515 3507 3497 3518 3510 3363 3490 3481 3477 3507 3460 3455 3498 3492 3514 3529 3481 3487 3507 3519 3472 3513 3464 3451 3524 3486 3520 3473 3503 3519 3462 3541 3469 3511 3539 3497 3448 3481 3488 2575 3505 3472 3531 3495 3529 3508 3518 3486 3504 3495 3454 3467 3483 3439 3502 3499 3511 3495 3492 3487 3507 3486 3451 3522 3457 3490 3462 3486 3451 3482 3487 3503 3463 3470 3507 3528 3535 3475 3459 3498 3477 3457 3517 3265 3482 3451 3466 3464 3477 3440 3489 3461 3464 3469 3502 3467 3508 3488 3040 3508 3492 3509 3419 3430 3510 3483 3453 3453 3480 3431 3493 3472 3516 3460 3477 3513 3513 3470 3459 3464 3502 3491 3447 3461 3478 3455 3487 3445 3502 3507 3428 3467 3516 3464 3466 2243 3500 3474 3457 3480 3511 3440 3466 3425 3528 3448 3483 3459 3453 3482 3464 3454 3481 3499 3030 3482 3497

Tree=0
num_leaves=31
num_cat=0
split_feature=6 11 6 10 7 7 10 7 6 7 10 11 7 7 10 6 5 4 11 7 7 11 5 4 2 4 7 10 4 7
split_gain=1270.66 1005.02 518.29 436.222 346.769 314.899 284.336 233.044 208.788 184.99 155.499 131.941 280.845 275.055 109.951 103.973 103.582 87.8637 73.8684 93.7514 80.6671 83.1047 72.6375 69.7691 69.3958 99.7899 66.1117 63.3793 50.6418 103.278
threshold=86.606227874755874 69.251052856445327 23.482285499572757 4.6909906864166269 46.043565750122077 69.762519836425795 5.6272141933441171 68.936416625976577 99.693408966064467 35.942852020263679 -0.80657023191452015 30.864449501037601 20.186177253723148 22.878716468811039 3.2757411003112797 93.589080810546889 45.608633041381843 61.183130264282234 78.74444961547853 76.706653594970717 85.718479156494155 90.86985015869142 47.867774963378913 58.599813461303718 52.554931640625007 52.751367568969734 65.665817260742202 7.0411381721496591 56.993158340454109 69.762519836425795
decision_type=2 2 2 2 2 2 2 2 2 2 2 2 2 2 2 2 2 2 2 2 2 2 2 2 2 2 2 2 2 2
left_child=1 2 14 11 -5 7 8 10 15 22 -3 13 -13 -4 -1 -2 -12 -9 19 -7 21 -20 27 24 -11 -26 -6 -8 -17 -30
right_child=6 5 3 4 26 18 9 17 -10 23 16 12 -14 -15 -16 28 -18 -19 20 -21 -22 -23 -24 -25 25 -27 -28 -29 29 -31
leaf_value=-1.3796578154954424 -1.3927105329203366 -1.386369240418867 -1.3936645506369298 -1.3601019253009698 -1.3769410842227789 -1.3725083330846277 -1.3553600443909382 -1.3488513871688836 -1.4268326647070946 -1.3938529750548898 -1.364740522832423 -1.3293888493377763 -1.3872433533836943 -1.3724456519684471 -1.3721777065954877 -1.4010155596110516 -1.346276243963747 -1.3048280858536037 -1.3682714136585783 -1.3886659728756463 -1.3855809091564273 -1.342248542482444 -1.3843256731342108 -1.3682371575964742 -1.3836903780206864 -1.3167078644728898 -1.3860033076645786 -1.2907312593506775 -1.360618161134771 -1.4007057508487721
leaf_weight=15431.829840585589 5209.421052351594 249.93379496783018 1145.6854351609945 1287.4890050068498 2204.1725586727262 1146.4054971635342 33.583218738436699 100.19148025661707 277.96746348589659 602.85432692617178 853.44063862413168 102.23752520978451 40240.633952960372 2153.4266182556748 2853.9198712855577 4215.344895273447 667.87259533256292 132.60324235260487 648.40316141396761 712.17712987959385 228.46898902207613 196.56028218567371 26.513349764049053 283.0766578540206 109.73923364281654 35.542792715132236 1781.8442643359303 45.022401623427868 118.16331068426371 231.77247987687588
leaf_count=96682 32529 1043 7568 8102 12829 7541 168 508 1661 3599 4881 508 254593 10571 17531 26577 3266 563 4319 4754 2075 1290 229 1844 692 175 11650 235 525 1549
internal_value=-1.3841 -1.3824 -1.38352 -1.3854 -1.37589 -1.36716 -1.39507 -1.35646 -1.39695 -1.37849 -1.36082 -1.38655 -1.3871 -1.37982 -1.37849 -1.39609 -1.35661 -1.32356 -1.37447 -1.3787 -1.36716 -1.36218 -1.33444 -1.38302 -1.38861 -1.36698 -1.38099 -1.31769 -1.39995 -1.38713
internal_weight=83326.3 72137.3 67201.2 48915.5 5273.51 4936.06 11189 2004.04 10052.7 1136.33 1771.25 43642 40342.9 3299.11 18285.7 9774.7 1521.31 232.795 2932.02 1858.58 1073.43 844.963 105.119 1031.21 748.136 145.282 3986.02 78.6056 4565.28 349.936
internal_count=520057 450274 420034 305821 32581 30240 69783 10261 62841 6942 9190 273240 255101 18139 114213 61180 8147 1071 19979 12295 7684 5609 632 6310 4466 867 24479 403 28651 2074
is_linear=0
shrinkage=1


Tree=1
num_leaves=31
num_cat=0
split_feature=6 9 10 6 6 10 7 7 7 10 6 4 2 9 7 7 10 7 10 9 7 10 2 9 7 2 7 7 7 9
split_gain=1176.87 739.709 535.661 376.875 343.873 238.778 228.159 218.969 212.799 180.589 162.77 160.748 120.44 104.799 207.511 136.599 96.4089 91.0813 90.0572 87.091 82.8338 76.8294 183.104 59.5855 83.127 86.1297 61.4925 164.881 70.1229 57.6653
threshold=72.523471832275405 2.6139500141143803 6.0274863243103036 23.877877235412601 93.589080810546889 4.7782890796661386 35.942852020263679 72.674533843994155 46.291160583496101 -2.5692464113235469 99.693408966064467 57.497629165649421 49.021945953369148 -3.0320500135421748 22.878716468811039 20.186177253723148 2.366353034973145 13.469102859497072 7.2648968696594247 4.7590000629425058 63.42186355590821 -9.6117405891418439 50.079809188842781 2.7615000009536748 65.665817260742202 50.842672348022468 71.689678192138686 71.191276550292983 79.115924835205092 4.4084999561309823
decision_type=2 2 2 2 2 2 2 2 2 2 2 2 2 2 2 2 2 2 2 2 2 2 2 2 2 2 2 2 2 2
left_child=1 3 4 16 11 13 17 9 -7 -3 -6 21 -13 14 -5 -15 -1 -4 -19 -11 -21 22 -2 24 25 -8 27 -25 -28 -14
right_child=2 7 6 5 10 8 23 -9 -10 19 -12 12 29 15 -16 -17 -18 18 -20 20 -22 -23 -24 26 -26 -27 28 -29 -30 -31
leaf_value=0.0041447559040486501 0.067496502348351223 -0.005481776167410894 -0.016180687781863608 -0.0078683611756723941 -0.015041690433328592 0.021931483525175061 -0.0072164926749273203 0.0071108340926311492 0.0028538022709368935 0.022265964344480343 -0.042580214476662291 -0.010297009291641767 0.0096769366206429126 0.039582427786730649 0.015032142259669222 -0.0022097671018315021 0.010304935964863825 0.022946052246404686 0.07622749098514349 0.024677489875150654 0.054872398935150064 -0.0074248407606435814 -0.0025726912457555888 0.022513033465650062 -0.009186217773470182 0.016951662067433319 -0.009954302668900291 0.15625546192148282 0.024031507049037292 0.03794536089185576
leaf_weight=14528.326131477952 55.260664954781532 254.08326135575771 24.171314299106598 793.15123088657856 4612.0234187245369 958.24710267037153 265.72887581586838 1968.7242802381516 2834.7604759261012 1940.3047641515732 278.68778608739376 396.77987457811832 807.87900692969561 95.284263767302036 1242.9951576068997 31418.211960300803 3964.0450595319271 64.658546261489391 102.0977640748024 233.08515115827322 218.79460478574038 14360.286864459515 245.70700088143349 238.74399742484093 477.14023738354445 558.70424515753984 163.58251741528511 11.116670764982699 134.86671083420515 98.937190346419811
leaf_count=90771 297 1039 218 5223 29176 5919 1642 14409 17275 10091 1703 2096 5141 482 5834 199213 24535 370 567 1177 1034 90017 1518 1177 3180 3076 1179 55 1188 613
internal_value=-6.62814e-05 0.00249324 -0.00682399 0.0013799 -0.00849885 -0.000643465 0.0102851 0.0159591 0.00767895 0.022535 -0.0166191 -0.00601014 0.00576222 -0.00158474 0.00610856 -0.00208218 0.00546603 0.046637 0.055818 0.0255146 0.0393841 -0.00705761 0.0104143 0.00651085 0.00242378 0.00915393 0.0161823 0.0289711 0.0054034 0.0127996
internal_weight=83346.4 60450 22896.4 55835 20855.6 37342.7 2040.81 4614.99 3793.01 2646.27 4890.71 15964.9 1303.6 33549.6 2036.15 31513.5 18492.4 190.928 166.756 2392.18 451.88 14661.3 300.968 1849.88 1301.57 824.433 548.31 249.861 298.449 906.816
internal_count=520215 377002 143213 349252 130561 233946 12652 27750 23194 13341 30879 99682 7850 210752 11057 199695 115306 1155 937 12302 2211 91832 1815 11497 7898 4718 3599 1232 2367 5754
is_linear=0
shrinkage=0.035


Tree=2
num_leaves=31
num_cat=0
split_feature=6 11 6 10 7 10 10 6 7 11 7 10 7 10 10 6 7 5 11 4 7 7 5 2 10 7 11 7 6 6
split_gain=1137.06 839.284 481.577 360.047 273.819 261.041 206.643 192.825 140.599 134.208 129.319 116.431 192.084 131.18 90.3036 88.1404 83.7597 81.6164 79.2064 78.9295 78.5248 81.8051 58.8295 102.633 56.8946 56.2127 55.7265 74.8915 58.171 55.2516
threshold=86.606227874755874 66.894851684570327 23.482285499572757 7.2648968696594247 73.50925445556642 5.6272141933441171 -0.28298069536685938 99.693408966064467 44.598613739013679 74.006847381591811 35.942852020263679 1.6308878064155581 51.746061325073249 -6.2426600456237784 2.6346368789672856 93.973690032958999 13.469102859497072 45.409994125366218 82.75894927978517 56.545227050781257 85.718479156494155 73.705352783203139 45.549871444702156 50.894683837890632 -6.6548156738281241 79.115924835205092 28.875400543212894 20.186177253723148 9.1350073814392108 41.432065963745124
decision_type=2 2 2 2 2 2 2 2 2 2 2 2 2 2 2 2 2 2 2 2 2 2 2 2 2 2 2 2 2 2
left_child=1 2 14 11 6 7 24 15 16 -8 -7 13 -13 -4 26 -2 -5 -11 25 22 21 -20 -12 -24 -3 29 27 -1 -28 -6
right_child=5 4 3 8 18 10 9 -9 -10 17 19 12 -14 -15 -16 -17 -18 -19 20 -21 -22 -23 23 -25 -26 -27 28 -29 -30 -31
leaf_value=-0.0065073378736738704 -0.0085189749919680827 -0.018604029061903588 0.0039603251903143916 -0.010241588969212243 0.012704533519771005 0.042419602419529329 0.016984577810069148 -0.041814028422755604 0.0080009982516705842 -0.0099398787071713225 -0.017606069227764178 0.0059934974113422333 -0.0026263643869789055 -0.0038536443212540314 0.010385652917930668 -0.015268569714549669 0.035378294232215557 0.033270543822388414 -0.028882309710564266 0.013948382445627797 -0.0015644462375538687 0.029762602825813261 -0.01423566069078868 0.023114793558784472 0.0074716954431426194 -0.0092330711124067721 0.0062825887062231368 0.016941393471405428 0.0016067847561490915 -0.0013012882123030493
leaf_weight=210.15929298102856 5427.9972123503685 118.79887274652719 2886.0627605244517 55.147160351276398 590.47757638990879 103.93668668717146 1788.3226388916373 263.15940344333649 1326.5998812690377 55.202745407819748 289.53966179490089 5176.3010148257017 8154.0329434797168 29717.238673821092 3440.407715626061 4224.0615121945739 424.83156096935272 1327.2407560646534 30.989691272377968 394.5308807566762 210.07061724364758 354.81584168225527 188.20830660313368 171.35368568450212 713.31925214082003 487.51515331119299 5456.8899721577764 795.0310275927186 8107.4756794795394 826.32019260525703
leaf_count=1289 34256 558 16028 490 3925 612 10025 1661 8022 460 2065 33000 52382 186862 21150 26942 2440 6618 96 2488 1897 2557 1107 710 3401 3966 34234 4255 50971 5499
internal_value=-5.55402e-06 0.00159432 0.000407808 -0.00143187 0.0135881 -0.0104546 0.0192638 -0.0122838 0.0138906 0.0233372 0.0053415 -0.00203489 0.000720447 -0.00316165 0.00528459 -0.0114746 0.0301139 0.0315353 0.00449499 0.00161248 0.0156232 0.0249838 -0.00588258 0.00355653 0.00372625 0.00100411 0.00407906 0.0120306 0.00348862 0.00453484
internal_weight=83316 72253.3 65750.2 47740.2 6503.07 11062.8 4002.88 9915.22 1806.58 3170.77 1147.57 45933.6 13330.3 32603.3 18010 9652.06 479.979 1382.44 2500.19 1043.63 595.876 385.806 649.102 359.562 832.118 1904.31 14569.6 1005.19 13564.4 1416.8
internal_count=519966 450125 411123 299224 39002 69841 21062 62859 10952 17103 6982 288272 85382 202890 111899 61198 2930 7078 17940 6370 4550 2653 3882 1817 3959 13390 90749 5544 85205 9424
is_linear=0
shrinkage=0.035


Tree=3
num_leaves=31
num_cat=0
split_feature=9 10 7 7 10 10 7 7 2 10 7 11 7 7 11 7 7 4 2 10 7 10 9 7 7 2 2 10 7 7
split_gain=990.386 450.647 351.11 315.601 211.435 177.985 323.764 528.403 153.441 140.992 185 177.554 123.233 109.524 97.1865 226.925 208.603 82.9757 82.7912 94.3094 64.5666 63.94 62.109 122.42 79.8153 61.6916 58.6966 57.6769 57.338 53.2671
threshold=2.8396499156951909 6.3144264221191415 72.570858001708999 36.108549118041999 -1.4375951886177061 -11.258804321289061 28.417278289794925 39.775512695312507 52.04185867309571 1.6687784194946291 53.843322753906257 61.593750000000007 13.469102859497072 27.69983005523682 36.383949279785163 21.006519317626957 64.699142456054702 64.45630264282228 52.401636123657234 12.557685852050783 76.706653594970717 -1.9495523571968076 4.7590000629425058 63.42186355590821 44.598613739013679 52.506393432617195 51.149106979370124 11.422029972076418 69.762519836425795 85.718479156494155
decision_type=2 2 2 2 2 2 2 2 2 2 2 2 2 2 2 2 2 2 2 2 2 2 2 2 2 2 2 2 2 2
left_child=1 5 4 12 -2 6 -1 8 -8 14 13 -12 27 -11 16 -16 -7 20 -5 25 21 -4 -6 24 -24 -20 -9 -3 -25 -19
right_child=2 3 17 18 22 9 7 26 -10 10 11 -13 -14 -15 15 -17 -18 29 19 -21 -22 -23 23 28 -26 -27 -28 -29 -30 -31
leaf_value=-0.0046944099510944264 -0.0020357552001553851 0.062371498976862325 -0.0082505346969218313 0.0033979612622742584 0.023370781187291797 -6.4525301730232118e-05 0.11363478271393264 0.016705309919468971 0.030846254545160358 0.019276546534663881 -0.0046666730521627156 0.0053499525590126468 0.040324651448330674 0.003516565756849071 0.05141195673707169 -0.0036078138543876852 0.047457152841922617 0.019486633652005675 0.053452353302632413 0.046059052666564897 -0.0058378872139853077 0.013987945728666464 0.045898048651501544 0.064635557623418369 0.0073504890133656809 0.0088202630956533273 -0.022358170948556202 -0.016448392113226514 0.030307914230216428 8.4272487168129265e-05
leaf_weight=501.53741531074047 367.43604359775782 12.573194794356821 218.15366780012846 2963.6924191489816 1960.4860557466745 8560.2097031399608 103.24172698706388 184.18728601187468 38.605693973600864 580.20240064710379 8827.8859593868256 2872.0774409994483 502.58085562288761 7752.7798007279634 91.20985521376133 43645.666994214058 113.86722796410322 601.30683044344187 39.459324635565281 109.29466015845537 914.93060478568077 570.08557204902172 100.00189156085253 183.86283846944571 192.25179946422577 698.4194468036294 62.356454066932201 74.889103323221207 92.894397370517254 244.43639778345823
leaf_count=3452 1523 112 1681 17934 9878 48074 431 1299 210 3617 56772 17931 2880 49669 590 277542 517 4069 247 572 6216 4282 460 769 952 4289 217 669 464 2205
internal_value=-1.09542e-05 -0.00102194 0.0144168 0.00985507 0.022752 -0.00167489 0.0138744 0.037831 0.0914512 -0.00186615 0.000631028 -0.00220702 0.03366 0.00461647 -0.00282077 -0.00349198 0.000562818 0.00493656 0.00616118 0.0158072 0.000480701 0.00782221 0.026355 0.0365772 0.0206537 0.0112718 0.00675662 -0.00457566 0.0532592 0.0138926
internal_weight=83180.6 77734.7 5445.85 4400.91 2896.93 73333.8 889.929 388.391 141.847 72443.9 20032.9 11700 590.043 8332.98 52411 43736.9 8674.08 2548.91 3810.87 847.173 1703.17 788.239 2529.5 569.011 292.254 737.879 246.544 87.4623 276.757 845.743
internal_count=519523 487024 32499 26703 14046 460321 5609 2157 641 454712 127989 74703 3661 53286 326723 278132 48591 18453 23042 5108 12179 5963 12523 2645 1412 4536 1516 781 1233 6274
is_linear=0
shrinkage=0.035


Tree=4
num_leaves=31
num_cat=0
split_feature=6 9 6 4 7 6 2 11 7 4 7 6 2 9 11 7 7 4 7 7 7 5 2 4 7 7 5 5 7 7
split_gain=1069.21 718.817 485.647 238.573 235.509 185.9 173.902 166.2 118.829 108.809 95.894 94.4685 88.3814 87.3233 85.1896 147.232 116.528 76.6119 115.67 75.2429 86.1152 84.0857 68.8114 111.681 92.6211 66.3426 65.3699 76.3963 63.0439 50.4561
threshold=86.215801239013686 2.4200500249862675 23.482285499572757 56.687097549438484 73.50925445556642 99.693408966064467 49.666902542114265 77.268501281738295 50.487710952758796 51.619573593139656 73.50925445556642 68.672176361083999 50.051733016967781 4.7590000629425058 30.864449501037601 22.878716468811039 22.878716468811039 50.000158309936531 64.699142456054702 63.030187606811531 57.292371749877937 45.419452667236335 50.459417343139656 59.102712631225593 53.843322753906257 85.718479156494155 46.023597717285163 45.596515655517585 74.040325164794936 79.115924835205092
decision_type=2 2 2 2 2 2 2 2 2 2 2 2 2 2 2 2 2 2 2 2 2 2 2 2 2 2 2 2 2 2
left_child=1 2 -1 5 7 8 26 -3 9 12 22 14 -2 29 15 -4 -16 18 -10 20 -9 -21 23 -8 -24 28 27 -5 -15 -6
right_child=3 4 11 6 13 -7 10 19 17 -11 -12 -13 -14 25 16 -17 -18 -19 -20 21 -22 -23 24 -25 -26 -27 -28 -29 -30 -31
leaf_value=0.0054317714601219503 0.026564199957615626 0.013395439448901529 -0.0061055632928820576 -0.0092621627085882809 0.0039957260037789171 -0.04128059985003546 0.015883650380935848 0.029770125280403653 -0.01225925777939068 0.0097598817721617267 -0.0050894694712502412 -0.003829627777436507 -0.0095219248687712036 -0.009483050241621797 0.021087541593367787 0.011804317118333591 -0.0010443010063975672 -0.017170865002383219 0.02150531975209 -0.014790192837501877 0.00016801653893968753 0.040164476993514317 0.045172573915917044 0.067337667750828792 0.0031209084055202393 0.00052553992656116438 -0.033437896460841922 0.048336556341094537 0.0312976995771738 -0.0089792227228996119
leaf_weight=18043.928011566401 83.763464130461216 2891.7760917916894 842.12235247343779 353.1417575404048 1443.7466919347644 254.14753974974155 125.77258698642254 334.62401028722525 546.59469527751207 414.737160615623 230.59354127943516 13206.977821007371 4781.5924648866057 53.903422892093658 293.34165020287037 1686.5091656893492 31317.302070170641 3766.235094383359 159.93133118748665 35.549970656633377 188.53736405819654 607.33822122961283 81.568203926086426 88.299036838114262 292.93257986009121 210.1926297545433 129.13569039106369 29.834506750106812 310.6711224168539 491.35801488906145
leaf_count=112003 373 15311 5756 2443 9539 1641 815 1579 3598 2385 2017 82902 30366 247 2023 8125 198402 24744 847 310 868 2813 359 462 1543 1900 322 138 2199 4016
internal_value=8.05132e-05 0.00165469 0.000545873 -0.00990871 0.0126919 -0.0117606 0.0040048 0.0179043 -0.0109873 -0.00742708 0.0140054 -0.00131608 -0.00889495 0.00425913 -0.000343432 0.00583689 -0.000838171 -0.0151864 -0.00459063 0.0290632 0.019132 0.0371002 0.0214952 0.0373114 0.0123754 0.0162283 -0.0119753 -0.00466548 0.0252414 0.000695187
internal_weight=83296.2 71957.9 65390.2 11338.3 6567.7 10007 1331.28 4057.83 9752.85 5280.09 819.166 47346.3 4865.36 2509.87 34139.3 2528.63 31610.6 4472.76 706.526 1166.05 523.161 642.888 588.572 214.072 374.501 574.767 512.112 382.976 364.575 1935.1
internal_count=520046 447993 409211 72053 38782 63954 8099 20881 62313 33124 5196 297208 30739 17901 214306 13881 200425 29189 4445 5570 2447 3123 3179 1277 1902 4346 2903 2581 2446 13555
is_linear=0
shrinkage=0.035


Tree=5
num_leaves=31
num_cat=0
split_feature=6 9 6 10 10 10 7 6 7 7 9 7 7 7 5 11 9 7 10 10 7 7 7 10 7 9 7 7 11 2
split_gain=956.233 659.28 415.128 284.265 225.808 223.495 235.358 192.195 140.96 136.008 119.318 223.733 221.563 112.591 84.3832 78.8971 78.5663 157.548 155.125 104.969 131.324 77.9934 77.6399 66.9706 66.9319 65.7072 91.0494 83.8819 55.8574 52.6416
threshold=86.215801239013686 2.1640499830245976 23.877877235412601 7.2648968696594247 5.6272141933441171 -1.2689077258110044 69.86682510375978 99.693408966064467 36.108549118041999 44.598613739013679 -2.6604499816894527 22.878716468811039 21.560606956481937 68.936416625976577 45.608633041381843 68.24444961547853 2.1182500123977666 69.86682510375978 0.38728898763656622 -6.4425158500671378 33.602645874023445 50.487710952758796 43.856449127197273 3.2757411003112797 40.298776626586921 5.2697000503540048 76.706653594970717 87.417869567871108 67.773700714111342 52.554931640625007
decision_type=2 2 2 2 2 2 2 2 2 2 2 2 2 2 2 2 2 2 2 2 2 2 2 2 2 2 2 2 2 2
left_child=1 2 23 10 7 24 13 16 -6 22 11 -4 -12 14 -7 -15 19 18 -18 20 -2 -21 -5 -1 -3 26 -8 -27 29 -10
right_child=4 5 3 9 8 6 25 -9 28 -11 12 -13 -14 15 -16 -17 17 -19 -20 21 -22 -23 -24 -25 -26 27 -28 -29 -30 -31
leaf_value=0.0040049690428588733 -0.013991077777174931 0.041698782618286495 -0.0084423040830478788 0.026536077969181279 0.040510316322709766 0.01257228622203852 0.0098427935792714735 -0.04121184379579728 -0.0092762322694180024 0.0066596858009941228 0.03140971387980649 0.010290077663995164 -0.0026388438087283084 0.014966673186696488 0.025048764302876159 0.046841329268268249 -0.013169883254638484 -0.012500395120179246 0.034770792639813058 -0.0091329916951869358 0.022010776472703598 -0.015901127394781833 0.11310913287984989 0.010016640472142487 -0.0020013945399906113 0.029899316358523092 -0.0033715690917667939 -0.0029362965311497402 0.012747023902100843 0.013989727185865174
leaf_weight=15371.790560208261 242.63955646008253 43.361591048538685 1153.2972626462579 443.8872257322073 122.29575651139021 1526.9999390617013 1909.089119374752 252.39881977438927 579.23261353373528 1204.9936157315969 234.65448228269815 2414.3225110769272 40502.130171984434 139.74924260377884 1184.1428101733327 309.26414375752211 128.29525903612375 528.50647980719805 229.1732868924737 4593.8864159733057 252.27500006556511 3840.1048546731472 12.415737628936766 2665.8435185104609 1536.9066328927875 310.2430132329464 958.21141334623098 136.67830439656973 335.38489164412022 148.98572400957346
leaf_count=95619 1520 202 7790 2706 699 8528 12287 1661 3535 7250 1299 11761 258189 740 5716 1296 512 3665 1168 29291 1215 25801 41 16031 8934 1922 6662 1236 2089 852
internal_value=0.000100447 0.00158238 0.000394569 -0.00137107 -0.00938768 0.011019 0.0138991 -0.0110895 0.00505094 0.0128388 -0.00190429 0.004232 -0.00244193 0.0207335 0.01803 0.0369806 -0.0103108 -0.00036126 0.0175544 -0.0112972 0.00435209 -0.0122167 0.0291008 0.00489425 -0.000777369 0.00737689 0.00542459 0.0198545 0.000939776 -0.00449653
internal_weight=83311.2 72058 64003.3 45965.7 11253.2 8054.65 6474.38 10067.3 1185.9 1661.3 44304.4 3567.62 40736.8 3160.16 2711.14 449.013 9814.88 885.975 357.469 8928.91 494.915 8433.99 456.303 18037.6 1580.27 3314.22 2867.3 446.921 1063.6 728.218
internal_count=520217 448209 400686 289036 72008 47523 38387 64833 7175 9997 279039 19551 259488 16280 14244 2036 63172 5345 1680 57827 2735 55092 2747 111650 9136 22107 18949 3158 6476 4387
is_linear=0
shrinkage=0.035


Tree=6
num_leaves=31
num_cat=0
split_feature=6 10 10 6 6 7 4 7 6 9 7 7 11 11 7 10 7 9 7 7 5 0 10 5 5 5 5 2 10 5
split_gain=934.95 456.446 445.49 342.529 254.315 184.763 151.701 146.852 144.428 129.982 127.418 180.988 105.987 84.1273 81.0552 80.1443 145.041 77.942 136.235 87.8008 74.1067 58.3545 57.6662 55.5831 54.9881 120.698 134.526 94.7694 63.6421 53.7075
threshold=66.632598876953139 4.9617679119110116 6.0274863243103036 93.589080810546889 23.482285499572757 35.942852020263679 57.157743453979499 46.291160583496101 99.693408966064467 2.8396499156951909 69.762519836425795 67.301731109619155 74.006847381591811 76.063098907470717 83.923740386962905 -8.4042339324951154 28.417278289794925 -3.0320500135421748 22.878716468811039 21.560606956481937 46.620765686035163 26.400000572204593 7.2648968696594247 67.966215133667006 45.447542190551765 45.745761871337898 45.661050796508796 50.36027908325196 8.8588023185729998 50.078926086425788
decision_type=2 2 2 2 2 2 2 2 2 2 2 2 2 2 2 2 2 2 2 2 2 2 2 2 2 2 2 2 2 2
left_child=1 4 3 6 13 20 15 -3 -5 17 11 -8 -9 23 -14 16 -2 18 -6 -19 22 -17 -4 -1 27 26 -26 28 -7 -27
right_child=2 7 5 8 9 24 10 12 -10 -11 -12 -13 14 -15 -16 21 -18 19 -20 -21 -22 -23 -24 -25 25 29 -28 -29 -30 -31
leaf_value=0.0047181261443075559 -0.0096826155764495291 0.021182632227269908 0.022876858372028647 -0.013879793794303564 -0.0062408329676294323 -0.007520104656181051 0.0060181471234742791 0.0058275998438255339 -0.041371251440298566 0.0099251159236432313 -0.0034316526479852422 0.045178501373414684 0.022776802709642968 0.022165010563720344 -0.0040301574550761316 -0.0064903508358843971 0.026200706983322032 0.020656523700100817 0.013532892179982797 -0.0016518458201330011 0.0095846226708693975 0.0087675021565595153 0.065788177673777398 -0.0060821295978420375 0.016018211709189736 -0.0070351764922478221 0.10491106741070579 -0.016334883160199196 0.032429932180945399 0.010063945759409627
leaf_weight=16906.244984932244 290.47821459174156 1423.4603003934026 62.289243325591087 4460.7792009338737 687.79734576493502 87.690085120499134 636.2416575551033 3956.2044269815087 246.85144699364901 1386.3645405098796 1051.9220210015774 186.6414607539773 858.52211257070303 330.14215576648712 163.87489318102598 17499.756498813629 261.23588138073683 216.9532111287117 1120.978522002697 28183.641052111983 82.353578686714172 311.49395631253719 107.27313106507063 603.38158669322729 778.86322766542435 554.04318801313639 20.698832243680954 318.46516136825085 108.131806217134 377.72869221866131
leaf_count=104419 1868 8177 314 29174 4587 792 3192 23993 1681 7794 6909 944 4874 1786 1467 111766 1374 1237 5153 179412 620 1627 505 3358 4079 2139 72 2857 952 2904
internal_value=-0.000125038 0.00247469 -0.00541482 -0.00682603 0.00133566 0.00867521 -0.00484708 0.0112677 -0.0153296 -0.000550474 0.00463294 0.014944 0.00842848 0.00467643 0.0184734 -0.0058155 0.00730876 -0.0010317 0.00601052 -0.00148061 0.0370543 -0.00622274 0.0502471 0.00434529 0.00547644 0.00846202 0.0184308 -0.00455838 0.0145467 -9.32127e-05
internal_weight=83280.5 55837.6 27442.9 24945.4 49435.5 2497.54 20237.8 6402.06 4707.63 31595.7 1874.81 822.883 4978.6 17839.8 1022.4 18363 551.714 30209.4 1808.78 28400.6 251.916 17811.3 169.562 17509.6 2245.62 1731.33 799.562 514.287 195.822 931.772
internal_count=520026 346257 173769 158535 307746 15234 127680 38511 30855 198183 11045 4136 30334 109563 6341 116635 3242 190389 9740 180649 1439 113393 819 107777 13795 9194 4151 4601 1744 5043
is_linear=0
shrinkage=0.035


Tree=7
num_leaves=31
num_cat=0
split_feature=6 9 6 6 7 7 4 7 7 7 11 4 7 0 6 11 5 5 9 7 4 7 11 7 7 6 4 6 4 6
split_gain=872.362 597.124 362.663 206.315 205.523 199.827 182.747 125.083 119.605 96.2423 108.416 90.7762 84.5552 80.362 93.0191 74.5438 72.4557 223.347 68.0499 84.0235 64.0076 107.25 61.3224 59.0247 52.0064 48.7305 45.3356 42.4831 38.073 37.6427
threshold=86.215801239013686 2.4200500249862675 23.482285499572757 99.693408966064467 69.762519836425795 68.936416625976577 56.687097549438484 69.762519836425795 50.487710952758796 66.947052001953139 77.268501281738295 51.619573593139656 53.843322753906257 28.000000000000004 57.937923431396491 74.006847381591811 45.608633041381843 45.764883041381843 4.7590000629425058 76.706653594970717 50.000158309936531 64.699142456054702 28.875400543212894 85.718479156494155 53.114164352416999 9.1350073814392108 67.195690155029311 93.214572906494155 43.393346786499031 52.76214790344239
decision_type=2 2 2 2 2 2 2 2 2 2 2 2 2 2 2 2 2 2 2 2 2 2 2 2 2 2 2 2 2 2
left_child=1 2 25 6 5 16 8 9 11 12 -11 28 -8 14 22 -7 29 -18 19 -6 21 -10 -4 26 -16 -1 -20 -22 -2 -3
right_child=3 4 13 -5 18 15 7 -9 20 10 -12 -13 -14 -15 24 -17 17 -19 23 -21 27 -23 -24 -25 -26 -27 -28 -29 -30 -31
leaf_value=0.0068677417729174012 -0.0022915575090393715 0.013835494429629358 0.0067484849981779109 -0.040338467739737892 0.0079164421605186358 0.028018017974982216 0.034068613317296374 -0.0055620823729173319 -0.012169978317914535 0.024952953912604534 0.098546225024254946 0.0093463831321271389 -0.0025469589175534549 0.0071555051945574365 -0.0016225816039956253 0.060463314720775964 0.050010185217892557 0.01305488015176187 0.0089050982235705043 -0.0043122348814046436 -0.012388348704866183 0.020253144991454058 -0.00047729089810329665 0 -0.0051731746731445418 0.0031547865445998064 0.030470023038294613 -0.019961438165785227 -0.0096035618608353943 0.0017778499365085553
leaf_weight=7121.9140537679195 1154.7961823195219 906.48631650954485 1529.7764180749655 252.57582918554544 2019.0003777891397 193.06897981464863 102.69381614774466 761.6014845892787 535.84083404392004 140.02590043842793 29.350892372429371 408.13245493173599 303.29468319565058 1366.6770478114486 11300.935074970126 162.76401555538177 259.65962535142899 876.41373328119516 196.682542771101 1042.6724555268884 1817.5077043473721 162.03901400417089 23978.000106595457 207.33101096749306 9153.6790706068277 11081.851899012923 311.16210833191872 1841.172174282372 3607.8030194342136 490.23390130698681
leaf_count=43785 6662 4819 8386 1765 12704 942 484 5402 3585 732 110 2373 1310 6968 70968 595 1038 4003 1263 7016 12206 849 152583 1873 58796 68168 1842 12466 23936 2604
internal_value=1.96226e-05 0.00142508 0.000409772 -0.00910691 0.0114049 0.0184326 -0.00837727 0.00373467 -0.0100778 0.0160434 0.0381502 -0.0064742 0.00674644 -0.00120487 -0.00145374 0.042981 0.0149686 0.0215367 0.00602534 0.00374956 -0.0143514 -0.00461714 -4.34674e-05 0.0157431 -0.003212 0.00460804 0.0221591 -0.0162048 -0.00783276 0.00961184
internal_weight=83315.1 72198.3 65532.8 11116.8 6665.48 2888.63 10864.3 1336.97 9527.29 575.365 169.377 5170.73 405.988 47329.1 45962.4 355.833 2532.79 1136.07 3776.85 3061.67 4356.56 697.88 25507.8 715.176 20454.6 18203.8 507.845 3658.68 4762.6 1396.72
internal_count=520233 448353 409654 71880 38699 14001 70115 8038 62077 2636 842 32971 1794 297701 290733 1537 12464 5041 24698 19720 29106 4434 160969 4978 129764 111953 3105 24672 30598 7423
is_linear=0
shrinkage=0.035


Tree=8
num_leaves=31
num_cat=0
split_feature=6 10 6 7 6 10 9 7 7 7 11 10 2 4 7 10 4 7 11 7 7 6 7 5 5 10 2 9 4 10
split_gain=827.855 592.087 339.858 213.3 195.297 185.526 173.537 115.681 157.586 114.883 106.108 99.2653 133.654 86.6706 113.607 107.972 86.2399 122.433 82.8841 82.8827 91.1799 68.7981 65.2566 63.5702 58.9405 58.0088 55.4147 52.8451 52.446 51.7358
threshold=86.606227874755874 4.9617679119110116 29.924695014953617 46.291160583496101 99.693408966064467 5.7537951469421396 2.4200500249862675 69.762519836425795 67.301731109619155 39.231353759765632 74.006847381591811 -8.4042339324951154 50.079681396484382 56.687097549438484 69.762519836425795 0.38728898763656622 43.534467697143562 35.319665908813484 71.000350952148452 71.901817321777358 68.936416625976577 69.05271148681642 73.829555511474624 50.080970764160163 47.867774963378913 -11.258804321289061 48.208747863769538 1.7788500189781191 56.545227050781257 8.4382386207580584
decision_type=2 2 2 2 2 2 2 2 2 2 2 2 2 2 2 2 2 2 2 2 2 2 2 2 2 2 2 2 2 2
left_child=1 2 18 29 5 13 11 8 -8 24 22 12 -4 16 15 -15 17 -2 23 20 -12 -13 27 25 -7 -1 -18 -5 -11 -3
right_child=4 3 6 10 -6 9 7 -9 -10 28 19 21 -14 14 -16 -17 26 -19 -20 -21 -22 -23 -24 -25 -26 -27 -28 -29 -30 -31
leaf_value=0.019485024026062277 -0.0080924724628017291 0.016218198976463045 0.02788275341987935 0.0036496844056641423 -0.040022192613064923 0.046240421438415426 0.0084088289551643089 0.0010757690170325014 0.040708867207970297 -0.006209406114043481 0.015177694394199338 -0.0017112778428374888 0.0008338354195134497 -0.011607102420540574 -0.0098910825773203502 0.029173106869292132 -0.030381930536603239 0.019842002546939443 0.014527877933686241 0.0073109529600936954 0.04263969276529004 -0.0049709032477734862 -0.0064121381272092166 -0.0037431292651405219 -0.0045728311821539563 0.0034325201157252893 -0.011961540516397071 0.01162398070245196 0.010615956159239425 0.028655398305190077
leaf_weight=279.05883238464594 904.00935156643391 1262.7030116543174 295.90375196188688 3354.7062742859125 244.65091437101364 112.32280805706978 792.93718552589417 1669.7130477204919 241.17462334036827 550.42188895493746 439.02855141460896 25865.424616791308 913.04458092153072 118.2406330704689 527.67856076359749 238.71444711089134 205.94349451363087 243.1847342774272 811.14764165133238 710.78526718914509 224.99007125943899 11447.77205272764 572.42359501868486 1528.7628780081868 36.644581831991673 20059.098627723753 7161.9311557933688 1464.2999914139509 384.87262964993715 614.25947088748217
leaf_count=1672 5488 7375 1615 19870 1752 528 3743 10418 1169 3329 2204 163759 5506 490 3660 1182 977 1062 4409 5354 926 72756 4630 10497 300 122666 48615 8052 2384 3376
internal_value=-7.57917e-05 0.00126614 0.000103129 0.0098633 -0.00915003 -0.00842594 -0.00178984 0.0067795 0.0159742 0.00527541 0.00696432 -0.00239162 0.00747421 -0.0100075 0.000411593 0.0156494 -0.0110907 -0.00215506 0.00354456 0.0156437 0.0245333 -0.00271161 0.0047478 0.0031363 0.0337364 0.00365388 -0.0124806 0.00607573 0.000709889 0.0203026
internal_weight=83275.8 72547.2 63904 8643.2 10728.6 10484 41226 2703.82 1034.11 1084.26 6766.23 38522.1 1208.95 9399.7 884.634 356.955 8515.07 1147.19 22678.1 1374.8 664.019 37313.2 5391.43 21866.9 148.967 20338.2 7367.87 4819.01 935.295 1876.96
internal_count=519764 449997 398210 51787 69767 68015 258966 15330 4912 6541 41036 243636 7121 61474 5332 1672 56142 6550 139244 8484 3130 236515 32552 134835 828 124338 49592 27922 5713 10751
is_linear=0
shrinkage=0.035


Tree=9
num_leaves=31
num_cat=0
split_feature=6 10 10 6 6 7 7 9 6 9 9 7 9 7 7 4 7 10 7 7 11 10 7 10 7 7 11 10 7 10
split_gain=751.375 428.146 336.315 241.626 224.907 159.169 151.952 125.973 118.062 106.282 104.29 100.933 78.4801 168.585 121.882 64.7234 77.481 57.7839 56.8196 55.8576 55.516 54.4204 79.0966 53.3287 67.933 53.1197 97.1858 53.0524 138.175 51.8761
threshold=71.735794067382827 4.8704793453216562 4.5968675613403329 93.973690032958999 23.482285499572757 51.203086853027351 46.291160583496101 2.8396499156951909 99.693408966064467 2.6139500141143803 1.8105500340461733 74.912715911865249 -3.0320500135421748 22.878716468811039 20.186177253723148 56.993158340454109 74.670307159423842 1.1894266605377199 43.856449127197273 44.196378707885749 76.063098907470717 7.775179624557496 18.460414886474613 -1.4375951886177061 79.115924835205092 65.665817260742202 54.659549713134773 -6.2426600456237784 28.017315864562992 9.9290294647216815
decision_type=2 2 2 2 2 2 2 2 2 2 2 2 2 2 2 2 2 2 2 2 2 2 2 2 2 2 2 2 2 2
left_child=1 4 3 15 20 29 18 12 -5 25 -8 -12 13 -6 -14 27 17 -17 21 -20 -1 -3 -23 -9 -25 26 -7 28 -2 -4
right_child=2 6 5 8 7 9 10 23 -10 -11 11 -13 14 -15 -16 16 -18 -19 19 -21 -22 22 -24 24 -26 -27 -28 -29 -30 -31
leaf_value=0.0039325117100298635 -0.013650112233472527 0.01208265310324802 0.01346601398889361 -0.013303848936590923 -0.0073675089156121166 -0.011973418406529421 0.0028795237355312689 -0.0006413537308142418 -0.039900228304117671 0.010984972659479031 0.016458907123195095 0.00095592708640096816 0.036206721638405638 0.013335917346057786 -0.001627781582829132 -0.0012459956751004681 -0.010904965453563044 0.01582132107186425 0.081974072410883475 0.028342601798601898 0.018298640048572644 -0.0092236081706391221 0.030560259606555201 0.017155648897309798 -0.0074477420204444216 -0.011115690485994787 0.01090528053029154 -0.0063915196070307963 0.014020087056813801 0.035868718823524701
leaf_weight=17534.204018108547 381.07212026417255 890.91285990178585 767.51880587637424 3833.2097204476595 770.55865783244371 396.26313418149948 2996.3268416523933 472.1348861604929 215.77237203717232 773.86200202256441 1966.3611402362585 698.08470638096333 103.83765376359224 1281.8316112309694 31410.482357017696 474.53265782445669 394.67657187581062 495.51040609180927 31.399112358689308 101.08170982450247 335.39247849583626 68.780146956443787 516.25034053623676 912.37167729437351 160.94109353423119 814.29765717685223 531.47622701525688 13202.571034014225 524.01786923408508 152.17023207247257
leaf_count=107350 2395 5262 4748 25697 5116 2348 17989 2746 1605 4834 10298 5758 485 5804 200456 2520 2731 2814 114 457 1753 585 2678 4653 1134 5475 2852 85711 2768 911
internal_value=4.68524e-05 0.00209994 -0.00534109 -0.00711838 0.00100687 0.00475491 0.0100649 -0.000619769 -0.0147305 0.000195767 0.00736363 0.0124013 -0.00106988 0.00555968 -0.00150198 -0.00512525 0.00214817 0.00747085 0.019559 0.041522 0.00420335 0.0175614 0.0258648 0.00914739 0.0134571 -0.00459593 0.00112372 -0.00582942 0.00236055 0.0172083
internal_weight=83207.9 60251 22957 19521.4 52981.8 3435.59 7269.2 35112.2 4048.98 2515.9 5660.77 2664.45 33566.7 2052.39 31514.3 15472.4 1364.72 970.043 1608.42 132.481 17869.6 1475.94 585.03 1545.45 1073.31 1742.04 927.739 14107.7 905.09 919.689
internal_count=520047 372638 147409 126241 329497 21168 43141 220394 27302 15509 34045 16056 211861 10920 200941 98939 8065 5334 9096 571 109103 8525 3263 8533 5787 10675 5200 90874 5163 5659
is_linear=0
shrinkage=0.035


Tree=10
num_leaves=31
num_cat=0
split_feature=6 9 10 6 6 10 7 7 6 4 10 7 9 10 7 10 7 5 7 7 9 10 0 10 10 5 6 10 5 10
split_gain=695.615 348.238 341.81 260.722 210.712 159.937 143.087 133.897 127.834 115.904 99.1997 127.134 88.4571 80.6984 99.4082 73.4313 128.445 72.7797 72.5074 144.277 61.2262 57.3709 55.6465 49.8354 47.6221 54.848 49.5891 47.1434 127.028 45.1765
threshold=69.05271148681642 1.8438000082969668 6.0274863243103036 93.589080810546889 25.916258811950687 -1.5605226159095762 75.460590362548842 43.479909896850593 99.693408966064467 58.129676818847663 1.6687784194946291 51.203086853027351 3.7585500478744511 -6.2426600456237784 28.017315864562992 -8.4042339324951154 28.017315864562992 47.867774963378913 69.762519836425795 67.301731109619155 -3.2763500213623042 3.9650403261184697 26.400000572204593 3.1607775688171391 -11.258804321289061 46.484361648559577 9.9281678199768084 -8.9486303329467756 46.036748886108406 9.343633174896242
decision_type=2 2 2 2 2 2 2 2 2 2 2 2 2 2 2 2 2 2 2 2 2 2 2 2 2 2 2 2 2 2
left_child=1 4 3 9 23 -3 12 17 27 15 13 21 -7 14 -6 16 -2 29 19 -11 -15 -12 -17 24 25 -1 -26 28 -5 -4
right_child=2 5 7 8 10 6 -8 -9 -10 18 11 -13 -14 20 -16 22 -18 -19 -20 -21 -22 -23 -24 -25 26 -27 -28 -29 -30 -31
leaf_value=0.034280018695935326 -0.0093962524664083103 -0.0014457611016619354 0.025881380813898989 0.060278307497300135 -0.0049280269529486491 0.011164356068962024 0.00092593901462551355 0.0040085318085342839 -0.039610272301751119 0.0049379191861598183 0.0036271229107867516 -0.0012797281880899767 0.022091346788790444 0.0073021416501903372 0.01100698111084809 -0.0058476386445111168 0.026122846488730124 0.0024928744236580218 -0.0016432912354663405 0.045445399565860918 -0.0032435952414500914 0.012493006837511091 0.010042807294805934 0.0080928172366706574 0.0052284140275634479 0.0017301460644523333 0.0012429415685756746 -0.012997976465905484 -0.018363909276368065 0.056157318443303073
leaf_weight=126.86223795264959 252.88677088171244 1574.5863900333643 188.93012544512749 38.891682267189026 806.16762121766806 4298.5757987871766 1398.4097147583961 1961.0632731616497 222.35969089716673 452.93333573639393 2279.7493431046605 5372.6740569546819 1154.073003359139 698.32909908890724 1180.1270932257175 16079.896955877542 244.33750957250595 112.3399760350585 772.911447301507 140.83409251272678 18829.263840764761 1474.7029896825552 273.55282737314701 2822.9090669006109 6315.3892027437687 127.13641615957022 9711.7695120796561 4215.5169114470482 67.855939075350761 91.390414826571941
leaf_count=630 1668 8943 951 246 4816 24009 10343 11978 1695 2193 14454 34227 5256 3696 6037 104128 1260 852 5080 635 120708 9133 1434 16830 38707 887 60078 28464 411 437
internal_value=-7.31505e-05 0.00202854 -0.00494108 -0.00625426 0.000913817 0.00860831 0.01092 0.00775311 -0.0137541 -0.0043824 -0.000884659 0.00217231 0.0134813 -0.00218192 0.00453662 -0.0051777 0.00805781 0.0263907 0.00541557 0.0146058 -0.00286583 0.00711332 -0.00558092 0.00379868 0.00305334 0.0180716 0.00281401 -0.0124152 0.0104582 0.0359086
internal_weight=83286.4 58170.7 25115.7 22762 49745.1 8425.64 6851.06 2353.72 4544.62 18217.4 30641 9127.13 5452.65 21513.9 1986.29 16850.7 497.224 392.661 1366.68 593.767 19527.6 3754.45 16353.4 19104.1 16281.2 253.999 16027.2 4322.26 106.748 280.321
internal_count=520186 358754 161432 147214 310203 48551 39608 14218 30816 116398 193071 57814 29265 135257 10853 108490 2928 2240 7908 2828 124404 23587 105562 117132 100302 1517 98785 29121 657 1388
is_linear=0
shrinkage=0.035


Tree=11
num_leaves=31
num_cat=0
split_feature=6 10 6 7 6 10 9 9 7 7 7 7 7 10 2 10 7 7 11 6 10 7 10 7 7 4 5 7 10 11
split_gain=677.597 494.125 299.983 188.765 186.203 158.86 149.885 99.72 94.8353 105.335 87.0765 126.126 85.1088 80.8402 111.587 80.1637 76.4188 99.3952 71.3039 68.0709 62.4921 60.8404 59.1052 103.134 64.6139 49.4686 66.4992 48.9119 67.3184 46.3511
threshold=86.215801239013686 4.7782890796661386 24.689868927001957 46.291160583496101 99.693408966064467 5.6272141933441171 2.6139500141143803 3.0151000022888188 71.837898254394545 68.936416625976577 69.762519836425795 66.947052001953139 35.942852020263679 -8.4042339324951154 50.079809188842781 0.90706148743629467 43.856449127197273 44.196378707885749 62.89435005187989 93.589080810546889 -1.9495523571968076 79.115924835205092 8.8588023185729998 18.460414886474613 32.421426773071296 56.545227050781257 45.549871444702156 73.705352783203139 7.775179624557496 27.185600280761722
decision_type=2 2 2 2 2 2 2 2 2 2 2 2 2 2 2 2 2 2 2 2 2 2 2 2 2 2 2 2 2 2
left_child=1 2 18 16 5 19 13 27 9 -9 11 -8 -7 14 -4 -15 22 -18 29 -2 -20 -22 24 -24 -3 26 -14 28 -5 -1
right_child=4 3 6 7 -6 12 10 8 -10 -11 -12 -13 25 15 -16 -17 17 -19 20 -21 21 -23 23 -25 -26 -27 -28 -29 -30 -31
leaf_value=0.010736012313726057 -0.0063222268006527292 0.024778881970072414 0.023858654128536737 0.0021318412793723922 -0.039315108151908931 0.032165462170918695 0.00816253378420243 0.012656275082100195 0.0049868894604021821 0.037842339185177404 0.001809295634732841 0.038570786017218618 -0.017301165787100087 -0.0033560586937071688 0.00060139580933646017 -6.4284682292728985e-05 0.089379087791446918 0.02541519836406891 -0.00045797062981940424 -0.012297587687363901 0.015948363368066671 -0.010999092864555087 -0.011209959717839797 0.032584156607369352 0.0076222576641554228 0.010734461906208729 0.0053284841890910515 -0.0058015422066883468 0.011137294360475411 0.0026293129760871429
leaf_weight=913.42913509905338 5224.0859383940697 368.92804633826017 338.00709612667561 3343.6106404513121 229.42186734825373 122.11875403672457 697.39029659330845 610.67612273991108 876.43952054530382 306.33205798268318 1513.6246209144592 219.62550297379494 284.87441056966782 26838.119579233229 997.31848369538784 13689.54201669991 39.002033784985542 124.85593374073505 502.26479230821133 4239.8147484362125 1326.6191854774952 110.36974699050188 76.603196166455746 445.69031274318695 998.76586923748255 419.49881341308355 357.66859329491854 588.91529344022274 1462.5149509906769 15979.729330576956
leaf_count=4946 34209 2285 1797 19328 1779 634 3103 2983 6575 1256 9342 1022 2082 167741 5970 90087 130 589 2799 28827 7294 796 655 2157 5669 2545 1836 4800 8224 98680
internal_value=-1.85029e-05 0.00120567 9.88914e-05 0.00876363 -0.00816309 -0.00748833 -0.00147423 0.00608727 0.0132369 0.0211031 0.00697324 0.0154802 0.00459088 -0.001965 0.00650444 -0.00224435 0.0181215 0.0410429 0.00379914 -0.00900073 0.0101559 0.0138688 0.016114 0.0261403 0.0122671 0.00139181 -0.00470263 0.00370765 0.00487507 0.00306855
internal_weight=83245.9 72368.4 63126 9242.33 10877.5 10648.1 44293.6 7188.49 1793.45 917.008 2430.64 917.016 1184.16 41863 1335.33 40527.7 2053.85 163.858 18832.4 9463.9 1939.25 1436.99 1889.99 522.294 1367.69 1062.04 642.543 5395.04 4806.13 16893.2
internal_count=520140 448228 393577 54651 71912 70133 279062 43166 10814 4239 13467 4125 7097 265595 7767 257828 11485 719 114515 63036 10889 8090 10766 2812 7954 6463 3918 32352 27552 103626
is_linear=0
shrinkage=0.035


Tree=12
num_leaves=31
num_cat=0
split_feature=6 10 10 6 6 9 6 2 2 4 10 10 2 10 4 5 2 5 9 2 6 5 2 5 2 5 5 10 5 5
split_gain=623.648 403.77 286.579 225.265 176.49 130.449 103.123 100.299 100.088 99.8647 63.533 62.134 72.0606 60.1504 60.1235 57.3766 57.0501 55.9126 75.2171 55.3031 51.7767 49.1447 53.8781 63.2585 54.8214 47.6789 47.198 57.9442 75.0557 44.4068
threshold=79.551410675048842 4.7782890796661386 6.0274863243103036 23.877877235412601 99.693408966064467 2.6139500141143803 93.589080810546889 52.708227157592781 52.401636123657234 65.640632629394545 -0.88167428970336903 -9.6117405891418439 50.079681396484382 0.90706148743629467 62.830423355102546 45.447542190551765 46.85585021972657 45.758811950683601 0.58335000276565563 46.247411727905281 22.696355819702152 50.080970764160163 48.029621124267585 45.711332321166999 50.078802108764656 45.565744400024421 45.449871063232429 8.4382386207580584 47.163959503173835 45.449871063232429
decision_type=2 2 2 2 2 2 2 2 2 2 2 2 2 2 2 2 2 2 2 2 2 2 2 2 2 2 2 2 2 2
left_child=1 3 4 21 6 11 14 -4 9 20 -7 12 -5 -13 -2 -9 -12 -17 -19 -11 -3 22 23 -1 -24 -8 -10 -28 -29 -22
right_child=2 8 7 5 -6 10 25 15 26 19 16 13 -14 -15 -16 17 -18 18 -20 -21 29 -23 24 -25 -26 -27 27 28 -30 -31
leaf_value=0.0082802712866849228 -0.0056927586379580163 0.010639837926353726 0.0031427330005491601 0.026336892129841576 -0.039502459558916056 -0.00096546989442033309 -0.015431898994575588 -0.0064423354746777533 0.0046903254484164615 -0.0069360706055091878 -0.0061388477723238015 -0.0026823115311318609 0.00219711754568789 0.00030526222386298538 0.012262521567127023 0.045506691733111504 0.014332780603993345 -0.0071221324287211027 0.041396333222707506 0.02601098706462426 -0.0050214358286157553 -0.0034812302774969218 -8.7040241300738322e-05 0.034487146351752582 0.0048162224711894974 -0.0080213072089618774 0.012940503669682682 0.033396089998417887 0.0052799602527008925 0.0046713320196235435
leaf_weight=542.63983756303787 10020.301780886948 1512.2328468561172 1232.0158216953278 198.42076256871223 209.40364387631416 746.28186842054129 2152.6026618853211 62.420454226434231 433.40133146941662 72.159392714500427 191.45103660225868 24764.92773476243 636.26736783981323 12376.999548844993 232.81417311728001 149.30243632942438 1249.4107915908098 83.76572622358799 72.030660182237625 433.66891669481993 690.12120475620031 1096.8466603830457 3562.5160843506455 142.39288710057735 12888.541265316308 2120.2742101699114 1149.0783720687032 460.17688981443644 156.84209055453539 3559.6776964962482
leaf_count=3145 64981 8630 7402 1031 1669 4309 14513 559 3751 640 850 154699 3914 81377 1347 822 6933 386 278 2250 6094 7647 22880 336 76590 14713 6064 1946 968 19440
internal_value=7.26811e-06 0.00150512 -0.00612327 0.000469283 -0.00765092 -0.000995227 -0.00718912 0.00794235 0.00864743 0.0063899 0.00731441 -0.00147412 0.00796369 -0.00168657 -0.00528345 0.0239711 0.0116059 0.0302169 0.015362 0.0212935 0.00507757 0.00369561 0.00415553 0.0137718 0.00375403 -0.0117585 0.0150728 0.0176135 0.0262766 0.00309504
internal_weight=83199 66864.1 16334.9 58396.7 14735.4 40163.8 14526 1599.54 8467.36 6267.86 2187.14 37976.6 834.688 37141.9 10253.1 367.519 1440.86 305.099 155.796 505.828 5762.03 18232.9 17136.1 685.033 16451.1 4272.88 2199.5 1766.1 617.019 4249.8
internal_count=520164 413494 106670 363711 97223 253113 95554 9447 49783 37054 12092 241021 4945 236076 66328 2045 7783 1486 664 2890 34164 110598 102951 3481 99470 29226 12729 8978 2914 25534
is_linear=0
shrinkage=0.035


Tree=13
num_leaves=31
num_cat=0
split_feature=6 10 6 7 6 10 9 7 9 10 7 7 7 7 7 4 7 10 4 2 6 5 5 7 9 10 5 9 2 5
split_gain=631.356 406.496 263.244 177.059 175.207 149.469 121.179 104.242 88.3993 76.4888 164.288 75.5182 108.298 69.5491 135.446 69.2256 128.056 183.213 81.8691 123.745 64.3944 61.504 60.5673 53.4432 51.6894 54.1091 46.9784 44.2584 84.6365 43.1022
threshold=86.606227874755874 4.7782890796661386 23.482285499572757 46.291160583496101 99.693408966064467 6.0274863243103036 2.6139500141143803 43.479909896850593 2.3614000082015996 -11.258804321289061 28.417278289794925 71.992401123046889 71.03153228759767 69.762519836425795 66.947052001953139 43.534467697143562 35.319665908813484 -11.258804321289061 57.157743453979499 49.107086181640632 67.861434936523452 46.028558731079109 45.549871444702156 50.487710952758796 1.7159499526023867 -1.9495523571968076 47.867774963378913 0.64745000004768383 52.786775588989265 45.558958053588874
decision_type=2 2 2 2 2 2 2 2 2 2 2 2 2 2 2 2 2 2 2 2 2 2 2 2 2 2 2 2 2 2
left_child=1 2 24 29 5 15 9 26 21 10 -4 12 -10 14 -8 16 -2 -18 23 -20 -11 22 -5 -17 -1 -26 -7 -9 -29 -3
right_child=4 3 6 8 -6 7 13 27 11 20 -12 -13 -14 -15 -16 18 17 -19 19 -21 -22 -23 -24 -25 25 -27 -28 28 -30 -31
leaf_value=0.0030889234331957136 -0.0068864470719758302 0.0085453089877500638 -0.0056090358699816389 0.0026223002507703447 -0.039312579273929463 0.039852703009023702 0.0062125832427148541 -0.014180758370418123 0.013309791320514056 -0.00096065531386412527 0.032430130030187382 0.0039410745553254958 0.050782476156787625 0.0017089717881797523 0.037134257552433964 -0.0079582838799667904 0.10578887664970454 0.010732699276313233 -0.017188866721036779 0.011609457079384759 -0.0039650939567472607 -0.0024412507480503802 0.014050093779863014 -0.013947326450184925 -0.0005155339147057688 0.012257635510891486 -0.0044073568939020369 0.00066435844730088891 0.04385305701047585 0.019954001441180112
leaf_weight=15893.790379658341 892.39836762100458 555.61775597929955 314.99345507472754 2071.8431077301502 213.59838830679655 133.81080637127161 712.55276646465063 196.7210046350956 1323.9053472653031 29990.330391205847 247.63273184746504 1151.4608963802457 101.2862818017602 1552.4244798570871 229.14168217033148 3586.1317254155874 27.220280103385448 223.79245594888926 290.16410417109728 490.68928771466017 12337.81518304348 1838.4650224670768 783.42970559000969 3744.5840808227658 548.20204886049032 1556.2552786543965 37.03463789075613 594.4465462192893 60.564179517328739 1546.4837469607592
leaf_count=97061 5583 3305 2179 14366 1742 615 3135 1132 6068 190065 1279 8698 634 9567 1027 24384 77 1013 1641 3078 79185 10110 3535 26448 2997 8691 296 3636 330 8262
internal_value=3.92346e-05 0.00119679 0.000190622 0.00799982 -0.00798715 -0.00733242 -0.0012297 0.00535806 0.00541058 -0.00166598 0.0111433 0.0106194 0.0160048 0.0062683 0.0137693 -0.00873568 -0.000666176 0.0213719 -0.00987213 0.000892442 -0.00183661 0.00254838 0.00576337 -0.0110197 0.00377242 0.00892802 0.0302417 0.000334845 0.00471701 0.0169462
internal_weight=83246.8 72755.6 63383.1 9372.49 10491.2 10277.6 45384.9 1022.58 7270.39 42890.8 562.626 2576.65 1425.19 2494.12 941.694 9254.98 1143.41 251.013 8111.57 780.853 42328.1 4693.74 2855.27 7330.72 17998.2 2104.46 170.845 851.732 655.011 2102.1
internal_count=520139 450164 395186 54978 69975 68233 286437 6009 43411 272708 3458 15400 6702 13729 4162 62224 6673 1090 55551 4719 269250 28011 17901 50832 108749 11688 911 5098 3966 11567
is_linear=0
shrinkage=0.035


Tree=14
num_leaves=31
num_cat=0
split_feature=6 9 6 6 4 2 7 7 4 0 5 4 7 6 5 5 11 7 7 7 2 7 7 2 9 7 7 7 6 5
split_gain=531.727 380.661 236.473 157.235 121.008 118.784 104.565 92.4273 93.4663 78.9865 73.67 59.7078 98.3788 56.7887 55.892 75.7105 53.8293 52.7188 85.7392 63.5945 52.0707 51.3875 97.964 96.5418 50.2287 49.0296 49.5999 45.6673 45.177 41.9654
threshold=87.732116699218764 2.8396499156951909 24.278181076049808 99.693408966064467 56.687097549438484 49.666902542114265 72.570858001708999 50.487710952758796 51.670602798461921 28.000000000000004 45.409994125366218 50.000158309936531 57.000656127929695 68.272686004638686 46.023597717285163 45.596515655517585 82.75894927978517 54.053018569946296 60.380186080932624 53.377611160278327 50.051733016967781 65.378646850585952 69.762519836425795 50.460123062133796 1.8105500340461733 85.718479156494155 74.040325164794936 79.546710968017592 41.432065963745124 50.080970764160163
decision_type=2 2 2 2 2 2 2 2 2 2 2 2 2 2 2 2 2 2 2 2 2 2 2 2 2 2 2 2 2 2
left_child=1 2 29 4 7 14 10 8 20 13 -3 12 -9 24 15 -6 27 19 -19 -7 -2 23 -23 -12 -4 26 -18 28 -8 -1
right_child=3 6 9 -5 5 17 16 11 -10 -11 21 -13 -14 -15 -16 -17 25 18 -20 -21 -22 22 -24 -25 -26 -27 -28 -29 -30 -31
leaf_value=0.0039528189307441843 0.023892611555325877 -0.014963081889303835 -0.0008720562382473644 -0.038039750835111082 -0.0087959312453317322 0.024828694188884663 0.0123729141844543 -0.017956457026629846 0.012202006502724443 0.007065565048255373 -0.0045797072403931209 -0.01463609696587127 0.011073535515112439 -0.0030895040805769204 -0.033071858517800631 0.053276343057390277 -0.0044957467778262003 -0.0236568702086584 0.013733125852478652 0.10976782109801518 -0.0072154816229715382 0.031212372623388017 0.011735255845581105 0.016197908627031053 0.0039581293316445689 -0.00083188095615539153 0.024901642604491077 -0.0098633479510228834 -0.0014186442074587899 -0.0028747204999097398
leaf_weight=18467.286352247 66.144177958369255 98.892992526292801 30284.502651341259 205.48498260229826 298.73677907139063 75.022142544388771 492.87165995687246 264.97517789155245 346.21130717545748 1442.0070220902562 358.39456176757812 3120.6154347881675 308.61073997616768 14309.374114058912 105.66669323295355 25.361802116036415 86.095244027674198 86.190959639847279 547.79234070330858 12.101517245173453 4046.5513149723411 594.70440117269754 681.70624513179064 1151.1066477522254 2887.7578261271119 218.0248104184866 368.38615536689758 365.88498789072037 706.35604310780764 1171.0812884271145
leaf_count=110481 267 709 192269 1739 2147 347 3258 1772 2035 7283 1727 22114 2006 91964 280 115 452 384 3692 39 27065 2625 3013 4756 17323 1950 2457 2956 4699 8135
internal_value=-1.64751e-05 0.000988678 0.000300905 -0.00780511 -0.00713339 0.00348427 0.0101915 -0.0086332 -0.00523709 -0.00100128 0.014596 -0.0127284 -0.00233138 -0.00124654 -0.0110598 -0.0037978 0.00450669 0.0121646 0.00861547 0.0375978 -0.00670892 0.0156518 0.0208294 0.0112603 -0.000451276 0.0127827 0.0193192 0.00094144 0.0042482 0.00354522
internal_weight=83193.9 73684.4 68562 9509.47 9303.98 1150.87 5122.42 8153.11 4458.91 48923.6 2884.8 3694.2 573.586 47481.6 429.765 324.099 2237.62 721.107 633.983 87.1237 4112.7 2785.91 1276.41 1509.5 33172.3 672.506 454.481 1565.11 1199.23 19638.4
internal_count=520059 456057 427455 64002 62263 7004 28602 55259 29367 308839 12830 25892 3778 301556 2542 2262 15772 4462 4076 386 27332 12121 5638 6483 209592 4859 2909 10913 7957 118616
is_linear=0
shrinkage=0.035


Tree=15
num_leaves=31
num_cat=0
split_feature=10 9 7 7 10 10 7 7 7 11 2 11 7 7 7 7 5 7 7 10 2 7 5 10 7 7 7 5 10 11
split_gain=494.595 196.824 173.895 130.31 147.012 126.718 247.476 380.587 115.392 106.636 102.854 74.1154 274.559 179.124 104.793 103.083 89.3167 70.6322 95.8375 57.9742 57.2398 102.469 70.8642 89.7836 58.9826 108.197 76.8845 56.2088 54.6516 53.9391
threshold=5.3896858692169198 2.4200500249862675 46.291160583496101 69.762519836425795 1.0472377538681032 -11.258804321289061 28.417278289794925 39.775512695312507 65.454277038574233 74.006847381591811 52.04185867309571 36.383949279785163 21.006519317626957 64.699142456054702 65.00513076782228 35.942852020263679 46.620765686035163 71.837898254394545 68.936416625976577 1.6687784194946291 52.401636123657234 43.856449127197273 47.163959503173835 8.8588023185729998 35.319665908813484 40.876146316528327 34.419713973999031 46.157749176025398 -6.9107091426849356 90.86985015869142
decision_type=2 2 2 2 2 2 2 2 2 2 2 2 2 2 2 2 2 2 2 2 2 2 2 2 2 2 2 2 2 2
left_child=1 5 20 4 28 6 -1 10 27 -4 -8 13 16 15 -15 -7 -13 18 -11 -14 24 22 23 -22 26 -26 -2 -6 -3 -30
right_child=2 3 9 -5 8 11 7 -9 -10 17 -12 12 19 14 -16 -17 -18 -19 -20 -21 21 -23 -24 -25 25 -27 -28 -29 29 -31
leaf_value=-0.0048252063086168936 0.016665983763731594 -0.026734745999491105 0.0028308926368555273 0.001161475723683271 0.0074407531389966758 -0.0011208965495035079 0.091032637112383838 0.0047008896781810207 0.036234807963902778 0.012043016121480603 0.02539778530135417 0.0767158370860936 -0.0028784219411409646 0.12638567346544255 0.029355724894476767 0.0082940347423069421 0.017546446137753802 0.0060530618389807358 0.038624497996149587 -0.00043120401761708284 0.015559033052565507 0.074314003213060559 -0.0038294207817880081 0.037445631515186976 -0.012297800711396233 0.018188472179244262 0.080538812727337442 0.029186509937797308 0.0024051220332992371 0.052771313943320894
leaf_weight=502.35759542137384 141.61860886961222 76.153439991176128 5456.5628120079637 3056.6776072531939 588.58916586637497 7526.5808496549726 116.56468091160059 246.04020382463932 388.08835400640965 499.55981459468603 40.428399346768856 67.11257454007864 42281.766510918736 14.686269998550413 128.46269042044878 1756.1786476820707 59.702390469610691 817.15107007324696 250.00899048894644 16490.737903267145 714.2063472867012 42.828526474535465 139.42417994141579 340.7123197093606 269.85893896967173 300.43044909834862 27.092243887484074 193.75212623178959 724.02745068073273 26.249261781573296
leaf_count=3442 1041 244 32603 19003 2793 44130 425 1438 1901 2341 203 319 273055 45 586 8574 412 6016 948 107155 3930 181 927 1624 1484 1309 91 1006 3142 91
internal_value=-2.09936e-05 -0.000959905 0.00772768 0.00570751 0.0126596 -0.00144676 0.0115546 0.0319575 0.0206357 0.00514438 0.0743894 -0.00161928 -0.00208047 0.00126172 0.0400061 0.000660095 0.0491993 0.0131917 0.02095 -0.0021919 0.0168994 0.0215071 0.0195591 0.0226575 0.00916108 0.0037532 0.0272959 0.0128595 0.00134593 0.00423089
internal_weight=83283.6 74284.2 8999.45 5053.54 1996.86 69230.6 905.391 403.033 1170.43 7023.28 156.993 68325.2 58899.3 9425.91 143.149 9282.76 126.815 1566.72 749.569 58772.5 1976.17 1237.17 1194.34 1054.92 739 570.289 168.711 782.341 826.43 750.277
internal_count=520459 467964 52495 28180 9177 439784 5508 2066 5700 41908 628 434276 380941 53335 631 52704 731 9305 3289 380210 10587 6662 6481 5554 3925 2793 1132 3799 3477 3233
is_linear=0
shrinkage=0.035


Tree=16
num_leaves=31
num_cat=0
split_feature=6 10 6 7 9 6 4 7 7 2 9 10 7 2 7 10 10 7 7 7 4 7 9 4 6 10 7 2 9 7
split_gain=556.601 327.465 192.883 182.072 211.11 158.108 143.887 125.087 113.923 110.394 102.786 84.8669 98.6723 81.5432 80.9443 82.2518 79.974 97.0714 295.743 77.0643 75.7766 109.04 70.7945 69.1445 64.2218 61.5385 62.0325 58.9515 56.9956 56.2403
threshold=86.215801239013686 2.7836290597915654 16.32509803771973 46.043565750122077 1.8105500340461733 99.693408966064467 56.545227050781257 74.912715911865249 42.491350173950202 49.666902542114265 -0.72544997930526722 7.0411381721496591 28.017315864562992 49.856487274169929 50.487710952758796 5.0591044425964364 -8.4042339324951154 28.017315864562992 39.231353759765632 1.0000000180025095e-35 50.000158309936531 64.699142456054702 4.7590000629425058 52.470071792602546 58.341888427734382 1.989131808280945 68.741054534912124 52.092905044555671 -1.4315499663352964 73.50925445556642
decision_type=2 2 2 2 2 2 2 2 2 2 2 2 2 2 2 2 2 2 2 2 2 2 2 2 2 2 2 2 2 2
left_child=1 2 -1 8 28 6 14 13 11 25 27 12 -3 -6 15 23 17 -4 -19 -18 21 -16 -9 -2 -21 -8 -27 -10 -5 -11
right_child=5 3 16 4 7 -7 9 22 10 29 -12 -13 -14 -15 20 -17 19 18 -20 24 -22 -23 -24 -25 -26 26 -28 -29 -30 -31
leaf_value=0.0038691615460014041 -0.0075362347099058131 0.023331905252271145 -0.0032624141224828281 0.016111490431530706 0.020032248264406825 -0.038135719287488053 -0.022307628294398384 -0.0062923319893727139 0.024106769337932529 0.016497250577023597 0.016993153582330164 0.018708336490541193 0.0031699700576200769 0.0087223423607623064 -0.0092424583977711236 0.011619368868083339 0.082288627157339686 0.046749883638394413 0.0021194271383846168 -0.00051484811987973151 -0.014188876953936095 0.023749574786700461 0.011799666400402177 0.013408812837666376 -0.003325806543152766 0.068952141535775779 -0.0020351958881038982 0.066822899610422787 -0.00078875846215765131 -0.0036962585815213948
leaf_weight=11227.309171237051 4472.5531971529126 340.0294726639986 749.51084703952074 251.42966753989458 1086.2436087951064 201.14305526763201 236.93593362718821 875.38410493731499 73.411598049104214 644.47379921376705 667.55992028862238 802.43849098682404 2346.2258665934205 2799.9722602292895 510.74799381196499 322.4060767814517 12.615418612956999 243.82211808115244 710.91266198456287 25744.614141479135 3437.4933191686869 160.62021239846945 378.92711744457483 200.84314568340778 16242.702999070287 15.2607324719429 244.59477677941322 90.548100471496582 7912.0630039349198 227.82334467768669
leaf_count=67639 29913 2057 4827 1547 4816 1756 1349 6993 432 3324 3598 4239 14251 15550 3581 1985 117 935 4044 161743 24527 843 2809 1178 103482 49 1533 468 48944 1992
internal_value=1.13452e-05 0.00110931 -0.000222451 0.00526037 0.00323207 -0.00745021 -0.00685738 0.00878754 0.0115031 0.00371626 0.0231458 0.00872145 0.00573088 0.0118889 -0.00844831 -0.0054515 -0.00127377 0.00615623 0.0135542 -0.00157554 -0.0120885 -0.00132006 -0.000817129 -0.00663247 -0.00160247 -0.00943611 0.00230571 0.0479495 -0.000265858 0.0112166
internal_weight=83230.6 72555.7 54931.5 17624.2 13304 10674.9 10473.8 5140.53 4320.21 1369.09 831.52 3488.69 2686.26 3886.22 9104.66 4995.8 43704.2 1704.25 954.735 41999.9 4108.86 671.368 1254.31 4673.4 41987.3 496.791 259.856 163.96 8163.49 872.297
internal_count=520521 448491 342787 105704 80659 72030 70274 30168 25045 8247 4498 20547 16308 20366 62027 33076 275148 9806 4979 265342 28951 4424 9802 31091 265225 2931 1582 900 50491 5316
is_linear=0
shrinkage=0.035


Tree=17
num_leaves=31
num_cat=0
split_feature=6 10 6 7 9 6 7 4 2 10 5 11 5 10 5 5 10 6 7 4 5 10 6 7 5 9 10 7 7 7
split_gain=495.891 331.372 193.085 174.262 189.717 144.829 128.669 113.971 114.864 84.2607 89.9742 83.2623 79.5587 78.2805 182.106 81.9394 78.0023 76.4595 76.0196 75.7214 90.2129 134.621 74.3934 69.4221 65.6145 57.459 57.0443 73.0489 48.5404 47.4056
threshold=87.732116699218764 2.542758703231812 16.32509803771973 53.64912414550782 1.7465500235557558 99.693408966064467 74.912715911865249 58.129676818847663 49.107086181640632 6.6462218761444101 45.449871063232429 80.381748199462905 46.666610717773445 -11.258804321289061 46.036748886108406 45.565744400024421 8.8588023185729998 50.411310195922859 73.481372833251967 42.728067398071296 46.036748886108406 -11.258804321289061 31.531767845153812 27.69983005523682 45.442907333374031 -1.75585001707077 8.4382386207580584 43.479909896850593 39.231353759765632 22.281182289123539
decision_type=2 2 2 2 2 2 2 2 2 2 2 2 2 2 2 2 2 2 2 2 2 2 2 2 2 2 2 2 2 2
left_child=1 2 -1 9 16 7 24 19 -9 23 -11 -8 -12 14 15 -4 22 -15 -18 20 21 -2 -5 25 -6 -3 29 -28 -25 -21
right_child=5 3 13 4 6 -7 11 8 -10 10 12 -13 -14 17 -16 -17 18 -19 -20 26 -22 -23 -24 28 -26 -27 27 -29 -30 -31
leaf_value=0.0037488862982374169 0.097862846344828197 0.0091291134302065539 0.014771103637289047 0.0028728567038925398 -0.0055005655488430862 -0.037503737463211978 -0.0083173552914502947 -0.013448891160560267 0.014578666505206454 -0.0027876757523989421 0.025040486487500655 0.009953943228013077 0.0064441714352481989 -0.00013571880166484549 -0.0034063187186711835 0.054191476634298984 0.015862579731011826 -0.0030995949569867648 -0.021252455234816774 0.036248401160037608 -0.007584791465050855 0.0096592965049328711 -0.0049632842066324638 0.0021984580923663515 0.011877359760221794 0.037083368451415785 0.050232808730370122 -0.001152136822576052 0.0092718395489673963 -0.00994912550483339
leaf_weight=10996.578752622008 21.922498315572739 198.6695748269558 139.83365125209093 2244.3848939239979 285.68681608885527 192.62233812361956 869.04532192647457 263.11151108145714 556.0746785774827 254.53106155246496 1003.1264160498977 469.96691378206015 394.31440509110689 21073.90858708322 451.37208217382431 121.65833659470081 512.08749538660049 21591.017782256007 77.01043263822794 26.48349517583847 515.88792540878057 326.93759755790234 4373.3887048363686 2150.8040312975645 3712.0964789912105 166.40080125629902 40.023479744791985 197.96971872448921 2665.7066734656692 7282.5747651308775
leaf_count=66147 55 1184 833 13263 2375 1732 6965 1547 3328 2137 4311 3465 2805 131724 2966 517 2631 137463 553 209 3229 1712 27586 12790 18576 976 203 1125 16931 50918
internal_value=4.11273e-05 0.00100726 -0.000393156 0.00493718 0.00248632 -0.00751878 0.00748797 -0.00688913 0.00556372 0.00943413 0.01632 -0.00189715 0.0198049 -0.0014434 0.0100513 0.0332473 -0.00121692 -0.00163581 0.0109766 -0.0081031 0.00169885 0.0154333 -0.00230461 0.00723528 0.0106329 0.0219432 -0.0092272 0.00759933 0.00611558 -0.00977683
internal_weight=83175.2 73751.6 54374.4 19377.2 12543.7 9423.61 5336.8 9230.99 819.186 6833.55 1651.97 1339.01 1397.44 43377.8 712.864 261.492 7206.87 42664.9 589.098 8411.8 864.748 348.86 6617.77 5181.58 3997.78 365.07 7547.05 237.993 4816.51 7309.06
internal_count=520256 456198 339650 116548 75414 64058 31381 62326 4875 41134 9253 10430 7116 273503 4316 1350 44033 269187 3184 57451 4996 1767 40849 31881 20951 2160 52455 1328 29721 51127
is_linear=0
shrinkage=0.035


Tree=18
num_leaves=31
num_cat=0
split_feature=10 7 9 2 10 7 7 7 10 7 11 7 2 2 2 7 2 2 7 7 10 10 2 2 2 7 0 2 7 4
split_gain=427.214 175.1 164.75 141.067 124.424 188.307 390.029 202.651 92.2291 104.044 84.1258 82.1742 77.1102 233.404 138.987 130.537 65.1664 102.954 74.503 63.6538 81.4844 70.8089 58.0485 56.7164 62.0358 61.7068 52.7935 61.0204 52.4711 53.695
threshold=5.0591044425964364 35.942852020263679 2.1182500123977666 50.080451965332038 -8.4042339324951154 28.017315864562992 39.231353759765632 34.582567214965827 -1.5997083187103269 78.860435485839858 74.006847381591811 1.0000000180025095e-35 50.842672348022468 50.619283676147468 51.225116729736335 64.163467407226577 51.255708694458015 51.303001403808601 67.520690917968764 13.469102859497072 7.502749204635621 11.422029972076418 50.081102371215827 50.460123062133796 50.500419616699226 74.040325164794936 28.000000000000004 49.856487274169929 83.923740386962905 67.195690155029311
decision_type=2 2 2 2 2 2 2 2 2 2 2 2 2 2 2 2 2 2 2 2 2 2 2 2 2 2 2 2 2 2
left_child=2 19 4 8 5 -1 7 -7 -4 -10 16 -6 13 22 -14 -15 23 -18 -19 21 -21 -2 -5 25 -25 -3 27 -13 -12 -30
right_child=1 10 3 12 11 6 -8 -9 9 -11 28 26 14 15 -16 -17 17 18 -20 20 -22 -23 -24 24 -26 -27 -28 -29 29 -31
leaf_value=-0.0039575815554464631 0.059213042741128874 0.005166115792182813 -0.007454289382827807 0.039742582117713227 0.071324858247503439 0.011851062441167463 0.0024111568060355575 0.065734500072478816 0.0070100539110675934 -0.010603260138800624 0.014397410235558978 -0.0046441077209281806 -0.014234059941094208 0.079918121742101389 0.011979301965607616 -0.0085927964394378279 0.063192002583859749 0.008549566056905919 -0.0080852566569546477 0.013421378078833181 0.033269935570969994 -0.020646761624850251 0.0081526551732941568 -0.023638674801435087 -0.002320468166817735 -0.0078859569630992145 0.0055205067122484726 -0.0015436419675030459 -0.028816992477353236 0.006965179602494825
leaf_weight=1074.9113168418407 15.487117372453211 2555.0580279901624 1260.6415235102177 79.91192826628685 17.999356508255005 135.82119663059711 784.84988593310118 233.53773059695959 2340.6659512668848 497.26020775735378 1495.8940446153283 9082.4229964241385 313.75806567072868 104.32746555656195 1164.5266042873263 24.976015724241734 38.964878275990486 2640.2046954780817 375.81463910639286 580.71548810601234 453.82696424424648 81.320992566645145 628.21427994966507 206.34124412387609 874.05650673061609 535.84791288524866 1166.7993063777685 54187.915872327983 69.336928300559521 190.88890087604523
leaf_count=6876 124 15750 7434 672 161 748 4325 658 12795 3793 7885 50568 1403 398 6261 195 289 14308 2548 3128 2025 689 3331 796 4311 4550 6050 356154 604 1638
internal_value=-0.000101674 0.00664004 -0.0010346 0.0043223 -0.00155003 0.0065775 0.0163908 0.0460078 0.000418501 0.00391927 0.00500356 -0.0018313 0.011226 0.0197117 0.00640623 0.06282 0.0033317 0.00721492 0.00647285 0.019614 0.0221542 -0.00741867 0.0117683 0.000485188 -0.00641291 0.00289965 -0.00185272 -0.00198888 0.0118745 -0.00260123
internal_weight=83212.3 10113.8 73098.5 6414.28 66684.3 2229.12 1154.21 369.359 4098.57 2837.93 8982.41 64455.1 2315.71 837.43 1478.28 129.303 7226.29 3054.98 3016.02 1131.35 1034.54 96.8081 708.126 4171.3 1080.4 3090.91 64437.1 63270.3 1756.12 260.226
internal_count=520467 58645 461822 36282 425540 12607 5731 1406 24022 16588 52679 412933 12260 4596 7664 593 42552 17145 16856 5966 5153 813 4003 25407 5107 20300 412772 406722 10127 2242
is_linear=0
shrinkage=0.035


Tree=19
num_leaves=31
num_cat=0
split_feature=6 10 6 7 6 9 7 10 4 10 7 7 7 0 6 4 7 9 5 5 10 2 7 2 2 2 7 9 10 5
split_gain=493.205 318.095 237.787 118.2 115.987 105.755 109.93 109.107 96.8393 88.0778 199.336 70.3332 97.1074 69.7198 59.8241 58.5185 69.6669 87.5241 56.8069 58.164 79.5107 54.54 53.8462 59.848 51.4075 41.9843 50.0105 41.2881 40.2101 51.0282
threshold=93.214572906494155 4.9617679119110116 31.531767845153812 53.64912414550782 99.693408966064467 1.8105500340461733 69.762519836425795 -0.28298069536685938 65.640632629394545 -6.2426600456237784 28.017315864562992 54.63191223144532 56.680021286010749 28.000000000000004 9.9281678199768084 58.599813461303718 56.244001388549812 0.77705001831054699 45.449871063232429 47.163959503173835 8.4382386207580584 51.443305969238288 87.417869567871108 50.510725021362312 49.107086181640632 48.029621124267585 66.947052001953139 1.0794499516487124 -11.258804321289061 46.484361648559577
decision_type=2 2 2 2 2 2 2 2 2 2 2 2 2 2 2 2 2 2 2 2 2 2 2 2 2 2 2 2 2 2
left_child=1 2 14 18 15 9 7 -7 11 10 -4 -5 -13 -11 25 16 17 -2 27 20 -20 -19 23 -10 -17 -1 -27 -3 29 -16
right_child=4 3 5 8 -6 6 -8 -9 22 13 -12 12 -14 -15 28 24 -18 21 19 -21 -22 -23 -24 -25 -26 26 -28 -29 -30 -31
leaf_value=0.017692813092050896 -0.008848726861127653 -0.006841212419459443 -0.0075397565396442892 -0.014274474905153482 -0.037164693156591169 -0.0031039410523563322 -0.0014118590512981082 0.013633917356317145 0.029006451135292748 -0.0029530449744610255 0.011743111444860878 0.019951797481078049 0.0019936859424351657 0.0065694627368502751 0.030615041448130185 -0.013329907371468641 -0.015932408472097096 -0.0078080490202541248 0.012521256122429419 0.0058290373896904618 0.027720575982662157 0.028162956844136302 -0.0044209958616927862 0.0083490276209653626 0.013948892189938781 0.0060904533506363516 -0.0011268357295737171 0.019392548566555593 0.0012910887959235715 -0.00082462347860519142
leaf_weight=317.04699645936489 2534.6192288845778 291.78024943172932 1111.6246966868639 292.95585379004478 191.49319739639759 671.64804226905107 2969.489771284163 1638.647828862071 362.17931333184242 35045.668273769319 1601.6379686817527 397.2057344391942 5069.1019863188267 966.70604422688484 129.43839728832245 131.90093809366226 1771.7659761533141 83.224443234503269 1382.2326647341251 768.36835891008377 609.98263280838728 132.96211318671703 141.85759571194649 330.18380212038755 232.35918798297644 6078.6256825998425 1455.997281588614 97.335691437125206 16187.529203526676 122.03142763674259
leaf_count=1632 17611 2480 6898 1403 1769 3132 18979 8663 1863 230189 8059 1658 30590 5063 586 778 12768 594 6485 5568 2443 711 1242 1620 1460 36081 9231 801 98906 842
internal_value=8.53561e-05 0.000773246 -7.06818e-05 0.0066891 -0.0104826 -0.00160515 0.0030408 0.00876548 0.00402226 -0.0022388 0.00384044 0.00240544 0.00330261 -0.00269709 0.00270885 -0.00942972 -0.010517 -0.00702287 0.0122671 0.0140314 0.0171878 0.0143054 0.015163 0.0191862 0.00404432 0.00522237 0.00469488 -0.000234672 0.00150772 0.0153763
internal_weight=83117.6 78039.3 68296.1 9743.18 5078.33 44005.4 5279.79 2310.3 6593.48 38725.6 2713.26 5759.26 5466.31 36012.4 24290.7 4886.83 4522.57 2750.81 3149.7 2760.58 1992.22 216.187 834.221 692.363 364.26 7851.67 7534.62 389.116 16439 251.47
internal_count=520105 484414 428261 56153 35691 280983 30774 11795 38376 250209 14957 33651 32248 235252 147278 33922 31684 18916 17777 14496 8928 1305 4725 3483 2238 46944 45312 3281 100334 1428
is_linear=0
shrinkage=0.035


Tree=20
num_leaves=31
num_cat=0
split_feature=6 9 6 10 6 2 10 7 5 6 10 5 5 9 7 7 7 10 7 5 7 9 10 4 7 2 10 7 7 6
split_gain=449.533 311.964 231.294 138.904 112.478 107.862 96.1794 75.7636 84.3632 71.5325 67.5264 185.055 75.5247 62.7682 60.8847 80.2659 94.6625 109.241 83.8965 67.9276 59.8139 57.1893 56.2707 49.6215 63.5638 49.6292 47.1162 44.7728 44.7297 43.3675
threshold=93.589080810546889 3.7585500478744511 50.411310195922859 5.6272141933441171 99.693408966064467 52.401636123657234 1.9062452316284182 27.69983005523682 46.028558731079109 14.311935424804689 -11.258804321289061 46.036748886108406 46.584453582763679 -1.6507499814033506 73.50925445556642 63.42186355590821 63.478757858276374 3.8988591432571416 57.292371749877937 45.409994125366218 73.705352783203139 -3.0320500135421748 8.8588023185729998 56.687097549438484 54.053018569946296 49.463737487792976 6.0274863243103036 57.865306854248054 35.319665908813484 26.306232452392582
decision_type=2 2 2 2 2 2 2 2 2 2 2 2 2 2 2 2 2 2 2 2 2 2 2 2 2 2 2 2 2 2
left_child=1 2 6 10 23 28 9 13 -9 -1 11 -4 -12 -8 15 18 17 -17 22 -18 29 -11 -3 24 26 -25 -2 -20 -5 -16
right_child=4 14 3 5 -6 -7 7 8 -10 21 12 -13 -14 -15 20 16 19 -19 27 -21 -22 -23 -24 25 -26 -27 -28 -29 -30 -31
leaf_value=0.0034674261738566856 -0.0081993906150273112 0.0062799176896196195 0.043381772728404523 0.028009016220357837 -0.03707164569061349 0.014620732030778495 0.0073725485307138813 0.0061238748179805224 -0.00028871715481424364 0.0063481915200390747 -0.0039964341469771623 -0.0063856507840750493 -0.00012718568209320287 0.034744168662858017 0.03340893152341138 0.10943079100265558 -0.026511363353156028 0.014387355844238763 -0.038280372362242257 0.022565987198859515 0.0082307683407959464 -0.00078802073036979834 0.031159998117894085 -0.013085751856500469 -0.016044505219961983 0.0088760403650035985 0.014517781969613251 -0.0010978699739745913 -9.1971129823188418e-05 -0.033325505448514099
leaf_weight=8942.4957778528333 2250.6708917617798 267.60013987869024 142.75430833548307 70.754624471068382 187.11097294092178 972.77108589559793 240.31015913188457 7736.9319297596812 3718.9568853527308 1480.7083476632833 21714.632237583399 251.56928934901953 8643.3083646222949 180.17239898443222 13.559764392673967 31.858523160219193 35.352413140237331 27.965972542762756 48.377427332103252 787.74675418436527 1143.9319036155939 19241.572163946927 191.68138557672501 201.50545231997967 1642.4619726836681 333.48277965188026 116.75947016477585 207.73608604818583 2277.4981462657452 70.322967164218426
leaf_count=53645 15685 1136 753 465 1765 5199 1475 46049 22636 7811 127027 1728 68632 964 48 61 288 60 146 3304 8329 121318 724 1258 12060 2063 718 979 13586 217
internal_value=-4.11358e-05 0.000590814 0.00016394 -0.00197331 -0.0105166 0.00482535 0.00191715 0.00457881 0.00404165 0.000851213 -0.00270785 0.011665 -0.00289507 0.0191613 0.0120063 0.0165106 0.0235714 0.0658927 0.00776992 0.0204259 0.00613012 -0.00027754 0.016715 -0.00941543 -0.0107511 0.000583791 -0.00707152 -0.00824587 0.000761003 -0.0222414
internal_weight=83172.6 78440.6 75614.4 34073.3 4731.99 3321.02 41541.1 11876.4 11455.9 29664.8 30752.3 394.324 30357.9 420.483 2826.13 1598.32 882.924 59.8245 715.395 823.099 1227.81 20722.3 459.282 4544.88 4009.89 534.988 2367.43 256.114 2348.25 83.8827
internal_count=520129 486580 471288 217390 33549 19250 253898 71124 68685 182774 198140 2481 195659 2439 15292 6698 3713 121 2985 3592 8594 129129 1860 31784 28463 3321 16403 1125 14051 265
is_linear=0
shrinkage=0.035


Tree=21
num_leaves=31
num_cat=0
split_feature=6 11 6 10 6 10 2 0 6 11 7 9 7 7 2 10 7 11 2 7 9 2 7 10 2 11 7 7 9 7
split_gain=436.715 322.155 194.328 137.781 107.393 92.0569 90.6706 73.7714 72.3576 76.571 70.8383 98.2787 58.4562 119.449 71.2973 61.5343 77.5379 53.4029 57.3564 52.5879 74.1241 52.9977 50.6575 46.6477 33.8385 30.4385 38.204 30.1966 46.3707 37.1563
threshold=93.214572906494155 76.063098907470717 50.411310195922859 6.3144264221191415 99.693408966064467 1.7074679136276247 52.401636123657234 20.800000190734867 13.498980045318605 13.683300018310549 76.442924499511733 1.5200499892234804 69.762519836425795 63.42186355590821 51.225116729736335 8.8588023185729998 63.478757858276374 68.24444961547853 49.107086181640632 56.244001388549812 0.77705001831054699 51.659938812255866 56.680021286010749 0.86936265230178844 50.475614547729499 51.367450714111335 64.699142456054702 83.923740386962905 5.2697000503540048 85.718479156494155
decision_type=2 2 2 2 2 2 2 2 2 2 2 2 2 2 2 2 2 2 2 2 2 2 2 2 2 2 2 2 2 2
left_child=1 2 5 7 17 8 -5 23 -1 -10 11 -7 13 14 -3 16 -15 19 -19 20 24 -22 -8 -4 -2 26 -21 -14 -29 -30
right_child=4 12 3 6 -6 10 22 -9 9 -11 -12 -13 27 15 -16 -17 -18 18 -20 25 21 -23 -24 -25 -26 -27 -28 28 29 -31
leaf_value=0.0035146221543314272 -0.0012508935452995172 -0.0037519534196840372 -0.0038728080851229215 0.0016743744172252619 -0.036536687731379608 0.0029363366692089546 0.019885231504697051 0.0049809530440844199 0.015848803277085467 -0.0006459452918663696 -0.011115098456634479 0.010130277609686114 0.010180584323665559 0.080384285386236959 0.018338992036938704 0.011712723046338571 0.032280620416284413 -0.014804283071134896 0.012945354535346542 -0.01286693679288799 -0.0063332646187213059 0.02835208645905235 -0.0042672965533927555 -0.0010121154083499759 -0.010991154374640417 -0.016715615768933458 0.017872265075415814 -0.026484114574048197 0.035995797201817135 -0.0003702060298488204
leaf_weight=8231.7695668488741 567.8891384229064 313.30218405276537 18295.603302404284 1767.518349185586 179.56280665099621 9138.0515317693353 656.54889400303364 1578.9142621904612 349.88860249519348 20305.871753707528 352.83914193511009 3122.7852672189474 1341.4517507776618 47.551997825503349 414.52237728238106 145.28422287106514 307.9426830932498 139.42938736826181 260.00794915109873 150.9187251701951 98.235998973250389 117.57348877191544 126.07043638080359 11305.987514622509 1921.6550588905811 1491.9499845579267 72.657217301428318 71.128931045532227 39.843924641609192 222.21377186477184
leaf_count=49338 5509 1268 116819 10496 1760 55720 3319 8456 1883 126571 2643 17482 7898 94 1761 616 1159 840 1596 1147 687 608 778 75370 11970 11054 436 634 305 1958
internal_value=2.56021e-05 0.000667428 0.000225785 -0.00174721 -0.0100016 0.00182953 0.00607266 -0.00238713 0.000739931 -0.000365598 0.00432414 0.00476972 0.0121061 0.0179081 0.00882635 0.0310583 0.0389008 -0.00900574 0.00323122 -0.0101134 -0.00706518 0.012566 0.0159852 -0.00278049 -0.00877323 -0.0149107 -0.00281808 0.00783877 -0.0015705 0.00522507
internal_weight=83135 78135.1 75231.8 33730.6 4999.88 41501.2 2550.14 31180.5 28887.5 20655.8 12613.7 12260.8 2903.24 1228.6 727.825 500.779 355.495 4820.32 399.437 4420.88 2705.35 215.809 782.619 29601.6 2489.54 1715.53 223.576 1674.64 333.187 262.058
internal_count=520175 484568 468875 215238 35607 253637 14593 200645 177792 128454 75845 73202 15693 4898 3029 1869 1253 33847 2436 31411 18774 1295 4097 192189 17479 12637 1583 10795 2897 2263
is_linear=0
shrinkage=0.035


Tree=22
num_leaves=31
num_cat=0
split_feature=6 10 6 11 7 7 6 10 11 7 10 7 7 6 9 7 9 10 5 7 10 4 7 10 2 9 5 11 2 7
split_gain=399.508 238.205 135.979 124.863 164.702 138.217 124.085 118.941 84.9753 156.226 123.728 112.387 132.663 68.8084 68.7204 65.3591 115.136 65.4586 60.4432 59.6511 58.0145 50.3543 83.4867 102.972 58.8194 94.1806 47.311 42.7287 35.3317 33.5168
threshold=86.215801239013686 1.6687784194946291 99.693408966064467 62.44075012207032 51.203086853027351 74.912715911865249 16.32509803771973 5.6272141933441171 31.95575046539307 22.878716468811039 -9.6117405891418439 22.878716468811039 24.034657478332523 31.934988975524906 4.7590000629425058 27.69983005523682 -2.0311499834060665 12.557685852050783 46.028558731079109 35.942852020263679 8.8588023185729998 43.534467697143562 35.319665908813484 -9.6117405891418439 48.208747863769538 2.9244999885559086 45.409994125366218 74.006847381591811 53.507390975952156 31.811714172363285
decision_type=2 2 2 2 2 2 2 2 2 2 2 2 2 2 2 2 2 2 2 2 2 2 2 2 2 2 2 2 2 2
left_child=1 6 7 4 15 26 -1 21 9 -8 -11 28 -13 18 -7 16 -3 -17 -6 29 -15 22 -2 -24 -23 -26 -5 -28 -10 -9
right_child=2 3 -4 5 13 14 8 19 11 10 -12 12 -14 20 -16 17 -18 -19 -20 -21 -22 24 23 -25 25 -27 27 -29 -30 -31
leaf_value=0.0028930930660442536 -0.0055717835809271001 0.0037650399101602965 -0.0370905743393974 -0.0069392508151680616 0.0061535953157104842 -0.0066656402252040919 -0.0072078784213477007 0.0027878172754832748 -0.00039320072897435702 0.03071848805461622 0.0055306566311115407 -0.019456902491871556 -0.0019752968084196698 -0.0037742422204039413 0.010229098738175631 0.0045829092039219189 0.032169118597798446 0.034219535764325418 -0.0034939813256586955 0.0016727379539288195 0.009184607058995051 -0.021767756634835062 0.063162417635683393 0.0064355509018314862 -0.0083921218457034697 0.012009934038160386 0.0087433236401164016 0.015660524777887597 0.024634930396677922 0.039921927860563658
leaf_weight=10025.466941028833 884.98362934589386 402.33464013785124 173.74188228696585 191.55002550780773 2497.7526730298996 1058.6583050489426 1192.0214585289359 46.93431181460619 94.445026770234108 263.73448710143566 2492.2565260380507 539.79825538396835 33000.714956790209 6201.9602661505342 407.73976949602365 6627.3511679172516 309.55439513921738 91.874800577759743 1165.4855960682034 1074.8817991092801 453.14993943274021 377.76807840913534 47.389920204877853 213.52655521035194 7253.0087217241526 287.22759198397398 3857.4051088020205 1535.9307152703404 250.93943125009537 83.333297252655029
leaf_count=59816 5690 2579 1746 1567 15478 8234 8056 310 739 1003 12386 2463 211981 40383 2945 40734 1788 430 6678 6488 2490 2205 122 999 52304 1662 20489 6603 1523 336
internal_value=-4.60147e-05 0.000873912 -0.00644703 0.00365774 0.00209174 0.00759801 -0.000568562 -0.00592505 -0.00148608 0.00337231 0.00795176 -0.0020524 -0.00225731 -0.000768888 -0.00196018 0.00606441 0.0161482 0.00499321 0.00308215 0.00439917 -0.00288982 -0.00729881 -0.000434545 0.0169271 -0.00829118 -0.00761283 0.0101088 0.0107166 0.0177857 0.0266949
internal_weight=83102.9 72660.1 10442.8 24800.7 17749.5 7051.28 47859.4 10269.1 37833.9 3948.01 2755.99 33885.9 33540.5 10318.3 1466.4 7431.12 711.889 6719.23 3663.24 1205.15 6655.11 9063.9 1145.9 260.916 7918 7540.24 5584.89 5393.34 345.384 130.268
internal_count=520227 448365 71862 150398 110560 39838 297967 70116 238151 21445 13389 216706 214444 65029 11179 45531 4367 41164 22156 7134 42873 62982 6811 1121 56171 53966 28659 27092 2262 646
is_linear=0
shrinkage=0.035


Tree=23
num_leaves=31
num_cat=0
split_feature=6 11 6 10 6 0 10 7 7 6 9 2 7 10 7 9 7 11 2 9 2 9 10 7 2 9 2 7 2 9
split_gain=370.235 268.132 185.802 124.79 109.657 76.2045 71.5004 90.0741 58.3489 57.3501 54.742 53.8466 56.8848 50.9113 48.4272 48.3542 55.2443 62.7772 47.1809 45.8627 44.001 43.5442 43.0511 41.8508 41.1822 35.6145 34.1571 31.1802 28.1549 27.5401
threshold=93.214572906494155 76.063098907470717 50.022300720214851 8.0838499069213885 99.693408966064467 20.800000190734867 2.1933937072753911 62.413892745971687 83.923740386962905 10.719758033752443 1.4951500296592715 52.554931640625007 18.460414886474613 -9.6117405891418439 63.478757858276374 2.1182500123977666 56.244001388549812 55.460350036621101 49.539876937866218 -3.0320500135421748 53.672307968139656 5.2697000503540048 -4.4307115077972403 85.718479156494155 51.659938812255866 6.0667500495910653 50.475614547729499 59.142082214355476 46.684959411621101 4.4084999561309823
decision_type=2 2 2 2 2 2 2 2 2 2 2 2 2 2 2 2 2 2 2 2 2 2 2 2 2 2 2 2 2 2
left_child=1 2 6 5 15 13 9 10 22 20 -8 28 -13 -4 -9 16 17 26 -17 -11 -1 -10 27 -23 -19 -24 -2 -3 -5 -29
right_child=4 8 3 11 -6 -7 7 14 21 19 -12 12 -14 -15 -16 18 -18 24 -20 -21 -22 23 25 -25 -26 -27 -28 29 -30 -31
leaf_value=0.0045507315824239187 -0.00055150049235235866 -0.028276563212641374 0.0069951457069750249 0.022692257937394395 -0.036772504926856166 0.0050245465844735845 0.0056217369481663384 -0.010884606186646984 -0.026611398768697836 0.0056597049527816251 0.014780959716393042 -0.023464220806603184 0.023062877906327599 -0.0028197211997302639 0.0017474470728647091 -0.01179427193751223 -0.014950802630588822 -0.0057512692359639166 0.0087864885042107863 -0.00039862727358083787 -0.0048025727958398842 0.035829242393199498 0.011970877200478911 -0.0021545239996753106 0.026642193019948919 0.023221457287253926 -0.010340495489390075 -0.0080790276198117045 0.0021131852437673761 0.025029892119377065
leaf_weight=6309.9440940842032 568.25227269530296 46.684846624732018 660.45367780327797 89.04260627925396 171.47555741667747 1688.2054255157709 4824.9066401049495 403.84698087722063 72.528326399624348 1645.3626618906856 959.66327707469463 34.403835080564022 376.74460629373789 30211.49970369041 4566.1620756164193 216.55226276814938 1527.7736832797527 84.320603139698505 365.55172668397427 21820.087074577808 681.41996546834707 41.388125233352184 1994.5014987960458 223.32357131689787 109.4199435338378 419.90395836532116 1908.4081619977951 77.375659070909023 888.97692438960075 49.835640162229538
leaf_count=37910 5524 127 4052 497 1757 8973 29306 2138 656 8673 5056 287 1801 196241 27285 1364 11521 619 2238 137257 3907 310 9986 1960 570 1850 12035 499 5181 318
internal_value=-4.11697e-05 0.000547304 0.00014252 -0.00177466 -0.00932105 -0.00221321 0.00172204 0.00417545 0.0109414 0.000855401 0.0071443 0.00849461 0.0191146 -0.00260935 0.000718012 -0.00832888 -0.0096396 -0.0065948 0.00111242 2.60542e-05 0.00363766 -0.0027295 0.0127256 0.003848 0.0125421 0.0139375 -0.00809821 -0.00404638 0.00401095 0.00491223
internal_weight=83038 78086.3 75160.7 33949.3 4951.75 32560.2 41211.4 10754.6 2925.54 30456.8 5784.57 1389.17 411.148 30872 4970.01 4780.28 4198.17 2670.4 582.104 23465.4 6991.36 337.24 2588.3 264.712 193.741 2414.41 2476.66 173.896 978.02 127.211
internal_count=519898 484270 468564 217032 35628 209266 251532 63785 15706 187747 34362 7766 2088 200293 29423 33871 30269 18748 3602 145930 41817 2926 12780 2270 1189 11836 17559 944 5678 817
is_linear=0
shrinkage=0.035


Tree=24
num_leaves=31
num_cat=0
split_feature=6 9 10 6 10 7 6 6 5 7 7 7 9 7 7 7 9 9 9 4 2 5 7 2 9 7 6 10 10 7
split_gain=354.759 169.367 153.778 134.452 99.4954 100.583 92.9636 83.2434 75.4789 110.451 74.6966 70.8315 68.2574 144.74 57.4017 55.496 77.0237 62.9 54.7536 49.762 74.3468 46.5502 46.343 45.8428 70.0851 45.4722 40.3017 37.1752 37.0163 36.1396
threshold=72.523471832275405 2.8396499156951909 6.0274863243103036 99.693408966064467 1.6687784194946291 62.413892745971687 93.589080810546889 13.498980045318605 46.028558731079109 65.378646850585952 39.775512695312507 79.546710968017592 -3.0320500135421748 22.878716468811039 22.878716468811039 27.69983005523682 -1.8695500493049619 1.140049993991852 6.0667500495910653 56.993158340454109 47.838615417480476 47.867774963378913 50.487710952758796 48.208747863769538 2.9244999885559086 63.42186355590821 29.513146400451664 6.1653606891632089 -4.4307115077972403 74.768222808837905
decision_type=2 2 2 2 2 2 2 2 2 2 2 2 2 2 2 2 2 2 2 2 2 2 2 2 2 2 2 2 2 2
left_child=1 4 3 6 7 15 19 -1 26 -10 21 18 13 -9 -14 16 -6 -17 28 22 -21 -4 -2 -8 -25 -20 -7 -27 29 -3
right_child=2 11 10 -5 5 8 23 12 9 -11 -12 -13 14 -15 -16 17 -18 -19 25 20 -22 -23 -24 24 -26 27 -28 -29 -30 -31
leaf_value=0.0029305300575796366 -0.0022733014383717544 -0.015827247686645604 0.028603890100689925 -0.037232916096968743 0.0045695465658792062 0.0063186363863548933 -0.027468306505109053 -0.0066444372237419161 -0.015530337017366256 -0.00017366885648379042 0.0021209811672896332 -0.0027115657905628634 0.011463134398182707 0.011076197753626137 -0.0017068915965798763 0.0031300223001393748 0.029035106236341302 0.01030629702244602 0.0084937531795854174 -0.018896612343960641 0.0052912663225745948 -0.00057841555073129118 -0.0063812522332881341 -0.0095021309999707669 0.017398211203147967 0.055403467480034933 -0.00013904038960078647 0.0224626082679211 0.0096308620486790491 0.0082129096323990021
leaf_weight=8131.0959846004844 7544.0359449535608 144.18448715656996 233.04194894433022 156.06326568126678 366.06561700254679 1999.9853177368641 165.14531008899212 889.73356842249632 816.90054472535849 1926.2469870895147 1859.2360610663891 650.59153849631548 410.35008753091097 1540.946896456182 28441.664475023746 7652.2020187750459 277.6320988163352 1861.3933075889945 141.52217531949282 174.85331381857395 1363.4845507144928 93.131107032299042 6084.0270708575845 3723.6919371560216 121.65754234790802 68.574640512466431 2894.4605773165822 114.53462696820498 3062.1398634910583 161.33614663034678
leaf_count=48446 48922 669 965 1674 2277 11637 1010 5882 3901 12734 11059 5102 2808 6862 181301 47887 1529 10448 560 972 7995 676 41700 27481 728 294 17965 509 15128 1025
internal_value=-8.97005e-05 0.00126259 -0.00395806 -0.00495303 0.000756556 0.0029288 -0.00468843 -0.000224048 -0.000104885 -0.00475258 0.00483923 0.00792565 -0.00104427 0.00458675 -0.00151902 0.00521044 0.0151555 0.00453559 0.00980204 -0.00343425 0.00252904 0.0202691 -0.00410801 -0.00942795 -0.00864581 0.0235293 0.00249889 0.0350244 0.00847142 -0.00312123
internal_weight=83069.9 61551.6 21518.4 19333 57208.7 17794.9 19176.9 39413.8 7637.59 2743.15 2185.41 4342.88 31282.7 2430.68 28852 10157.3 643.698 9513.6 3692.29 15166.4 1538.34 326.173 13628.1 4010.49 3845.35 324.631 4894.45 183.109 3367.66 305.521
internal_count=520146 376964 143182 130482 353677 108378 128808 245299 46237 16635 12700 23287 196853 12744 184109 62141 3806 58335 18185 99589 8967 1641 90622 29219 28209 1363 29602 803 16822 1694
is_linear=0
shrinkage=0.035


Tree=25
num_leaves=31
num_cat=0
split_feature=6 10 6 6 9 4 10 10 2 2 5 5 5 10 2 4 2 9 2 10 10 2 2 10 2 11 5 5 2 2
split_gain=343.853 207.476 143.853 120.407 89.903 81.1399 75.1348 66.398 89.5477 77.5809 65.9769 139.628 121.15 67.4988 65.9698 57.3826 54.4368 47.9123 45.4348 54.7825 45.0924 43.8589 114.525 43.5289 93.9212 45.4076 39.6937 37.6799 37.4172 28.7097
threshold=87.37113189697267 5.3896858692169198 30.717752456665043 99.693408966064467 2.6139500141143803 56.545227050781257 -1.395673334598541 -6.2426600456237784 52.172777175903327 51.970317840576179 45.449871063232429 45.758811950683601 45.661050796508796 8.0838499069213885 51.970317840576179 39.790378570556648 47.838615417480476 2.9244999885559086 46.85585021972657 -1.0384084582328794 1.7464545965194704 51.641031265258796 50.306278228759773 -9.6117405891418439 50.079681396484382 1.0000000180025095e-35 46.269800186157234 92.225063323974624 48.029621124267585 53.273658752441413
decision_type=2 2 2 2 2 2 2 2 2 2 2 2 2 2 2 2 2 2 2 2 2 2 2 2 2 2 2 2 2 2
left_child=1 2 17 5 23 7 -7 8 9 -2 -3 12 13 -12 -14 29 -8 27 20 -20 -6 22 -13 24 -4 -25 -17 28 -1 -9
right_child=3 10 4 -5 18 6 16 15 -10 -11 11 21 14 -15 -16 26 -18 -19 19 -21 -22 -23 -24 25 -26 -27 -28 -29 -30 -31
leaf_value=0.0093155903620765115 0.011661333036016132 -0.00038338441070222745 0.026168727231950632 -0.036463495576138781 0.0094504341714882947 -0.015867479308319776 -0.015589202044394377 -0.004058634096306633 -0.013833992996709264 0.07209563965209681 0.0072743370075780949 0.0038893769655626259 0.07645097942492815 0.018404029841490616 0.027979308658074156 -0.0097335443511907642 0.0095407038051511014 0.0099192809881098083 -0.00098963325104674238 0.010719644401996454 -0.021664933278333184 0.0090974998151098271 -0.015750027006450285 0.035747692136061118 -0.00027857365833402087 -0.0016899313192464144 -0.003478870514851011 -0.0056658862644845065 0.0019833922942063347 0.019284928262235244
leaf_weight=887.59119698405266 260.84532357007265 1532.3970690891147 216.74213798344135 158.17868457734585 94.40140113979578 221.00014551728964 118.66466069966555 119.82776656746864 175.75275403261185 28.263523884117603 1818.2410081773996 2026.0562968403101 46.955934405326843 1058.9791602194309 133.17733868956566 5734.7614284306765 902.07173934578896 978.83743097633123 720.51621010154486 1517.811092287302 141.19509124755859 985.41044187545776 442.46130990236998 38.913472689688206 672.3371963724494 38045.630499914289 1593.2359403297305 755.67100214213133 21573.59775364399 137.48872127383947
leaf_count=4564 1604 13009 1065 1737 413 1407 739 748 980 100 9016 12766 103 4665 775 37748 5350 5062 4241 8170 633 3929 1115 255 4128 244583 14920 4095 131609 878
internal_value=3.48254e-05 0.000841014 0.000190759 -0.00625021 -0.00106097 -0.00573204 0.00259008 -0.00701672 0.00580691 0.0177762 0.00614623 0.00768387 0.0131312 0.0113771 0.0409354 -0.00780406 0.00660248 0.00233524 0.00540728 0.0069483 -0.00917788 0.00285808 0.00036238 -0.00147183 0.00617868 -0.00165074 -0.00837515 0.00201486 0.00227377 0.00840824
internal_weight=83137 73686.9 65643.2 9450.09 41447.5 9291.91 1241.74 8050.18 464.862 289.109 8043.68 6511.28 3057.35 2877.22 180.133 7585.31 1020.74 24195.7 2473.92 2238.33 235.596 3453.93 2468.52 38973.6 889.079 38084.5 7328 23216.9 22461.2 257.316
internal_count=520407 454196 408818 66211 263488 64474 7496 56978 2684 1704 45378 32369 14559 13681 878 54294 6089 145330 13457 12411 1046 17810 13881 250031 5193 244838 52668 140268 136173 1626
is_linear=0
shrinkage=0.035


Tree=26
num_leaves=31
num_cat=0
split_feature=6 9 6 9 2 6 6 5 11 5 2 0 11 5 5 1 2 5 9 2 5 5 2 5 5 2 2 6 2 2
split_gain=315.756 162.791 144.809 115.535 120.49 87.9739 86.8872 72.5616 62.1322 47.6968 47.1094 42.0364 39.4291 59.3831 49.2003 39.6626 34.8009 31.8119 31.2826 28.4065 28.2579 66.1223 26.639 24.1116 27.4614 24.0314 43.607 22.4785 22.0792 45.8241
threshold=68.672176361083999 1.8105500340461733 99.693408966064467 2.6139500141143803 49.107086181640632 23.482285499572757 93.973690032958999 46.023597717285163 85.897052764892592 45.409994125366218 49.204040527343757 28.000000000000004 28.875400543212894 46.269800186157234 46.218702316284187 58.564083099365241 46.247411727905281 91.413898468017592 4.4084999561309823 48.696319580078132 46.028558731079109 45.608633041381843 48.208747863769538 45.565744400024421 45.596515655517585 48.029621124267585 50.051733016967781 2.0562301874160771 50.664962768554695 50.619283676147468
decision_type=2 2 2 2 2 2 2 2 2 2 2 2 2 2 2 2 2 2 2 2 2 2 2 2 2 2 2 2 2 2
left_child=1 5 3 6 7 17 11 19 9 -3 -6 22 13 14 -7 -15 -10 25 -12 -5 21 -11 -2 -8 -25 27 -27 -1 29 -18
right_child=2 8 -4 4 10 12 23 -9 16 20 18 -13 -14 15 -16 -17 28 -19 -20 -21 -22 -23 -24 24 -26 26 -28 -29 -30 -31
leaf_value=0.035228369522260154 -0.0087567378204185409 -0.0056004667324214743 -0.036883845901566736 -0.0034995747620288242 0.055021609681580236 0.009279572150359636 -0.011506970616600441 -0.025413337712113057 -0.0072576487466660608 0.0051150209080938697 0.0061342672421507097 0.0072548185429289992 -0.00082707427843677842 -0.0022775011445278319 0.055707062484970718 0.033367638228494124 0.018854247424632316 -0.006084432968086282 0.017871578172643912 0.023711425917716397 0.0025036271681275731 0.015625094993350068 -0.0028324160651077507 0.029322648980025227 -0.0064126146322469116 -0.002554295603317889 0.0032321160988924872 0.0082570232607098604 0.0086603554888650628 0.072334740237720754
leaf_weight=41.295008763670921 984.45367699861526 507.93457017093897 155.87940818071365 370.80011793971062 27.04880228638649 900.44370141625404 1887.4358299076557 204.42576710134745 80.401613831520081 4067.593364328146 1148.4335277304053 486.72115561366081 29675.862057939172 1141.7359462156892 28.176141425967216 38.752051718533039 504.27051565051079 503.29839773476124 368.60436192154884 52.99927181750536 2597.768379047513 895.5645222440362 16991.889136247337 25.872344166040421 1883.6520746126771 1783.3488547429442 14998.213205218315 410.64092915505171 274.52615936100483 19.864342823624611
leaf_count=191 5651 4217 1747 2633 74 4090 13828 569 680 22183 6792 2491 190137 6833 144 157 2536 2770 2089 317 15844 2697 113007 123 13842 8970 92135 2082 1382 41
internal_value=-1.05348e-05 0.00138881 -0.00333834 -0.00312283 0.00457895 0.000603594 -0.00387488 -0.00833076 0.00573333 0.0047684 0.0098375 -0.00288245 -0.000498205 0.00412433 0.0107425 -0.00107964 0.01457 0.00257839 0.00899868 -4.18864e-05 0.00546642 0.00701511 -0.00315762 -0.00869724 -0.00591269 0.00283206 0.00261669 0.0107948 0.0167812 0.0210016
internal_weight=83057.9 58469.7 24588.2 24432.3 2172.31 49521.8 22260 628.225 8947.92 8068.86 1544.09 18463.1 31785 2109.11 928.62 1180.49 879.063 17736.8 1517.04 423.799 7560.93 4963.16 17976.3 3796.96 1909.52 17233.5 16781.6 451.936 798.661 524.135
internal_count=520252 357089 163163 161416 12474 307509 148942 3519 49580 44941 8955 121149 201361 11224 4234 6990 4639 106148 8881 2950 40724 24880 118658 27793 13965 103378 101105 2273 3959 2577
is_linear=0
shrinkage=0.035


Tree=27
num_leaves=31
num_cat=0
split_feature=6 10 10 6 6 7 4 7 6 7 4 5 2 7 5 7 5 2 2 4 10 2 7 10 10 5 7 5 6 7
split_gain=290.498 151.948 135.132 126.447 86.1647 79.9916 79.0663 74.8535 70.7025 70.241 69.8553 67.3223 172.898 62.2811 61.0696 51.3205 50.3254 48.14 47.3059 52.871 44.5577 43.5569 43.4113 44.5718 42.6791 58.5458 58.8834 41.1243 37.5735 36.9524
threshold=68.272686004638686 6.0274863243103036 1.6687784194946291 99.693408966064467 93.589080810546889 62.413892745971687 56.271806716918952 76.706653594970717 14.717095375061037 36.108549118041999 53.615533828735359 46.028558731079109 50.619283676147468 27.69983005523682 50.080322265625007 27.393962860107425 45.565744400024421 49.856487274169929 48.029621124267585 57.322332382202156 -8.4042339324951154 49.463737487792976 35.846035003662116 7.2648968696594247 -11.258804321289061 46.474193572998054 39.775512695312507 47.163959503173835 35.110204696655281 78.860435485839858
decision_type=2 2 2 2 2 2 2 2 2 2 2 2 2 2 2 2 2 2 2 2 2 2 2 2 2 2 2 2 2 2
left_child=2 3 8 4 14 10 11 17 -1 16 13 28 -13 15 20 -4 -3 -8 -6 -20 -2 -12 -18 -24 25 26 -10 -27 -7 -11
right_child=1 9 5 -5 18 6 7 -9 24 29 21 12 -14 -15 -16 -17 22 -19 19 -21 -22 -23 23 -25 -26 27 -28 -29 -30 -31
leaf_value=0.0028772974420631348 0.0066817340900646493 0.046022244068557094 0.012630725850255067 -0.03640057793623027 -0.027874416871504923 0.0049474153929198548 0.014019615163015227 -0.0040564105188013316 0.034331166483958134 0.0015279897481103371 -0.026238043902605018 -0.0015640469730408477 -0.028820624086697878 0.0033224105532793768 0.0026963764432506158 0.05672974756158982 0.0028477521175285076 0.004584319473351698 -0.0088628594482282625 0.0077416060523816466 -0.0038952409555077826 0.011423678977008455 -0.00066946950933261104 0.062591083335614403 -0.00083064709612637661 -0.032228149510030869 0.0018264444667461643 0.0035580556706510985 -0.0021126025760177546 0.017585715377332875
leaf_weight=9159.3867573365569 502.51170016080141 74.141258984804153 537.46760058403015 146.29736894741654 148.56912584602833 1915.7712992355227 1048.6057465672493 799.22334414720535 157.65021526068449 2046.2443317100406 37.340154699981213 1562.4902513623238 348.1321823745966 7143.3863653466105 2164.3351472765207 33.826915711164474 155.75414568930864 1809.140406191349 3542.7209380343556 250.53843253105879 15568.89524744451 2544.6053948402405 21.710066616535187 34.885787717998028 28937.192677050829 45.773128911852837 120.95436283200979 251.58449705690145 1779.784141369164 191.44179120659828
leaf_count=54058 2958 301 3159 1716 935 11327 4956 5794 686 11583 92 10744 970 44546 16299 221 902 10144 26722 1489 100491 13343 85 149 181459 123 574 1941 11137 1575
internal_value=3.82423e-05 -0.00312991 0.00139026 -0.00405044 -0.00383541 0.00376096 0.00139997 0.0054034 0.000190972 0.00500714 0.00588401 -0.00121065 -0.00654408 0.004214 -0.00282031 0.0153298 0.0213036 0.00805186 -0.0085282 -0.00776292 -0.00356377 0.0108683 0.0125 0.0385314 -0.000642546 0.00878385 0.0202901 -0.00199883 0.00154569 0.0029107
internal_weight=83080.4 24848 58232.3 22323.9 22177.6 19559.8 9263.15 3656.97 38672.5 2524.18 10296.6 5606.18 1910.62 7714.68 18235.7 571.295 286.491 2857.75 3941.83 3793.26 16071.4 2581.95 212.35 56.5959 29513.2 575.962 278.605 297.358 3695.56 2237.69
internal_count=520479 165205 355274 150610 148894 116433 55072 20894 238841 14595 61361 34178 11714 47926 119748 3380 1437 15100 29146 28211 103449 13435 1136 234 184783 3324 1260 2064 22464 13158
is_linear=0
shrinkage=0.035


Tree=28
num_leaves=31
num_cat=0
split_feature=6 11 7 7 6 7 11 7 6 2 7 5 2 11 7 7 2 2 11 7 7 5 5 5 5 7 7 7 2 2
split_gain=275.873 188.017 151.827 143.221 133.748 115.936 106.267 98.961 88.449 76.1208 71.5392 69.2348 63.2768 55.322 187.611 163.294 94.9202 48.2198 42.9201 54.5276 74.927 42.2662 41.7374 40.8568 40.514 40.0474 36.1291 34.4364 82.8311 78.1479
threshold=93.589080810546889 62.44075012207032 57.000656127929695 54.63191223144532 31.531767845153812 57.865306854248054 80.381748199462905 74.670307159423842 99.693408966064467 51.636827468872077 38.011922836303718 45.549871444702156 49.107086181640632 36.383949279785163 21.560606956481937 34.66917800903321 50.069204330444343 53.507390975952156 70.36264801025392 69.762519836425795 63.42186355590821 50.069299697875984 92.552654266357436 45.706155776977546 45.653284072875984 68.936416625976577 56.244001388549812 34.419713973999031 52.715166091918952 53.672307968139656
decision_type=2 2 2 2 2 2 2 2 2 2 2 2 2 2 2 2 2 2 2 2 2 2 2 2 2 2 2 2 2 2
left_child=1 4 3 9 22 -4 7 -7 18 21 -11 26 -8 15 17 24 -17 -15 -2 20 -20 -3 27 -13 -6 -16 -5 29 -29 -1
right_child=8 2 5 11 13 6 12 -9 -10 10 -12 23 -14 14 25 16 -18 -19 19 -21 -22 -23 -24 -25 -26 -27 -28 28 -30 -31
leaf_value=0.0077168769795576469 -0.0084489500442009556 -0.0068323969279129541 -0.024474123851344162 -0.010107110562134562 -0.010892701602290363 0.0038407706423104313 0.001656693515154666 -0.0046787637848081237 -0.035236324396558487 0.0026407337209313894 0.020438346314278568 0.058310846519907922 0.016519895320702957 0.0023640927803312518 -0.0016555007013933296 0.027881076085677105 0.006858117716079486 0.050950570408746704 -0.0075797031223194377 -0.0051612739024651522 0.054781058419056637 0.01262712092426852 -0.0067095923034822128 0.02720550578899095 -0.00052315454123919112 -0.0049700708519873687 0.04096067998406832 0.0023443666790497197 -0.0044837151574074292 -0.00093266687247028945
leaf_weight=3457.2540549561381 4078.7763669118285 430.18169388920069 188.78931594640017 51.538903832435608 515.62626279890537 6425.5565329641104 530.68905463069677 2255.3976881206036 145.31159324944019 423.56277120113373 803.67674507945776 127.16889010369778 1042.2762629762292 33.611785762012005 30676.356031119823 334.36955478042364 1235.519342392683 101.74414771795273 41.745211318135262 190.953618504107 52.482810698449612 199.41495484858751 677.07834469527006 92.85441666841507 4363.5552443563938 5229.443144030869 24.265932366251945 14687.214824460447 2553.6307537704706 2028.7885518819094
leaf_count=21761 30048 1699 831 396 2958 35064 2839 16219 1749 1727 3694 450 5986 226 201614 1225 6049 454 172 1403 187 1551 3712 432 26780 34876 113 88433 15702 11884
internal_value=-1.2995e-05 0.000470609 0.00438862 0.0128513 -0.000278239 0.00264259 0.0031444 0.00162628 -0.00843088 0.00923394 0.0143072 0.0354471 0.0115132 -0.0014486 -0.0019829 0.00153619 0.0113522 0.0390217 -0.00753041 0.00556929 0.0272489 -0.00064959 0.00184624 0.0453616 -0.00162204 -0.00213854 0.0064059 0.00210167 0.00133246 0.00451725
internal_weight=82998.8 78489.6 12595.4 2152.66 65894.2 10442.7 10253.9 8680.95 4509.27 1856.84 1227.24 295.828 1572.97 42490.2 36041.2 6449.07 1569.89 135.356 4363.96 285.182 94.228 629.597 23404 220.023 4879.18 35905.8 75.8048 22726.9 17240.8 5486.04
internal_count=520234 486675 71001 10062 415674 60939 60108 51283 33559 8671 5421 1391 8825 274182 237170 37012 7274 680 31810 1762 359 3250 141492 882 29738 236490 509 137780 104135 33645
is_linear=0
shrinkage=0.035


Tree=29
num_leaves=31
num_cat=0
split_feature=6 11 6 10 10 10 7 6 7 7 10 6 7 7 10 7 9 10 10 5 10 2 2 5 5 11 1 2 2 7
split_gain=270.321 152.862 116.997 107.546 90.6683 79.095 74.705 74.2364 70.5861 55.5073 57.1916 50.5512 46.9439 46.6443 43.1974 117.865 49.9181 41.9971 41.4026 65.4364 39.435 36.4174 36.1883 46.5825 35.3556 35.0958 31.7606 31.4844 31.1482 49.6415
threshold=79.946826934814467 63.924749374389656 99.693408966064467 6.0274863243103036 -1.5605226159095762 7.2648968696594247 73.50925445556642 23.482285499572757 35.942852020263679 74.912715911865249 1.0472377538681032 93.973690032958999 40.36732482910157 79.115924835205092 -6.2426600456237784 28.017315864562992 -6.0219500064849845 16.556191444396976 -11.258804321289061 46.181444168090827 22.41047286987305 53.796842575073249 48.208747863769538 45.449871063232429 50.08058166503907 82.75894927978517 30.226054191589359 48.208747863769538 50.051361083984382 69.86682510375978
decision_type=2 2 2 2 2 2 2 2 2 2 2 2 2 2 2 2 2 2 2 2 2 2 2 2 2 2 2 2 2 2
left_child=1 5 3 11 12 7 20 26 17 22 13 24 -3 -11 15 -9 -16 -5 19 -13 -7 -20 23 -6 27 -12 -1 -2 29 -14
right_child=2 4 -4 8 9 6 -8 14 -10 10 25 18 28 -15 16 -17 -18 -19 21 -21 -22 -23 -24 -25 -26 -27 -28 -29 -30 -31
leaf_value=-0.011152317831092263 -0.013852781083699259 0.031725162135300446 -0.035710606007538483 0.031102167377997286 -0.012214857219715752 0.0095058944720029011 -0.017396151607857409 -0.0056033584794473188 0.0020816904969133882 0.025010154715992591 -0.0055075032235498908 0.069358481256829863 -0.023592953324342407 -0.0061273884945502151 0.026968111694893118 0.0096473607921918093 -0.0011800674665568777 -0.025865607408765676 -0.0097833015183532782 -0.013590082588208634 -0.026408513314802196 0.0044645513044739016 0.0076439562157513781 0.024116883858817429 0.0032746437907267196 0.0068119048667590592 0.0020994846668862953 -0.0038067733159357644 0.001718394456321513 -0.0033148658334766481
leaf_weight=223.47145062685013 399.81290423125029 47.03450034558773 142.31490841880441 159.51755518466234 49.413719423115253 1898.6560598090291 142.33311489969492 1031.8810975253582 1414.5922479182482 192.70081155747175 962.36819619685411 20.625823050737381 194.42171300947666 83.892517536878586 76.524046801030636 1554.5209371894598 36254.368081003428 16.853849329054356 3377.1516834199429 24.827728949487209 37.356420665979385 233.90533254295588 5537.2988506034017 310.98906027525663 833.30263629555702 400.19348327815533 17379.920916572213 8655.3560277447104 739.18610729277134 616.14097924530506
leaf_count=1267 2228 207 1767 710 403 10309 1019 6300 8332 1090 7376 113 582 662 448 7791 234135 132 25237 191 276 1833 27493 1191 6858 2846 103753 57206 5199 3116
internal_value=-8.9599e-07 0.000947618 -0.0042062 -0.00390765 0.00515901 0.000291022 0.00699538 4.42736e-05 0.00469668 0.00676423 0.00106126 -0.00491903 -0.00241289 0.0155503 -0.000808698 0.00356032 -0.00111999 0.0255267 -0.0084365 0.0244474 0.00879867 -0.00885768 0.00834772 0.0191001 -0.00361708 -0.0018822 0.00193036 -0.00425229 -0.00346932 -0.00820587
internal_weight=83010.9 67732.7 15278.3 15135.9 9133.64 58599 2078.35 56520.7 1590.96 7536.86 1639.16 13545 1596.78 276.593 38917.3 2586.4 36330.9 176.371 3656.51 45.4536 1936.01 3611.06 5897.7 360.403 9888.47 1362.56 17603.4 9055.17 1549.75 810.563
internal_count=520070 415463 104607 102840 50165 365298 11604 353694 9174 41061 11974 93666 9104 1752 248674 14091 234583 842 27374 304 10585 27070 29087 1594 66292 10222 105020 59434 8897 3698
is_linear=0
shrinkage=0.035


Tree=30
num_leaves=31
num_cat=0
split_feature=6 10 6 7 6 5 5 10 6 5 0 10 7 11 5 7 9 5 7 10 7 9 2 2 7 11 10 11 5 10
split_gain=242.075 192.276 132.05 102.726 80.0017 55.9588 111.892 62.5808 51.9262 47.1042 42.5141 41.3184 100.993 47.9411 38.7997 49.5925 83.3989 46.5197 40.6987 36.1769 48.9593 36.4933 35.8674 52.7389 35.299 56.0618 59.8168 46.0365 36.1724 34.0761
threshold=93.214572906494155 4.7782890796661386 58.341888427734382 46.291160583496101 99.693408966064467 45.764883041381843 45.549871444702156 7.775179624557496 13.894002437591555 45.449871063232429 28.000000000000004 -6.2426600456237784 24.84964752197266 69.251052856445327 45.536170959472663 42.491350173950202 -0.22664999961853025 45.45686340332032 39.775512695312507 1.6308878064155581 27.69983005523682 -6.0219500064849845 48.029621124267585 50.069204330444343 44.598613739013679 51.063650131225593 4.8704793453216562 65.116851806640639 45.565744400024421 0.62921079993247997
decision_type=2 2 2 2 2 2 2 2 2 2 2 2 2 2 2 2 2 2 2 2 2 2 2 2 2 2 2 2 2 2
left_child=1 2 8 14 24 6 9 -8 22 -5 11 12 -4 -13 17 18 -17 -3 -16 21 -21 -10 -1 -24 25 26 28 -26 -2 -29
right_child=4 3 10 5 -6 -7 7 -9 19 -11 -12 13 -14 -15 15 16 -18 -19 -20 20 -22 -23 23 -25 27 -27 -28 29 -30 -31
leaf_value=0.012136671328880223 -0.015581449683774959 0.011420377650044134 -0.010947886495678516 -0.0015514007517581085 -0.034371045597306193 -0.00062373137838168708 0.0099668362139402125 0.029045653561818707 0.013399363891560392 0.0062028576141976276 0.006140436052412844 -0.00342561772781752 0.0083123329245602447 0.0041133469347512342 0.012669269894318796 0.053881604764042253 0.014632112759364801 -0.012047123717975733 -0.0038602053610441848 0.016887591071982566 0.0016731427448396705 -0.00065293785306181663 -0.0031364639876023648 0.0035800782383845378 -0.011769846921667246 0.015360568027876635 0.022302814417375739 -0.014966989912466673 -0.0036696584331013743 0.0048693124977934061
leaf_weight=493.96021132916212 422.69133899360895 241.73270103335381 468.14142043143511 1818.9052678644657 133.6815570294857 3309.420270062983 723.24136123806238 298.4505081474781 227.67387486249208 2027.3884373381734 694.0039636939764 20564.14915047586 1152.9135497584939 1086.4624707922339 1469.2466397359967 90.99513241648674 245.61674403399229 179.57540913671255 207.25382123887539 267.38285565376282 7776.4985757321119 24379.805919669569 1708.2139995843172 8812.7115656211972 2191.1296365335584 177.98575069755316 90.649488896131516 143.50140424072742 1202.0810685381293 399.61420058459044
leaf_count=2432 2887 1468 2916 15593 1721 16939 3448 1279 1311 10139 3489 137682 6395 5980 7558 372 942 1003 1184 1511 48500 152191 9472 52714 17067 1095 570 960 8862 2494
internal_value=-7.97105e-05 0.000386499 -0.000300689 0.00476648 -0.00774126 0.00288585 0.00527294 0.0155652 0.000844926 0.0025345 -0.00238829 -0.00264313 0.00274324 -0.00304684 0.0110778 0.0130989 0.0253656 0.0013973 0.0106208 0.000143662 0.00218138 -0.000522207 0.00292288 0.00248874 -0.00696467 -0.00328366 -0.00522846 -0.00950942 -0.00677901 -0.000373249
internal_weight=83005.1 78243.7 67631.9 10611.8 4761.33 8177.41 4867.99 1021.69 43666.2 3846.29 23965.7 23271.7 1621.05 21650.6 2434.42 2013.11 336.612 421.308 1676.5 32651.4 8043.88 24607.5 11014.9 10520.9 4627.65 1893.41 1715.42 2734.25 1624.77 543.116
internal_count=520174 484518 424593 59925 35656 47398 30459 4727 268131 25732 156462 152973 9311 143662 12527 10056 1314 2471 8742 203513 50011 153502 64618 62186 33935 13414 12319 20521 11749 3454
is_linear=0
shrinkage=0.035


Tree=31
num_leaves=31
num_cat=0
split_feature=6 10 6 10 11 2 7 11 11 7 11 7 10 5 7 7 7 7 5 7 11 2 5 7 2 10 7 7 2 2
split_gain=237.778 134.207 117.282 111.75 79.1154 153.924 70.4532 187.589 150.104 64.8239 62.3482 122.408 67.2967 78.6556 62.3285 60.377 94.6706 58.9073 72.6469 72.557 59.8873 55.2059 53.6216 50.918 47.5632 42.1937 42.0434 73.6904 40.3266 43.3936
threshold=66.632598876953139 6.3144264221191415 99.358459472656264 1.7074679136276247 68.24444961547853 49.021945953369148 50.487710952758796 53.345649719238288 50.463050842285163 69.762519836425795 28.875400543212894 22.878716468811039 -12.683357715606688 45.565744400024421 36.108549118041999 22.878716468811039 24.034657478332523 62.413892745971687 46.028558731079109 65.378646850585952 57.991550445556648 52.715166091918952 45.565744400024421 65.280933380126967 53.062788009643562 16.556191444396976 38.011922836303718 35.319665908813484 50.079809188842781 50.078678131103523
decision_type=2 2 2 2 2 2 2 2 2 2 2 2 2 2 2 2 2 2 2 2 2 2 2 2 2 2 2 2 2 2
left_child=3 2 4 10 6 -6 7 -2 -8 -7 11 -1 13 -13 22 28 -17 20 -19 23 -5 -18 -3 -20 -14 -24 27 -22 29 -12
right_child=1 14 -4 17 5 9 8 -9 -10 -11 15 12 24 -15 -16 16 21 18 19 -21 26 -23 25 -25 -26 -27 -28 -29 -30 -31
leaf_value=-0.004605157587059038 -0.003398215387192358 0.047095126772406647 -0.023483182620938906 0.0037659043780696503 -0.011005772205715084 0.020029079403237473 0.0025650695493740247 0.011681691581215964 -0.0081094348519856752 0.002404742903875612 0.011891115140572334 -0.021961617780218979 0.002849872630646939 0.052529415109068021 0.0030552027203964568 -0.012882441339129498 0.00063852402288572079 0.0036904280122340189 -0.0066886117306722203 0.00028167911041875222 0.012258662847791068 -0.0027381451323807617 0.017898846608785782 -0.026674668457566355 0.014609745324826246 -0.02736140901462639 0.012361215714413315 -0.014889866316336228 0.017021706274673712 -0.033776027510326337
leaf_weight=999.09511367976665 10587.639217972755 69.639696657657623 355.89849146082997 7496.0376666784286 529.03822953253984 574.00698587298393 2019.61704172194 1116.2062815874815 8004.5482230186462 462.6555597409606 59.019247733056545 21.129265397787094 814.65925773978233 85.170636542141438 2134.7818836346269 727.09243901818991 26225.711518026888 5892.7081247270107 603.95226567238569 2260.2680051252246 295.00081347674131 7663.5568070933223 181.64672543108463 210.98290276527405 876.73314489424229 28.445629194378853 1967.3616079539061 208.17065344005823 392.06534489244223 43.526439279317856
leaf_count=6568 70359 275 3526 46163 2868 2363 13611 6824 56884 3633 461 71 3777 293 12457 3258 166598 34621 3261 14698 1454 46131 882 491 3834 217 10406 855 2441 378
internal_value=8.59042e-06 -0.00275932 -0.00356201 0.00127792 -0.00325654 0.00433837 -0.00380429 -0.00195873 -0.00595806 0.0121781 0.000180927 0.00520956 0.0106678 0.037604 0.00509846 -0.000219542 -0.000393357 0.00347368 0.00141439 -0.0029445 0.00532566 -0.0001249 0.0206135 -0.0118926 0.00895376 0.0116571 0.0100527 0.00100715 0.0119121 -0.00753639
internal_weight=82906.4 26064.1 23649.6 56842.2 23293.7 1565.7 21728 11703.8 10024.2 1036.66 37907.8 2796.79 1797.69 106.3 2414.51 35111 34616.4 18934.5 8967.91 3075.2 9966.57 33889.3 279.732 814.935 1691.39 210.092 2470.53 503.171 494.611 102.546
internal_count=519658 173899 160068 345759 156542 8864 147678 77183 70495 5996 233810 14543 7975 364 13831 219267 215987 111949 53071 18450 58878 212729 1374 3752 7611 1099 12715 2309 3280 839
is_linear=0
shrinkage=0.035


Tree=32
num_leaves=31
num_cat=0
split_feature=6 10 7 9 6 7 9 7 7 6 5 9 10 7 11 11 7 7 0 2 11 2 6 2 2 11 11 10 7 7
split_gain=215.593 156.734 139.063 127.344 112.201 108.775 94.952 112.066 84.3813 83.8293 49.6187 49.6048 46.5953 48.6119 43.9737 41.3625 145.795 87.5106 40.3706 59.0625 168.519 65.2399 35.8978 35.3201 44.3049 102.227 40.6689 47.2524 70.0733 39.9416
threshold=93.214572906494155 3.1607775688171391 46.043565750122077 1.7465500235557558 55.578407287597663 43.856449127197273 -0.24074999988079068 44.850858688354499 73.829555511474624 99.693408966064467 45.442907333374031 2.9244999885559086 8.8588023185729998 73.481372833251967 82.75894927978517 36.383949279785163 64.290679931640639 20.186177253723148 13.59999990463257 49.794338226318366 21.875050544738773 50.078802108764656 35.110204696655281 53.796842575073249 53.830442428588874 30.261050224304203 65.116851806640639 -11.258804321289061 35.319665908813484 71.315780639648452
decision_type=2 2 2 2 2 2 2 2 2 2 2 2 2 2 2 2 2 2 2 2 2 2 2 2 2 2 2 2 2 2
left_child=1 4 5 12 11 -3 7 -7 10 23 -5 15 22 -14 -10 16 -1 -17 19 20 -6 -21 -4 26 25 -25 27 28 -2 -28
right_child=9 2 3 8 18 6 -8 -9 14 -11 -12 -13 13 -15 -16 17 -18 -19 -20 21 -22 -23 -24 24 -26 -27 29 -29 -30 -31
leaf_value=0.002483711314897425 -0.018798107736653424 0.0072135382390991383 0.0011337701214688574 -0.0052619754725568655 0.060632509620993598 0.088326469697181872 0.016560652888692781 0.0081367847166208158 -0.0052590574109346181 -0.034830319592171623 0.009285582561829344 0.0074680825920493601 0.009068792449838381 -0.020137277085493059 0.0074437855071710366 0.042899369760974519 0.041779081127445945 -2.8926045912541368e-05 0.0032913964082701324 0.003278196780489935 -0.0084275354476295774 -0.0027863578513018139 -0.0041927001209758124 0.13804649149075382 0.0012347356970545855 -0.011935159476884226 0.011460883559828699 -0.0090050028581961285 0.072026044992617735 -0.0074140065430012819
leaf_weight=5575.2419546544552 19.295891128480434 3933.0942175090313 2395.3601109161973 309.39029865711927 43.146029017865658 56.46943998336792 253.36484843492508 34.641179084777832 1083.1965032294393 130.49955347552896 3824.2991129308939 1319.309931717813 766.81458584219217 75.916111268103123 481.36438735574484 57.481625080108643 117.35076992213726 30635.54083417356 1476.8906741291285 2511.0751914307475 2819.828254558146 16067.687820903957 4380.3651499822736 8.893804609775545 288.241474352777 12.629359312355517 262.46234370023012 3676.1959107890725 20.913473397493362 286.07519337534904
leaf_count=30733 131 22066 14038 2538 143 215 1108 181 8453 1735 17975 6809 4254 575 3327 229 468 193400 8043 20955 15305 105573 28049 33 2281 79 1166 27695 107 2273
internal_value=3.5189e-05 0.000473011 0.00338122 0.00161679 -0.000370933 0.00887119 0.0277168 0.0582499 0.00557415 -0.00724038 0.00819425 0.000802856 -0.00134248 0.00641291 -0.00134453 0.000560829 0.00330076 5.23577e-05 -0.00230228 -0.002688 -0.00736768 -0.0019662 -0.00230874 -0.00644586 0.00494198 0.0524529 -0.00727537 -0.00858849 0.0287537 0.00160798
internal_weight=82923 78217.8 17594.3 13316.7 60623.6 4277.57 344.475 91.1106 5698.25 4705.21 4133.69 37704.9 7618.46 842.731 1564.56 36385.6 5692.59 30693 22918.6 21441.7 2862.97 18578.8 6775.73 4574.71 309.765 21.5232 4264.94 3716.41 40.2094 548.538
internal_count=519937 484437 102779 79209 381658 23570 1504 396 32293 35500 20513 231639 46916 4829 11780 224830 31201 193629 150019 141976 15448 126528 42087 33765 2393 112 31372 27933 238 3439
is_linear=0
shrinkage=0.035


Tree=33
num_leaves=31
num_cat=0
split_feature=6 10 7 6 9 7 7 11 4 7 6 7 2 4 10 10 10 2 7 10 11 9 7 7 7 9 10 10 11 2
split_gain=199.617 153.858 96.7058 91.4338 80.6833 104.746 82.7523 74.7736 73.297 74.169 66.5273 63.1207 91.4782 102.793 61.7908 56.9008 54.574 53.7646 51.973 50.9669 50.9559 41.3818 179.316 85.8821 72.9339 45.4735 40.1721 38.5406 33.3011 33.0725
threshold=86.215801239013686 2.1933937072753911 27.69983005523682 99.693408966064467 1.5200499892234804 51.203086853027351 74.912715911865249 36.668149948120124 56.545227050781257 73.50925445556642 14.717095375061037 69.072742462158217 50.051788330078132 50.487148284912116 1.8229469060897829 12.557685852050783 8.4382386207580584 50.459417343139656 54.481985092163093 7.502749204635621 80.381748199462905 -3.0320500135421748 22.878716468811039 64.699142456054702 20.186177253723148 3.1096500158309941 -2.7797427177429195 14.079446315765383 1.0000000180025095e-35 49.856487274169929
decision_type=2 2 2 2 2 2 2 2 2 2 2 2 2 2 2 2 2 2 2 2 2 2 2 2 2 2 2 2 2 2
left_child=1 10 7 8 5 15 29 27 11 14 -1 12 13 -2 18 -4 -14 -16 -10 -7 -8 22 -12 -24 26 -26 -23 28 -3 -6
right_child=3 2 4 -5 6 19 20 -9 9 -11 21 -13 16 -15 17 -17 -18 -19 -20 -21 -22 24 23 -25 25 -27 -28 -29 -30 -31
leaf_value=0.002245446596599691 0.025263911019255 0.039221786300082377 0.0043680045630595061 -0.033910702559203948 0.011723455409191619 -0.0025860943232317857 -0.0068150831365432858 0.029230835316009781 0.049351632201132901 -0.0072337083675934957 -0.0082099316427519196 -0.013411718563813816 -0.0058774794103226662 -0.005189637551055685 0.027307729764208009 0.032115829689738751 0.012465386469907925 0.0061293675582550786 -0.0084456991253882979 0.00592419243303251 0.0070765456510500178 0.002137111745175193 0.0085225765121161538 0.055743866036589415 -0.0015681457476422616 0.005345792294940796 0.041152373942703449 -0.020164214832304666 0.0059581158814476041 0.0058501450972136965
leaf_weight=9810.8178858086467 262.68337111920118 42.23316091299057 5279.3095290139318 127.64478114247322 1565.2703697234392 6799.2704874426126 935.81231949478388 300.00634554773569 19.772331759333611 514.00136946886778 1080.0931587070227 1053.3981639295816 6760.7382534742355 279.05463413149118 272.24890777468681 91.426664106547832 203.74697314202785 321.34070917218924 255.84679692983627 986.05776620656252 493.00064990669489 56.854613274335861 1767.7817670479417 47.774854086339474 37259.624885328114 1201.7467576861382 75.657582581043243 58.521996892988682 267.41012278199196 4763.807192184031
leaf_count=57721 1726 322 32016 1746 6878 42926 7513 1553 97 3869 7288 8043 49117 1846 1419 411 1120 1473 1404 5344 3480 291 7959 155 240380 6382 312 476 1506 25420
internal_value=5.846e-05 0.00069677 0.00317605 -0.00456013 0.00275652 0.00108637 0.0055875 0.016278 -0.00417993 0.00329091 -0.000346163 -0.00538821 -0.00425998 0.00957956 0.00952356 0.00484637 -0.00533848 0.0158782 -0.00414329 -0.00150682 -0.00201571 -0.000959188 0.00307499 0.00979302 -0.00126211 -0.00135183 0.0245786 0.00566363 0.010607 0.0073051
internal_weight=82953 72882.5 21582.1 10070.5 20914 13156.1 7757.89 668.172 9942.83 1383.21 51300.4 8559.62 7506.22 541.738 869.209 5370.74 6964.49 593.59 275.619 7785.33 1428.81 41489.5 2895.65 1815.56 38593.9 38461.4 132.512 368.165 309.643 6329.08
internal_count=520193 448333 127845 71860 123988 80697 43291 3857 70114 8262 320488 61852 53809 3572 4393 32427 50237 2892 1501 48270 10993 262767 15402 8114 247365 246762 603 2304 1828 32298
is_linear=0
shrinkage=0.035


Tree=34
num_leaves=31
num_cat=0
split_feature=6 9 6 6 0 7 7 2 9 9 5 5 7 4 7 5 5 5 5 2 2 6 7 7 7 11 2 5 2 7
split_gain=200.828 133.765 117.026 77.1009 55.6265 41.7765 128.423 38.467 117.57 56.9871 37.5292 105.336 33.9493 33.8182 48.4778 38.9008 33.4362 32.2375 30.7781 34.5654 37.719 30.579 29.667 50.2012 55.1848 29.4702 29.2168 29.1213 27.5612 42.4272
threshold=93.214572906494155 3.1096500158309941 23.877877235412601 99.693408966064467 20.800000190734867 69.762519836425795 69.49686431884767 49.794338226318366 -3.4302499294281001 1.4951500296592715 45.608633041381843 45.764883041381843 54.63191223144532 57.69544982910157 44.850858688354499 45.565744400024421 45.45686340332032 98.774887084960952 50.080970764160163 48.029621124267585 50.078802108764656 3.2703125476837163 70.733211517333999 71.315780639648452 71.191276550292983 52.28235054016114 49.107086181640632 46.023597717285163 50.460123062133796 69.762519836425795
decision_type=2 2 2 2 2 2 2 2 2 2 2 2 2 2 2 2 2 2 2 2 2 2 2 2 2 2 2 2 2 2
left_child=1 2 18 13 7 6 10 8 -4 -9 16 -12 17 14 15 -2 -3 -6 19 21 -21 -1 -7 24 -24 -17 27 -15 29 -28
right_child=3 5 4 -5 12 22 -8 9 -10 -11 11 -13 -14 26 -16 25 -18 -19 -20 20 -22 -23 23 -25 -26 -27 28 -29 -30 -31
leaf_value=0.029382983296522353 -0.011362419072206214 0.0095880921851237214 0.024564382647643785 -0.034421796549793944 0.0051820804824443028 -0.0083059714230531486 0.036591304463475749 -0.0012202425415491363 -0.0041993713082731652 0.0026897813625412857 0.035387797296270777 0.0055235539522715954 -0.00011105524095125779 0.00057201083888473508 -0.010905865550383965 -0.0014729515274947986 -0.0033172311831235744 0.018688757491981144 -0.0032711334891366104 -0.00081818004709414255 0.0031146639151443862 0.0074330963927208681 0.012328322895967676 0.0032426232797871119 0.067351086120227416 0.019586269940659234 0.039506697748185 -0.032963627427654102 -0.0033544508399636036 0.0042015124591021739
leaf_weight=90.337086498737335 521.99906100332737 439.7123795747757 177.57823484390974 122.92829149588943 1142.4095890000463 247.68867376446724 198.21370478719473 38329.150186263025 7138.747783228755 5182.064968302846 188.71367137879133 616.86252143234015 1277.8380576595664 96.433872170746326 2216.8110388293862 1267.8184357956052 555.07977348566055 267.54318668693304 1165.343681588769 3759.5696572884917 14488.013704605401 552.1062021702528 87.579134359955788 2309.600571796298 29.633315682411194 86.179008580744267 67.08106455206871 46.162266343832016 131.27845774590969 110.01946108788252
leaf_count=417 3554 2382 737 1744 5847 774 564 254422 39552 32981 605 2384 6974 786 17559 9375 2071 1262 8024 23650 83255 2611 416 15433 126 539 245 138 619 940
internal_value=-9.11541e-05 0.000329475 -3.51837e-05 -0.00714392 -0.00088982 0.006071 0.00990007 -0.00114944 -0.00349767 -0.000754368 0.00694264 0.0125564 0.00401593 -0.00639847 -0.00740111 -0.00325303 0.0023832 0.00775912 0.00224491 0.00258569 0.00230399 0.0105632 0.00320491 0.00438498 0.0266606 -0.000116637 0.0026825 -0.0103589 0.00874676 0.0177311
internal_weight=82910.5 78243.8 73570.7 4666.71 53515.3 4673.08 1998.58 50827.5 7316.33 43511.2 1800.37 805.576 2687.79 4543.78 4092.81 1876 994.792 1409.95 20055.4 18890 18247.6 642.443 2674.5 2426.81 117.212 1354 450.975 142.596 308.379 177.101
internal_count=519986 484487 459732 35499 341775 24755 8006 327692 40289 287403 7442 2989 14083 33755 31027 13468 4453 7109 117957 109933 106905 3028 16749 15975 542 9914 2728 924 1804 1185
is_linear=0
shrinkage=0.035


Tree=35
num_leaves=31
num_cat=0
split_feature=6 6 10 10 2 4 10 7 7 11 9 7 7 5 7 7 5 7 7 11 7 7 2 7 2 6 7 7 9 5
split_gain=185.456 109.991 106.031 74.9824 70.0005 65.4925 93.9594 94.7308 77.0453 180.659 159.278 52.7514 49.7785 54.8817 89.5142 49.2267 71.0322 45.6173 44.9634 44.3836 74.552 51.5336 49.9057 78.9867 58.4641 55.8581 51.4823 51.2855 40.4866 36.9921
threshold=57.937923431396491 99.693408966064467 6.0274863243103036 1.6687784194946291 52.708227157592781 56.993158340454109 -0.53928416967391957 75.94882965087892 50.487710952758796 53.659950256347663 0.075649999082088484 40.735153198242195 62.413892745971687 46.028558731079109 65.378646850585952 78.860435485839858 45.419452667236335 65.280933380126967 80.263469696044936 28.875400543212894 22.878716468811039 64.03334236145021 52.715166091918952 22.878716468811039 50.078802108764656 24.689868927001957 74.275493621826186 23.790318489074711 -4.7622499465942374 45.447542190551765
decision_type=2 2 2 2 2 2 2 2 2 2 2 2 2 2 2 2 2 2 2 2 2 2 2 2 2 2 2 2 2 2
left_child=3 2 5 19 15 8 11 -8 9 -2 -10 -7 -5 -14 17 16 -4 -15 -17 20 -1 28 24 -24 26 -26 -21 -25 -22 -6
right_child=1 -3 4 12 29 6 7 -9 10 -11 -12 -13 13 14 -16 18 -18 -19 -20 22 21 -23 23 27 25 -27 -28 -29 -30 -31
leaf_value=-0.0034077046730999648 -0.0026900856334053373 -0.03525294114619059 -0.020569557610830857 0.0050287889597121927 -0.0046405387293598525 0.035318833567903697 0.0094598782972813121 -0.0097106870788824604 0.0021600732022150084 0.011348510294226868 -0.007558410947883583 -0.0088387114830629082 0.0032916496449611936 -0.0082492447317609133 0.00097020096185804704 0.042305443503145808 0.0014442792316806778 -0.028532517381024816 0.0067320225603150468 -0.0024275574322798338 0.020835111011487328 0.044520231411737117 0.014262597605059008 -0.0164661857599184 0.0044160890458058953 7.2855464496331975e-05 0.0061734812893026458 -0.0026140411405586529 0.0056543980859952879 0.016047538616651622
leaf_weight=864.82759949564934 13518.501207314432 121.29117951914668 194.75153581053019 8751.3461725264788 124.24924207478762 33.588683038949966 1806.7171516939998 381.57485683262348 2678.9200601950288 1223.7222645580769 9006.4166380465031 889.7828876376152 5127.6447176709771 522.41950795799494 1939.4361188113689 61.392943106591702 2192.8477822616696 184.14968787133694 148.50152473151684 7802.2878770008683 258.66904248297215 48.773402571678162 327.91963151842356 343.41349598765373 6895.8638176694512 7659.2839320525527 955.93000274151564 6828.9933620467782 1286.4643393829465 685.0869240090251
leaf_count=5670 89504 1757 1719 51063 1059 146 9717 2551 18091 7585 64913 5349 29823 2834 12611 461 11677 429 1239 49541 1026 165 1922 1088 41967 50534 5722 40859 5847 3159
internal_value=-5.81413e-05 -0.00209012 -0.00196696 0.00129104 0.00387822 -0.00264142 0.00215962 0.00611156 -0.00320703 -0.00152374 -0.00532981 -0.00719567 0.00321818 0.00117863 -0.00291326 0.00107341 -0.000354701 -0.0135718 0.0172914 0.000333644 0.00485823 0.00934704 -2.72786e-05 -0.00251067 0.000771431 0.00213118 -0.00148751 -0.00328002 0.00820978 0.0128614
internal_weight=82864.8 33067.3 32946.1 49797.4 3406.83 29539.2 3111.66 2188.29 26427.6 14742.2 11685.3 923.372 16525 7773.65 2646.01 2597.49 2387.6 706.569 209.894 33272.4 2458.73 1593.91 30813.7 7500.33 23313.4 14555.1 8758.22 7172.41 1545.13 809.336
internal_count=520028 218927 217170 301101 19314 197856 17763 12268 180093 97089 83004 5495 96760 45697 15874 15096 13396 3263 1700 204341 12708 7038 191633 43869 147764 92501 55263 41947 6873 4218
is_linear=0
shrinkage=0.035


Tree=36
num_leaves=31
num_cat=0
split_feature=6 9 6 6 4 7 2 4 4 2 7 7 7 7 7 5 0 9 7 9 4 2 2 7 9 9 7 7 7 7
split_gain=182.935 115.636 94.2289 82.4694 67.6337 53.4362 109.955 75.0174 49.3894 45.8734 44.9861 109.907 43.4401 39.4218 48.7397 41.059 39.226 37.5186 33.3374 44.032 38.9652 30.7232 29.0401 28.9645 117.055 115.607 27.3981 26.7277 28.8219 21.5523
threshold=86.215801239013686 3.1096500158309941 99.693408966064467 50.022300720214851 62.182466506958015 69.072742462158217 50.051788330078132 50.487148284912116 55.167417526245124 48.029621124267585 59.565095901489265 71.72922515869142 53.64912414550782 78.280700683593764 76.706653594970717 45.565744400024421 20.800000190734867 0.48905000090599066 83.923740386962905 6.0667500495910653 67.195690155029311 48.924234390258796 51.443305969238288 62.469350814819343 1.0985500216484072 0.029749999754130844 85.718479156494155 63.42186355590821 44.850858688354499 74.040325164794936
decision_type=2 2 2 2 2 2 2 2 2 2 2 2 2 2 2 2 2 2 2 2 2 2 2 2 2 2 2 2 2 2
left_child=1 3 4 13 5 6 7 -2 -8 -7 12 22 -6 14 15 -1 23 -16 19 -3 -20 -11 -12 24 -5 -25 -22 28 -21 -13
right_child=2 18 -4 16 10 9 8 -9 -10 21 11 29 -14 -15 17 -17 -18 -19 20 27 26 -23 -24 25 -26 -27 -28 -29 -30 -31
leaf_value=0.0025794463012259751 0.024583456610646433 0.0058367836648659148 -0.035300383258223988 -0.001583440259176172 0.015986060222408845 -0.022969251920140266 -0.0053776809620531846 0.00016328648495219476 0.0055431643261862019 0.004082299506781779 0.057604514274834692 -0.018983666711828925 -0.03825385633366072 -0.010809856328086892 0.066334233522757677 0.00033552222009670642 0.004015529048685222 0.013633350556303339 -0.023365404415046961 0.026634024903446792 0.032033195116056117 -0.0099457909532661027 0.012046387434488543 0.0088185960676388109 0.0080291239748762535 -0.0046378966550481128 -0.001750287645821493 0.024340857181750941 -0.0037626013699930514 0.0081866016093330544
leaf_weight=18496.124772444367 270.37635250389576 3551.5820672810078 118.27510219812393 16285.602664522827 32.1163534745574 287.62190789729357 6709.7172918915749 358.30212322622538 547.51466971635818 229.15120644122362 74.634032398462296 46.463710516691208 39.283788606524467 322.69477425515652 17.557320639491081 21736.176161408424 1712.3416516855359 188.86465694755316 94.23445637524128 56.882333159446716 33.666056424379349 1124.90877751261 23.358922436833382 875.6380553022027 1714.3630949854851 7247.1346921771765 198.04230241477489 272.50816009938717 111.86919736117125 145.7327675819397
leaf_count=110701 1740 18097 1774 106682 120 1790 48970 2160 3023 1775 242 252 125 2407 66 133092 8872 943 850 207 239 8826 131 5268 10051 47328 1701 1179 429 1163
internal_value=9.512e-05 0.000704237 -0.00434197 0.000354362 -0.00396817 -0.00453284 -0.00333492 0.0106947 -0.00455228 -0.0102785 0.0108684 0.0169963 -0.0138526 0.00135728 0.00145475 0.00136733 -0.00111404 0.0183884 0.00625869 0.00713795 -0.00448209 -0.0075656 0.047001 -0.00145067 -0.00066721 -0.00318569 0.0032215 0.0175654 0.00651945 0.00153043
internal_weight=82922.7 72915.3 10007.5 68596.5 9889.18 9527.59 7885.91 628.678 7257.23 1641.68 361.59 290.189 71.4001 40761.4 40438.7 40232.3 27835.1 206.422 4318.78 3992.84 325.943 1354.06 97.993 26122.7 18000 8122.77 231.708 441.26 168.752 192.196
internal_count=520203 448112 72091 425410 70317 68284 55893 3900 51993 12391 2033 1788 245 247209 244802 243793 178201 1009 22702 19912 2790 10601 373 169329 116733 52596 1940 1815 636 1415
is_linear=0
shrinkage=0.035


Tree=37
num_leaves=31
num_cat=0
split_feature=6 10 7 9 7 9 7 6 6 7 2 10 5 2 7 10 7 10 7 7 7 4 7 11 2 7 10 7 2 10
split_gain=171.764 121.899 115.896 97.6927 94.6764 90.2018 122.986 79.8779 68.2612 64.6078 71.2028 49.1569 95.3842 79.3234 78.8171 41.0749 57.9302 40.4234 60.9178 58.1336 39.7135 37.8363 36.911 86.8943 118.975 77.8179 88.4168 52.6443 42.608 36.7299
threshold=93.973690032958999 3.1607775688171391 46.043565750122077 1.7465500235557558 43.856449127197273 -0.24074999988079068 44.850858688354499 50.411310195922859 99.693408966064467 73.829555511474624 49.856487274169929 -8.9486303329467756 46.036748886108406 50.079809188842781 39.775512695312507 8.0838499069213885 73.481372833251967 8.8588023185729998 13.469102859497072 27.69983005523682 1.0000000180025095e-35 65.640632629394545 50.487710952758796 49.020349502563484 52.401636123657234 34.419713973999031 -8.4042339324951154 32.421426773071296 48.029621124267585 -0.72974395751953114
decision_type=2 2 2 2 2 2 2 2 2 2 2 2 2 2 2 2 2 2 2 2 2 2 2 2 2 2 2 2 2 2
left_child=1 7 4 15 17 6 -6 22 21 10 -5 12 14 -14 -9 -4 -17 19 -19 -3 -13 -2 25 24 -24 27 -27 -1 -25 -22
right_child=8 2 3 9 5 -7 -8 11 -10 -11 -12 20 13 -15 -16 16 -18 18 -20 -21 29 -23 23 28 -26 26 -28 -29 -30 -31
leaf_value=0.00068122324474797883 -0.0066385312304831964 0.017704534002191488 -0.0023310662412229389 0.014558225736419454 0.085278392009382628 0.014464927086802228 0.002627903282043821 0.036769136264254293 -0.033838703421364337 -0.00129047192300241 0.0042614958247125401 0.069103152587981539 0.019812580408885731 -0.01078150531904015 0.0030902995959789757 0.0073402108684298938 -0.020738574128113339 -0.013726391748832214 0.018081268936927727 0.0031032651767202331 -0.0034811281051746307 0.022828552403037539 0.0087851237830366413 0.006232141856042421 -0.011320266877358537 0.015839757178824895 -0.0030443400698464754 0.0074194733805917944 -0.0001719405109855136 -0.00082414422786357075
leaf_weight=6538.3151722103357 3887.4960592463613 376.36046452820301 6540.3303917050362 1126.4339805990458 58.631825014948845 258.67404048144817 35.43438234180212 178.61784251779318 112.26780133321881 1567.781157322228 3062.1592175289989 8.7889457419514638 139.24924683570862 399.93084858357906 163.19709281623363 1032.1127619892359 97.725699700415134 83.347540616989136 594.21910189092159 2950.6389958932996 12441.740139722824 53.255538813769817 3352.5322426185012 1435.4168244600296 403.00950619578362 312.80755543708801 9553.5468553826213 1814.8679392933846 11160.742277920246 13085.782483838499
leaf_count=41413 29476 2105 40976 4652 208 1106 179 856 1740 11814 15890 78 774 2610 915 5670 710 680 2458 17019 78168 346 19924 7691 2426 1319 56473 10166 71957 90161
internal_value=1.89797e-05 0.000380633 0.00293032 0.0013199 0.00788988 0.0252609 0.0545028 -0.000362754 -0.00700688 0.00476607 0.00703451 -0.00181181 0.0063111 -0.00284963 0.0207546 -0.00126572 0.00489238 0.00635328 0.0141467 0.00476097 -0.00209251 -0.00623398 0.000744344 0.00195155 0.00662379 -0.00033876 -0.00244368 0.00214663 0.000557641 -0.00211946
internal_weight=82825.4 78772.4 17783.8 13426.5 4357.31 352.74 94.0662 60988.5 4053.02 5756.37 4188.59 26417.3 880.995 539.18 341.815 7670.17 1129.84 4004.57 677.567 3327 25536.3 3940.75 34571.2 16351.7 3755.54 18219.5 9866.35 8353.18 12596.2 25527.5
internal_count=519960 488398 103467 79712 23755 1493 387 384931 31562 32356 20542 173562 5155 3384 1771 47356 6380 22262 3138 19124 168407 29822 211369 101998 22350 109371 57792 51579 79648 168329
is_linear=0
shrinkage=0.035


Tree=38
num_leaves=31
num_cat=0
split_feature=6 10 6 7 6 7 11 7 5 7 10 7 4 7 7 7 9 9 10 5 7 9 7 10 5 9 7 4 10 7
split_gain=177.043 132.634 90.8892 84.1795 70.7785 64.8172 56.812 61.4877 52.9637 52.2756 49.1939 40.6037 61.7539 39.3646 84.703 41.9476 38.6672 37.2976 36.5054 129.319 61.001 40.1044 37.9149 35.6197 35.1449 35.0718 32.8263 44.0414 39.0877 39.0325
threshold=93.214572906494155 4.7782890796661386 55.945737838745124 53.64912414550782 99.693408966064467 54.63191223144532 62.89435005187989 79.115924835205092 45.449871063232429 53.377611160278327 -1.9936631917953489 56.680021286010749 52.920207977294929 34.419713973999031 44.196378707885749 32.421426773071296 -0.30304999649524683 1.0794499516487124 -9.6117405891418439 46.036748886108406 40.298776626586921 4.4084999561309823 57.865306854248054 0.86936265230178844 47.163959503173835 1.2834500074386599 44.598613739013679 56.687097549438484 0.69654214382171642 71.315780639648452
decision_type=2 2 2 2 2 2 2 2 2 2 2 2 2 2 2 2 2 2 2 2 2 2 2 2 2 2 2 2 2 2
left_child=1 2 6 8 26 -5 13 10 17 24 -8 12 -7 15 -15 -1 -13 -3 19 20 -4 23 -23 -20 -10 -11 -2 -28 -29 -30
right_child=4 3 18 5 -6 11 7 -9 9 25 -12 16 -14 14 -16 -17 -18 -19 21 -21 -22 22 -24 -25 -26 -27 27 28 29 -31
leaf_value=0.001036011075749285 -0.0024464076132313193 -0.0092950598883930723 0.044551981817106096 -0.01299300427367346 -0.034331385359409085 0.00070107718331185239 -0.00092455698279713728 -0.010363935805089064 0.011795078301052002 0.0085825894449261617 0.0077310876806556544 0.014141959968202486 0.026603796634834812 -0.0033596781495601881 0.00088197366790209407 0.0066796733503058673 0.0012110246278924581 0.014374885546316255 -0.0032412270338645246 -0.005483719136366535 0.0077428740070918942 -0.025508121592903735 0.016163394564893956 -0.00046575355582213345 0.0033989655980286209 0.072367213073423378 -0.010864186300533884 -0.015317082940086981 0.016551142743568458 -0.004972734298090321
leaf_weight=7439.7177188843489 1843.5654146820307 314.80957010388374 120.70336803793907 344.92095177620649 110.36584517359734 245.52217701822519 1073.2132035270333 318.63128659874201 2184.2230947911739 18.023530036211014 3191.6526130884886 296.52258364856243 208.66504637151957 8113.9447051659226 19931.47964373976 2061.0192774087191 6074.0022522881627 109.04455032944679 15716.760535858572 396.93755786120892 102.70031475275755 29.331110812723637 234.80359178036451 8866.3539768829942 852.40455666184425 26.569199204444885 2091.2998202592134 145.59534703940153 204.55291999131441 206.22704889625311
leaf_count=47316 13375 2616 591 1587 1750 949 5770 2391 9434 49 16826 1698 907 46512 126988 11649 35583 845 102100 2528 577 94 1289 60334 5992 68 16956 1010 923 1617
internal_value=-5.37382e-05 0.000338445 -0.000234014 0.00396392 -0.00672507 0.00178912 0.000763702 0.00444203 0.00840906 0.010005 0.00555157 0.00253867 0.0126427 0.000314394 -0.000345008 0.0022615 0.00181571 -0.00317342 -0.00188473 0.00649373 0.0277498 -0.00209439 0.0114465 -0.00224053 0.00944205 0.0473465 -0.00603914 -0.0085366 0.000202782 0.00573967
internal_weight=82873.6 78272 67597.2 10674.7 4601.61 7169.63 42129.7 4583.5 3505.07 3081.22 4264.87 6824.71 454.187 37546.2 28045.4 9500.74 6370.52 423.854 25467.6 620.341 223.404 24847.2 264.135 24583.1 3036.63 44.5927 4491.24 2647.68 556.375 410.78
internal_count=520324 484693 424965 59728 35631 40724 257452 24987 19004 15543 22596 39137 1856 232465 173500 58965 37281 3461 167513 3696 1168 163817 1383 162434 15426 117 33881 20506 3550 2540
is_linear=0
shrinkage=0.035


Tree=39
num_leaves=31
num_cat=0
split_feature=11 10 7 7 5 5 2 9 7 7 10 10 9 9 2 7 10 5 7 7 7 7 2 5 2 9 10 5 7 2
split_gain=140.53 95.3235 70.2702 69.2564 98.9401 103.836 84.5765 64.6995 186.992 149.06 120.445 75.133 64.3819 62.3661 48.9318 47.4155 45.6687 43.2834 47.679 154.707 58.0549 67.2181 56.8105 35.3868 50.3454 31.9229 30.6284 28.5656 44.7145 23.5271
threshold=76.063098907470717 7.775179624557496 79.115924835205092 67.520690917968764 45.447542190551765 45.754474639892585 50.102197647094734 -2.6604499816894527 22.878716468811039 21.006519317626957 -10.341341495513914 0.90706148743629467 -1.2468499541282652 -0.69014999270439137 54.594764709472663 67.934066772460952 22.41047286987305 45.447542190551765 63.42186355590821 69.762519836425795 69.49686431884767 63.478757858276374 51.225116729736335 45.45686340332032 50.511508941650398 -0.30304999649524683 8.8588023185729998 45.452220916748054 74.040325164794936 50.953025817871101
decision_type=2 2 2 2 2 2 2 2 2 2 2 2 2 2 2 2 2 2 2 2 2 2 2 2 2 2 2 2 2 2
left_child=1 2 7 4 -3 6 -6 8 14 12 -10 -11 -9 -4 -1 -5 -7 -2 22 20 21 -20 29 24 -17 -25 -22 -21 -29 -19
right_child=17 3 13 15 5 16 -8 9 10 11 -12 -13 -14 -15 -16 23 -18 18 19 27 26 -23 -24 25 -26 -27 -28 28 -30 -31
leaf_value=-0.0067223203340487916 -8.4436198290968581e-05 -0.0096152959070454486 0.092989413547040781 -0.026144857120389241 -0.026252948694755161 0.0054203262728776368 0.02274029361904855 0.013594349256174938 0.027841194672265712 -0.0018491368835721785 0.0054685789407891662 0.0004874531772496743 0.051849103747868934 -0.016496672873708762 0.072925499346640915 0.020300528078207015 -0.035765614609370833 -0.0035804182744909991 0.050487637417565935 0.024078275094723801 0.057225880183008518 0.0129701692439555 0.010690062176004895 0.030349310844086243 -0.0097329730899560363 -0.0055387890714704751 0.020268914321430818 -0.0046801840191673947 0.0098167078938209903 -0.025629703210522787
leaf_weight=1796.1590590812266 762.74555779248476 298.07274108380079 5.669705167412757 88.447693303227425 44.589884653687477 925.87684524431825 887.19347682595253 162.46409901231527 320.01603230834007 41435.315320968628 3674.9119394384325 28413.320293743163 81.070467948913574 415.47101754322648 8.689818508923052 205.53593201190233 33.370372332632542 241.28042268007994 74.592703223228455 96.522156931459904 108.19458992779255 269.82354108989239 401.34273063391447 30.981044419109821 101.31095730513334 663.27278859168291 39.2269347012043 421.08007698506117 679.66186371445656 78.399420686066151
leaf_count=12382 6155 2501 24 548 137 3924 3950 961 1117 266764 17903 181876 406 3365 58 1527 257 929 138 519 258 987 1484 115 839 4228 91 1526 4245 232
internal_value=-4.90091e-05 -0.000337078 -0.000588247 0.00550565 0.00909384 0.0120494 0.0203677 -0.000508955 0.00304317 -0.000803007 0.00726772 -0.000898554 0.0264857 -0.0148326 -0.00630282 -0.00169864 0.00395165 0.00717329 0.00947236 0.0126882 0.0292021 0.021214 0.00192336 0.000473359 0.0103622 -0.00389412 0.0476018 0.00588347 0.00426531 -0.00906019
internal_weight=82764.6 79591.7 76313.1 3278.65 2189.1 1891.03 931.783 75891.9 5799.78 70092.2 3994.93 69848.6 243.535 421.141 1804.85 1089.55 959.247 3172.87 2410.12 1689.1 491.838 344.416 721.023 1001.1 306.847 694.254 147.422 1197.26 1100.74 319.68
internal_count=519446 502882 484856 18026 10769 8268 4087 481467 31460 450007 19020 448640 1367 3389 12440 7257 4181 16564 10409 7764 1474 1125 2645 6709 2366 4343 349 6290 5771 1161
is_linear=0
shrinkage=0.035


Tree=40
num_leaves=31
num_cat=0
split_feature=6 10 6 11 6 10 5 5 10 7 5 2 9 11 5 7 5 7 5 2 7 2 2 7 5 2 10 7 5 2
split_gain=147.224 91.7953 82.3894 82.2827 53.7889 49.9734 72.9568 58.1436 52.3289 76.5563 49.0973 66.0732 50.5183 47.5168 47.6636 47.4091 42.4882 36.6272 35.4841 34.5797 71.6182 111.2 67.7685 94.1255 42.9936 40.8933 34.4197 33.0451 28.526 74.3681
threshold=72.523471832275405 6.0274863243103036 99.358459472656264 76.063098907470717 9.1350073814392108 -11.258804321289061 46.474193572998054 45.565744400024421 1.0116817355155947 76.442924499511733 50.08058166503907 48.208747863769538 2.9244999885559086 64.801849365234389 50.081102371215827 35.942852020263679 45.489482879638679 83.923740386962905 46.666610717773445 51.59552192687989 35.611213684082038 53.672307968139656 50.460123062133796 58.399545669555671 46.028558731079109 48.029621124267585 16.556191444396976 1.0000000180025095e-35 45.447542190551765 50.36027908325196
decision_type=2 2 2 2 2 2 2 2 2 2 2 2 2 2 2 2 2 2 2 2 2 2 2 2 2 2 2 2 2 2
left_child=3 2 10 4 19 6 7 -6 27 -10 11 -2 -13 -12 -15 16 -3 -5 -8 22 21 -21 25 -24 -22 -1 -18 -7 29 -17
right_child=1 15 -4 17 5 8 18 -9 9 -11 13 12 -14 14 -16 28 26 -19 -20 20 24 -23 23 -25 -26 -27 -28 -29 -30 -31
leaf_value=0.014780111796211448 -0.014126457922080563 0.067981796425871377 -0.020927865881426803 0.0086894594346280489 0.0036441952188404928 0.038943658432100549 -0.034791089662004532 0.032915678421002702 0.0017068904754133612 -0.012077542157582298 0.00053574347821655922 -0.0036001471008997306 0.0068584208524766219 0.056361643088032154 0.010523660430125051 0.012337166607290015 0.018556421390738136 -0.0052784054376381669 0.0018407815060221939 0.016282918056662127 -0.0018244467569285517 -0.003652748835603941 0.023797845705779221 0.0045196083912593527 -0.019773296614687786 0.0011322356414419151 -0.027902667991763726 -0.00095279886220577458 0.0045650230632823989 -0.017127190532526954
leaf_weight=297.19817162305117 709.7818661481142 18.957789063453674 322.19249844923615 2122.0436761379242 142.47273248434067 24.645252332091331 35.590556114912033 201.50117991119623 20040.247028462589 505.12381762266159 1588.7226775810122 15311.853093586862 586.3147471472621 34.13939019292593 141.86517390608788 171.90063003823161 206.82086049765348 256.73320171236992 292.43311250209808 727.69917650520802 1996.7354509606957 645.97696857154369 505.18490784615278 806.28152100741863 177.45505041629076 2779.7042144238949 20.742125075310469 30387.992956265807 1532.9970432594419 266.24367597699165
leaf_count=1414 4164 70 3523 9830 747 216 95 758 122122 3729 13014 105474 3278 275 824 1475 907 2202 2229 3270 11492 3710 2263 4524 491 18864 172 189090 7591 2410
internal_value=-6.17802e-05 -0.00260097 -0.00339985 0.000795356 0.000540264 0.000127749 0.00960423 0.0208484 2.49378e-06 0.00136719 -0.00309119 -0.00368114 -0.00321368 0.00245602 0.0196692 0.00412923 0.0185783 0.00717775 -0.00218746 0.00322276 0.000650805 0.00690632 0.00530002 0.011961 -0.00329936 0.00245626 0.0142082 -0.000919215 0.00231181 -0.00554984
internal_weight=82857.6 20912.5 18694.9 61945 59566.2 51630 671.998 343.974 50958 20545.4 18372.7 16607.9 15898.2 1764.73 176.005 2217.66 246.521 2378.78 328.024 7936.24 3547.87 1373.68 4388.37 1311.47 2174.19 3076.9 227.563 30412.6 1971.14 438.144
internal_count=520223 143177 130552 377046 365014 318986 3829 1505 315157 125851 127029 112916 108752 14113 1099 12625 1149 12032 2324 46028 18963 6980 27065 6787 11983 20278 1079 189306 11476 3885
is_linear=0
shrinkage=0.035


Tree=41
num_leaves=31
num_cat=0
split_feature=6 9 6 10 7 5 5 6 4 2 7 4 7 2 5 4 10 10 7 10 10 2 7 5 7 5 10 7 7 11
split_gain=140.058 93.1607 72.3397 62.067 61.5098 60.6271 80.651 54.1626 50.2481 67.4766 65.5183 63.515 101.832 51.5277 60.6665 48.8996 57.2434 47.1434 50.7748 43.9985 41.8482 41.6358 39.416 37.6081 36.6276 42.4388 41.4173 63.6705 40.8061 32.7411
threshold=86.215801239013686 2.4200500249862675 99.693408966064467 6.6462218761444101 67.520690917968764 45.449871063232429 45.758811950683601 50.411310195922859 55.073705673217781 52.73198318481446 50.487710952758796 50.000158309936531 57.000656127929695 53.268644332885749 45.558958053588874 51.619573593139656 -0.50378695130348194 0.17546480894088748 71.315780639648452 2.7836290597915654 -1.5605226159095762 51.228878021240241 67.648265838623061 49.068109512329109 76.706653594970717 45.409994125366218 1.7464545965194704 78.280700683593764 77.622066497802749 28.875400543212894
decision_type=2 2 2 2 2 2 2 2 2 2 2 2 2 2 2 2 2 2 2 2 2 2 2 2 2 2 2 2 2 2
left_child=1 3 8 7 5 -5 -7 29 10 17 15 12 -12 14 -11 19 -17 21 -19 -2 -3 -10 -6 -13 25 -22 28 -28 -26 -1
right_child=2 20 -4 4 22 6 -8 -9 9 13 11 23 -14 -15 -16 16 -18 18 -20 -21 24 -23 -24 -25 26 -27 27 -29 -30 -31
leaf_value=0.0047234993489691686 -0.0045794413015791315 -0.001640162187477958 -0.03253834321345752 -0.0050628115761097809 -0.030949689393795568 0.017453958207600314 0.0034638486793922298 -0.0013896921490231392 -0.012672149617503944 -0.0084831801462686325 -0.014607708913118134 -0.013016280439598363 0.013463540550656107 0.006128734603552996 0.070239601954712974 0.039776517857234892 0.0035034614263362001 0.0086816116974842636 -0.0052239984348786059 0.0056886501818177422 -0.0090924635897593632 0.028252205219411148 -0.0010490938298135736 -0.0016863232598300754 0.02978869540844974 0.0075283118552215951 -0.02162990903755501 0.0011195501767601703 0.0014445030039377344 0.00045478530971421855
leaf_weight=2346.6325316354632 3705.0830365791917 1207.4608999565244 106.03544294089079 380.83577155321836 56.931290425360203 965.61799604445696 1060.9689068943262 24610.067661076784 439.56882782280445 15.981084577739237 280.40809904038906 2140.1736494526267 361.31275981664658 78.991893000900745 43.765800796449184 65.649857237935066 273.12324284762144 789.72654567658901 541.03046924620867 591.74246076494455 195.0880039036274 31.874559968709946 849.53584179282188 433.2277924567461 100.83361126482487 4654.7938755750656 185.62883998453617 783.76717916876078 162.11449255794287 35451.708946488798
leaf_count=12059 26515 6874 1762 3162 266 4218 4994 160709 3026 74 2068 15784 2449 458 123 403 1663 4177 4340 4121 1497 235 5490 4794 261 21796 864 6131 1270 218729
internal_value=2.27464e-05 0.000552495 -0.00388405 0.000135987 0.00480305 0.00772913 0.0101375 -0.000111781 -0.0035704 0.00146888 -0.00481718 -0.00865659 0.00118364 0.0249174 0.0492334 -0.00215173 0.0106305 -0.000342633 0.00302317 -0.00316293 0.00430626 -0.00984723 -0.00296037 -0.0111127 0.00548797 0.0068569 9.38955e-05 -0.00324375 0.0123977 0.000720079
internal_weight=82909.7 73012 9897.7 65722.3 3313.89 2407.42 2026.59 62408.4 9791.66 1940.94 7850.72 3215.12 641.721 138.739 59.7469 4635.6 338.773 1802.2 1330.76 4296.83 7289.69 471.443 906.467 2573.4 6082.23 4849.88 1232.34 969.396 262.948 37798.3
internal_count=520312 448320 71992 409627 18130 12374 9212 391497 70230 12433 57797 25095 4517 655 197 32702 2066 11778 8517 30636 38693 3261 5756 20578 31819 23293 8526 6995 1531 230788
is_linear=0
shrinkage=0.035


Tree=42
num_leaves=31
num_cat=0
split_feature=11 10 7 7 9 10 5 2 7 10 2 2 2 7 9 7 10 5 10 2 9 2 5 11 2 2 5 10 5 4
split_gain=117.677 75.1279 108.246 82.4163 121.283 77.1794 134.198 89.072 131.842 70.8351 65.8624 54.6189 67.1069 51.9944 74.0597 57.2825 50.9565 48.9536 46.7015 120.208 47.9888 44.4862 42.7037 36.9037 35.8663 54.7849 75.6784 51.6331 32.9675 41.3849
threshold=76.063098907470717 1.6687784194946291 76.442924499511733 53.843322753906257 1.5200499892234804 -11.258804321289061 46.474193572998054 53.883504867553718 39.775512695312507 8.8588023185729998 50.079809188842781 49.856487274169929 48.641092300415046 27.69983005523682 -1.8695500493049619 42.491350173950202 -2.2287216186523433 45.565744400024421 -6.0641770362853995 53.017904281616218 -3.2763500213623042 48.996879577636726 46.666610717773445 1.0000000180025095e-35 49.107086181640632 49.856487274169929 45.711332321166999 -5.4341070652008048 45.409994125366218 67.195690155029311
decision_type=2 2 2 2 2 2 2 2 2 2 2 2 2 2 2 2 2 2 2 2 2 2 2 2 2 2 2 2 2 2
left_child=1 5 3 13 9 6 7 8 -1 -5 23 12 16 14 -3 -15 -7 -14 19 -13 -20 -6 -12 -8 27 26 -26 -2 29 -27
right_child=24 2 -4 4 21 11 10 -9 -10 -11 22 18 17 15 -16 -17 -18 -19 20 -21 -22 -23 -24 -25 25 28 -28 -29 -30 -31
leaf_value=0.045066208354767164 -0.025134173704893497 0.0032108129331380403 -0.012295518842011726 -0.003244169682226441 0.010537663541392508 -0.0056621623071598992 0.059454880385478366 -0.017178415680201856 0.0062294402017397171 0.0093001160639058847 -0.038869152386428345 0.0079441061732767604 -0.0044718762281214068 0.00071475251557548132 0.023845706125669691 0.006076754568060983 0.0019285129776500955 -0.012903016035124362 0.0052070649857783504 -0.0052485837014098671 -0.0013419682132142095 0.0025069994138541482 -0.0059037169687474571 0.0091397245167203576 0.012270762110976359 -0.017047862230469699 0.052464906210296827 0.0033278881437220896 0.0085570879928998506 0.0098154213937508162
leaf_weight=231.99558527767658 85.648826017975807 494.96493358537555 707.93247103318572 9030.317744705826 1031.4184570759535 1759.6416432857513 22.850767351686954 62.914786860346794 199.6951342150569 586.27782009541988 55.428412988781929 2275.925703972578 2538.3259404189885 5275.8709678947926 374.92819651961327 4546.603857126087 2814.4784867540002 1267.139258749783 1420.0341008715332 1345.095867998898 38522.67003140226 4690.3557049967349 344.53189844638109 76.560981146991253 221.43632414191961 147.99669384583831 77.384582430124283 804.59269361943007 1725.3446183614433 132.05909947305918
leaf_count=755 343 3117 5382 59068 5382 8894 193 517 991 2865 154 13458 15948 31363 2021 28630 16842 3813 7847 6811 259053 27343 2829 448 947 1235 139 4332 8598 1017
internal_value=-4.85498e-05 -0.000312751 0.00119933 0.00156697 -7.69071e-05 -0.00107664 0.00857939 0.0214888 0.0271617 -0.00247797 -0.00420671 -0.00126168 -0.00384952 0.00392562 0.0121263 0.00319771 -0.000990532 -0.00728323 -0.000763681 0.00304143 -0.00110886 0.00395712 -0.0105582 0.0211573 0.00653735 0.00884206 0.0228153 0.000561632 0.00674817 -0.0043638
internal_weight=82870.4 79676 26738.7 26030.7 15338.4 52937.3 993.978 494.606 431.691 9616.6 499.372 51943.3 8379.59 10692.4 869.893 9822.47 4574.12 3805.47 43563.7 3621.02 39942.7 5721.77 399.96 99.4117 3194.46 2304.22 298.821 890.242 2005.4 280.056
internal_count=520335 503724 165171 159789 94658 338553 5887 2263 1746 61933 3624 332666 45497 65131 5138 59993 25736 19761 287169 20269 266900 32725 2983 641 16611 11936 1086 4675 10850 2252
is_linear=0
shrinkage=0.035


Tree=43
num_leaves=31
num_cat=0
split_feature=6 10 6 7 9 9 9 7 6 7 7 7 10 2 10 2 9 9 7 7 5 10 2 7 5 7 2 7 2 9
split_gain=130.859 88.853 68.7547 65.3425 75.6763 64.5637 72.1155 64.8514 58.8501 51.8244 50.8555 47.7852 47.4991 43.4329 44.422 86.6717 62.8147 41.814 40.5718 39.8263 33.1586 32.9636 66.4733 53.011 46.3266 33.7751 31.3405 58.3259 57.2042 30.958
threshold=86.215801239013686 1.0116817355155947 99.693408966064467 27.69983005523682 -2.0311499834060665 1.4951500296592715 -1.6507499814033506 74.912715911865249 13.894002437591555 61.289329528808601 42.491350173950202 38.011922836303718 5.7537951469421396 48.208747863769538 -6.2426600456237784 53.427110671997077 2.9244999885559086 4.7590000629425058 68.936416625976577 43.479909896850593 47.867774963378913 -8.4042339324951154 53.796842575073249 1.0000000180025095e-35 46.057298660278327 53.64912414550782 53.672307968139656 34.419713973999031 52.968273162841804 0.64745000004768383
decision_type=2 2 2 2 2 2 2 2 2 2 2 2 2 2 2 2 2 2 2 2 2 2 2 2 2 2 2 2 2 2
left_child=1 8 12 4 -3 6 10 11 26 -8 -5 -7 13 18 15 -15 -16 -9 -2 20 -14 22 24 -23 -10 -25 27 -1 -29 -21
right_child=2 3 -4 5 -6 7 9 17 21 -11 -12 -13 19 14 16 -17 -18 -19 -20 29 -22 23 -24 25 -26 -27 -28 28 -30 -31
leaf_value=0.0093878693765644533 0.010604759626307638 0.0010335192767092114 -0.032470486956471999 0.0036468443261436986 0.020489631214274183 -0.0056683494347894089 0.0013504466180421634 -0.0056949893878449525 0.012590551825639885 -0.0024846022127196932 0.01890253691194678 0.0059718164893831681 0.023964997300849 0.015228220005219862 -0.0052052250526798205 -0.016273795211712721 0.011962122775521111 0.0069987805472495421 -0.02058385961873551 -0.011863579934627999 -0.010302130792210097 0.064477979725649254 -0.014546981634234417 -0.0024160099763345685 0.00052771800049250929 -0.0001391853248541238 -0.0043313068802048162 0.002346245452692543 -0.010569284458364079 0.0033598952582553328
leaf_weight=1358.3219532296062 59.475038819015026 490.65752375870943 101.2279069647193 811.57633998990059 489.90279936045408 457.76384493708611 11299.499298334122 1210.697667568922 704.2326080724597 6983.2485112026334 400.16132268309593 7352.5253261700273 165.71753988415003 364.69812019169331 7394.6230953261256 150.3560338690877 269.672193787992 429.84876906126738 333.6953573897481 208.78592617809772 42.850768148899078 14.121761724352835 220.91984535753727 19767.267084367573 875.8385908678174 13397.315901599824 826.49040219932795 5335.6147122010589 455.06151247769594 745.57336880266666
leaf_count=8183 358 3075 1749 4964 2683 2016 71445 9500 3245 44113 2187 38159 702 2235 56143 888 1523 2967 2186 1295 326 116 1593 124199 5262 85859 4658 30878 2744 4474
internal_value=-8.8884e-05 0.000422475 -0.00387804 0.00188664 0.01077 0.00158517 0.00043378 0.0039592 -0.000597428 -0.000114044 0.00869977 0.00528818 -0.00357738 -0.00447813 -0.00392981 0.00600752 -0.00459908 -0.00236297 -0.0158362 0.003055 0.0168789 -0.00121615 0.0033933 -0.00146664 0.00591216 -0.00149649 0.0021152 0.00286185 0.00132875 1.49681e-05
internal_weight=82717.7 72881.1 9836.68 29925.9 980.56 28945.3 19494.5 9450.84 42955.2 18282.7 1211.74 7810.29 9735.45 8572.52 8179.35 515.054 7664.3 1640.55 393.17 1162.93 208.568 34979.7 1800.99 33178.7 1580.07 33164.6 7975.49 7149 5790.68 954.359
internal_count=519725 447846 71879 181109 5758 175351 122709 52642 266737 115558 7151 40175 70130 63333 60789 3123 57666 12467 2544 6797 1028 220274 10100 210174 8507 210058 46463 41805 33622 5769
is_linear=0
shrinkage=0.035


Tree=44
num_leaves=31
num_cat=0
split_feature=6 11 6 6 0 10 5 10 7 7 9 7 7 10 10 5 9 7 11 5 5 5 10 5 9 12 7 7 5 10
split_gain=128.673 84.8839 64.4016 58.2649 55.1892 44.4264 42.5732 41.7667 41.0528 34.7086 38.233 54.8548 33.6769 30.93 29.6334 28.7717 34.6814 32.2818 48.0688 47.0235 45.2918 39.2123 29.689 28.6058 26.3021 57.7334 25.659 24.8226 23.5939 21.6387
threshold=93.214572906494155 78.74444961547853 99.693408966064467 38.245452880859382 28.000000000000004 7.2648968696594247 91.413898468017592 -6.2426600456237784 65.665817260742202 85.718479156494155 6.0667500495910653 63.42186355590821 79.115924835205092 12.557685852050783 1.8229469060897829 45.565744400024421 2.1182500123977666 44.598613739013679 51.063650131225593 46.028558731079109 45.72456359863282 45.596515655517585 12.557685852050783 45.764883041381843 -0.14995000511407849 0.770280420780182 71.315780639648452 83.923740386962905 46.028558731079109 2.1933937072753911
decision_type=2 2 2 2 2 2 2 2 2 2 2 2 2 2 2 2 2 2 2 2 2 2 2 2 2 2 2 2 2 2
left_child=1 3 15 6 5 7 12 -5 -7 10 27 13 14 -12 -1 16 26 18 21 23 -20 -17 -21 -19 25 -6 -2 -3 -13 -18
right_child=2 9 -4 4 24 8 -8 -9 -10 -11 11 28 -14 -15 -16 17 29 19 20 22 -22 -23 -24 -25 -26 -27 -28 -29 -30 -31
leaf_value=0.00096454560511296465 -0.0085722545106516664 0.0065599293806478448 -0.033114844265105678 0.0031059077983388254 -0.0011967732293442896 0.007244885747672296 -0.0043328684320313917 -0.0015006189170992802 -0.0023584044117013134 -0.0052075902872413711 -0.010107179812758157 0.019820832724613078 -0.011242073018446262 0.01943096534122166 0.0033588699957747656 0.042657886691203545 -0.0095923607603865431 -0.0095032537567296248 0.04606050687603909 -0.0037309411346830041 0.0036130711128428052 -0.0018863855106544928 0.034335597352329973 -0.032765013682036284 0.0025082393375401748 0.022286358241800506 -0.024271174550692935 -0.018706742447663228 0.041800544362260855 0.009204703269105937
leaf_weight=21734.253252737224 1743.048650637269 1506.3044253513217 102.04345523566008 2577.4121453240514 223.11108776181936 1496.5727719590068 1577.9854462221265 37028.126235000789 855.72434977442026 254.06560768187046 109.8022902533412 234.89907152950764 248.81304801255465 70.640076778829098 8943.3746830001473 23.90896613150835 114.70308598130941 150.50437120348215 53.00309631228447 591.03893518447876 73.28061942756176 1179.7064697444439 25.390225045382977 115.76322056353092 977.71468459069729 298.87043588608503 137.8024785220623 48.294739633798599 82.696152374148369 212.5447483882308
leaf_count=132026 13640 7089 1790 14539 1190 7209 8796 244068 5744 2190 418 1089 1998 253 51215 98 848 1128 243 5061 515 9032 160 397 4816 1280 1303 389 348 1413
internal_value=2.051e-05 0.000352303 -0.00571887 0.000151318 -0.000686897 -0.000922894 0.00127219 -0.00120061 0.00374879 0.00696557 0.00847716 0.0169177 0.00155852 0.0014526 0.00166285 -0.00507902 -0.00790617 -0.00225262 0.00118734 -0.00743969 0.0216618 -0.000967987 -0.0021092 -0.0197107 0.00590801 0.0122491 -0.009736 0.00576128 0.0256566 0.00258751
internal_weight=82791.4 78268.7 4522.74 75962 43457.5 41957.8 32504.4 39605.5 2352.3 2306.7 2052.64 498.038 30926.4 180.442 30677.6 4420.69 2208.1 2212.6 1329.9 882.697 126.284 1203.62 616.429 266.268 1499.7 521.982 1880.85 1554.6 317.595 327.248
internal_count=520285 484657 35628 472881 278846 271560 194035 258607 12953 11776 9586 2108 185239 671 183241 33838 17204 16634 9888 6746 758 9130 5221 1525 7286 2470 14943 7478 1437 2261
is_linear=0
shrinkage=0.035


Tree=45
num_leaves=31
num_cat=0
split_feature=6 9 10 6 2 2 2 10 2 2 2 6 10 2 5 11 10 5 5 2 2 2 9 5 6 9 2 10 2 2
split_gain=107.617 81.2863 92.63 66.4502 62.3588 60.6274 64.4907 58.0827 84.4285 71.7412 76.5351 59.8578 50.4821 40.0496 39.548 37.4783 36.366 36.0744 84.1512 50.8791 35.0168 29.0969 42.4944 25.8123 25.1941 25.1668 28.8514 24.8208 44.2244 33.9959
threshold=93.589080810546889 1.6862500309944155 -1.5605226159095762 99.693408966064467 50.051361083984382 49.856487274169929 49.794338226318366 -6.2426600456237784 53.017904281616218 48.508720397949226 50.078926086425788 31.531767845153812 8.8588023185729998 47.903882980346687 92.225063323974624 13.683300018310549 22.41047286987305 45.447542190551765 45.45686340332032 51.225116729736335 50.664962768554695 48.029621124267585 2.9244999885559086 45.565744400024421 47.698209762573249 4.7590000629425058 50.069395065307624 -6.0641770362853995 53.427110671997077 53.796842575073249
decision_type=2 2 2 2 2 2 2 2 2 2 2 2 2 2 2 2 2 2 2 2 2 2 2 2 2 2 2 2 2 2
left_child=1 7 4 21 5 6 -3 8 9 13 -11 14 15 -1 23 -13 -14 -4 20 -20 -19 -2 27 -9 -10 26 -6 28 -23 -29
right_child=3 2 17 -5 25 -7 -8 11 24 10 -12 12 16 -15 -16 -17 -18 18 19 -21 -22 22 -24 -25 -26 -27 -28 29 -30 -31
leaf_value=-0.0031657806520634844 -0.020179521690857429 -0.0071254170969284195 -9.0413194338064457e-05 -0.034033531866871851 0.024179973708056777 -0.0301904427001774 0.072711946495871635 0.0024813971389038613 0.00073475611816875498 0.020480333138838319 0.0058964122573648796 0.014721001257130903 0.008269987632715475 -0.038491414642163262 -0.0071944026234791805 -0.0016074393188360704 -0.028332560458178686 0.014884707578730769 0.001407876987880814 0.0078571598858055824 0.0049454382971814842 0.017957137018734307 0.010498996954225851 1.8930270843627589e-05 -0.008549586115409083 0.017138218639666598 -0.00094441837017339057 -0.0067216369521586371 -0.016611428644388023 0.0067285328573089293
leaf_weight=312.56001905351877 144.38024397194386 1048.5402446687222 2088.3619592934847 96.645318750292063 58.42087222635746 146.28070220351219 11.733419045805929 10325.345793873072 833.17586742341518 563.22838233411312 2036.0383572801948 172.11390774697065 863.55069900304079 44.315547630190849 703.41211505234241 37682.327413879335 33.734575301408768 1273.1261500641704 5181.9284135997295 2109.7557158470154 664.16670610755682 138.53079783171415 225.92123658955097 10546.082326821983 625.27425504475832 122.2424763739109 1022.4137473553419 3298.9784169346094 66.294362619519234 246.31815840303898
leaf_count=1447 1041 5126 17602 1761 536 453 102 61498 4066 2923 11752 966 4551 135 3911 249527 263 6166 26214 9417 3233 910 1329 65427 3376 912 6836 26155 417 1934
internal_value=-5.64163e-06 0.000287018 0.00273341 -0.00545191 -0.00349512 -0.00911587 -0.00618115 -0.000231605 0.00364317 0.00704307 0.00906459 -0.000515315 -0.00133801 -0.00764824 0.000962036 -0.0015327 0.00686206 0.00406032 0.00500025 0.00327551 0.0114843 -0.00477335 -0.00420821 0.00123753 -0.00324338 0.00213838 0.000424004 -0.00509814 0.00671342 -0.00578387
internal_weight=82685.2 78468.1 13727 4217.07 2409.63 1206.55 1060.27 64741.2 4414.59 2956.14 2599.27 60326.6 38751.7 356.876 21574.8 37854.4 897.285 11317.3 9228.98 7291.68 1937.29 4120.42 3976.04 20871.4 1458.45 1203.08 1080.83 3750.12 204.825 3545.3
internal_count=519986 486439 76597 33547 13965 5681 5228 409842 23699 16257 14675 386143 255307 1582 130836 250493 4814 62632 45030 35631 9399 31786 30745 126925 7442 8284 7372 29416 1327 28089
is_linear=0
shrinkage=0.035


Tree=46
num_leaves=31
num_cat=0
split_feature=6 6 11 6 10 5 10 5 5 11 5 10 5 5 5 5 10 11 5 5 5 1 5 9 10 9 4 11 10 5
split_gain=120.892 68.4912 62.0866 46.9388 46.817 41.2764 39.9669 84.0781 54.4753 39.3787 93.9987 72.9245 65.8182 118.938 31.5366 31.2726 30.9986 36.9047 30.2671 111.252 69.4873 30.1169 29.1895 23.3005 18.6808 17.9688 17.2281 16.9517 16.5737 15.6324
threshold=73.686916351318374 99.693408966064467 76.063098907470717 9.1350073814392108 3.3292797803878789 45.447542190551765 -12.683357715606688 46.474193572998054 45.565744400024421 35.166650772094734 46.036748886108406 -10.341341495513914 46.269800186157234 46.369321823120124 46.666610717773445 45.409994125366218 0.86936265230178844 44.758750915527351 45.758811950683601 45.661050796508796 46.132738113403327 61.69189643859864 45.447542190551765 6.0667500495910653 -0.28298069536685938 -1.9054500460624693 67.195690155029311 57.429449081420906 1.0116817355155947 45.610874176025398
decision_type=2 2 2 2 2 2 2 2 2 2 2 2 2 2 2 2 2 2 2 2 2 2 2 2 2 2 2 2 2 2
left_child=2 4 3 27 9 26 7 8 -5 10 11 -2 22 -14 -12 -4 25 -18 19 -7 -20 -9 -11 24 -17 -8 -6 -1 -29 -25
right_child=1 -3 15 6 5 18 16 21 -10 12 14 -13 13 -15 -16 23 17 -19 20 -21 -22 -23 -24 29 -26 -27 -28 28 -30 -31
leaf_value=0.0022209158455623258 0.04672717192688753 -0.032123027639217365 -0.0037059527459759496 0.0046845273508243851 -0.0083996959950239179 0.0031394008576752191 0.0011212301566356766 -0.0064294176404780185 0.041315426340306959 -0.00081709977224622113 -0.012688272685479517 0.00744933357486398 0.050178755010384608 -0.00050711414099663095 -0.0005554875940489472 -0.001585804710835227 0.0043888200242839584 0.00047338275400136476 -0.010321053536966803 0.038655710840045855 0.0038933532659118676 0.058577098644200222 -0.0061602222048875253 0.0081081320213355138 0.0077635431418032631 -0.0010391968526209418 0.0089982834232509457 0.0024179356252701277 0.0093269914487747844 0.021673803549800613
leaf_weight=6258.1445330157876 62.063694894313812 93.418737407773733 331.97334326058626 83.390448547899723 689.64168226718903 2082.5960865095258 5835.6210836917162 221.69583536684513 124.9977442920208 1484.1278811991215 419.81528905034065 758.40004000812769 56.910237222909927 3274.1660570055246 701.52518211305141 322.10797319561243 3519.4233622327447 18209.25005594641 647.86292110383511 113.22959119826555 1200.5272645130754 8.2761068344116193 8141.952554859221 204.44993506371975 1365.1815870776772 24516.924552150071 76.51880981773138 792.94613289088011 926.91044919937849 219.30540915578604
leaf_count=36559 181 1755 2702 463 6621 11697 32150 1684 438 15267 2156 4188 204 29571 5259 1695 21377 111809 1808 660 8797 36 48352 841 6007 156809 612 4414 5040 1028
internal_value=3.8237e-05 -0.0023467 0.000788732 0.000567662 -0.00220391 0.000796906 0.000187529 0.010702 0.0267643 -0.00317324 0.00147172 0.0104716 -0.00386994 0.000368575 -0.00510989 0.00625835 9.87323e-05 0.00110803 0.00220959 0.00498743 -0.00108734 -0.00386471 -0.00533729 0.00782941 0.00597468 -0.000623581 -0.00664541 0.00306895 0.00614822 0.0151729
internal_weight=82743.4 19802.8 62940.6 60497.6 19709.3 4810.38 52519.6 438.36 208.388 14899 1941.8 820.464 12957.2 3331.08 1121.34 2443.02 52081.2 21728.7 4044.22 2195.83 1848.39 229.972 9626.08 2111.04 1687.29 30352.5 766.16 7978 1719.86 423.755
internal_count=520180 137128 383052 370779 135373 30195 324766 2621 901 105178 11784 4369 93394 29775 7415 12273 322145 133186 22962 12357 10605 1720 63619 9571 7702 188959 7233 46013 9454 1869
is_linear=0
shrinkage=0.035


Tree=47
num_leaves=31
num_cat=0
split_feature=6 10 7 9 7 6 7 10 6 9 10 7 7 7 5 7 7 5 7 6 9 7 10 7 4 7 5 7 4 7
split_gain=117.447 76.9218 69.7084 102.403 83.2185 60.2184 57.6727 55.8775 55.6176 48.9739 46.4581 112.352 128.558 147.13 83.2269 62.0659 49.4066 48.1104 47.6879 44.2768 43.6702 43.5088 37.8275 35.117 34.1882 32.0868 30.72 60.8647 30.3667 38.8364
threshold=93.589080810546889 1.0116817355155947 53.843322753906257 1.6862500309944155 74.912715911865249 31.934988975524906 57.000656127929695 9.343633174896242 99.693408966064467 4.7590000629425058 -6.2426600456237784 24.84964752197266 40.735153198242195 33.602645874023445 47.320657730102546 63.030187606811531 20.186177253723148 47.499412536621101 1.0000000180025095e-35 69.05271148681642 -3.2763500213623042 20.186177253723148 2.366353034973145 53.114164352416999 47.16578674316407 60.827449798583991 45.549871444702156 53.114164352416999 56.687097549438484 50.487710952758796
decision_type=2 2 2 2 2 2 2 2 2 2 2 2 2 2 2 2 2 2 2 2 2 2 2 2 2 2 2 2 2 2
left_child=1 10 22 5 6 25 -5 -7 28 -6 11 14 13 -13 16 -14 -1 -16 -12 20 -20 -21 23 24 -3 -4 -24 -28 29 -2
right_child=8 2 3 4 9 7 -8 -9 -10 -11 18 12 15 -15 17 -17 -18 -19 19 21 -22 -23 26 -25 -26 -27 27 -29 -30 -31
leaf_value=-0.030970253764736413 -0.0030156904175258283 0.0048562751783530556 0.0069901032259642986 0.017570315617916762 -0.0068562613903691656 -0.0041802128860978895 0.0044415851146965887 0.0098286027413912198 -0.032671616834392077 0.0062776103602740817 0.076857881426148439 0.0018223980578769429 -0.0058053095563437452 0.022904945203454791 0.069706768497156721 0.0063650579982090739 -0.0091733006441357696 0.0010600696615263247 0.0063839580757651558 0.026387053670973232 -0.00061332486834706293 -0.0032589702177174547 0.001679875380721074 0.017465464700330113 -0.0016278333151221065 -0.00010836472143749284 0.0058530781297727015 0.029579441944616574 0.0027673350215337163 -0.01037518078260514
leaf_weight=175.86426873505116 2017.0203322842717 1491.9594146683812 1052.1944165229797 442.53867536783218 1270.1625051796436 7441.1712664216757 5533.8212383240461 364.92539834231138 90.80950952321291 477.60250893235207 8.8374985605478269 761.42000089585781 1091.3324702307582 868.94549912959337 11.951883822679518 967.70296895503998 466.81840804219246 671.14462900161743 1132.6238128170371 60.187867715954781 30257.743677228689 9592.9027558863163 2372.2648386731744 154.41510429978371 2991.7267885282636 3002.3822520449758 5763.7998350039124 134.98835297673941 525.49606781452894 1561.5561115294695
leaf_count=721 15137 9519 6391 1880 9992 50463 28629 1805 1755 3277 71 4731 5771 3328 28 5559 2044 5005 5851 281 190091 64942 16058 891 19292 18129 31499 536 3354 13391
internal_value=2.37077e-05 0.000328497 0.00163255 0.000315993 0.00345224 -0.00172595 0.00541714 -0.00352348 -0.00568166 -0.003262 -0.000591187 0.00258817 0.00572921 0.0130689 -0.00614569 -8.18461e-05 -0.0151798 0.00235153 -0.000979808 -0.000998237 -0.00036047 -0.00307123 0.00362925 0.00109699 0.000528693 0.00173303 0.00504816 0.00640116 -0.00507651 -0.00623065
internal_weight=82756.3 78561.4 32494 19584.8 7724.12 11860.7 5976.36 7806.1 4194.88 1747.77 46067.5 5015.18 3689.4 1630.37 1325.78 2059.04 642.683 683.097 41052.3 41043.5 31390.4 9653.09 12909.2 4638.1 4483.69 4054.58 8271.05 5898.79 4104.07 3578.58
internal_count=520421 486784 198361 120566 43778 76788 30509 52268 33637 13269 288423 27187 19389 8059 7798 11330 2765 5033 261236 261165 195942 65223 77795 29702 28811 24520 48093 32035 31882 28528
is_linear=0
shrinkage=0.035


Tree=48
num_leaves=31
num_cat=0
split_feature=6 6 9 2 5 7 4 9 7 10 10 5 2 2 2 10 10 7 9 2 7 10 7 10 7 7 2 7 10 7
split_gain=114.582 70.7256 59.1492 67.0789 74.7803 65.0848 174.078 138.283 175.482 135.954 78.0023 64.016 55.3015 98.2178 72.3759 46.6716 45.2254 37.4057 111.213 90.8145 65.8674 73.9661 95.7057 63.1715 59.8377 46.9995 42.7144 74.8596 59.8167 33.5108
threshold=59.896903991699226 99.358459472656264 2.6139500141143803 49.021945953369148 46.023597717285163 53.114164352416999 51.725412368774421 0.075649999082088484 57.000656127929695 -1.3104421496391294 2.4970160722732548 49.068109512329109 50.664962768554695 51.228878021240241 50.306278228759773 3.046944379806519 6.4818570613861093 49.986120223999031 -0.43045000731945032 52.401636123657234 34.419713973999031 -12.683357715606688 39.775512695312507 -0.84239029884338368 52.608995437622077 37.080343246459968 48.029621124267585 67.648265838623061 -3.4286378622055049 46.291160583496101
decision_type=2 2 2 2 2 2 2 2 2 2 2 2 2 2 2 2 2 2 2 2 2 2 2 2 2 2 2 2 2 2
left_child=15 2 5 4 16 6 10 8 -7 -8 -2 -9 14 -14 -5 17 -4 20 19 23 -1 22 -22 -19 -21 -23 28 -28 -20 -17
right_child=1 -3 3 12 -6 7 9 11 -10 -11 -12 -13 13 -15 -16 29 -18 18 26 24 21 25 -24 -25 -26 -27 27 -29 -30 -31
leaf_value=0.0015817569526244083 -0.0028882456531153654 -0.017706328359269021 -0.003098822676215922 0.006055962347874159 -0.021000888389798238 -0.0095710204415372264 0.033694048095037801 -0.0070953767210679567 0.010475168099591821 0.0059830270605711099 0.004280469597684306 -0.00045556088195638659 -0.024617845604299981 0.0055891709576315392 0.024663780728433511 0.0062643617596471104 0.022270780979985558 0.014898536137268804 -0.0094409595886936516 0.028445347715703478 0.054891384416381007 -0.0064723326212987788 -0.012101599704247587 0.0039201528768406007 -0.014529123866208278 -0.0012719390909355865 0.0018969821380315634 -0.0032678040768910886 0.0082163852878016103 0.0019309390208000323
leaf_weight=9845.1289164349437 11423.086963817477 330.24741664901376 423.08745572715998 1008.0083324983716 254.57919415831566 803.85194144397974 254.87562166154385 7851.3503795564175 1594.2229044884443 1441.4325180649757 2219.4017757177353 2302.8025072664022 167.09022554755211 613.3319274559617 343.62967093288898 2943.8686975538731 107.14958585053682 1471.0023378655314 276.05936925113201 44.816593088209629 61.071294441819191 2876.0041088089347 44.540833599865437 1143.9477317407727 302.78394291549921 8211.2274923697114 8671.6358314156532 5694.4862042888999 1547.0259036645293 8524.7887276113033
leaf_count=60920 77190 3782 2855 6743 725 5128 1496 51408 10617 8573 14530 20247 724 3063 1173 15353 787 7863 1542 365 153 15010 205 7169 1697 49903 56944 36895 8378 48961
internal_value=6.38971e-05 -0.00161303 -0.00143983 0.00330092 -0.00543856 -0.00193596 -0.000405931 -0.00380495 0.00375167 0.0101647 -0.00172132 -0.00559041 0.00652206 -0.000887849 0.0108036 0.00107484 0.00204048 0.000512625 0.0016318 0.00786578 -0.000505897 -0.00234279 0.0266934 0.0101012 -0.00891568 -0.00262191 0.000490246 -0.000149832 0.00553583 0.00304425
internal_weight=82796.5 31138.1 30807.9 2916.88 784.816 27891 15338.8 12552.2 2398.07 1696.31 13642.5 10154.2 2132.06 780.422 1351.64 51658.4 530.237 40189.7 19151.8 2962.55 21038 11192.8 105.612 2614.95 347.601 11087.2 16189.2 14366.1 1823.09 11468.7
internal_count=520399 209041 205259 16070 4367 189189 101789 87400 15745 10069 91720 71655 11703 3787 7916 311358 3642 247044 120853 17094 126191 65271 358 15032 2062 64913 103759 93839 9920 64314
is_linear=0
shrinkage=0.035


Tree=49
num_leaves=31
num_cat=0
split_feature=11 10 7 10 5 2 2 5 5 2 2 9 7 10 7 5 10 9 9 2 2 2 7 7 10 7 7 7 5 2
split_gain=86.9173 61.5721 64.1776 59.082 123.734 64.966 63.1417 57.6245 89.6552 73.0206 95.4352 48.7406 40.6103 45.0225 39.3747 38.6064 38.3243 37.7341 32.1764 31.8605 31.2379 28.3765 27.6845 111.356 73.0175 55.8806 128.513 55.2115 48.4122 49.1357
threshold=76.063098907470717 8.0838499069213885 79.115924835205092 -11.258804321289061 46.484361648559577 53.883504867553718 50.079809188842781 45.758811950683601 45.447542190551765 50.36027908325196 50.357872009277351 -0.69014999270439137 1.0000000180025095e-35 -8.9486303329467756 69.49686431884767 45.661050796508796 22.41047286987305 1.5200499892234804 -0.72544997930526722 50.051733016967781 50.102197647094734 53.285451889038093 63.030187606811531 69.762519836425795 9.343633174896242 67.379653930664077 64.03334236145021 57.292371749877937 45.601842880249031 51.794879913330085
decision_type=2 2 2 2 2 2 2 2 2 2 2 2 2 2 2 2 2 2 2 2 2 2 2 2 2 2 2 2 2 2
left_child=1 2 3 4 5 -1 -6 8 9 10 -3 -4 13 -5 16 20 19 -14 -16 -9 -10 -11 27 24 25 26 -24 28 29 -2
right_child=22 7 11 12 6 -7 -8 14 15 21 -12 -13 17 -15 18 -17 -18 -19 -20 -21 -22 -23 23 -25 -26 -27 -28 -29 -30 -31
leaf_value=0.024780952088178477 -0.02323190448360964 0.0088731254360588183 0.080397654980261371 -0.01034793801346312 0.020814379017498025 -0.014006345098526192 -0.010763066618087442 0.022775600588728372 -0.003099929151368161 -0.013791788357167951 0.10169631220469774 -0.015465991783426006 -0.00081874937042325654 0.063339881443626261 0.047825206908804638 0.039601069555928459 -0.032358019507914053 0.0013625493114182736 -0.0097090174132918299 0.0027751869802144238 0.015807194864305398 0.015457944087307236 0.052393494516765317 0.0032486130134006964 -1.9312226078886739e-05 0.040156066190585586 -0.0051073866642423662 -0.012771805725565803 0.016755995492570928 0.0079787631130863058
leaf_weight=447.32188815623522 101.30921198427677 109.52122816070914 5.7949358671903601 16.376465268433094 95.93586141616106 59.216072117909789 389.54967031627893 110.18042580783367 121.75898495316505 335.75388386100531 14.765038460493086 418.52290058508515 63606.189017310739 24.547505676746368 11.387394979596136 74.089151039719582 33.752226557582617 11463.47234858945 484.88985488191247 822.84483714401722 837.2405323125422 45.319179840385914 72.103112392127514 1853.5585307367146 152.78196124732494 225.17907451093197 136.38224214315414 273.68657294660807 274.53056764602661 155.39177259802818
leaf_count=1761 359 950 24 153 624 490 2948 589 583 2892 123 3480 411318 200 39 312 274 66499 2938 3429 3717 369 181 11553 636 694 520 1116 970 615
internal_value=-7.75022e-06 -0.000236955 -0.000429928 -0.000354076 0.00812775 0.0202178 -0.00448474 0.00467959 0.0094071 -0.00265918 0.0205362 -0.0139915 -0.000466278 0.0340516 -0.000289191 0.0153139 0.0038192 -0.000485551 -0.00829993 0.00516201 0.0133988 -0.0102698 0.00560625 0.00746252 0.0207468 0.0280654 0.0148697 -1.39326e-05 0.00655499 -0.00434551
internal_weight=82773.4 79528.4 76526.9 76102.6 992.023 506.538 485.486 3001.5 1538.45 505.359 124.286 424.318 75110.6 40.924 1463.05 1033.09 966.777 75069.7 496.277 933.025 959 381.073 3244.92 2440 586.446 433.664 208.485 804.918 531.232 256.701
internal_count=520356 503712 487497 483993 5823 2251 3572 16215 8946 4334 1073 3504 478170 353 7269 4612 4292 477817 2977 4018 4300 3261 16644 13584 2031 1395 701 3060 1944 974
is_linear=0
shrinkage=0.035


Tree=50
num_leaves=31
num_cat=0
split_feature=6 6 9 7 7 7 9 2 5 7 4 10 10 11 7 10 11 7 7 2 5 2 2 10 10 9 10 7 10 10
split_gain=95.4657 64.9237 50.1429 47.1848 92.4044 45.1826 43.9512 55.836 65.1783 54.1921 102.184 110.844 76.7749 63.62 114.171 48.0304 37.6461 80.2823 61.0074 49.4894 63.9387 42.8303 53.3457 34.0511 32.8252 40.4519 32.28 34.78 29.877 29.1961
threshold=69.05271148681642 99.358459472656264 1.7465500235557558 57.000656127929695 56.244001388549812 57.865306854248054 2.6139500141143803 49.107086181640632 46.023597717285163 50.487710952758796 51.518457412719734 -1.3104421496391294 3.2757411003112797 49.447349548339851 57.000656127929695 8.4382386207580584 36.383949279785163 64.03334236145021 21.006519317626957 54.515148162841804 46.859218597412116 53.917564392089851 53.062788009643562 7.0411381721496591 9.343633174896242 4.4084999561309823 -1.5997083187103269 79.115924835205092 8.4382386207580584 -6.4425158500671378
decision_type=2 2 2 2 2 2 2 2 2 2 2 2 2 2 2 2 2 2 2 2 2 2 2 2 2 2 2 2 2 2
left_child=2 6 16 4 28 -5 9 8 23 10 12 -12 -2 14 -11 -15 17 21 19 20 -18 22 -1 -8 25 -9 -7 -28 -4 -19
right_child=1 -3 3 5 -6 26 7 24 -10 13 11 -13 -14 15 -16 -17 18 29 -20 -21 -22 -23 -24 -25 -26 -27 27 -29 -30 -31
leaf_value=0.00037513134068448047 -0.0028524056101944541 -0.017640678766422814 0.0034482332406044025 -0.018442055245829155 0.037588286100388307 -0.0024379568207008144 -0.0030231089362502549 0.0060508619751257105 -0.023110496079694572 -0.0088219009432432445 0.033891032253781157 0.0045052465646208545 0.0068496850855972518 -0.0059167922119004309 0.010559621045476168 0.0067124093083168251 0.062451252881928571 0.05161436632435621 -0.00026935664519834598 -0.025572213414174743 0.0032560050424981753 -0.0041397804827157979 0.0069183427700042167 0.023068265860764919 -0.0030690004150830197 0.022319279445656749 0.0041842757647937582 -0.0040997658718327007 0.014671599608271328 0.017681961830967718
leaf_weight=3715.8711272329092 8743.1920563131571 318.92147344537079 1317.7106044515967 132.01601772010326 120.45790132880211 1514.4009041935205 334.78276719897985 994.97000713646412 188.25341280549765 640.08064731955528 185.26346933096647 1023.7029855847359 1126.9341476932168 7971.2193769440055 887.24192098528147 385.63309855759144 50.328719921410084 40.564872175455093 41661.01749073714 18.306212238967419 40.341820411384106 1201.7814607545733 2592.5932370722294 74.1124656945467 344.85819385945797 230.9072856977582 5537.0722315683961 697.74541389197111 373.33399508148432 137.24723038077354
leaf_count=21520 59938 3732 6368 597 346 8808 2334 5640 557 4374 1050 5970 7293 58662 5769 2124 180 121 263437 130 246 8716 11127 548 1950 1118 29431 5451 1381 594
internal_value=-8.42068e-05 -0.00197401 0.000664895 0.00296675 0.00806022 0.00179442 -0.0017571 0.00298497 -0.00611344 -0.00224792 -0.000566275 0.00903358 -0.00174348 -0.00413196 0.00243214 -0.00533258 0.000213598 0.00246431 -0.000200534 0.0258563 0.036449 0.00191156 0.00306584 0.00172469 0.00644973 0.00913346 0.00214195 0.00325567 0.00593593 0.0256588
internal_weight=82600.9 23450.1 59150.8 9692.74 1811.5 7881.23 23131.2 2167.88 597.149 20963.3 11079.1 1208.97 9870.13 9884.18 1527.32 8356.85 49458.1 7688.06 41770 108.977 90.6705 7510.25 6308.46 408.895 1570.74 1225.88 7749.22 6234.82 1691.04 177.812
internal_count=519512 161059 358453 52382 8095 44287 157327 12147 3439 145180 74251 7020 67231 70929 10143 60786 306071 42078 263993 556 426 41363 32647 2882 8708 6758 43690 34882 7749 715
is_linear=0
shrinkage=0.035


Tree=51
num_leaves=31
num_cat=0
split_feature=6 10 9 7 7 9 7 7 7 7 6 6 7 6 5 5 7 11 7 5 10 11 5 5 9 7 7 4 10 5
split_gain=93.9449 59.1903 62.3027 110.053 65.2291 50.7452 117.173 96.398 68.747 62.8499 50.4922 47.4311 46.6449 43.3517 42.9615 57.988 42.142 85.7199 62.5419 36.4781 35.3116 34.4633 41.1439 31.5585 29.241 32.9832 30.5556 27.6534 26.6636 26.5877
threshold=93.973690032958999 1.0116817355155947 1.5200499892234804 47.849605560302741 73.581996917724624 -2.58554995059967 22.878716468811039 64.699142456054702 21.006519317626957 23.790318489074711 99.693408966064467 55.162445068359382 53.64912414550782 31.934988975524906 45.447542190551765 45.45686340332032 27.69983005523682 36.095550537109382 42.491350173950202 46.028558731079109 -5.3034546375274649 29.57714939117432 47.499412536621101 45.447542190551765 5.2697000503540048 87.417869567871108 83.923740386962905 65.640632629394545 8.8588023185729998 46.620765686035163
decision_type=2 2 2 2 2 2 2 2 2 2 2 2 2 2 2 2 2 2 2 2 2 2 2 2 2 2 2 2 2 2
left_child=1 5 3 16 14 6 21 9 29 -8 27 12 -10 19 -4 -16 17 -3 -18 -5 -9 22 -1 -13 26 -26 -6 -2 -15 -7
right_child=10 2 4 13 24 8 7 20 11 -11 -12 23 -14 28 15 -17 18 -19 -20 -21 -22 -23 -24 -25 25 -27 -28 -29 -30 -31
leaf_value=-0.012897231505192924 -0.0051145350343111068 0.00079137082644591388 -0.0016204191953596932 0.0030374336083906148 -0.0024162760794149618 0.037235561103459248 0.015313170757012558 0.061802164292510196 -0.0015563551666811825 0.0030278166973869499 -0.03178698193258634 0.0023100102933273749 0.001452379805362699 -0.0035509705373696658 0.0119055674935505 0.0043311591973759162 0.00063252141027504867 0.021489686115872226 0.007780503411089418 -0.0038853377761332484 0.016768917195294081 0.01244983983145549 -0.0010360497134030667 -0.0031720516066092376 0.014333658702159722 -0.0058816444407244249 -0.025470772857308945 0.020184995377606759 0.0046996643319777622 0.0086299921371266394
leaf_weight=717.52248083055019 3752.328939832747 542.65441279858351 1012.7144898250699 3315.6015131697059 1893.787846647203 73.001050502061844 612.06594367325306 48.571757584810257 13870.679539211094 3063.458980858326 85.927456537261605 1416.9650318548083 11580.860234633088 8470.2399507537484 1613.5099341347814 5350.0591125562787 5762.9570151120424 447.40186270326376 2027.3790155723691 1295.7157029956579 39.879181586205959 120.38402384519577 717.75353617966175 13757.337928146124 266.42678912729025 155.77546245604753 72.452469870448112 52.803904563188553 507.2459070533514 89.578582532703876
leaf_count=4167 29463 3417 8273 20198 14356 339 2294 135 86277 15209 1754 13662 71633 58161 7787 23489 35210 2500 12198 7785 161 881 5521 88358 1546 1313 681 335 2691 582
internal_value=-5.40945e-05 0.000207855 0.00134607 0.0003063 0.00358922 -0.000600063 0.0026145 0.0059545 -0.00101952 0.00507842 -0.00536256 -0.00111078 -0.000187055 -0.0016667 0.00510868 0.00608838 0.00336045 0.0101617 0.00249424 0.00109038 0.0419091 -0.00546118 -0.00697444 -0.00265958 -0.00148216 0.00686147 -0.00327937 -0.00475744 -0.00308364 0.0216367
internal_weight=82733 78842 32733.9 22369.2 10364.7 46108.1 5319.64 3763.98 40788.4 3675.52 3891.06 40625.8 25451.5 13588.8 7976.28 6963.57 8780.39 990.056 7790.34 4611.32 88.4509 1555.66 1435.28 15174.3 2388.44 422.202 1966.24 3805.13 8977.49 162.58
internal_count=520376 488824 199605 142160 57445 289219 28368 17799 260851 17503 31552 259930 157910 88835 39549 31276 53325 5917 47408 27983 296 10569 9688 102020 17896 2859 15037 29798 60852 921
is_linear=0
shrinkage=0.035


Tree=52
num_leaves=31
num_cat=0
split_feature=6 9 6 6 10 7 7 4 9 7 7 2 7 2 2 7 4 7 10 7 2 11 10 2 7 2 6 7 2 2
split_gain=77.4996 61.8328 51.9663 51.2445 46.9198 47.1272 75.1595 48.5536 47.0484 174.894 113.276 35.7959 73.2578 76.8259 45.9851 29.2466 28.3707 28.61 70.8897 28.1401 26.5491 34.9428 34.8798 50.2028 31.163 25.8331 51.1716 66.0424 41.7542 42.2874
threshold=93.214572906494155 3.1096500158309941 9.5262489318847674 99.693408966064467 8.0838499069213885 67.520690917968764 63.478757858276374 50.297832489013679 -3.0320500135421748 22.878716468811039 20.186177253723148 53.672307968139656 34.006141662597663 51.59552192687989 52.258813858032234 79.546710968017592 67.195690155029311 85.718479156494155 5.885000705718995 83.923740386962905 48.029621124267585 68.24444961547853 -6.0641770362853995 52.404092788696296 28.417278289794925 49.107086181640632 38.245452880859382 78.280700683593764 49.856487274169929 50.079681396484382
decision_type=2 2 2 2 2 2 2 2 2 2 2 2 2 2 2 2 2 2 2 2 2 2 2 2 2 2 2 2 2 2
left_child=1 2 11 20 8 6 -6 -7 9 -4 -10 12 14 -14 -1 25 19 18 -18 -17 -2 22 23 -22 -24 26 -3 -28 -27 -30
right_child=3 15 4 -5 5 7 -8 -9 10 -11 -12 -13 13 -15 -16 16 17 -19 -20 -21 21 -23 24 -25 -26 28 27 -29 29 -31
leaf_value=0.002791544863715171 -0.018123704311450967 0.010008821653335286 -0.0066667441466520356 -0.031761609808954878 0.0047270848429969521 0.023470891664447623 0.026188375582762047 -0.0060882263537893324 0.02584234773659495 0.0090964483786519709 -0.00084017578164837133 -0.0048564945320927295 0.0048091328225966712 -0.0031284969003974269 0.017524992752327856 -0.0032550528267106483 -0.010773923296632988 -0.0030402760359405658 0.037006114525194971 -0.024730288387850963 0.022398436728316793 0.0075182642933238194 0.004261997456429514 -0.013242344875646218 -0.0062835497553189405 0.016615601399429893 -0.011846906279222417 0.016348888626945397 -0.0042100933848344757 0.0073856647207201044
leaf_weight=430.17308039218187 156.27510823309422 414.9050110951066 1361.0044225379825 82.217083198949695 1414.1096551865339 75.266389712691307 232.44822729378939 643.43578098714352 194.73524768650532 2348.4492343813181 58978.911742322147 715.09115202724934 4086.5877165943384 2352.1697854399681 659.46775854378939 327.07311694324017 65.780931398272514 221.23380333185196 87.903484962880611 96.630650863051414 133.04763089865446 326.73790652304888 382.1190152913332 74.931746497750282 3272.1288485378027 464.74364812672138 482.29683432728052 128.00912724435329 474.14361430704594 2028.7052598595619
leaf_count=3590 1147 1767 9384 1751 6906 369 1007 4339 871 10363 379222 4167 24120 12773 2835 2480 351 1872 509 897 853 1887 2940 495 26621 1843 2157 871 3014 9067
internal_value=-2.65912e-06 0.000252064 7.85776e-07 -0.00450731 -0.00032994 0.00450829 0.00777232 -0.00296025 -0.00051209 0.00331083 -0.000751899 0.00261916 0.00333061 0.00190829 0.0117212 0.00410411 -0.00200213 0.00499361 0.0165598 -0.0082066 -0.00398426 -0.00345174 -0.00438296 0.00952255 -0.00517821 0.00532736 0.000529624 -0.00590784 0.00698189 0.00518551
internal_weight=82710.7 78283.3 73491.9 4427.46 65248.4 2365.26 1646.56 718.702 62883.1 3709.45 59173.6 8243.49 7528.4 6438.76 1089.64 4791.43 798.622 374.918 153.684 423.704 4345.24 4188.97 3862.23 207.979 3654.25 3992.8 1025.21 610.306 2967.59 2502.85
internal_count=520468 484774 459946 35694 412461 12621 7913 4708 399840 19747 380093 47485 43318 36893 6425 24828 6109 2732 860 3377 33943 32796 30909 1348 29561 18719 4795 3028 13924 12081
is_linear=0
shrinkage=0.035


Tree=53
num_leaves=31
num_cat=0
split_feature=6 9 6 6 10 7 7 11 7 9 9 2 9 7 11 10 7 7 7 4 7 9 7 10 7 10 2 2 7 2
split_gain=77.7872 63.807 49.9109 49.4135 52.7772 46.7726 75.5445 44.4278 42.9701 33.1199 31.3771 29.1873 39.2109 36.3094 49.7662 24.5649 24.4503 71.3416 22.5844 45.8861 35.9237 26.013 37.9556 24.5248 23.0641 22.6206 43.8373 21.0411 62.49 60.2521
threshold=93.589080810546889 3.1096500158309941 99.693408966064467 16.32509803771973 8.8588023185729998 67.520690917968764 63.478757858276374 52.800350189208991 78.280700683593764 -1.9054500460624693 -1.2709500193595884 48.029621124267585 2.9244999885559086 54.053018569946296 55.223049163818366 12.557685852050783 63.42186355590821 69.86682510375978 83.923740386962905 67.195690155029311 85.718479156494155 6.0667500495910653 63.42186355590821 12.557685852050783 69.762519836425795 22.41047286987305 50.434299468994148 53.672307968139656 34.419713973999031 51.59552192687989
decision_type=2 2 2 2 2 2 2 2 2 2 2 2 2 2 2 2 2 2 2 2 2 2 2 2 2 2 2 2 2 2
left_child=1 3 11 27 8 6 -6 -7 9 -5 -10 -2 13 14 -13 -15 -14 -18 21 -20 -21 25 23 -23 -24 -3 -27 28 -1 -30
right_child=2 18 -4 4 5 7 -8 -9 10 -11 -12 12 16 15 -16 -17 17 -19 19 20 -22 22 24 -25 -26 26 -28 -29 29 -31
leaf_value=0.00804026403809854 -0.019637898441004678 0.0036642931077270186 -0.031879759690513987 0.0015060463675067258 0.0060363640952186912 0.023629946353152815 0.032501538542167877 -0.0072036090080637369 0.063227972249463651 -0.00089943694976831834 -0.013818989249188214 -0.0029511545450411651 -0.01398336716150239 -0.0090171695749278764 0.018231204616289732 0.035351608400549878 0.047794550633886282 0.0014324461431658635 -0.024821963602420439 0.033408685578660009 -0.0022558760276182228 -0.010751151274379226 0.033506109995788569 0.015295569556862121 0.013032723334317244 0.079054662695894382 -0.018020987335416593 -0.0025091429513230479 0.0031915882413612851 -0.0022732300456720952
leaf_weight=1952.6340743601322 143.07966586947441 3952.1795249730349 80.376035431399941 8165.632541641593 1039.6792625933886 64.828562594950199 150.92480145394802 445.00615771114826 5.7823055982589713 49519.574875235558 366.79876402765512 2000.9856362044811 40.800692968070507 1516.5533933639526 144.91353224217892 14.609877668321131 57.797261893749237 134.07086565345526 96.614007726311684 40.200312793254852 219.52880382537842 109.25638529658318 101.65847052633762 73.282112374901772 208.75891297310591 12.724739305675032 9.2495109513401967 1230.2548245042562 6897.3014225959778 3849.2528368085623
leaf_count=11592 1076 19742 1748 46507 4954 320 621 3068 21 322394 2892 15547 170 12889 863 97 176 1004 907 274 1860 409 304 248 997 77 36 7194 40817 21037
internal_value=-1.08016e-05 0.000235507 -0.00469033 -1.96994e-05 -0.000457382 0.00561849 0.00941662 -0.00323835 -0.000635532 -0.000558791 -0.0124716 -0.0041432 -0.00357046 -0.00445409 -0.00151118 -0.00857101 0.0103316 0.0155751 0.00413509 -0.00432677 0.00332298 0.00481231 0.0123968 -0.00023511 0.0198289 0.00386746 0.0386881 0.0018574 0.0022811 0.0012335
internal_weight=82644.3 78511.1 4133.19 73687.7 59758.2 1700.44 1190.6 509.835 58057.8 57685.2 372.581 4052.81 3909.73 3677.06 2145.9 1531.16 232.669 191.868 4823.45 356.343 259.729 4467.11 492.956 182.538 310.417 3974.15 21.9743 13929.4 12699.2 10746.6
internal_count=519841 486271 33570 461417 380777 8963 5575 3388 371814 368901 2913 31822 30746 29396 16410 12986 1350 1180 24854 3041 2134 21813 1958 657 1301 19855 113 80640 73446 61854
is_linear=0
shrinkage=0.035


Tree=54
num_leaves=31
num_cat=0
split_feature=6 6 9 10 10 7 7 9 11 7 7 7 7 11 7 7 7 11 7 7 7 5 5 7 10 9 7 10 7 7
split_gain=92.8237 52.3225 45.1486 50.7442 40.2818 52.8456 55.2049 97.5857 39.5483 37.3979 36.7604 35.6812 31.8151 121.745 87.1944 53.273 43.7746 27.9522 115.644 95.9433 82.59 51.3812 31.6387 27.9168 27.4949 26.4507 31.913 150.211 120.054 30.2356
threshold=71.735794067382827 99.693408966064467 1.8438000082969668 -2.5692464113235469 3.2757411003112797 46.043565750122077 43.856449127197273 -0.60005000233650196 62.216749191284187 39.775512695312507 71.72922515869142 74.768222808837905 67.648265838623061 45.648450851440437 69.762519836425795 69.650360107421889 68.741054534912124 37.954050064086921 35.319665908813484 21.006519317626957 38.011922836303718 45.653284072875984 46.269800186157234 79.115924835205092 -6.9107091426849356 1.140049993991852 64.03334236145021 -3.3652718067169185 63.42186355590821 57.000656127929695
decision_type=2 2 2 2 2 2 2 2 2 2 2 2 2 2 2 2 2 2 2 2 2 2 2 2 2 2 2 2 2 2
left_child=2 4 12 9 17 6 -6 -8 -7 -4 -10 24 25 16 15 -15 -14 18 21 -19 -20 -2 -21 -5 -11 26 28 -28 -1 -27
right_child=1 -3 3 23 5 8 7 -9 10 11 -12 -13 13 14 -16 -17 -18 19 20 22 -22 -23 -24 -25 -26 29 27 -29 -30 -31
leaf_value=0.00031377459713733828 -0.018250300110661168 -0.030481655953543966 0.032290995752328147 0.0045918573567998461 0.0052909836432913446 -0.0042584527797272249 0.095542410263140795 0.0083481286506509374 0.0068604953941551325 -0.022484497529451607 -0.0032401571226866733 0.003255729705780083 0.043691259237827199 -0.007072358381577588 -0.00038714383126562567 -0.027023499765803399 0.011614660681632248 0.061624315011332392 0.02831380030607274 -0.0045936150017108195 0.0028558495713550164 -0.0014900580721177064 -0.00063413293166521203 -0.0025918235386341503 -0.0058753626300756499 0.0072305123113926891 0.021736876143050744 0.00080025181205864275 -0.020010402522219507 0.00065055212705200682
leaf_weight=36521.826856061816 252.5788753554225 77.799692302942276 33.724104896187782 7436.3409308195114 1147.962706014514 2233.314742796123 22.674286253750324 48.78472875058651 1068.4867302700877 152.20942807942629 749.95258241146803 444.38146515190601 60.001062594354153 1970.7539246231318 5311.6058762967587 178.56708867102861 385.56755472719669 26.897282145917416 266.64259323477745 9624.9656900539994 377.14617629349232 1951.4946876391768 3332.6720709204674 725.71117681264877 621.23854458332062 1557.5537210404873 481.64357993006706 3239.1808898895979 358.73152425140142 1902.8246528431773
leaf_count=226813 1598 1745 141 37473 6680 15411 106 279 5111 724 5566 3226 338 12434 34867 922 1932 147 1245 64405 1849 13176 29874 5710 3083 8578 2285 20182 2070 11722
internal_value=2.56896e-05 -0.00197196 0.000715159 0.00294543 -0.00186537 0.000783619 0.00716986 0.0368636 -0.0011377 -0.00361227 0.00269139 -0.00463279 0.000310991 -0.001733 -0.00279578 -0.00874261 0.0160204 -0.00274775 0.000390148 -0.0034365 0.0134329 -0.00341982 -0.00357589 0.00395209 -0.00917283 0.00067795 0.000427369 0.00351637 0.000115465 0.00361527
internal_weight=82563.2 21181.4 61381.9 9413.61 21103.6 5271.18 1219.42 71.459 4051.75 1251.55 1818.44 1217.83 51968.3 7906.5 7460.93 2149.32 445.569 15832.4 2847.86 12984.5 643.789 2204.07 12957.6 8162.05 773.448 44061.8 40601.4 3720.82 36880.6 3460.38
internal_count=519692 147192 372500 50357 145447 33153 7065 385 26088 7174 10677 7033 322143 50493 48223 13356 2270 112294 17868 94426 3094 14774 94279 43183 3807 271650 251350 22467 228883 20300
is_linear=0
shrinkage=0.035


Tree=55
num_leaves=31
num_cat=0
split_feature=6 6 10 7 11 7 7 11 10 2 7 7 2 2 2 9 7 10 9 9 2 7 6 5 0 7 10 10 7 10
split_gain=72.9332 63.7755 49.023 76.5532 93.0337 72.7017 46.7036 132.691 46.3548 98.0526 194.718 54.5431 47.4998 102.509 79.1968 36.6994 40.4005 37.4863 36.3094 33.4511 29.1756 35.4699 31.5555 28.5045 37.0909 22.9515 22.7487 21.3817 19.7589 20.0631
threshold=58.341888427734382 99.693408966064467 0.90706148743629467 46.043565750122077 62.216749191284187 71.72922515869142 43.856449127197273 43.378349304199226 -6.2426600456237784 52.993835449218757 39.775512695312507 21.006519317626957 49.794338226318366 50.051361083984382 49.309108734130866 1.6862500309944155 79.115924835205092 -2.5692464113235469 -1.75585001707077 6.0667500495910653 48.208747863769538 64.03334236145021 7.5687198638916025 91.923877716064467 20.800000190734867 40.36732482910157 6.3144264221191415 4.5968675613403329 83.923740386962905 8.8588023185729998
decision_type=2 2 2 2 2 2 2 2 2 2 2 2 2 2 2 2 2 2 2 2 2 2 2 2 2 2 2 2 2 2
left_child=15 2 8 6 18 -6 26 -8 9 10 -2 -11 14 -14 -10 23 17 19 -5 25 22 -22 -19 -1 -25 -17 -4 -18 29 -29
right_child=1 -3 3 4 5 -7 7 -9 12 11 -12 -13 13 -15 -16 16 27 20 -20 -21 21 -23 -24 24 -26 -27 -28 28 -30 -31
leaf_value=0.00062410773181764397 0.024045005367950727 -0.033071415057924478 0.0018938418862993189 0.021522292054228641 0.0069591362910616829 -0.0029783582194781236 0.057147193927621076 0.0050857619233153914 -0.0049981425065263232 -0.024868410405136751 -0.0032002382878663512 -0.0015803237506104878 0.014354582768215714 -0.0028808766707325187 -0.022984723889511189 0.024002012883922397 -0.011703156059535581 0.030258805301101928 -0.0041029846576487068 0.038752546759859369 0.0071628723595193429 0.0016396660489594525 0.0083675751421931205 -0.0062676920169222432 0.0020137074342629012 -0.0043656042938399007 0.0090708116516695046 0.0025426850012995809 -0.0081585118311182821 0.031007369591241011
leaf_weight=39154.107060275972 537.7970986738801 76.556630171835423 3166.7666553035378 67.572645828127861 2283.8299567699432 1488.2247882336378 75.991690866649151 276.45277191698551 1983.533711925149 191.17043750733137 795.30875083804131 346.23542119562626 436.20754096657038 12840.277177624404 353.13463960587978 35.329213604331017 329.20745615661144 91.996937483549118 6601.5876704379916 22.773462370038033 2313.5109112635255 3717.3118971958756 648.51967657357454 1699.2379144281149 1083.3933922424912 1017.0017927587032 653.10865022987127 139.16891349852085 157.20818713307381 38.298991747200489
leaf_count=241767 3370 1771 21095 424 11063 11000 366 1749 11526 1140 4450 1932 2109 92118 1658 150 2498 342 47821 84 10891 20273 2978 10168 5659 5658 3132 1132 1374 284
internal_value=-2.42122e-05 -0.0013264 -0.00124964 0.000246064 -0.00135479 0.00303675 0.00425337 0.0164347 -0.00250017 0.00270367 0.00779353 -0.00990221 -0.00312417 -0.00231324 -0.00772634 0.000806158 0.00290175 0.00360383 -0.00383975 -0.00246176 0.00456809 0.00376028 0.0111264 0.000380681 -0.00304123 -0.00338908 0.00312441 -0.00537998 0.000832077 0.00883644
internal_weight=82620.8 32173.8 32097.2 14613.5 10441.2 3772.05 4172.32 352.444 17483.7 1870.51 1333.11 537.406 15613.2 13276.5 2336.67 50447.1 8510.33 7846.44 6669.16 1075.1 6771.34 6030.82 740.517 41936.7 2782.63 1052.33 3819.88 663.884 334.676 177.468
internal_count=519982 216724 214953 96650 70308 22063 26342 2115 118303 10892 7820 3072 107411 94227 13184 303258 45664 40376 48245 5892 34484 31164 3320 257594 15827 5808 24227 5288 2790 1416
is_linear=0
shrinkage=0.035


Tree=56
num_leaves=31
num_cat=0
split_feature=6 10 7 11 7 7 11 7 5 6 10 7 7 7 7 7 7 9 9 6 7 6 9 7 9 10 7 9 2 10
split_gain=73.3827 62.3573 50.505 81.6926 69.03 56.7517 104.494 181.033 53.1469 47.9306 37.5978 52.0496 43.6661 90.9221 86.5585 182.5 61.7062 38.4743 35.2065 32.4888 32.169 30.9137 37.387 30.8944 54.3192 52.6389 27.3101 50.5479 41.7214 47.4196
threshold=91.302120208740249 1.0116817355155947 47.849605560302741 59.622549057006843 73.829555511474624 43.856449127197273 45.023349761962898 44.850858688354499 45.447542190551765 99.693408966064467 -7.5363545417785636 1.0000000180025095e-35 20.186177253723148 18.460414886474613 39.775512695312507 34.582567214965827 63.030187606811531 7.6709501743316659 5.2697000503540048 9.5262489318847674 53.64912414550782 31.934988975524906 -2.0750499963760372 28.017315864562992 -2.3281500339508052 9.343633174896242 44.196378707885749 -0.17995000630617139 52.222757339477546 -1.5203504562377927
decision_type=2 2 2 2 2 2 2 2 2 2 2 2 2 2 2 2 2 2 2 2 2 2 2 2 2 2 2 2 2 2
left_child=1 10 5 21 8 23 7 -7 -5 26 12 -12 13 -1 15 -14 -16 20 -6 -8 -13 -4 -23 24 -3 -25 27 -2 -29 -30
right_child=9 2 3 4 18 6 19 -9 -10 -11 11 17 14 -15 16 -17 -18 -19 -20 -21 -22 22 -24 25 -26 -27 -28 28 29 -31
leaf_value=0.0017976583993965555 -0.0029882210460455347 -0.00097244452238589066 0.0009257268252129676 -0.0025960630647272535 -0.0047508271616324739 0.063295337055221682 0.02284887682989474 0.0049014204518944317 0.0056478267587954639 -0.031671309889030753 0.066501484574183103 -0.0017772085258569163 0.0026485152055983592 -0.031499964691529783 -0.0077936360676292829 0.031653560115132109 0.0077343381179801112 0.038836725182451043 0.0067133193096754222 0.0032821638532073288 0.0001969930748573244 0.019211294018907109 -0.0030022590882354014 0.00080492180120939072 0.014720572869605883 0.013202909865728068 -0.0055352454476147424 0.024627242503369819 0.043851581955593029 -0.0036401189315045331
leaf_weight=452.00451263040304 1942.9963506907225 478.30997826904058 4358.3543495759368 1123.235905893147 1780.7792657911777 112.49733030050993 115.50580987334251 153.70174048095942 6452.0037160143256 74.33925648778677 13.219228841364382 24765.066574260592 858.97843714058399 128.21829025447369 749.66468439996243 384.48651333153248 537.40816780179739 28.954884685575962 401.08338458836079 1000.8640236184001 17076.552035979927 93.056060813367367 7868.9773391857743 6851.4171548709273 617.55038551986217 446.24228324741125 3379.7975258603692 157.22309599071741 28.22530198097229 227.01727556437254
leaf_count=3364 14376 3022 26478 9310 13512 438 553 995 30178 1755 101 155566 4940 475 3750 1362 3094 179 2671 5917 108839 519 53551 40986 3457 1726 26712 1255 152 1324
internal_value=-9.2205e-05 0.000194459 0.00137945 0.000451648 0.00284418 0.00347379 0.010044 0.029721 0.00442438 -0.00388484 -0.000644301 -0.000920174 0.00306714 -0.00558168 0.00505411 0.0116373 -0.00130383 -0.000942897 -0.00263852 0.00532782 -0.000971335 -0.00144261 -0.00273986 0.00238987 0.00786895 0.00156537 -0.00351909 -0.000622298 0.0104901 0.00170489
internal_weight=82657.7 76848.1 31853.6 22077.5 9757.1 9776.09 1382.57 266.199 7575.24 5809.6 44994.6 41883.8 3110.76 580.223 2530.54 1243.46 1287.07 41870.6 2181.86 1116.37 41841.6 12320.4 7962.03 8393.52 1095.86 7297.66 5735.26 2355.46 412.466 255.243
internal_count=520557 474983 193313 136219 55671 57094 7903 1433 39488 45574 281670 264685 16985 3839 13146 6302 6844 264584 16183 6470 264405 80548 54070 49191 6479 42712 43819 17107 2731 1476
is_linear=0
shrinkage=0.035


Tree=57
num_leaves=31
num_cat=0
split_feature=6 6 11 6 2 2 2 0 1 2 9 7 7 7 7 2 2 9 10 7 7 7 7 10 9 7 7 7 4 10
split_gain=70.834 52.4174 44.5311 41.5862 51.1461 38.6738 44.6802 36.6985 35.5974 35.4867 49.8324 35.5178 45.5129 34.1443 86.5382 39.3755 33.7951 166.07 29.7954 25.4313 25.2066 27.1384 22.8292 22.811 22.4473 18.9293 17.7766 17.5975 93.181 17.1263
threshold=87.732116699218764 99.693408966064467 90.86985015869142 6.8068408966064462 48.029621124267585 50.069204330444343 51.59552192687989 28.000000000000004 48.565559387207038 53.755762100219734 4.7590000629425058 59.565095901489265 71.087303161621108 34.419713973999031 44.196378707885749 50.081499099731452 53.830442428588874 -3.0320500135421748 0.90706148743629467 71.315780639648452 90.347183227539077 63.42186355590821 70.733211517333999 22.41047286987305 -0.24074999988079068 44.850858688354499 49.986120223999031 26.989735603332523 44.320077896118171 4.4254078865051278
decision_type=2 2 2 2 2 2 2 2 2 2 2 2 2 2 2 2 2 2 2 2 2 2 2 2 2 2 2 2 2 2
left_child=2 9 3 4 22 19 -7 8 26 10 13 -12 -13 15 -15 -2 17 -11 -10 -6 21 25 24 -22 -1 -4 -5 28 -18 -29
right_child=1 -3 20 7 5 6 -8 -9 18 16 11 12 -14 14 -16 -17 27 -19 -20 -21 23 -23 -24 -25 -26 -27 -28 29 -30 -31
leaf_value=-0.0094974596274909635 -0.00065008397369639562 -0.03272698894517577 0.015631200128689654 -0.0074697485879907256 -0.0077764728708584899 0.0073368157155736628 0.00060185184380347396 0.0049560440781960657 -0.00062138258247800807 0.13593061358443695 -0.02698717495797158 0.059028152785709005 0.01093036279099451 0.0042338636832077422 -0.0051287320599801177 -0.013596449138150982 -0.0017540814282936451 -0.0013081144169887426 0.00091513842874248771 0.0047255931199620066 -0.041042727814461034 0.016600968621534876 0.0114665593580685 0.00073424666946821516 0.04289235480250566 -0.0070928210772428267 -0.00094029378217310334 -0.0081364503652886014 0.049840366472970077 0.010561799905087306
leaf_weight=11.324924051761625 445.22659901529551 71.418591637164354 68.342335477471352 1172.910936653614 670.71469212323427 2197.1151025518775 2681.3496003895998 1791.0368962436914 36633.637834846973 13.188955485820768 18.722547300159931 32.330570891499519 92.324945867061615 1619.9046573340893 4758.1663934513927 819.52032446116209 196.91551727056503 46.90728747099638 26746.398915380239 282.08182445168495 17.664743207395077 432.35288105905056 170.4421656280756 118.08234941214323 63.141259990632534 127.12548684328794 909.54397003352642 221.31097549945116 53.91833520680666 81.227936342358589
leaf_count=60 4661 1742 241 6690 3488 14235 14262 8557 231567 45 63 86 656 10673 36760 4708 1616 336 164400 1717 152 2132 875 1006 177 491 5672 1838 367 496
internal_value=5.84571e-06 -0.0030258 0.000352577 0.000264872 0.00303765 0.00237681 0.00363722 1.4222e-05 -0.000120937 -0.00276933 -0.00340855 0.0169698 0.0237576 -0.00379349 -0.00274949 -0.00904779 0.0053261 0.0300859 2.69228e-05 -0.00406695 0.00875708 0.0117148 0.0186847 -0.00485953 0.0348156 0.000847949 -0.00462273 0.00258501 0.00943185 -0.00307851
internal_weight=82564.3 8471.08 74093.3 73329.7 6076.17 5831.26 4878.46 67253.5 65462.5 8399.67 7786.2 143.378 124.656 7642.82 6378.07 1264.75 613.469 60.0962 63380 952.797 763.568 627.821 244.908 135.747 74.4662 195.468 2082.45 553.373 250.834 302.539
internal_count=519769 64047 455722 451700 34814 33702 28497 416886 408329 62305 57607 805 742 56802 47433 9369 4698 381 395967 5205 4022 2864 1112 1158 237 732 12362 4317 1983 2334
is_linear=0
shrinkage=0.035


Tree=58
num_leaves=31
num_cat=0
split_feature=6 9 6 7 10 5 9 10 7 7 9 7 10 7 10 7 10 7 4 4 10 5 10 7 9 5 10 10 6 6
split_gain=76.5059 58.5921 62.0009 40.3883 50.7887 55.961 39.5511 36.0691 33.6117 37.1424 30.6315 30.0684 30.0162 28.0086 35.2707 39.871 28.0173 34.8285 33.0947 29.495 23.3274 38.8198 27.9803 23.2202 22.3068 23.8355 20.7123 17.1183 14.3904 13.7895
threshold=99.358459472656264 2.8396499156951909 69.05271148681642 69.072742462158217 6.3144264221191415 45.447542190551765 -1.5837499499320982 -6.2426600456237784 78.280700683593764 76.706653594970717 0.48905000090599066 70.733211517333999 1.0116817355155947 79.546710968017592 -4.4307115077972403 74.768222808837905 4.5100278854370126 83.923740386962905 64.45630264282228 67.195690155029311 22.41047286987305 46.117029190063484 5.6272141933441171 69.518630981445327 7.6709501743316659 50.079681396484382 -8.9486303329467756 8.8588023185729998 9.1350073814392108 99.693408966064467
decision_type=2 2 2 2 2 2 2 2 2 2 2 2 2 2 2 2 2 2 2 2 2 2 2 2 2 2 2 2 2 2
left_child=1 2 8 4 7 -6 11 -4 9 12 -11 -5 -1 14 15 -3 24 18 -18 -19 22 -22 -16 -8 -15 -26 -17 -10 -29 -2
right_child=29 13 3 6 5 -7 23 -9 27 10 -12 -13 -14 16 20 26 17 19 -20 -21 21 -23 -24 -25 25 -27 -28 28 -30 -31
leaf_value=-0.00017218426194943857 -0.013321718633308166 -0.016067579479129977 0.0044945141878796092 0.075610393519386587 -0.013512639636669693 0.0085735037914138629 -0.016033719915049871 -0.0020584374954435592 -0.01269416193345484 0.052453472860298826 0.010123724621821423 -0.0025471763907085384 0.0015222887536624405 -0.011507882374194919 0.0072384317046034728 0.020033897678371018 0.0013565296131438196 -0.024547581975343222 0.027067784014801855 0.0012849671071188625 0.0048543611364800961 0.066717395468159135 0.0017990585110203043 -0.0048488288373207886 -0.023673560506847328 0.049685435333706195 -0.0021941005768202821 -0.027868862029557601 0.037319670207105332 -0.031261803871109731
leaf_weight=33674.563482865691 228.8226045742631 210.85878317803144 1100.1888531148434 12.137716822326185 160.55866006016731 1081.5349946543574 246.66227570176125 15615.325940042734 310.08539763838053 22.686449125409126 211.44568989425898 10.885064877569674 20658.1101706177 364.84607047587633 2787.149086214602 74.288475185632706 143.92839162796736 72.975984215736389 106.97321199625731 201.54354241490364 33.621435701847076 19.303187675774097 1990.1841802299023 2934.6219142004848 7.6688804998993882 14.471960246562958 160.66522537916899 4.8749954923987415 14.756983168423174 69.833869831636548
leaf_count=208178 1991 986 6465 43 1503 5202 1638 110623 2361 82 1100 55 124640 2701 13396 613 1296 698 590 1632 136 100 9186 21776 55 121 934 43 136 1749
internal_value=4.63106e-05 0.000110689 -0.000155706 -0.00176523 -0.00111872 0.00570606 -0.00538504 -0.00162652 0.000464633 0.000532149 0.0144198 0.0395194 0.000471964 0.0033855 0.00436505 -0.00503972 -0.00227003 0.00298257 0.0123977 -0.00560809 0.00523521 0.0282054 0.00497459 -0.00572207 -0.00941111 0.0240316 0.00484847 -0.0106621 0.0203321 -0.0176123
internal_weight=82545.6 82246.9 76058.4 21161.9 17957.6 1242.09 3204.31 16715.5 54896.5 54566.8 234.132 23.0228 54332.7 6188.48 5276.07 445.812 912.408 525.421 250.902 274.52 4830.26 52.9246 4777.33 3181.28 386.987 22.1408 234.954 329.717 19.632 298.656
internal_count=520029 516289 483845 147305 123793 6705 23512 117088 336540 334000 1182 98 332818 32444 25351 2533 7093 4216 1886 2330 22818 236 22582 23414 2877 176 1547 2540 179 3740
is_linear=0
shrinkage=0.035


Tree=59
num_leaves=31
num_cat=0
split_feature=6 6 0 10 7 4 2 9 2 9 7 2 2 10 5 6 5 5 10 5 7 7 11 5 5 2 10 7 5 7
split_gain=60.7813 47.2295 46.0589 44.1023 65.4316 78.2823 46.7709 105.638 105.563 33.3098 54.7475 47.2822 46.4899 40.4574 35.6991 47.6177 33.1764 68.9819 63.2651 102.742 44.7812 51.7643 41.0203 39.6144 29.5585 67.1377 28.643 37.5717 32.9516 29.5201
threshold=50.411310195922859 99.693408966064467 28.000000000000004 0.86936265230178844 54.053018569946296 55.167417526245124 49.794338226318366 -3.2763500213623042 50.051361083984382 1.5200499892234804 64.163467407226577 49.856487274169929 50.051361083984382 1.4105724692344668 45.656616210937507 4.4541819095611581 45.565744400024421 45.72456359863282 -8.4042339324951154 45.596515655517585 76.706653594970717 59.565095901489265 37.954050064086921 45.582262039184577 45.558958053588874 53.017904281616218 -4.5264384746551505 38.011922836303718 45.610874176025398 35.319665908813484
decision_type=2 2 2 2 2 2 2 2 2 2 2 2 2 2 2 2 2 2 2 2 2 2 2 2 2 2 2 2 2 2
left_child=9 2 3 6 -5 -6 7 -2 -8 16 26 14 13 -13 -12 -16 22 18 23 -20 21 -19 -1 -18 -24 -26 -11 29 -29 -28
right_child=1 -3 -4 4 5 -7 8 -9 -10 10 11 12 -14 -15 15 -17 17 20 19 -21 -22 -23 24 -25 25 -27 27 28 -30 -31
leaf_value=0.0071991450799557492 0.023156466615578811 -0.029833332256248703 0.00550096241876927 0.0026844149681797048 -0.0044120803834142523 0.0018171120584884624 0.013210800713760901 -0.0078016422478605924 -0.0021743232063930131 -0.00874715053459129 0.0017282370636048216 -0.02587146873211147 -0.00059565500718158644 -0.0017508158730796105 0.04178924480821903 0.0081845062359132501 0.047291696508149281 0.0011939187715899863 -0.032163927956338725 -0.0047384356614624361 0.030595056741643555 -0.0037054605036705799 0.00047698499150971522 0.0064617452354986307 0.01064062559868542 -0.0089956383488179557 0.0059314448372628841 0.0063105994421380866 0.015501363974320994 -0.012463654466654147
leaf_weight=1418.1046745553613 140.70799973607063 69.23087689653039 1266.4369858130813 6828.3509120941162 5784.6845592409372 4311.7331648617983 563.76752349734306 2917.2537439763546 16815.034010395408 133.31151204556227 1962.3000524118543 177.18603691458702 2647.6041631475091 164.8823631182313 55.26673386991024 691.8101015612483 37.31483381986618 13027.672246456146 176.37602654844522 3062.5103648751974 58.799913592636585 3312.5990980789065 13157.351964600384 127.09748972207308 938.85876363515854 274.88911733031273 268.66716812551022 1242.00164847821 782.3769073933363 176.16607051342726
leaf_count=6982 521 1774 5981 44367 41802 25820 2611 16333 118667 609 11102 528 18221 527 122 1874 66 81651 923 16534 307 22240 84557 714 2612 814 1223 6540 3390 694
internal_value=-0.000101306 -0.00111259 -0.00106032 -0.00128303 3.79667e-05 -0.00175124 -0.00237731 -0.00636917 -0.00167424 0.000790112 0.00278652 0.000864055 -0.00216901 -0.0142966 0.00421314 0.0107219 0.00032421 -0.000629712 -0.00516378 -0.00624165 0.000311023 0.000200126 0.00152101 0.015955 0.000959845 0.00618465 0.00699211 0.00784726 0.0098708 -0.0013471
internal_weight=82590.3 38697.2 38628 37361.5 16924.8 10096.4 20436.8 3057.96 17378.8 43893.1 8301.57 5699.05 2989.67 342.068 2709.38 747.077 35591.6 19802.4 3403.3 3238.89 16399.1 16340.3 15789.2 164.412 14371.1 1213.75 2602.52 2469.21 2024.38 444.833
internal_count=520106 257876 256102 250121 111989 67622 138132 16854 121278 262230 44830 32374 19276 1055 13098 1996 217400 122435 18237 17457 104198 103891 94965 780 87983 3426 12456 11847 9930 1917
is_linear=0
shrinkage=0.035


Tree=60
num_leaves=31
num_cat=0
split_feature=6 9 6 6 0 5 2 7 7 7 11 11 2 2 4 2 2 2 7 2 7 4 7 7 7 7 7 7 2 5
split_gain=60.9207 38.1713 37.1386 34.1441 36.3262 33.5166 25.1035 37.1156 24.5045 22.5666 203.787 109.328 22.5488 29.3903 48.257 25.5028 51.3139 40.1092 44.0333 31.9128 19.1123 19.0584 17.8948 26.0292 57.4172 45.8987 40.2696 41.5153 29.1956 20.6463
threshold=93.589080810546889 3.1096500158309941 99.693408966064467 31.531767845153812 28.000000000000004 50.080970764160163 53.755762100219734 34.419713973999031 48.045326232910163 63.030187606811531 47.72254943847657 58.403850555419929 53.796842575073249 53.830442428588874 40.180032730102546 50.459417343139656 50.434299468994148 50.510725021362312 34.419713973999031 49.794338226318366 44.850858688354499 53.680932998657234 79.546710968017592 63.030187606811531 64.03334236145021 65.378646850585952 57.000656127929695 57.865306854248054 50.500419616699226 46.284826278686531
decision_type=2 2 2 2 2 2 2 2 2 2 2 2 2 2 2 2 2 2 2 2 2 2 2 2 2 2 2 2 2 2
left_child=1 3 12 5 9 6 7 -1 20 11 -11 -5 15 14 -14 16 19 -17 -19 -2 -6 -18 23 26 29 -26 28 -28 -3 -25
right_child=2 22 -4 4 8 -7 -8 -9 -10 10 -12 -13 13 -15 -16 17 21 18 -20 -21 -22 -23 -24 24 25 -27 27 -29 -30 -31
leaf_value=0.0048663268996217797 -0.0092858077097502587 -0.0092951869578703043 -0.030105421247730597 -0.000777792566881401 0.0078980322220908155 -0.0035015063448721085 -0.0026925460963572821 0.0011064315583731706 0.0010792659604831121 0.014302752248884618 -0.0029770997191326492 0.0064092477097820576 0.12060565658899264 0.0027245467260702473 0.0053308433163447048 -0.030768775430265325 0.069587870838408325 -0.016266631941917197 -0.0033819551985699472 0.0014913949280558074 0.027172902302753387 0.017491422463534943 -0.0015137474300651046 0.00399285445091342 -0.012197220278938634 0.0060815797939981469 -0.032652586487397703 -0.0037253121835761848 0.0077578381563896699 0.03509477107122351
leaf_weight=3871.2968481108546 496.25751043856144 151.54563154280186 65.453777622431517 29255.553435243666 564.15555938333273 1803.8543706983328 1676.4800712168217 19051.722125969827 887.59596779942513 893.96460940688848 12722.277463577688 2844.0720398277044 6.24288181960583 263.95446034520864 12.667218938469885 82.059106014668941 14.60726949572563 403.7127882167697 1667.7461400106549 1039.6813266426325 70.88967115432024 22.324682369828224 791.3046951815486 35.381889164447784 179.11178570985794 2567.909021422267 74.398742616176605 322.55925163626671 633.05319812893867 108.22048538923264
leaf_count=22231 3517 654 1739 192717 2520 12202 10751 110772 4508 4942 84638 15995 19 2174 80 405 51 2503 12529 10604 336 57 6095 225 600 13186 248 1427 2275 210
internal_value=7.50428e-05 0.00029172 -0.00409709 9.32713e-05 -0.00047006 0.00110138 0.00143929 0.00174187 0.00484618 -0.00064736 -0.00184132 -0.000140649 -0.00366482 0.00583978 0.0470928 -0.00438927 -0.000995233 -0.00686365 -0.00590178 -0.00198916 0.0100922 0.0393206 0.00329464 0.00423083 0.00601949 0.00488401 -0.000140227 -0.00921929 0.00444901 0.0275447
internal_weight=82580.1 78505.3 4074.71 73641.9 47238.5 26403.4 24599.5 22923 1522.64 45715.9 13616.2 32099.6 4009.25 282.865 18.9101 3726.39 1572.87 2153.52 2071.46 1535.94 635.045 36.932 4863.48 4072.18 2890.62 2747.02 1181.56 396.958 784.599 143.602
internal_count=520210 486532 33678 461612 305656 155956 143754 133003 7364 298292 89580 208712 31939 2273 99 29666 14229 15437 15032 14121 2856 108 24920 18825 14221 13786 4604 1675 2929 435
is_linear=0
shrinkage=0.035


Tree=61
num_leaves=31
num_cat=0
split_feature=6 6 10 5 6 5 2 10 7 10 10 2 10 4 2 7 7 7 2 10 12 4 7 7 4 10 7 2 5 2
split_gain=68.1501 41.471 35.7025 50.7855 34.0631 30.9405 43.2274 43.9867 91.2563 42.7975 42.4002 30.2614 47.5969 62.1076 87.7858 79.3037 59.7309 92.507 57.2445 28.6338 28.4232 48.2692 26.6338 41.7647 37.5989 22.6712 21.4183 20.5845 22.1284 20.0377
threshold=67.042541503906264 99.693408966064467 -0.10236150771379469 43.508358001708991 4.831806182861329 50.08058166503907 48.029621124267585 -6.6548156738281241 33.602645874023445 8.0838499069213885 0.86936265230178844 53.796842575073249 -2.9991496801376338 50.821363449096687 51.228878021240241 64.03334236145021 44.850858688354499 34.419713973999031 52.554931640625007 -2.9423618316650386 3.3203631639480595 52.920207977294929 62.413892745971687 65.378646850585952 53.615533828735359 -3.7061865329742427 23.790318489074711 48.029621124267585 45.45686340332032 46.247411727905281
decision_type=2 2 2 2 2 2 2 2 2 2 2 2 2 2 2 2 2 2 2 2 2 2 2 2 2 2 2 2 2 2
left_child=2 5 11 20 27 6 9 8 -8 19 -9 12 13 15 -15 -1 17 -14 -18 -2 -4 -22 24 -24 -6 -13 -27 28 -5 -11
right_child=1 -3 3 4 22 -7 7 10 -10 29 -12 25 16 14 -16 -17 18 -19 -20 -21 21 -23 23 -25 -26 26 -28 -29 -30 -31
leaf_value=0.0024242315817606525 -0.027228639320899486 -0.029288734010832936 0.001858287689367185 0.0025057393829736011 0.0012755376821685887 0.0021857466441769185 -0.0064916269052701378 -0.0034096847726903042 0.014416510887832997 0.0025721589614980324 -0.00020602007020398706 -0.0076343359126491333 0.0010295420876253816 -0.0054035111133322253 0.010408260722750678 0.014912368597575358 0.0016973413729954824 -0.0076277547561502167 -0.010162571507539329 -0.0087415355805713496 0.1033793997297577 0.013569246973581422 -0.0040669648638379475 0.00099474469170747503 0.0055035961992172837 0.0091804954793601751 -0.0027911904962571793 0.0050551242432536805 0.035697621491348482 0.046669407586521119
leaf_weight=7371.717574313283 121.4572179466486 64.640704227611423 17.750509396195412 44.343446329236031 13141.943019293249 2654.1911556497216 444.75758366286755 10493.693377815187 598.73248226195574 31.157807305455208 9783.6159898787737 1097.7186552733183 2726.0311684757471 2349.9880704209208 525.47651718556881 680.05976158380508 7134.7820002287626 3390.1766949445009 535.10140015929937 670.45288490504026 14.032324835658075 15.45530045032501 2522.103929400444 9575.7561965212226 3206.8147521093488 217.30492594838142 1135.6845515370369 1940.6473414450884 56.234298318624496 20.965003699064255
leaf_count=40465 674 1756 104 294 83314 19846 3078 72783 3137 253 65939 6544 17628 13813 3022 3307 45636 20968 3684 4097 46 37 13632 59650 16268 1688 7098 11236 142 141
internal_value=7.34856e-05 -0.00145742 0.000733846 0.00155502 0.00149808 -0.00138371 -0.00181153 -0.0015034 0.00550017 -0.00957789 -0.00186436 -0.000188995 0.000178654 0.0019041 -0.00250947 0.00348124 -0.0011885 -0.00376837 0.00086803 -0.0116104 0.0375202 0.0581402 0.0011843 -6.01168e-05 0.00210553 -0.00389813 -0.000858947 0.00586543 0.021268 0.0208787
internal_weight=82582.8 24883.7 57699.1 30535.1 30487.8 24819 22164.8 21320.8 1043.49 844.033 20277.3 27164 24713.3 10927.2 2875.46 8051.78 13786.1 6116.21 7669.88 791.91 47.2381 29.4876 28446.6 12097.9 16348.8 2450.71 1352.99 2041.23 100.578 52.1228
internal_count=520280 171704 348576 184723 184536 169948 150102 144937 6215 5165 138722 163853 148523 60607 16835 43772 87916 38596 49320 4771 187 83 172864 73282 99582 15330 8786 11672 436 394
is_linear=0
shrinkage=0.035


Tree=62
num_leaves=31
num_cat=0
split_feature=6 10 2 9 9 6 2 2 10 10 2 10 9 12 9 9 2 9 6 6 9 2 2 2 2 10 10 11 2 2
split_gain=57.5973 52.4572 34.1177 38.85 34.5614 33.6228 32.6938 31.6889 34.1799 29.8662 46.2986 49.8487 47.0791 41.1721 35.7209 31.5052 30.0543 61.8002 37.8497 29.7614 28.9591 25.8014 51.7455 37.2983 36.5329 25.4101 46.4983 28.6329 23.7731 36.7635
threshold=93.214572906494155 1.0116817355155947 52.554931640625007 1.4951500296592715 -0.25744999945163721 99.693408966064467 50.069395065307624 52.56477355957032 3.8988591432571416 -11.258804321289061 50.079809188842781 -15.079775810241697 -2.7423499822616573 28.229271888732914 7.6709501743316659 -0.089050002396106706 50.051733016967781 0.36595000326633459 13.498980045318605 24.278181076049808 -2.0750499963760372 50.459417343139656 50.434299468994148 49.794338226318366 50.510725021362312 9.343633174896242 22.41047286987305 39.130750656127937 50.664962768554695 50.306278228759773
decision_type=2 2 2 2 2 2 2 2 2 2 2 2 2 2 2 2 2 2 2 2 2 2 2 2 2 2 2 2 2 2
left_child=1 9 3 4 6 20 -3 8 -4 10 12 -12 13 -1 16 -13 17 -11 -18 -6 -2 22 23 -22 -23 27 -27 -9 29 -5
right_child=5 2 7 28 19 -7 -8 25 -10 14 11 15 -14 -15 -16 -17 18 -19 -20 -21 21 24 -24 -25 -26 26 -28 -29 -30 -31
leaf_value=-0.010747706997659463 0.0046932851787806389 0.0076814345081950945 0.0082004139138511564 0.0024268930355829219 0.0017173590804047336 -0.029085694182386247 0.00063614016088765876 0.0079867145835582302 0.058629664840970194 0.0010874293301671788 -0.011835796710225457 0.0039239735730962145 0.00099503474389513007 0.039929524446123993 0.03403489883577146 0.029563127893424575 0.0022130602422591912 -0.0049876007166053133 -0.00074364768710298199 -0.0023496885723673124 -0.0097872330114447612 -0.02951886675853424 0.039104529585097428 0.0017690743933382663 -0.0060429078546499612 0.012474456959340234 -0.012042484048931436 0.0015225300513291436 -0.00047787619930399927 0.0092612803236435705
leaf_weight=22.882596015930176 469.17021533101797 1058.5361500531435 46.830184184014797 5452.7376458197832 2955.05678807199 63.146836936473846 3397.8063764050603 984.7465251609683 25.213138833642006 3445.2538641989231 243.26257000118494 424.57902929186821 107.89574317634106 119.16248103231192 35.583964988589287 67.617040194571018 6459.5136270672083 5062.3864813745022 29613.683056488633 8649.6625405028462 512.37013291567564 83.880020640790462 37.487135127186775 1023.92957098037 2134.192520648241 686.2199741601944 108.98916245251894 5703.579666338861 2316.7433783859015 1172.3857523947954
leaf_count=98 3095 6588 404 32976 17325 1780 20867 5683 203 17487 1716 2376 555 517 223 471 38570 26496 198170 57469 3714 429 105 10325 16281 3193 880 35053 11853 4925
internal_value=5.46071e-05 0.000272248 0.00134538 0.00072215 -0.000306902 -0.003877 0.00231229 0.00340655 0.0263954 -0.000493796 0.00553011 0.00109082 0.0185198 0.0317023 -0.000627093 0.00750269 -0.000655528 -0.00252676 -0.000213968 -0.00131339 -0.00349639 -0.00451233 -0.00107869 -0.00208359 -0.00694417 0.0031815 0.00909671 0.00247616 0.00257114 0.00363834
internal_weight=82484.5 78160.3 32558.5 25002.9 16061.1 4324.18 4456.34 7555.58 72.0433 45601.8 985.399 735.459 249.941 142.045 44616.4 492.196 44580.8 8507.64 36073.2 11604.7 4261.03 3791.86 1573.79 1536.3 2218.07 7483.54 795.209 6688.33 8941.87 6625.12
internal_count=519827 484098 197419 152003 102249 35729 27455 45416 607 286679 5733 4563 1170 615 280946 2847 280723 43983 236740 74794 33949 30854 14144 14039 16710 44809 4073 40736 49754 37901
is_linear=0
shrinkage=0.035


Tree=63
num_leaves=31
num_cat=0
split_feature=6 11 10 5 5 5 5 9 5 6 7 6 10 10 7 7 7 7 7 7 5 7 7 7 10 4 7 9 10 10
split_gain=57.4005 50.8077 34.6477 79.2554 47.9458 63.1984 46.4429 70.4833 59.2143 34.171 30.0111 29.1744 28.5533 28.3446 23.6746 58.0315 45.5243 19.5111 25.0691 70.5548 46.7878 37.2017 39.2626 36.0663 35.914 16.7252 18.3117 33.6717 36.2081 17.716
threshold=93.589080810546889 76.063098907470717 -11.258804321289061 46.474193572998054 46.666610717773445 50.079809188842781 45.565744400024421 -0.14995000511407849 45.582262039184577 9.9281678199768084 1.0000000180025095e-35 99.693408966064467 -6.6548156738281241 8.8588023185729998 34.419713973999031 32.421426773071296 44.196378707885749 85.718479156494155 63.42186355590821 69.762519836425795 45.419452667236335 57.292371749877937 57.865306854248054 70.733211517333999 8.8588023185729998 65.640632629394545 69.762519836425795 2.9244999885559086 7.2648968696594247 -8.4042339324951154
decision_type=2 2 2 2 2 2 2 2 2 2 2 2 2 2 2 2 2 2 2 2 2 2 2 2 2 2 2 2 2 2
left_child=1 2 3 6 -5 -6 7 -1 -8 14 12 25 -11 -12 15 -4 -16 18 21 20 -20 24 -23 -21 -3 26 27 29 -29 -2
right_child=11 17 9 4 5 -7 8 -9 -10 10 13 -13 -14 -15 16 -17 -18 -19 19 23 -22 22 -24 -25 -26 -27 -28 28 -30 -31
leaf_value=-0.010684128129607879 0.011026020381867495 -0.0022598394003701737 0.0020986972023086655 -0.036026784689149334 0.023218457879185202 -0.007724656002732636 0.05744232246712442 0.032472375855939345 0.017453922097898852 0.0085090875269290371 -0.00049564451647432658 -0.028237401441861116 0.074922405708029063 0.0036822943123537809 -0.0040265593603775948 0.016809409497335143 0.0026550110117013878 -0.0045113738088164382 -0.030021655572225851 -0.012843526874781045 0.020310448205605867 -0.038838503955572902 -0.0041119705231068083 0.00530809701915277 0.016158907775465775 0.014935794182012027 -0.0095992440780650994 0.033778667733606882 -0.017530492162050586 -0.0039910692525131301
leaf_weight=138.15894271433353 98.292026646435261 306.86247561126947 1423.9575551226735 49.277463421225548 107.84281851351261 315.30155794322491 56.48753148317337 68.717665277421474 230.33508843183517 23.772489748895168 63763.694883406162 59.66665056720376 11.517180539667605 2052.1695542261004 1647.4244807511568 426.92272461205721 5153.5235131308436 264.41052372008562 22.841501206159592 147.68331022560596 527.16384936869144 48.247556701302528 218.36073698848486 1370.1720508038998 222.90783331543207 57.10336522758007 604.35935666039586 58.139079287648201 22.811032965779305 3138.2099702320993
leaf_count=637 627 1166 8433 146 648 2647 92 467 939 210 405131 1730 84 10811 8897 2188 29854 2299 175 421 1674 146 977 8115 749 369 5325 204 97 25300
internal_value=-1.82254e-05 0.000190805 9.50519e-06 0.00659237 -0.00364182 0.000173945 0.0163897 0.00368722 0.0254915 -7.58344e-05 -0.000347628 -0.00408729 0.0315581 -0.000365225 0.00199188 0.00550144 0.00103519 0.00456076 0.00540171 0.00743313 0.0181669 0.000116022 -0.0105199 0.00353155 0.00548958 -0.00371778 -0.00399415 -0.00296887 0.0192045 -0.00353023
internal_weight=82636.3 78597.8 75469.1 966.121 472.422 423.144 493.699 206.877 286.823 74503 65851.2 4038.58 35.2897 65815.9 8651.83 1850.88 6800.95 3128.65 2864.24 2067.86 550.005 796.379 266.608 1517.86 529.77 3978.91 3921.81 3317.45 80.9501 3236.5
internal_count=520558 486906 471184 5576 3441 3295 2135 1104 1031 465608 416236 33652 294 415942 49372 10621 38751 15722 13423 10385 1849 3038 1123 8536 1915 31922 31553 26228 301 25927
is_linear=0
shrinkage=0.035


Tree=64
num_leaves=31
num_cat=0
split_feature=10 7 11 11 7 7 5 2 7 5 6 11 6 7 6 6 7 10 7 11 2 10 7 11 11 10 2 5 2 2
split_gain=46.7448 52.3657 69.1004 69.976 58.2719 53.6738 52.4996 53.1088 44.8519 88.5618 52.7041 44.2383 41.663 41.5797 41.1272 36.3442 36.2933 32.5649 30.6927 60.2161 48.5874 52.5314 44.6084 93.3837 51.7673 33.3438 32.967 31.2265 30.1646 121.491
threshold=1.0116817355155947 53.843322753906257 59.95014953613282 51.063650131225593 74.912715911865249 65.865749359130874 45.449871063232429 49.856487274169929 53.377611160278327 45.449871063232429 85.05926895141603 80.381748199462905 39.054794311523445 71.004535675048842 59.142272949218757 76.793041229248061 61.289329528808601 2.4528429508209233 75.94882965087892 52.693250656127937 50.051733016967781 -12.683357715606688 53.64912414550782 48.267150878906257 54.214349746704109 -11.258804321289061 49.107086181640632 46.484361648559577 49.794338226318366 50.051733016967781
decision_type=2 2 2 2 2 2 2 2 2 2 2 2 2 2 2 2 2 2 2 2 2 2 2 2 2 2 2 2 2 2
left_child=15 8 3 5 6 16 14 -8 17 -10 -11 -6 -5 -7 -4 18 -3 -2 20 -20 21 27 24 -24 -22 -21 -23 -1 -17 -30
right_child=1 2 4 12 11 13 7 -9 9 10 -12 -13 -14 -15 -16 28 -18 -19 19 25 22 26 23 -25 -26 -27 -28 -29 29 -31
leaf_value=0.034523538782063767 6.2000665896558722e-05 0.0027585989767028997 0.0019559791813955141 -0.00057607011493199538 -0.0071116619010643039 0.014326517672056224 0.0089450880209490484 0.0023129734860334612 -0.0027097737151773825 0.023052537697144545 0.074053801296834143 0.0041822767893526626 -0.005840924799269921 -0.0028269818567907292 -0.011540073125018889 -0.0078104065947948303 -0.0064967454560491272 0.0036217044631271255 0.046178368396218451 0.052793589856188573 -0.0011814157969685581 -0.0015310527463550947 0.0084717524897241353 0.00025958779560196455 0.005501152952781415 0.0030378154137093174 -0.0065269184077379194 -0.008758805625032973 0.020121899648383918 -0.0027676848165897813
leaf_weight=70.580436535179615 5064.018995815888 1470.035520222038 665.05693189799786 2968.1909035891294 1313.7246651016176 639.03410012274981 2200.7363618854433 4523.290949717164 186.28335230238736 163.86844553053379 29.068398728966713 626.28199552930892 4863.1367176547647 236.12323206663132 471.69873237237334 1232.9626569133252 801.02753277868032 8338.2217289358377 43.622190214693546 16.114677034318447 19888.115453593433 4303.3269161209464 2213.7279610037804 7256.4914354085922 1528.195836417377 723.22546112537384 2597.8296661749482 27.887490779161453 293.98291000537574 7771.4491846207529
leaf_count=243 32807 9730 5301 18365 10659 3897 9215 22940 1697 654 94 4359 35074 1473 4302 7348 4707 48159 208 121 124467 23080 13532 51825 8894 4602 12228 105 1631 58336
internal_value=-3.98247e-05 0.000941423 -0.000167827 -0.0020752 0.00196784 0.00233173 0.00330897 0.00448547 0.00261426 0.0144754 0.0310467 -0.00346187 -0.00384662 0.00969204 -0.00364225 -0.000746947 -0.000503914 0.00227728 -0.000274298 0.0065808 -0.000416287 -0.00304908 0.000180203 0.00218053 -0.000704056 0.00418764 -0.00341322 0.0222231 -0.0027116 -0.00193058
internal_weight=82527.3 34559.8 20778.3 10977.5 9800.79 3146.22 7860.78 6724.03 13781.5 379.22 192.937 1940.01 7831.33 875.157 1136.76 47967.5 2271.06 13402.2 38669.1 782.962 37886.2 6999.62 30886.5 9470.22 21416.3 739.34 6901.16 98.4679 9298.39 8065.43
internal_count=520053 213433 130022 73246 56776 19807 41758 32155 83411 2445 748 15018 53439 5370 9603 306620 14437 80966 239305 4931 234374 35656 198718 65357 133361 4723 35308 348 67315 59967
is_linear=0
shrinkage=0.035


Tree=65
num_leaves=31
num_cat=0
split_feature=10 7 6 4 7 10 5 7 5 5 7 9 9 7 7 10 4 7 5 5 5 5 5 5 7 5 7 9 9 7
split_gain=50.6726 58.2239 52.4665 47.9224 68.329 52.2168 63.824 45.0197 37.0162 48.3111 35.8827 44.0337 57.594 42.4768 66.4892 40.8516 35.4263 54.832 34.923 147.691 59.0977 64.8796 55.4896 46.3502 39.6143 34.5326 33.6401 39.5177 34.6199 41.1789
threshold=4.7782890796661386 35.942852020263679 87.37113189697267 43.393346786499031 35.319665908813484 -3.5648289918899532 45.543027877807624 22.281182289123539 45.653284072875984 46.036748886108406 35.846035003662116 -2.1202499866485591 0.19084999710321429 35.319665908813484 34.419713973999031 14.079446315765383 55.073705673217781 44.598613739013679 45.745761871337898 45.610874176025398 45.549871444702156 45.606363296508796 45.45686340332032 46.484361648559577 76.706653594970717 45.711332321166999 79.115924835205092 -0.54905000329017628 4.1519999504089364 63.030187606811531
decision_type=2 2 2 2 2 2 2 2 2 2 2 2 2 2 2 2 2 2 2 2 2 2 2 2 2 2 2 2 2 2
left_child=2 10 26 4 8 6 -6 -5 -4 -10 13 -12 -13 14 15 -2 -9 -18 19 20 22 -22 -3 24 -20 -21 28 -28 -1 -30
right_child=1 18 3 7 5 -7 -8 16 9 -11 11 12 -14 -15 -16 -17 17 -19 23 25 21 -23 -24 -25 -26 -27 27 -29 29 -31
leaf_value=6.1720816946583351e-05 0.0085923788817355833 0.0017414652503459718 -0.02516210306684916 0.042603728405180251 0.10506030799736567 0.0040864739528737159 0.027371220654158247 -0.0055591146886070173 0.017968602125174243 -0.0038786479715783723 -0.028967576830319086 0.04471470979576353 -0.0013834678135179329 -0.016230497620377808 0.035755531194055341 -0.013574993526918584 0.040584525277712349 -0.00016761494597275451 -0.0043500232570110884 0.022571450027252131 0.010346943517761158 -0.02440535929276845 -0.0079392030113574815 0.002178986999706937 -0.034000228436261833 0.080594383045251586 0.075311400068268919 -0.0097491746274083416 -0.0062717500234639872 0.013309120874483429
leaf_weight=62467.601491846144 878.54775980487466 3638.1251480132341 68.684313148260117 24.28102695196867 14.583474412560461 107.39245803654194 94.125357672572136 5190.3271951358765 165.86028962396085 482.79812489077449 16.445265755057335 103.61521734297276 48.184721544384956 88.944102823734283 101.02679648250341 114.23486719280481 41.284898966550827 1030.1906197685748 1786.180446177721 346.15791841037571 1178.8967454731464 68.838877901434898 905.05948467738926 2292.8339495342225 56.274860084056854 12.504978954792021 5.9678408056497565 527.46173939853907 178.6733231395483 489.87313578277826
leaf_count=391723 4565 25022 468 186 63 566 256 43440 1141 3454 31 269 143 419 382 734 195 7448 4223 1524 5014 296 4909 16708 140 28 23 4031 678 2109
internal_value=0.000103315 0.00224397 -0.000247979 -0.00307551 0.00431805 0.021533 0.0385486 -0.00417494 -0.000876464 0.00171211 0.0090738 0.0241804 0.0301057 0.0069041 0.00880219 0.00602576 -0.00436286 0.00142518 0.00134551 0.00301812 0.0016653 0.00840961 -0.000186563 -0.00114025 -0.0052738 0.0247888 7.25612e-05 -0.00867309 0.000146672 0.00806431
internal_weight=82525 11635.9 70889.1 7219.53 933.444 216.101 108.709 6286.08 717.343 648.658 1351 168.245 151.8 1182.75 1093.81 992.783 6261.8 1071.48 10284.9 6149.58 5790.92 1247.74 4543.18 4135.29 1842.46 358.663 63669.6 533.43 63136.1 668.546
internal_count=520188 64407 455781 57217 5948 885 319 51269 5063 4595 6543 443 412 6100 5681 5299 51083 7643 57864 36793 35241 5310 29931 21071 4363 1552 398564 4054 394510 2787
is_linear=0
shrinkage=0.035


Tree=66
num_leaves=31
num_cat=0
split_feature=6 6 5 10 7 4 7 7 9 7 9 7 9 4 5 10 6 10 5 10 7 10 7 5 7 5 10 9 10 10
split_gain=43.6631 32.8964 28.8302 33.1382 39.8914 35.0652 70.5605 62.997 27.7092 27.42 27.1334 26.8836 24.8483 24.5119 38.5745 34.3304 23.8233 21.592 72.9225 20.9528 21.0232 20.3837 19.2228 20.4962 22.4741 21.8774 30.3844 17.4214 13.8425 16.3671
threshold=79.946826934814467 99.693408966064467 50.080841064453132 6.1653606891632089 36.283739089965827 43.393346786499031 64.699142456054702 21.560606956481937 0.61614999175071727 34.419713973999031 4.7590000629425058 79.115924835205092 -0.69014999270439137 53.950572967529304 92.327365875244155 5.3896858692169198 4.831806182861329 -12.683357715606688 46.474193572998054 4.5100278854370126 83.923740386962905 1.0116817355155947 85.718479156494155 45.608633041381843 65.00513076782228 45.764883041381843 5.0591044425964364 7.6709501743316659 -1.0000000180025095e-35 1.0000000180025095e-35
decision_type=2 2 2 2 2 2 2 2 2 2 2 2 2 2 2 2 2 2 2 2 2 2 2 2 2 2 2 2 2 2
left_child=10 2 3 5 9 6 -2 -7 -6 -5 11 16 -13 -4 15 -15 28 18 -18 -14 -21 -19 23 24 -12 -25 -27 -26 -1 -30
right_child=1 -3 13 4 8 7 -8 -9 -10 -11 22 12 19 14 -16 -17 17 21 -20 20 -22 -23 -24 25 27 26 -28 -29 29 -31
leaf_value=0.0010642011631235399 0.0016238763401179917 -0.027933891577312717 0.00064641114447503019 0.0078342009417996586 -0.0085506123731452326 0.042476446854094498 0.076791296227533237 -0.0035195153135764963 0.0036581050932576499 0.036565095576210592 -0.006572338389627919 0.059920339803497126 -0.013652930235290305 0.038957597944509807 0.0027947249089059867 -0.01437579852984572 0.021145602201367214 -0.00042828429358160772 -0.0053051260946785882 0.0050167364214958408 -0.020223347434656789 0.00086882688415378291 -0.004555077616348463 0.032436733710053511 0.0047086551257225669 0.020499753480276519 0.0010109301301412215 0.024567503453906795 0.024135827167819611 0.0045232576285116491
leaf_weight=2347.640193797648 1443.5157273337245 57.772531595081091 668.48225178569555 111.5643221065402 297.15610817074776 35.785467885434628 14.668886810541151 10529.659971829504 964.16376108676195 64.590335682034492 201.1032390370965 5.8681026026606551 334.39473218470812 85.654900252819061 170.5781068354845 17.185978695750237 243.51553794741631 36306.300557032228 266.27627820521593 195.16598722338676 50.125869259238243 25098.503430999815 203.67736440896988 60.029062867164612 410.95825303345919 177.58184539526701 219.44375041127205 61.993820160627365 53.082284606993198 1855.8831362128258
leaf_count=13309 8835 1732 5923 568 1771 212 42 78034 5519 228 799 29 2606 811 900 142 1028 226765 2037 1766 516 150357 1756 175 2068 712 820 283 349 10505
internal_value=-2.3724e-06 -0.00174907 -0.00164201 -0.00205664 0.00296224 -0.00265741 0.00242653 -0.00335986 0.000772693 0.0185262 0.000368493 0.000269555 -0.00719124 0.00427293 0.0130861 0.0299352 0.000335769 0.000161503 0.00732939 -0.0079643 -0.000161654 0.000101785 0.00530827 0.0070925 0.00319259 0.0128131 0.00976919 0.00736359 0.0028684 0.00508217
internal_weight=82552.3 14460.8 14403 13461.1 1437.47 12023.6 1458.18 10565.4 1261.32 176.155 68091.5 66756.8 585.555 941.901 273.419 102.841 66171.2 61914.6 509.792 579.687 245.292 61404.8 1334.79 1131.11 674.055 457.055 397.026 472.952 4256.61 1908.97
internal_count=520597 104717 102985 95209 8086 87123 8877 78246 7290 796 415880 409267 4917 7776 1853 953 404350 380187 3065 4888 2282 377122 6613 4857 3150 1707 1532 2351 24163 10854
is_linear=0
shrinkage=0.035


Tree=67
num_leaves=31
num_cat=0
split_feature=9 9 7 7 10 7 7 2 4 10 2 2 7 7 7 9 5 10 5 10 5 5 2 7 7 7 7 2 7 5
split_gain=39.5426 32.7861 125.51 111.772 67.0847 75.5465 58.7479 61.2508 85.6287 74.3541 50.8129 82.1055 46.6079 116.283 82.288 80.757 46.1104 36.1909 49.9772 35.7417 51.306 50.1705 34.3209 31.2104 79.5627 37.1318 43.5455 33.0406 32.2261 31.8153
threshold=4.7590000629425058 -1.7202499508857725 21.006519317626957 64.699142456054702 -6.4425158500671378 65.665817260742202 25.586957931518558 53.062788009643562 40.180032730102546 -8.4042339324951154 53.507390975952156 54.515148162841804 25.586957931518558 23.790318489074711 22.878716468811039 -0.46455000340938563 50.079809188842781 14.079446315765383 45.424163818359382 -4.250598430633544 47.320657730102546 47.163959503173835 53.120206832885749 63.42186355590821 69.762519836425795 74.040325164794936 85.718479156494155 51.228878021240241 73.50925445556642 45.449871063232429
decision_type=2 2 2 2 2 2 2 2 2 2 2 2 2 2 2 2 2 2 2 2 2 2 2 2 2 2 2 2 2 2
left_child=1 3 10 6 5 -5 19 9 -9 -8 16 -12 13 14 -4 -15 -3 22 -19 20 -1 -21 -14 27 29 28 -27 -2 -26 -25
right_child=23 2 12 4 -6 -7 7 8 -10 -11 11 -13 17 15 -16 -17 -18 18 -20 21 -22 -23 -24 24 25 26 -28 -29 -30 -31
leaf_value=-0.0094844432545258314 -0.014093898543038573 -0.038589001271935805 0.01054282266582216 0.092509026619692 0.013632922347165876 0.016780543454999561 0.012842814797848887 0.02047002635234705 0.0042493577107514148 -0.00098094010223797592 0.064384648314752366 -0.0099570913563375128 -0.00041876031485734642 0.0097743204624899296 -0.020315544130817712 0.040587574918801488 0.041397891074491322 -0.017949258071034244 0.013477985519507921 0.0055366603788614592 0.00097741604642407991 -0.0045284443647323385 -0.0028986224590825792 -0.011109729507948828 0.00070884050318617987 0.014241766516121551 -0.0038259497821414986 0.005994819452905766 -0.025974194649004446 0.029087701354471002
leaf_weight=1361.9887790102512 181.5543767362833 19.069694466888905 190.14591693878174 32.425564125180244 175.15134729444981 32.739522948861122 536.22670347429812 485.62859728932381 2225.6632186491042 4234.6832186728716 73.84363642334938 23.603574134409428 59015.867241377011 400.28523799404502 236.4567789286375 140.93134220689535 15.070778258144854 71.866303402930498 418.09516083821654 1334.4588608387858 990.21001714095473 1110.5803513545543 7733.6651630587876 26.128291442990303 164.55094032734632 439.31330674514174 258.64309919066727 221.64718682318926 82.425070933997631 239.39491359889507
leaf_count=6189 669 123 1208 69 789 110 1924 2793 14257 23631 273 160 380378 2557 936 726 100 648 2091 7514 7210 7485 50376 177 707 2626 2218 834 297 609
internal_value=-5.03137e-05 -0.000158688 -0.000460427 0.00148771 0.0250883 0.0552334 0.00102366 0.00296237 0.00716246 0.000573207 0.0335845 0.046372 -0.000526603 0.00709564 -0.00655095 0.017859 -0.00294028 -0.000636502 0.00883231 -0.00199865 -0.00507848 0.000962063 -0.000706216 0.00537325 0.00818277 0.00340887 0.00753964 -0.00304344 -0.00822314 0.0250844
internal_weight=82472.3 80858.7 68338.9 12519.8 240.316 65.1651 12279.4 7482.2 2711.29 4770.91 131.588 97.4472 68207.3 967.819 426.603 541.217 34.1405 67239.5 489.961 4797.24 2352.2 2445.04 66749.5 1613.66 1210.46 944.932 697.956 403.202 246.976 265.523
internal_count=519684 511547 439576 71971 968 179 71003 42605 17050 25555 656 433 438920 5427 2144 3283 223 433493 2739 28398 13399 14999 430754 8137 6634 5848 4844 1503 1004 786
is_linear=0
shrinkage=0.035


Tree=68
num_leaves=31
num_cat=0
split_feature=6 9 10 7 10 2 5 9 7 7 7 10 7 5 7 7 9 10 7 6 7 7 7 10 7 9 9 4 2 7
split_gain=47.8656 37.2964 41.6055 56.7516 46.919 44.8198 35.1831 33.7093 128.594 116.339 32.4086 25.7778 26.2729 37.6074 39.946 34.8826 34.4797 32.4161 32.1072 23.2174 22.5145 25.3168 25.5456 23.2965 46.2326 30.155 17.3362 14.1808 15.2134 11.2239
threshold=98.581562042236342 2.8396499156951909 8.8588023185729998 78.280700683593764 22.41047286987305 52.401636123657234 47.163959503173835 -1.7202499508857725 57.000656127929695 21.006519317626957 73.481372833251967 -2.5170540809631343 76.706653594970717 45.409994125366218 75.636428833007827 38.011922836303718 4.1519999504089364 1.7464545965194704 87.417869567871108 99.693408966064467 74.768222808837905 72.941394805908217 71.837898254394545 -8.9486303329467756 76.442924499511733 7.6709501743316659 -0.82144999504089344 38.841281890869148 53.883504867553718 85.718479156494155
decision_type=2 2 2 2 2 2 2 2 2 2 2 2 2 2 2 2 2 2 2 2 2 2 2 2 2 2 2 2 2 2
left_child=1 2 3 7 5 10 -7 8 -1 -9 -4 20 13 14 -13 -15 17 -14 -18 27 21 22 -3 24 -22 -25 -5 28 -2 -28
right_child=19 11 4 26 -6 6 -8 9 -10 -11 -12 12 16 15 -16 -17 18 -19 -20 -21 23 -23 -24 25 -26 -27 29 -29 -30 -31
leaf_value=0.00070450137075597058 0.039373360818558106 -0.0075120109475687261 0.0039694885625559751 0.037988435023189236 -0.026187216440200244 0.015838235360545391 -0.0061955435145488119 0.032900081929744265 0.018530190588665136 -0.00062366372171110223 -0.012555533371525355 -0.01778296254683838 0.0052238059962776279 -0.0062773436362792432 0.032874917234185265 0.0064592228431252143 0.0091203066721929384 -0.012141206245962505 -0.0080512874828097061 -0.029952916594320759 -0.0029514831815389726 -0.026285781065554622 0.033767295533973132 -0.0050539956800284922 0.048969419652450052 0.039008068770265435 -0.015678610116347531 -0.0079227864659698524 -0.019587841431361712 0.024702967034207136
leaf_weight=11687.486677393317 15.117247745394709 247.43167972564697 1030.7462533935905 6.9716799333691588 57.0425209030509 618.15244800597429 102.70322589576244 126.2692384570837 516.98534611612558 60837.388604342937 168.33078540116549 147.3803184479475 188.69925462454557 282.41708116233349 21.055851258337498 3700.7361721768975 503.37902362644672 428.79023671150208 180.27660081535578 58.110621698200703 50.45788836479187 85.954786382615566 19.00024326890707 289.44168145209551 34.813519507646561 19.545973986387253 368.07862122729421 671.08171414211392 7.3053745031356803 7.8081208243966094
leaf_count=67567 79 1007 5321 27 427 2765 634 611 2245 396346 1367 1095 1146 1023 174 16289 3120 3315 1557 1769 426 523 102 2023 261 153 2902 5702 66 78
internal_value=-1.98584e-05 6.09564e-05 -0.000153176 -0.000287968 0.00485612 0.0057926 0.0126859 -0.000217468 0.00146134 -0.000553683 0.00163699 0.00267058 0.00350638 0.0048665 -0.0112835 0.00555333 -0.000828352 -0.0068234 0.0045779 -0.00880734 -0.00342108 -0.00984334 -0.00444976 0.00230969 0.0184229 -0.00215058 -0.0137143 -0.00699294 0.0198491 -0.0147705
internal_weight=82479 81727.3 75528 73551 1976.98 1919.93 720.856 73168.1 12204.5 60963.7 1199.08 6199.38 5452.73 4151.59 168.436 3983.15 1301.15 617.489 683.656 751.615 746.646 352.387 266.432 394.259 85.2714 308.988 382.858 693.504 22.4226 375.887
internal_count=520120 512504 480290 469776 10514 10087 3399 466769 69812 396957 6688 32214 27719 18581 1269 17312 9138 4461 4677 7616 4495 1632 1109 2863 687 2176 3007 5847 145 2980
is_linear=0
shrinkage=0.035


Tree=69
num_leaves=31
num_cat=0
split_feature=6 11 6 10 2 4 10 2 2 2 10 2 2 2 10 9 10 4 2 2 2 2 11 10 10 12 0 2 2 11
split_gain=43.987 32.9392 32.4006 27.4779 23.3955 22.4587 67.496 29.5322 44.0909 27.9526 31.5846 28.6294 25.195 84.5607 75.7278 52.6683 52.6683 39.659 30.4846 23.5047 20.0326 88.017 78.8988 56.8131 34.7766 45.0702 31.6053 18.8289 43.7754 46.4194
threshold=73.686916351318374 63.924749374389656 99.358459472656264 -2.5692464113235469 50.079050064086921 45.008037567138679 -1.395673334598541 52.968273162841804 53.120206832885749 51.641031265258796 -6.9107091426849356 51.739131927490241 49.794338226318366 50.051788330078132 -0.53928416967391957 0.26325000822544103 -1.0384084582328794 54.891477584838874 48.799194335937507 51.620014190673835 49.856487274169929 49.666902542114265 59.457349777221687 -3.5648289918899532 -12.683357715606688 40.936473846435554 20.800000190734867 49.856487274169929 50.069013595581062 90.86985015869142
decision_type=2 2 2 2 2 2 2 2 2 2 2 2 2 2 2 2 2 2 2 2 2 2 2 2 2 2 2 2 2 2
left_child=1 20 5 4 -3 6 9 19 -9 10 -2 -11 14 16 18 -16 -14 -15 -7 -8 21 24 23 -23 25 -1 -26 -5 29 -29
right_child=2 3 -4 27 -6 12 7 8 -10 11 -12 -13 13 17 15 -17 -18 -19 -20 -21 -22 22 -24 -25 26 -27 -28 28 -30 -31
leaf_value=-0.018457746198189243 0.013138935411065243 -0.0069983394116853084 -0.013409243382040414 0.0056353893916439041 0.0031163089990252414 -0.006623366380303258 0.0064794896109593896 0.052524343391996332 0.011087886452878195 -0.035534556219667446 -0.0020378417793018304 -0.0047100376243437766 0.021166781119092745 -0.0030389247007224737 0.024821342367638256 -0.0024541556134520981 0.0033530691907626962 0.0019373958127197122 -0.02086193803320421 -0.0079048029474837415 0.00040369607278604742 0.0395784033780558 0.0091413967542918716 -0.02013616276395892 -0.0015734383351590068 0.043233214929930014 0.0044554866649091779 -0.0094511464297824931 0.0031734780153865635 0.026174975621348566
leaf_weight=20.107506684958935 244.08087707310915 648.36451518535614 273.63731011934578 2561.4355084598064 491.04059752076864 341.53250798210502 570.9356894120574 32.882276087999344 524.92895011603832 37.277881681919098 532.67347618192434 1330.6415203139186 288.6030071824789 9927.8686876520514 91.315747946500778 1476.4445113167167 689.18372952193022 2442.5355447009206 406.52255240082741 182.83592374622822 46033.06459095329 19.36920777708292 161.61209016293287 606.05424759536982 6119.9150195717812 46.979654729366302 1288.4987505748868 579.16393804550171 4438.8550516813993 47.699291095137596
leaf_count=94 1504 3336 3700 12120 3243 2214 4227 197 3436 97 4185 7470 1864 74965 474 9456 4982 15445 2105 897 291863 128 942 3437 33319 118 6695 3530 23736 268
internal_value=-7.89774e-06 0.000440317 -0.00146565 0.00243096 -0.00263404 -0.00129381 0.00125842 0.00751177 0.0136148 -0.00256395 0.00273079 -0.00557545 -0.00185743 -0.00127189 -0.00522784 -0.000849155 0.00863111 -0.00205572 -0.0143845 0.00297646 0.000118747 -0.00146782 -0.012595 -0.0182274 -0.000294176 0.0246403 -0.000523553 0.00318873 0.00194952 -0.00669922
internal_weight=82456.1 63062.2 19393.9 8766.56 1139.41 19120.3 3456.26 1311.58 557.811 2144.67 776.754 1367.92 15664 13348.2 2315.82 1567.76 977.787 12370.4 748.055 753.772 54295.6 8262.54 787.036 625.423 7475.5 67.0872 7408.41 7627.15 5065.72 626.863
internal_count=520047 382829 137218 46233 6579 133518 22013 8757 3633 13256 5689 7567 111505 97256 14249 9930 6846 90410 4319 5124 336596 44733 4507 3565 40226 212 40014 39654 27534 3798
is_linear=0
shrinkage=0.035


Tree=70
num_leaves=31
num_cat=0
split_feature=6 6 10 5 4 4 7 9 9 10 7 7 5 7 5 7 7 7 7 5 7 5 5 5 7 5 7 5 5 10
split_gain=40.9511 38.5992 30.8926 58.1919 48.963 90.5738 41.7869 69.7752 43.9509 24.045 90.6469 215.804 49.132 46.1249 27.9205 11.5356 42.9947 33.2325 49.0776 28.7098 27.7234 46.2003 26.4338 46.5924 39.6237 26.1453 24.0344 14.938 12.7335 11.5847
threshold=99.358459472656264 13.498980045318605 -0.53928416967391957 43.508358001708991 42.916437149047859 54.171072006225593 27.158969879150394 -2.0750499963760372 1.4951500296592715 -6.2426600456237784 28.017315864562992 39.231353759765632 46.218702316284187 1.0000000180025095e-35 45.764883041381843 51.746061325073249 63.42186355590821 34.419713973999031 32.421426773071296 45.449871063232429 71.315780639648452 45.442907333374031 45.856775283813484 45.565744400024421 36.589582443237312 50.069204330444343 72.813034057617202 45.737030029296882 45.470865249633796 -3.1773324012756343
decision_type=2 2 2 2 2 2 2 2 2 2 2 2 2 2 2 2 2 2 2 2 2 2 2 2 2 2 2 2 2 2
left_child=1 15 9 4 -4 -6 7 -5 -8 10 12 -12 -3 -11 -15 17 19 18 27 29 21 -18 23 -19 -24 -20 -22 -1 -21 -17
right_child=-2 2 3 6 5 -7 8 -9 -10 13 11 -13 -14 14 -16 16 20 22 25 28 26 -23 24 -25 -26 -27 -28 -29 -30 -31
leaf_value=-0.0068650555493224739 -0.013675889397363999 -0.017924653584662175 -0.0017199599090840384 -0.0011270278424317596 0.12055179562986706 0.0091763792838466859 -0.00076436379212646869 0.014328414193043228 0.0018134661663210931 0.076354896086641685 0.019829987012712075 -0.0014047021228541714 -0.0024990560852043531 -0.002873287919991082 -0.00048583809416897643 -0.014741026533840717 0.017418083125983502 -0.00028114767529290334 0.015586141384428405 0.014055949935760176 0.012013840197830875 -0.0027195213181187604 -0.006853611397441256 -0.010763167379110462 0.0079629431494264661 -0.0049282599148695707 0.0017244096041228764 0.0021689201624184649 0.0069729714659406104 0.00097479263748672014
leaf_weight=256.13431115448475 270.91519085504115 321.69576735794544 27.103570558130741 770.4706684872508 15.799536466598509 20.032217919826508 28713.982387986034 665.91658382862806 11285.706258349121 8.4658495932817441 828.611373282969 1997.9252560995519 1181.7969458624721 12588.965371821076 11481.353256106377 67.048207655549049 147.20862021297216 1625.3562334626913 501.70673483610153 400.00934206694365 383.61604898422956 2429.5523202493787 327.05256375670433 763.71677789092064 676.72518397122622 88.722753912210464 1014.6185641884804 1750.0538263693452 1458.5910960957408 371.19635180383921
leaf_count=1766 3736 1832 129 4712 44 50 194562 3802 63990 61 3412 11026 7639 76216 78824 494 1206 8788 2312 1869 2488 12041 1630 3707 4684 708 6768 10182 8220 2966
internal_value=-0.000110538 -6.55946e-05 -0.000383375 0.000225234 0.0336434 0.0600372 0.000173659 0.00603731 -3.68456e-05 -0.00127265 0.00112741 0.00482171 -0.00581203 -0.00170456 -0.00173484 0.00174557 0.00279491 0.000645355 0.00362573 0.00660655 0.000589804 -0.00156131 -0.00163384 -0.00363735 0.00312681 0.0124891 0.00455765 0.00100977 0.00850653 -0.00143615
internal_weight=82440 82169.1 69907.8 41499 62.9353 35.8318 41436.1 1436.39 39999.7 28408.8 4330.03 2826.54 1503.49 24078.8 24070.3 12261.3 6271.84 5989.47 2596.62 2296.84 3975 2576.76 3392.85 2389.07 1003.78 590.429 1398.23 2006.19 1858.6 438.245
internal_count=519864 516128 446299 267289 223 94 267066 8514 258552 179010 23909 14438 9471 155101 155040 69829 36052 33777 14968 13549 22503 13247 18809 12495 6314 3020 9256 11948 10089 3460
is_linear=0
shrinkage=0.035


Tree=71
num_leaves=31
num_cat=0
split_feature=6 9 10 7 7 9 7 9 5 7 10 5 5 6 7 10 7 7 7 7 7 7 7 6 10 5 7 9 7 6
split_gain=37.6276 33.8744 38.073 46.2987 37.5816 37.5715 34.5099 118.881 58.7688 54.7189 50.0484 52.401 64.4998 49.2542 45.2783 31.7308 139.113 51.6061 31.3096 81.2053 36.2579 34.0773 32.0767 30.0167 26.8671 25.6683 21.8145 19.5725 22.0975 19.2624
threshold=99.358459472656264 2.1182500123977666 -1.5605226159095762 40.298776626586921 59.841144561767585 4.4084999561309823 67.301731109619155 0.075649999082088484 45.409994125366218 69.762519836425795 5.6272141933441171 45.449871063232429 45.758811950683601 19.142896652221683 69.650360107421889 -6.2426600456237784 64.699142456054702 1.0000000180025095e-35 38.011922836303718 39.775512695312507 35.319665908813484 69.86682510375978 34.419713973999031 63.918010711669929 2.6822456121444707 45.452220916748054 70.530574798583999 3.1096500158309941 33.328706741333015 61.108633041381843
decision_type=2 2 2 2 2 2 2 2 2 2 2 2 2 2 2 2 2 2 2 2 2 2 2 2 2 2 2 2 2 2
left_child=1 6 3 27 25 -6 10 8 26 14 15 -12 -13 -10 -9 16 -1 -17 20 29 22 -21 -4 -11 -22 -5 -8 28 -3 -20
right_child=-2 2 18 4 5 -7 7 9 13 23 11 12 -14 -15 -16 17 -18 -19 19 21 24 -23 -24 -25 -26 -27 -28 -29 -30 -31
leaf_value=0.001470051066591028 -0.012985073952607163 0.00057193773593708255 -0.003768826102819171 0.028784637327005161 -0.0038810468166688393 0.012615069077804379 0.057589018490251262 -0.0059348980114338999 -0.003709414015925424 -4.6975694414925813e-05 -0.0058031080158402557 0.01046557950712656 0.00080590181064747952 0.0096460404021279696 -0.023119077242489343 0.068921172020014576 0.033432942576393933 -0.00038340617669833981 0.022895915278670645 0.0053129880237316619 0.0042817204015270244 0.00081226822398777017 0.027156748395997764 -0.0048579942972580637 -0.027096264512008635 -0.020027992431939166 0.014633632585816316 -0.0024088759554866668 0.063858518162362821 0.056135582365236553
leaf_weight=4167.3561907038093 270.36478373594582 9.760632671415804 238.26815292984247 13.265309371054171 1283.9105430804193 193.87158505618572 35.961752854287624 3098.2419353201985 487.10120758414268 5063.5419815257192 575.57221902161837 1684.1363312974572 1705.9570533409715 1099.0254194289446 199.67515458166599 12.364092841744421 173.00761304050684 50974.568112000823 63.82176411896944 3960.0712690874934 44.724115394055843 4305.6088722199202 48.781976811587811 2316.1335374563932 125.28386030346155 212.20764151215553 25.916324101388454 14.454818144440649 23.076538003981113 34.120973125100136
leaf_count=22469 3696 44 990 101 7988 1312 303 20551 2698 32913 4919 7727 8402 6241 1141 86 701 333614 256 17286 197 27080 161 17536 432 771 222 58 95 111
internal_value=3.11364e-05 7.41646e-05 0.00192361 -0.0027884 -0.00374664 -0.00170652 -0.000198742 -0.00188382 0.00686204 -0.00323474 0.000151447 0.00394925 0.00560805 0.00554035 -0.00698281 -0.000120692 0.00275164 -0.000365382 0.00285971 0.00334786 -0.00604773 0.00296971 0.00152329 -0.00155824 -0.0188193 -0.0170336 0.0401262 0.0310657 0.0457161 0.0349077
internal_weight=82460.2 82189.8 10571.2 1750.55 1703.26 1477.78 71618.6 12325.6 1648 10677.6 59293 3965.67 3390.09 1586.13 3297.92 55327.3 4340.36 50986.9 8820.68 8363.62 457.058 8265.68 287.05 7379.68 170.008 225.473 61.8781 47.292 32.8372 97.9427
internal_count=520101 516405 56882 10369 10172 9300 459523 81605 9464 72141 377918 21048 16129 8939 21692 356870 23170 333700 46513 44733 1780 44366 1151 50449 629 872 525 197 139 367
is_linear=0
shrinkage=0.035


Tree=72
num_leaves=31
num_cat=0
split_feature=11 9 5 5 2 10 10 5 2 10 10 10 10 2 2 5 10 5 10 9 5 2 10 2 2 2 2 2 4 2
split_gain=33.1452 27.4288 61.3926 45.6236 45.601 59.6475 34.6419 33.6722 92.8404 40.8128 31.1943 29.835 28.0177 42.346 51.4885 157.656 46.6339 40.3849 43.9698 38.858 35.2659 33.4588 66.6454 66.6174 25.0361 42.2448 27.2716 24.7286 23.8008 23.765
threshold=85.897052764892592 -1.7202499508857725 45.558958053588874 45.565744400024421 53.865806579589851 -9.6117405891418439 -0.84239029884338368 45.449871063232429 50.894683837890632 -2.9423618316650386 -3.1143594980239864 -4.9548523426055899 1.6687784194946291 52.297090530395515 50.091802597045906 46.028558731079109 12.557685852050783 45.447542190551765 -12.683357715606688 0.45955000817775732 45.489482879638679 49.856487274169929 -3.7780909538269039 48.696319580078132 50.664962768554695 49.463737487792976 50.619283676147468 52.689496994018562 35.864292144775398 49.738378524780281
decision_type=2 2 2 2 2 2 2 2 2 2 2 2 2 2 2 2 2 2 2 2 2 2 2 2 2 2 2 2 2 2
left_child=1 2 7 6 5 -5 28 11 -9 -10 -6 -1 17 14 20 -16 -15 18 19 -3 -14 23 -23 -19 25 -2 29 -18 -4 -27
right_child=24 12 3 4 10 -7 -8 8 9 -11 -12 -13 13 16 15 -17 27 21 -20 -21 -22 22 -24 -25 -26 26 -28 -29 -30 -31
leaf_value=-0.018784999344963738 0.00049013464237950173 -0.0024077991098149878 -0.034577323282466904 0.0108721396357795 -0.0076430015735573622 0.0011759643150592194 0.010659823216910488 0.032233469551724896 0.016336363954547396 0.002276331471754964 0.00072506994253365166 0.0038751514529985049 0.004851251810232925 0.0022754089275233693 -0.00050841841273420018 -0.014481611620805352 -0.0044620797791683061 -0.00022492044767712078 0.0017974601158083979 0.061972675410076269 0.00016407925155895401 0.0027730417232860868 -0.0015617728240423805 -0.0072560050858456781 -0.0017405990437568328 0.040115592572049441 0.046560319722793141 0.022809912817987402 -0.0093485127126527179 0.01101201539276944
leaf_weight=95.899303667247295 410.38790107145905 18.990872383117676 49.764230474829674 873.03277244977653 1092.8414228819311 7057.3987207822502 99.889908909797668 194.60900916904211 352.77072621881962 894.97450811043382 1086.1856653355062 268.14543723315001 2671.8963769543916 6969.7838725820184 8130.8550642021 1125.5475816130638 49.910492233932018 3479.9991075620055 4633.8285723756999 27.278147391974926 7453.8827787730843 5241.1523614116013 25364.011081418023 3143.332816215232 397.4802238792181 37.100200086832047 32.309451848268509 206.09735406190157 538.23333405703306 419.14480476081371
leaf_count=576 2119 151 127 4376 7411 39713 280 684 2066 5258 8188 2022 18376 41505 47514 3111 195 18673 43163 221 50988 31060 170535 14692 1898 88 56 893 1573 2424
internal_value=6.52626e-06 -8.21466e-05 0.00141825 0.000418207 0.00101254 0.00224525 -0.00829723 0.00738909 0.00978956 0.006265 -0.0034698 -0.00210306 -0.000358263 0.000529804 -0.000322424 -0.00220937 0.00281654 -0.000922268 0.00214125 0.0358075 0.00140186 -0.00130762 -0.000819151 -0.0035633 0.00555703 0.00879024 0.0157359 0.0174685 -0.0115397 0.01346
internal_weight=82416.7 81120.3 12603.7 10797.3 10109.5 7930.43 687.887 1806.4 1442.35 1247.75 2179.03 364.045 68516.6 26608 19382.2 9256.4 7225.79 41908.6 4680.1 46.269 10125.8 37228.5 30605.2 6623.33 1296.42 898.942 488.554 256.008 587.998 456.245
internal_count=519936 513351 72274 61668 59688 44089 1980 10606 8008 7324 15599 2598 441077 162582 119989 50625 42593 278495 43535 372 69364 234960 201595 33365 6585 4687 2568 1088 1700 2512
is_linear=0
shrinkage=0.035


Tree=73
num_leaves=31
num_cat=0
split_feature=6 5 2 4 9 5 10 2 10 2 5 2 5 4 10 5 5 5 10 4 9 0 5 10 5 4 2 10 2 2
split_gain=44.0309 35.257 49.5783 119.664 110.749 171.17 245.33 154.674 95.5657 93.1967 112.598 87.8418 77.5556 62.0681 59.2829 57.3094 56.6387 32.1395 102.53 71.9697 30.0734 33.2689 28.5766 29.5567 27.279 25.9464 25.2593 49.9947 36.6458 31.7357
threshold=50.411310195922859 46.666610717773445 51.59552192687989 50.249008178710945 0.7275499999523164 45.558958053588874 -1.1141470670700071 51.641031265258796 -0.53928416967391957 50.460123062133796 45.45686340332032 50.510725021362312 45.764883041381843 49.14776802062989 -10.341341495513914 45.558958053588874 46.023597717285163 47.163959503173835 -1.6410641074180601 42.728067398071296 1.0600499510765078 13.59999990463257 50.051733016967781 -2.725619792938232 91.413898468017592 55.781038284301765 48.029621124267585 -4.6239392757415763 47.903882980346687 47.903882980346687
decision_type=2 2 2 2 2 2 2 2 2 2 2 2 2 2 2 2 2 2 2 2 2 2 2 2 2 2 2 2 2 2
left_child=24 2 3 9 7 14 -7 13 15 10 -2 -11 -10 -4 -6 -5 -9 18 -3 -20 21 -19 23 -22 26 -24 27 28 -1 -29
right_child=1 17 4 8 5 6 -8 16 12 11 -12 -13 -14 -15 -16 -17 -18 20 19 -21 22 -23 25 -25 -26 -27 -28 29 -30 -31
leaf_value=-0.0034342973867044113 -0.0040192849422838765 0.0041631295818382952 0.030221979814934692 -0.0074792656657823977 0.088868745249682204 0.06651283199307105 0.011888216925467435 -0.001111848051099256 -0.0010920294040781392 -0.025298094096059737 0.01924935464377989 0.0010333328947738627 -0.010183160439227429 0.0040851411752622305 -0.00076769100611527119 -0.019370789661302758 -0.0076663240778556789 -0.0018012144536534757 0.12408167291260466 0.020318393934365426 0.090087616345446667 0.0038359951258930916 0.0078448708227696392 0.017327052910154413 -0.0024772502067657142 0.00074543439601218052 0.0008373342118134122 0.0047800296461266789 -0.040246173091601715 0.017867186802015395
leaf_weight=136.91399618983269 387.19387266598642 202.57882193848491 251.55889176949859 2096.1375297103077 8.293036997318266 116.17180226743221 734.12540531158447 10029.582837196067 6422.3653867840767 175.41022372245789 740.18477961979806 1298.1368582993746 1400.0629959180951 200.86076222918928 1495.6923932172358 652.45140244998038 1925.2689918596298 5856.9544873069972 15.215051159262655 17.926403030753136 7.4892427548766127 1640.7491296306252 955.35319751128554 45.832036200910807 2914.3184001371264 1860.369327917695 39189.849680252373 1395.7310476377606 43.200059436261654 271.36099091917276
leaf_count=841 2772 988 1255 14161 65 501 3064 66575 43401 605 3100 7809 3682 1749 10908 2313 8848 54944 56 77 67 9091 8750 408 16174 13173 236430 7193 118 1049
internal_value=3.63704e-05 -0.000827119 -0.00147943 -0.00304034 -8.60439e-05 0.00687166 0.019415 -0.00140719 -0.00469532 0.00368274 0.0112544 -0.00210842 -0.00272094 0.0186611 -0.000221797 -0.0103094 -0.00216844 0.000890791 0.0136494 0.0699636 0.000598978 -0.000566393 0.0036462 0.0288566 0.000793627 0.00315825 0.00102613 0.00502565 -0.0124412 0.00692204
internal_weight=82487.3 38536 27933.5 13171.9 14761.6 2354.28 850.297 12407.3 10571 2600.93 1127.38 1473.55 7822.43 452.42 1503.99 2748.59 11954.9 10602.5 235.72 33.1415 10366.7 7497.7 2869.04 53.3213 43951.4 2815.72 41037.1 1847.21 180.114 1667.09
internal_count=520167 258362 170808 77843 92965 14538 3565 78427 63557 14286 5872 8414 47083 3004 10973 16474 75423 87554 1121 133 86433 64035 22398 475 261805 21923 245631 9201 959 8242
is_linear=0
shrinkage=0.035


Tree=74
num_leaves=31
num_cat=0
split_feature=6 6 0 1 6 9 2 6 5 2 2 2 2 5 5 5 4 5 9 4 2 2 2 11 13 2 9 0 11 12
split_gain=37.2575 26.3454 25.1783 25.4708 24.4237 24.1947 23.1304 20.4608 42.3295 20.2683 19.9315 56.4648 31.2203 19.4302 30.1101 65.4971 51.3095 33.3552 30.4644 25.8043 24.6025 21.0139 28.2743 25.0996 17.3875 17.3549 16.0446 15.1483 15.07 47.2253
threshold=93.214572906494155 9.1350073814392108 28.000000000000004 48.565559387207038 99.693408966064467 6.0667500495910653 48.029621124267585 3.2703125476837163 46.023597717285163 48.799194335937507 51.59552192687989 50.460123062133796 52.04185867309571 45.565744400024421 45.72456359863282 45.661050796508796 51.469001770019538 45.861009597778327 -2.6604499816894527 56.545227050781257 50.025510787963874 51.59552192687989 51.837673187255866 51.16514968872071 6.4583332538604745 50.953025817871101 -1.7202499508857725 10.000000000000002 48.592649459838874 2.9198635816574101
decision_type=2 2 2 2 2 2 2 2 2 2 2 2 2 2 2 2 2 2 2 2 2 2 2 2 2 2 2 2 2 2
left_child=1 6 3 24 13 26 7 8 -1 -8 11 -11 -12 19 15 18 -17 -16 -15 21 -19 23 -23 -2 27 -7 -5 -3 29 -4
right_child=4 2 28 5 -6 25 9 -9 -10 10 12 -13 -14 14 17 16 -18 20 -20 -21 -22 22 -24 -25 -26 -27 -28 -29 -30 -31
leaf_value=0.0098616518785953847 0.0016116783943589056 -0.0083253155023845539 -0.0020348880477666339 0.0012520541849447881 -0.026610989083526135 0.010350596190452446 -0.0095072088862588038 0.0048823672626100885 0.057473983750775788 0.00074764441314794012 -0.0077400001249857938 0.009422454230085392 0.0014367956238767923 0.050688258850208327 -0.015592874160806987 0.013145935501518501 0.058150109172508513 -0.014405443532422046 -0.0049486952119792305 0.0037564133859767299 0.00073276093829971413 0.014027417388808786 -0.0054498067946291834 -0.013796037628672167 0.027048146531339929 -0.002686394400401066 -0.00027418987321019961 -0.0020259368776513968 0.0018621237664419438 0.017659035125247472
leaf_weight=86.073858857154846 158.35762894898653 721.76246418058872 275.3095887452364 9954.8335626572371 52.861999770626426 462.11654958873987 191.67457646876574 238.90696571022272 30.844686634838581 2753.6093498393893 531.10936188697815 1380.5705225765705 3104.6398318707943 11.81970804184675 210.57905272394419 110.81113568693399 43.043413355946541 144.81476253271103 264.45181205123663 325.66598444059491 1352.535648971796 102.49247594922781 778.58359039574862 687.70959934219718 21.149267122149467 169.95473378151655 55323.609909154475 1339.6539141610265 1289.288724668324 322.860366076231
leaf_count=461 1183 4459 1434 57483 1746 2432 1139 1126 60 18376 2594 6867 16602 34 1620 571 184 492 2090 2310 11776 1028 6390 6180 104 932 355117 7862 6091 1334
internal_value=6.31976e-05 0.000236625 1.48792e-05 -9.57322e-05 -0.0031303 2.45989e-05 0.00209865 0.0108231 0.0227871 0.0017068 0.00198529 0.00364747 9.29188e-05 -0.00282743 -0.000488218 0.0077757 0.0260175 -0.00257617 -0.00240364 -0.00525924 -0.000733554 -0.00696421 -0.00316548 -0.0109051 -0.00390596 0.00683511 -4.13209e-05 -0.0042373 0.00400156 0.00859255
internal_weight=82441.7 78198 69880.5 67993.1 4243.73 65910.5 8317.43 355.826 116.919 7961.6 7769.93 4134.18 3635.75 4190.86 2138.06 430.126 153.855 1707.93 276.272 2052.81 1497.35 1727.14 881.076 846.067 2082.57 632.071 65278.4 2061.42 1887.46 598.17
internal_count=520077 484473 437248 428389 35604 415964 47225 1647 521 45578 44439 25243 19196 33858 16767 2879 755 13888 2124 17091 12268 14781 7418 7363 12425 3364 412600 12321 8859 2768
is_linear=0
shrinkage=0.035


Tree=75
num_leaves=31
num_cat=0
split_feature=6 5 2 9 7 10 2 2 2 10 5 2 9 10 10 10 2 9 7 7 10 7 9 10 7 7 10 7 2 9
split_gain=38.3535 30.8701 29.7313 99.4342 150.379 186.331 107.591 61.521 72.0468 60.503 58.9378 55.9693 164.815 47.7199 33.795 33.752 27.5197 22.9539 23.4812 23.2869 22.947 24.5649 20.7095 34.4218 26.0817 24.7343 21.806 21.5143 19.1485 18.2493
threshold=73.686916351318374 50.08058166503907 51.59552192687989 0.77705001831054699 65.665817260742202 -1.350740313529968 51.641031265258796 50.459417343139656 50.510725021362312 -8.9486303329467756 46.028558731079109 50.408788681030281 -1.0742500424385069 3.5701320171356206 0.42062677443027502 -7.5363545417785636 50.475614547729499 6.0667500495910653 79.115924835205092 90.347183227539077 4.5968675613403329 83.923740386962905 1.5200499892234804 -2.5692464113235469 39.775512695312507 38.011922836303718 22.41047286987305 67.648265838623061 54.216073989868171 -0.22664999961853025
decision_type=2 2 2 2 2 2 2 2 2 2 2 2 2 2 2 2 2 2 2 2 2 2 2 2 2 2 2 2 2 2
left_child=17 2 7 6 5 -5 14 11 16 -6 -10 15 -13 -8 -4 -2 -9 18 22 -19 29 -22 26 24 -24 -25 27 -1 -23 -20
right_child=1 -3 3 4 9 -7 13 8 10 -11 -12 12 -14 -15 -16 -17 -18 19 20 -21 21 28 23 25 -26 -27 -28 -29 -30 -31
leaf_value=0.00054825578899978715 0.010014405571479855 0.0030992547066506543 0.034722704586720846 0.061465084668054802 0.069651325829631641 0.0097477907426321269 -0.0037329492640189397 -0.0044325404703606909 -0.0066304178699091694 -0.025756008431081577 0.013157036175810674 0.11337128068530351 0.006645788821733961 0.0047254340702022049 0.0085288275876948452 -0.0022712437816580595 -0.026676488848977806 0.010723252760380837 0.04257970677484274 -0.0068689960951777845 0.0074770972402992304 -0.025811957650656948 0.020900872458296541 -0.004407096150811197 -0.0038035988214147449 0.0031271922026858473 -0.027969009276125549 -0.0015878935637295912 0.012020320891390964 -0.012542865622862396
leaf_weight=43945.882983088493 286.17396607622504 1818.0043339636177 116.09305172786117 94.090008368715644 7.7843254059553137 861.55984227545559 5742.0880980715156 90.525858178734779 2383.8096684478223 159.76948742754757 198.89758463203907 18.789513021707535 189.97069169580936 951.23038429766893 128.01839277334511 5957.4134961273521 289.6130886413157 483.06953495740891 6.6815429478883734 112.76868975162506 217.40091206133366 57.162762634456158 53.392023593187332 565.547577239573 1492.6410260125995 9110.9932268932462 32.721598692238331 6647.6930297762156 22.010740496218204 385.01330169290304
leaf_count=271767 2105 14499 572 601 64 5009 38294 810 17021 1448 483 55 769 5698 1121 47622 864 2118 26 977 1821 526 233 2471 8512 48513 243 42693 216 2935
internal_value=0.000126487 -0.00123907 -0.00169091 -0.000129733 0.00952649 0.0148942 -0.00169505 -0.00302661 -0.00720145 -0.020972 -0.00510025 -0.00110783 0.0166812 -0.00252941 0.0210873 -0.0017058 -0.0214181 0.000543931 0.000478619 0.00737726 -0.00594581 0.00137729 0.000550301 0.00191062 -0.00293554 0.0026858 0.000248589 0.00026742 -0.0151918 -0.0114999
internal_weight=82426.8 19293.8 17475.8 8060.63 1123.2 955.65 6937.43 9415.19 2962.85 167.554 2582.71 6452.35 208.76 6693.32 244.111 6243.59 380.139 63133 62537.1 595.838 688.269 296.574 61848.9 11222.6 1546.03 9676.54 50626.3 50593.6 79.1735 391.695
internal_count=520086 137035 122536 52807 7122 5610 45685 69729 19178 1512 17504 50551 824 43992 1693 49727 1674 383051 379956 3095 5524 2563 374432 59729 8745 50984 314703 314460 742 2961
is_linear=0
shrinkage=0.035


Tree=76
num_leaves=31
num_cat=0
split_feature=6 6 0 5 2 9 7 7 7 4 7 7 7 7 4 2 2 7 2 9 7 0 7 4 12 7 13 6 9 9
split_gain=42.2352 30.1717 24.8772 25.6505 23.1268 22.0086 34.8522 88.614 84.9765 27.5937 82.0184 74.2109 21.0818 38.1791 41.7485 20.3356 35.0121 37.3299 32.3056 60.7518 21.001 17.064 16.584 15.1137 24.8128 18.6487 13.3778 15.0641 14.4988 13.2197
threshold=93.973690032958999 99.693408966064467 28.000000000000004 91.413898468017592 53.672307968139656 1.8105500340461733 57.000656127929695 56.244001388549812 57.865306854248054 43.945226669311531 25.586957931518558 21.006519317626957 26.989735603332523 22.878716468811039 40.180032730102546 50.459417343139656 50.510725021362312 34.419713973999031 50.408788681030281 -0.61744999885559071 69.762519836425795 10.000000000000002 53.64912414550782 49.043502807617195 2.4115558862686162 28.017315864562992 2.7402402162551884 48.874351501464851 0.060049999505281455 -3.2763500213623042
decision_type=2 2 2 2 2 2 2 2 2 2 2 2 2 2 2 2 2 2 2 2 2 2 2 2 2 2 2 2 2 2
left_child=2 4 3 5 15 9 7 -7 -8 10 -1 -11 13 -6 -15 18 -17 -18 20 -20 -2 22 -5 24 -4 -26 27 -23 -28 -27
right_child=1 -3 23 21 12 6 8 -9 -10 11 -12 -13 -14 14 -16 16 17 -19 19 -21 -22 26 -24 -25 25 29 28 -29 -30 -31
leaf_value=-0.0021256320819415453 0.0013632922799721816 -0.029982645187484943 0.00016361606334745237 -0.0087467625917946202 -0.0069578851433862538 0.0038504130862884525 -0.024031697971195167 0.033410532762435975 0.0011823230875226186 0.025147525546397102 0.0043735303241060394 -0.00042094067148422897 -0.0035017794992073131 0.061402549957774416 0.012813854300754813 -0.030552809530583192 -0.017189450770566338 -0.0033934806804825405 0.10828054285419206 0.0076319180395067309 -0.0074598677336449749 -0.0051132508259296699 -0.0013198781326286633 0.0014052059918487543 0.03348894491288712 0.039833594852048383 0.018919742464117428 0.00063202025413336459 0.0017000750700356709 0.0091157943041487444
leaf_weight=4064.0508261471987 868.60733744502068 51.76329099573195 322.14196828752756 859.73578596115112 65.543558187782764 1932.2983363196254 165.80127616971731 132.10170205682516 9474.6979925557971 138.62936928868294 5730.4471257328987 51112.079178217798 163.49041050672531 29.896268784999847 77.611663334071636 70.938984282314777 285.30715928971767 1520.0306551083922 8.3853815495967847 38.397963561117649 531.47747114300728 992.81992203742266 648.79593616724014 1064.8655809685588 47.262420609593391 17.341935709118843 75.60668221861124 1273.7674886807799 283.6754499822855 429.24732326716185
leaf_count=24000 8428 1744 1703 5130 570 8645 750 380 54573 677 31420 334653 1389 159 462 385 1856 11720 25 166 4722 5638 4368 4914 181 40 420 7605 1495 1996
internal_value=1.35064e-05 -0.00363467 0.000185534 8.81314e-05 -0.00325361 0.000240631 0.00163082 0.00575757 0.000745998 -2.58294e-05 0.00167615 -0.000351252 0.0054712 0.0139658 0.026744 -0.0041404 -0.00654462 -0.00558426 -0.00101592 0.0273363 -0.00198336 -0.00259314 -0.00555961 0.00416162 0.00774526 0.0126684 -0.000885095 -0.00188238 0.00537717 0.0103934
internal_weight=82476.8 3711.45 78765.4 76884.5 3659.69 72750.1 11704.9 2064.4 9640.5 61045.2 9794.5 51250.7 336.542 173.051 107.508 3323.14 1876.28 1805.34 1446.87 46.7833 1400.08 4134.4 1508.53 1880.86 815.994 493.852 2625.87 2266.59 359.282 446.589
internal_count=520214 31626 488588 479754 29882 455098 64348 9025 55323 390750 55420 335330 2580 1191 621 27302 13961 13576 13341 191 13150 24656 9498 8834 3920 2217 15158 13243 1915 2036
is_linear=0
shrinkage=0.035


Tree=77
num_leaves=31
num_cat=0
split_feature=6 6 10 5 5 5 2 7 10 7 2 12 6 2 2 7 2 2 2 5 2 9 9 2 9 7 6 11 10 5
split_gain=34.5642 32.0776 28.0149 101.663 59.4222 62.0814 50.0765 87.4027 29.8415 47.6097 60.3249 29.6761 27.0574 28.4978 24.6336 51.1629 52.1723 50.9482 43.4035 36.9945 28.3756 19.4988 18.14 16.5836 18.1147 11.294 9.71383 8.91389 9.86467 8.41187
threshold=99.693408966064467 7.1747236251831064 -11.258804321289061 46.474193572998054 46.666610717773445 50.079809188842781 53.883504867553718 39.775512695312507 1.6687784194946291 53.843322753906257 50.091802597045906 63.221685409545906 90.891670227050795 49.82098579406739 53.672307968139656 34.419713973999031 51.59552192687989 50.460123062133796 52.258813858032234 45.424163818359382 52.689496994018562 6.0667500495910653 -0.94275000691413868 53.933164596557624 -4.0630500316619864 27.69983005523682 0.82844331860542308 55.343450546264656 4.1867012977600107 46.620765686035163
decision_type=2 2 2 2 2 2 2 2 2 2 2 2 2 2 2 2 2 2 2 2 2 2 2 2 2 2 2 2 2 2
left_child=1 14 3 6 -5 -6 7 -3 12 11 -11 -10 21 -14 15 18 17 -17 26 -18 -20 -4 -8 24 -16 -26 -1 29 -29 -25
right_child=-2 2 8 4 5 -7 22 -9 9 10 -12 -13 13 -15 23 16 19 -19 20 -21 -22 -23 -24 27 25 -27 -28 28 -30 -31
leaf_value=0.018218348987057084 -0.028483151570026798 0.035558896606460083 -0.0004834111385899686 -0.036768423483872922 0.022624220390026754 -0.0082925878628586653 -0.0216449429170202 0.0043731358146872172 0.0028592519702617869 0.0018056267730508244 -0.0023793005980301219 -0.01179191552368181 -0.012533148879920634 -0.0025183979422069747 0.02009306191629855 0.0013712968944126387 0.020314865318508016 0.010627566423917519 0.03690241829361255 -0.0041265815613962193 0.013788106390599809 0.014246125563457092 0.045061711847998683 -0.0032818605127670464 -0.020076944487848965 -0.0056154063137786384 -0.00093915053767205448 0.056158998492087775 0.0030569391634938724 0.013019206420221485
leaf_weight=35.459705837070942 50.94902640208602 232.68589304387569 43787.185522325337 63.752303659915924 104.43170922994614 325.19358130544424 48.204960227012634 209.86703445762396 10333.819679416716 8073.1232823207974 8836.3764368630946 171.22628307342529 392.05485199019313 3100.4603652693331 21.292611442506313 2242.6717365682125 78.531019203364849 1079.8430249169469 76.133036464452744 1703.3472063466907 461.02775100618601 109.54391880333424 4.7518692463636389 189.40421967953444 132.95433150976896 136.02797708660364 302.11669400334358 6.7403010353446033 10.86246946454048 47.907829903066158
leaf_count=290 1754 699 279830 200 633 2733 407 988 61604 52761 51398 786 2812 25421 79 13734 633 5353 230 9021 2056 652 37 1420 441 817 2474 45 88 297
internal_value=0.000111487 0.000129547 -7.30851e-05 0.00577679 -0.00545559 -0.000733101 0.0169657 0.0208204 -0.000150573 0.0007684 -0.000380881 0.0026189 -0.000682349 -0.00364723 0.00248431 0.00313452 0.00179178 0.0043836 0.0109531 -0.00303684 0.0171272 -0.000446235 -0.0149475 -0.00462791 -0.0103403 -0.0128278 0.00109082 0.00186153 0.0253281 1.22361e-05
internal_weight=82367.9 82317 75792.7 988.887 493.378 429.625 495.51 442.553 74803.8 27414.5 16909.5 10505 47389.2 3492.52 6524.32 5979.13 5104.39 3322.51 874.737 1781.88 537.161 43896.7 52.9568 545.19 290.275 268.982 337.576 254.915 17.6028 237.312
internal_count=519693 517939 480961 5697 3566 3366 2131 1687 475264 166549 104159 62390 308715 28233 36978 33791 28741 19087 5050 9654 2286 280482 444 3187 1337 1258 2764 1850 133 1717
is_linear=0
shrinkage=0.035


Tree=78
num_leaves=29
num_cat=0
split_feature=6 10 7 11 10 7 7 9 9 10 7 7 4 10 7 7 11 7 7 4 7 10 10 2 6 10 9 7
split_gain=37.2306 30.2034 42.2723 40.6175 66.4745 87.6406 41.9627 37.2403 37.4112 36.5344 100.231 46.8263 32.1861 61.0952 28.0417 60.0092 31.9086 20.8258 81.7987 60.1748 43.1191 74.2623 30.4858 19.391 11.383 9.92867 4.87568 1.17606
threshold=99.693408966064467 4.7782890796661386 78.860435485839858 61.388650894165046 -1.8638429045677183 39.775512695312507 63.478757858276374 -0.60005000233650196 7.6709501743316659 -6.0641770362853995 33.602645874023445 74.670307159423842 49.250772476196296 22.41047286987305 36.454193115234382 40.876146316528327 35.166650772094734 78.280700683593764 76.706653594970717 56.409147262573249 80.263469696044936 8.8588023185729998 14.079446315765383 50.079681396484382 51.971612930297859 -8.9486303329467756 2.7615000009536748 18.460414886474613
decision_type=2 2 2 2 2 2 2 2 2 2 2 2 2 2 2 2 2 2 2 2 2 2 2 2 2 2 2 2
left_child=1 2 3 9 5 -5 -6 -4 25 10 -1 -11 13 14 16 -16 -3 18 22 -20 21 -19 -14 -10 -22 -9 -2 -15
right_child=26 12 7 4 6 -7 -8 8 23 11 -12 -13 17 27 15 -17 -18 20 19 -21 24 -23 -24 -25 -26 -27 -28 -29
leaf_value=-0.0029999303572312021 -0.03229430530764802 0.0023368137971876302 0.072152961378120564 0.032994597889423154 0.0077708306666019562 -0.0044914703906369906 0.0018704637047511922 0.024453261074526597 -0.013696075243615272 -0.00086232463723690228 0.0069688734377201817 0.010354275398780389 0.00018756803472688556 -0.040428072540189937 -0.013793821830646489 0.0064122625631184505 0.017024689085925943 0.0093346078573241301 0.041351627866615177 -0.033714925909506602 -0.0048072852573315793 0.061712566922750747 0.0086316758825190944 0.053094832444947136 0.0061230495548456618 -0.011454782276041665 0.018836003240877155 -0.024859134414482197
leaf_weight=2295.35263428092 47.826319240033627 288.79122022539377 6.1044527515768996 78.307451345026493 2130.2582978904247 2210.7233210131526 4825.5738627389073 8.7188710346817953 7.0627052783966091 55351.631682358682 2672.6437078416348 458.83948776498437 8051.0616072230041 25.442058630287647 211.84925424307585 1169.7313048169017 492.25960644334555 164.61467435956001 13.815051153302191 126.80143497139215 226.98094988614321 41.014921151101589 559.5644144937396 16.580885864794254 238.19538222253323 684.17562184110284 1.7230323385447253 20.257592424750328
leaf_count=13952 1718 1699 21 309 10867 13070 27665 71 49 366626 12670 3404 42630 230 1176 6742 2483 1215 106 770 1990 284 2688 128 1995 5475 54 154
internal_value=-1.85707e-05 -9.58039e-08 -0.000271918 -0.000184853 0.00197625 -0.00319494 0.00367917 -0.00868923 -0.00946741 -0.00051371 0.00236186 -0.000769836 0.00165266 0.00545555 0.00630961 0.00330264 0.0116108 0.000760216 0.000303522 -0.0260982 0.0067003 0.0200145 0.000737875 0.0330617 0.000775517 -0.0109652 -0.0301062 -0.0342237
internal_weight=82425.9 82376.4 70746 70023.3 9244.86 2289.03 6955.83 722.643 716.538 60778.5 4968 55810.5 11630.4 2208.33 2162.63 1381.58 781.051 9422.05 8751.24 140.616 670.806 205.63 8610.63 23.6436 465.176 692.894 49.5494 45.6997
internal_count=520241 518469 454307 448563 51911 13379 38532 5744 5723 396652 26622 370030 64162 12484 12100 7918 4182 51678 46194 876 5484 1499 45318 177 3985 5546 1772 384
is_linear=0
shrinkage=0.035


Tree=79
num_leaves=31
num_cat=0
split_feature=6 7 9 10 5 5 10 7 10 5 7 11 9 5 5 10 10 9 7 6 7 10 5 13 2 10 7 2 6 6
split_gain=35.6856 30.2392 39.5247 47.7703 41.6652 42.6632 40.6057 38.2043 68.0734 48.8306 31.1858 127.086 117.255 30.8245 42.269 41.3577 41.5403 38.2597 29.7189 24.0577 23.9235 24.2237 21.0609 30.8503 26.2045 45.0362 35.9544 35.1703 35.1265 20.8653
threshold=50.411310195922859 73.50925445556642 1.8105500340461733 -6.9107091426849356 45.447542190551765 45.45686340332032 8.0838499069213885 73.28943252563478 14.079446315765383 45.447542190551765 50.487710952758796 53.659950256347663 0.075649999082088484 50.079553604125984 46.023597717285163 -11.258804321289061 -1.9936631917953489 4.4084999561309823 73.28943252563478 86.215801239013686 79.115924835205092 -12.683357715606688 91.923877716064467 2.353266835212708 48.029621124267585 -4.6239392757415763 78.280700683593764 47.903882980346687 3.6760848760604863 44.552886962890632
decision_type=2 2 2 2 2 2 2 2 2 2 2 2 2 2 2 2 2 2 2 2 2 2 2 2 2 2 2 2 2 2
left_child=22 2 6 -4 18 -6 10 9 -9 -8 11 -2 -12 14 15 -3 -17 20 -5 -16 21 -15 24 29 25 27 28 -1 -27 -24
right_child=1 13 3 4 5 -7 7 8 -10 -11 12 -13 -14 17 19 16 -18 -19 -20 -21 -22 -23 23 -25 -26 26 -28 -29 -30 -31
leaf_value=-0.0032086480057712066 -0.0012139882265999984 0.04673075555301992 -0.023333034532771416 -0.0084452927401070625 0.011090036253553759 0.0022891641030927667 -0.014902374330320066 0.0019629738336932661 0.12056673023379005 0.0078217992989404322 0.0031087571966349572 0.0092383622500133277 -0.0045891695722506251 -0.03267898442764483 -0.0096088727045643453 -0.015180737662622597 -0.00041421410031448018 0.021106061117614781 0.024407701178912982 -0.024692883641120721 -0.01870493130686952 0.0043953000895098964 -0.0064791443184626764 0.0041867881359396531 0.0006329995123678854 0.028932060841382449 -0.0042318937523925992 -0.038842483195272559 0.0073692504543349177 0.0018968852332532681
leaf_weight=161.24573844671249 16023.290263548493 19.512856312096119 85.397563468664885 497.30245979875326 860.84528313577175 3129.8964419234544 132.85734094679356 15.378147501498463 9.0031440928578359 862.80932145752013 3284.107405109331 1563.2084307558835 9239.7994102053344 22.185603151097894 536.8009924814105 295.81559314392507 1099.7904620971531 111.88094968721271 35.320448227226734 172.34545755386353 81.896468931809068 349.45652954094112 1549.5577938258648 661.34857802838087 39371.826199918985 98.926264144480228 311.17140777409077 42.422861099243164 1366.5144802629948 474.29010079801083
leaf_count=947 108120 162 470 4225 4321 14042 1188 136 80 3831 22367 9417 69206 201 3240 2124 8900 796 322 1250 778 2876 8684 3530 237452 371 2177 120 6427 2666
internal_value=-4.43719e-05 -0.000823838 -0.000554222 0.0024701 0.00296283 0.0041912 -0.00100224 0.00586165 0.0484761 0.00477303 -0.00123515 -0.000284136 -0.00256994 -0.00440253 -0.00633613 -0.00283172 -0.00355607 0.00284829 -0.00622021 -0.0133083 -0.00166945 0.00209787 0.000635669 -0.00236691 0.000830852 0.00475917 0.00654949 -0.0107881 0.00884464 -0.00451278
internal_weight=82466.2 38428.9 35739.2 4608.76 4523.36 3990.74 31130.5 1020.05 24.3813 995.667 30110.4 17586.5 12523.9 2689.68 2124.27 1415.12 1395.61 565.42 532.623 709.146 453.539 371.642 44037.3 2685.2 41352.1 1980.28 1776.61 203.669 1465.44 2023.85
internal_count=520426 258052 237725 23380 22910 18363 214345 5235 216 5019 209110 117537 91573 20327 15676 11186 11024 4651 4547 4490 3855 3077 262374 14880 247494 10042 8975 1067 6798 11350
is_linear=0
shrinkage=0.035


Tree=80
num_leaves=31
num_cat=0
split_feature=10 7 7 7 2 7 7 5 7 7 9 7 10 7 7 10 7 7 10 5 5 5 9 7 7 11 4 2 2 10
split_gain=27.2951 60.2269 98.4404 128.878 77.0899 56.801 106.745 56.5736 81.1575 54.0453 53.5764 46.9315 46.5298 44.4287 42.2548 31.1184 41.9787 61.4266 46.5182 34.3362 39.5758 58.9479 30.3291 50.5726 49.7637 25.2429 23.5065 31.7193 20.5193 19.5292
threshold=-8.4042339324951154 20.186177253723148 39.775512695312507 34.582567214965827 53.507390975952156 63.030187606811531 65.454277038574233 46.395015716552741 23.291272163391117 24.405713081359867 -1.0742500424385069 1.0000000180025095e-35 -12.683357715606688 76.442924499511733 38.415365219116218 1.0116817355155947 27.69983005523682 27.393962860107425 14.079446315765383 45.447542190551765 45.764883041381843 45.661050796508796 1.4951500296592715 53.843322753906257 71.315780639648452 82.75894927978517 43.393346786499031 49.794338226318366 52.858602523803718 1.9473839402198794
decision_type=2 2 2 2 2 2 2 2 2 2 2 2 2 2 2 2 2 2 2 2 2 2 2 2 2 2 2 2 2 2
left_child=1 4 3 7 -1 26 10 9 -9 -3 -7 -2 -5 -8 -14 19 17 18 -17 -13 21 -21 23 -18 -24 -22 28 -28 -4 -19
right_child=11 2 5 12 -6 6 13 8 -10 -11 -12 15 14 -15 -16 16 22 29 -20 20 25 -23 24 -25 -26 -27 27 -29 -30 -31
leaf_value=0.0016256927752540515 0.048562236992994862 -0.025867506609557431 -0.020944355987207983 0.050990901827323298 -0.026918944629049712 0.080858298516973987 -0.0049500156630451269 0.035281895120444877 -0.002588064274421222 0.0043154000768647815 0.013466835409361774 0.0022613376747147064 0.031231818797031987 0.026457741965481479 -0.0027497745699171039 0.007162966971447555 0.001294639050296041 0.015645574646245986 -0.019471474494754063 -0.0014493264794194706 -0.00015000807461471754 -0.0067967355348131564 0.0034875310382360926 -0.0020415134978423372 -0.0014707366212960852 0.013576321335642728 -0.030723509906492072 0.00035770388671632955 0.025452816026622246 0.051883918632918295
leaf_weight=401.50980125367641 23.358665823936462 101.86193393729627 187.18209048360586 104.86206832528114 161.86181813850999 33.097008436918259 280.27348245680332 140.0314490608871 135.69559842720628 247.37858591228724 26.340789124369621 4007.6297396402806 179.17521100491285 67.823518313467503 59.040445726364851 966.83052880689502 10915.984523022547 32.883573520928621 86.71781631745398 17814.16475354135 20295.446223221719 2943.2801647409797 7419.0933366697282 11353.868619285524 3721.3325927071273 164.65688438899815 44.715990997850895 342.18096497654915 11.654370598495005 45.136750563979149
leaf_count=2871 171 616 667 260 974 69 1735 639 1023 1464 100 36838 460 476 432 5367 68783 237 651 99648 138273 16444 35226 76128 26596 1025 141 2035 70 267
internal_value=-9.80428e-05 0.00348418 0.00638286 0.0143213 -0.00658958 -0.00135225 0.00866363 0.00483234 0.0166658 -0.00450696 0.0516844 -0.000211511 0.0315351 0.00119607 0.0227994 -0.000226369 0.000564514 0.00719234 0.00495093 -0.000830579 -0.00113142 -0.00220813 0.00033966 -0.000405934 0.00183066 -3.8674e-05 -0.00833523 -0.00327247 -0.0180987 0.037013
internal_weight=82315.1 2524.69 1961.31 968.045 563.372 993.268 407.535 624.968 275.727 349.241 59.4378 79790.4 343.078 348.097 238.216 79767 34541.8 1131.57 1053.55 45225.2 41217.5 20757.4 33410.3 22269.9 11140.4 20460.1 585.733 386.897 198.836 78.0203
internal_count=519686 14032 10187 4894 3845 5293 2380 3742 1662 2080 169 505654 1152 2211 892 505483 213255 6522 6018 292228 255390 116092 206733 144911 61822 139298 2913 2176 737 504
is_linear=0
shrinkage=0.035


Tree=81
num_leaves=31
num_cat=0
split_feature=6 6 10 7 7 7 7 7 7 10 7 6 7 7 7 7 5 4 5 5 5 5 4 11 7 10 10 4 7 10
split_gain=35.8916 27.5455 22.6026 55.5319 47.4605 102.957 129.415 74.2389 60.3107 25.8693 35.5222 26.8818 20.3713 14.6785 34.5516 30.7261 23.3303 17.3077 16.8271 24.6244 19.1241 15.1163 12.6513 11.9245 12.3245 11.6116 11.3092 11.0828 14.7947 11.0343
threshold=6.8068408966064462 99.693408966064467 -8.4042339324951154 1.0000000180025095e-35 20.186177253723148 39.775512695312507 34.582567214965827 18.460414886474613 63.030187606811531 0.90706148743629467 71.689678192138686 93.973690032958999 1.0000000180025095e-35 34.419713973999031 32.421426773071296 40.298776626586921 50.078802108764656 53.746452331542976 46.036748886108406 46.132738113403327 45.805624008178718 50.069204330444343 55.073705673217781 17.161250114440922 40.36732482910157 -0.10236150771379469 7.0411381721496591 38.841281890869148 33.75457954406739 -6.2426600456237784
decision_type=2 2 2 2 2 2 2 2 2 2 2 2 2 2 2 2 2 2 2 2 2 2 2 2 2 2 2 2 2 2
left_child=13 2 4 -4 7 6 -6 12 -7 11 -11 -5 -2 14 18 16 17 29 20 -20 -1 27 -21 -17 -25 -26 -3 -16 -29 -15
right_child=1 26 3 9 5 8 -8 -9 -10 10 -12 -13 -14 15 21 23 -18 -19 19 22 -22 -23 -24 24 25 -27 -28 28 -30 -31
leaf_value=0.0041346424280817714 -0.018530485676109178 -0.030168898325754097 0.053367653876523792 -0.00081157845797084959 0.0039715858019496479 -0.009925301242391632 0.031285620100676162 -0.032610821890371677 0.008255454955751992 0.0007738330632210724 -0.0025082729071486867 -0.0051491755728586067 0.0035706099492569441 0.008705707829718112 -0.014544614813446863 -0.034818457701329519 0.011121976432156398 -0.025928807957097649 0.025431864481133333 0.0030210904495522072 -0.011441606028775971 -0.0028434666381517886 0.048215612996626064 0.025830826361988662 0.00064745817745126848 0.0044128972867038575 0.04611007547093332 0.028778564659822963 0.011434699313700588 -0.0069050434474973556
leaf_weight=206.08741641789675 58.849585853517056 46.406479552388191 22.723231114447117 38783.728954542428 577.70682520419359 547.48364325612783 336.2498771622777 103.79584082961082 376.28472000360489 28530.075508855283 4704.4619853831828 1833.0203873999417 354.65297658741474 60.350454904139042 10.588039740920065 9.4796545132994634 97.960718370974064 54.210611633956432 71.221314877271652 556.08750021457672 179.74591258168221 43.37473776191473 6.9233715906739226 27.752164237201214 1830.1252518370748 2233.6294773072004 1.7433890011161555 133.12127786874771 115.9013432636857 572.05985191464424
leaf_count=1340 596 1724 162 248402 3462 2715 1084 387 2200 171802 34530 15447 2566 230 40 42 800 223 288 3496 885 346 33 167 10488 12755 45 531 599 2836
internal_value=-9.8669e-05 -0.000307053 -0.000290103 -0.000397807 0.00308445 0.00572227 0.0140468 -0.00626736 -0.00251131 -0.000415023 0.00030898 -0.0010076 0.000378584 0.00246006 0.00573128 0.00157195 -0.00476738 -0.00705481 0.00263512 0.0061421 -0.00311233 0.0160978 0.00365689 0.00278717 0.00288279 0.0027193 -0.0265556 0.0192883 0.0207968 -0.00539515
internal_weight=82485.8 76277.2 76229 73874 2355.02 1837.73 913.957 517.298 923.768 73851.3 33234.5 40616.7 413.503 6208.62 1323.05 4885.57 784.582 686.621 1020.07 634.232 385.833 302.985 563.011 4100.99 4091.51 4063.75 48.1499 259.611 249.023 632.41
internal_count=520221 485122 483353 470343 13010 9461 4546 3549 4915 470181 206332 263849 3162 35099 7558 27541 4089 3289 6042 3817 2225 1516 3529 23452 23410 23243 1769 1170 1130 3066
is_linear=0
shrinkage=0.035


Tree=82
num_leaves=31
num_cat=0
split_feature=9 7 7 7 7 7 2 7 7 7 7 2 2 7 7 7 0 1 9 7 7 7 7 5 5 7 4 5 2 7
split_gain=25.7365 34.1446 25.3748 70.3656 56.7554 55.7381 54.0997 33.6368 37.4235 31.4436 42.986 30.4252 28.748 26.5606 25.2836 24.1812 23.1683 27.8641 23.1728 98.2823 94.5912 22.3223 20.6321 18.8879 18.6908 17.0702 16.0842 13.8337 13.2509 17.5565
threshold=3.1096500158309941 78.280700683593764 63.030187606811531 69.762519836425795 69.49686431884767 63.478757858276374 49.309108734130866 57.292371749877937 57.865306854248054 70.733211517333999 71.72922515869142 50.475614547729499 50.079175949096687 55.817193984985359 62.469350814819343 61.121740341186531 28.000000000000004 49.424125671386726 -1.7202499508857725 35.942852020263679 20.186177253723148 54.481985092163093 74.040325164794936 50.069299697875984 46.284826278686531 85.718479156494155 65.640632629394545 50.079681396484382 3.1099752187728886 48.045326232910163
decision_type=2 2 2 2 2 2 2 2 2 2 2 2 2 2 2 2 2 2 2 2 2 2 2 2 2 2 2 2 2 2
left_child=1 16 7 4 5 24 -7 11 -9 -5 12 23 -11 21 15 -10 17 28 19 -19 -20 -13 -12 -2 -4 -3 -6 -27 29 -1
right_child=2 25 3 9 26 6 -8 8 14 10 22 13 -14 -15 -16 -17 -18 18 20 -21 -22 -23 -24 -25 -26 27 -28 -29 -30 -31
leaf_value=-0.005939224029847247 -0.028765069656451862 -0.010360333194162508 -0.0024992272334599147 -0.010519755427668117 0.020089711330353966 0.035304422356162102 -0.00070022528816193936 -0.032976932839223795 -0.0059141198032086313 0.010391371595862276 -0.0046685117708600643 0.0049075114953616187 0.042197706885995688 0.027287382277522948 -0.023199334623389571 0.01920134937617337 0.0039714588574591989 -0.00042750660714816906 0.033032805878366683 0.0070455207418395659 -0.00038437505408731612 -0.018215044688765881 0.0027773345598544369 -0.0012856734330362253 0.032145848974348946 0.037327667338538296 0.039964474155788667 -0.026808803045337962 -0.0065085126531337278 0.0040925196264330549
leaf_weight=417.68391808122396 55.662309750914574 500.26418781466782 22.028726667165756 259.94629453122616 148.89606928825378 55.470484629273415 555.17780073732138 71.832617171108723 201.85300596803427 146.76596081256866 600.79294301569462 579.83937326073647 45.631994903087616 59.053838640451431 73.714553214609623 60.321474455296993 1694.0746392980218 8977.6904992163181 103.13709044456482 2835.7146174870431 60929.313439773396 55.209764063358307 1877.4187978934497 68.407190352678299 121.61558221280575 15.651647388935091 79.651624351739883 4.7252004742622367 1219.2211480736732 435.48968116939068
leaf_count=2408 192 4043 146 791 414 155 2409 230 1005 744 3156 2002 207 202 229 271 8100 54597 396 13750 399481 205 13276 443 224 149 186 47 7343 2753
internal_value=2.39122e-05 -0.000135802 0.00242198 0.00379889 0.0118996 0.00724201 0.00260085 -0.00196739 -0.0101727 0.0010772 0.00221143 0.00211901 0.0181148 0.00498275 -0.00520833 -6.8065e-05 -7.49567e-05 -0.00016659 -5.26218e-05 0.0013661 -0.000327357 0.00286589 0.00096849 -0.0137753 0.0267999 -0.00906184 0.0271621 0.0216736 -0.00416771 -0.000811437
internal_weight=82272.3 77133 5139.29 3913.4 982.84 754.293 610.648 1225.89 407.722 2930.56 2670.61 818.172 192.398 694.103 335.889 262.174 76612.3 74918.3 72845.9 11813.4 61032.5 635.049 2478.21 124.07 143.644 520.641 228.548 20.3768 2072.39 853.174
internal_count=519554 493067 26487 21708 3534 2934 2564 4779 1735 18174 17383 3044 951 2409 1505 1276 488828 480728 468224 68347 399877 2207 16432 635 370 4239 600 196 12504 5161
is_linear=0
shrinkage=0.035


Tree=83
num_leaves=31
num_cat=0
split_feature=6 6 5 10 5 11 4 4 11 5 10 5 2 9 2 5 2 2 10 2 6 5 4 6 5 9 10 2 10 1
split_gain=31.763 25.6225 22.5264 20.7449 76.4718 46.4489 42.1419 50.5813 42.0372 38.6187 28.6919 34.8437 35.2221 33.1583 27.9162 27.6887 20.0939 26.2692 67.273 54.1313 18.0573 34.8936 17.7923 16.3108 15.9491 10.75 14.2462 9.22554 7.75038 7.64975
threshold=98.581562042236342 23.482285499572757 50.080970764160163 -0.53928416967391957 43.508358001708991 42.923349380493171 42.916437149047859 55.167417526245124 62.44075012207032 45.45686340332032 -3.2385629415512081 44.901058197021491 53.796842575073249 -4.0630500316619864 52.689496994018562 46.269800186157234 47.475122451782234 50.078802108764656 3.3891690969467168 51.59552192687989 3.2703125476837163 46.023597717285163 44.320077896118171 99.693408966064467 50.081102371215827 -1.0000000180025095e-35 5.504620075225831 50.051733016967781 0.69654214382171642 30.226054191589359
decision_type=2 2 2 2 2 2 2 2 2 2 2 2 2 2 2 2 2 2 2 2 2 2 2 2 2 2 2 2 2 2
left_child=1 2 16 10 6 9 -5 -8 -7 -6 11 22 -13 14 -12 -15 20 18 -18 -19 21 -1 -3 25 -4 26 27 -2 -22 -26
right_child=23 3 24 4 5 8 7 -9 -10 -11 13 12 -14 15 -16 -17 17 19 -20 -21 28 -23 -24 -25 29 -27 -28 -29 -30 -31
leaf_value=-0.0021957030744626086 0.030959454519572282 -0.0077722025933776228 -0.029355744741363904 0.0029212425722436423 0.012102186257895383 -0.0011536648597606366 0.10947047538933605 0.023847763374085139 0.0017617035023687214 0.0021824362654828452 -0.0077316199437212378 0.0010751957882587794 -0.0051623985880590671 -0.0035535498421410757 0.024950680933143218 -0.00012868787541783704 -0.003187169727044332 0.0043924738620875889 0.0078153644194753277 0.00012627248902514555 0.012220323526600033 0.051342027567516352 -0.03832677110291096 -0.027222059463701799 -0.0088844391173175333 -0.010071174007770797 0.032320008032024741 -0.0039664720467471968 0.0019352251728869678 -0.0015964419261375491
leaf_weight=27.183124594390392 8.7360967844724637 57.640098549425602 28.147000096738338 23.185083575546741 540.76055400073528 23057.309396602213 15.583694487810133 19.210248231887817 8216.2122163288295 4326.2733384519815 46.528629519045353 9656.854165893048 1251.8607404977083 8817.6846824884415 97.834908455610275 4309.084002263844 3711.9257818236947 6151.5083395913243 832.61375198513269 8942.7773187309504 145.89876951277256 31.438740074634552 39.95629671216011 46.752011727541685 218.80126831680536 360.13904803618789 13.977105066180227 293.92812678962946 237.41764491051435 921.11303182691336
leaf_count=182 26 240 240 103 3882 159033 41 47 45085 27194 252 56582 8018 54391 587 35167 22767 37340 4523 47506 664 58 111 1775 1268 3195 99 2532 1036 6551
internal_value=-5.56209e-05 8.96722e-06 0.00105453 -0.000358296 0.000172407 0.000107335 0.0400619 0.0639921 -0.000387487 0.00328783 -0.00114986 0.000170787 0.000358415 -0.0022456 0.0143843 -0.00242989 0.00132968 0.00116298 -0.00116881 0.00186552 0.00870598 0.0267033 -0.0205624 -0.00735263 -0.00366731 -0.0059392 -0.00120401 -0.00285635 0.00588548 -0.00300673
internal_weight=82448.3 81724.8 21248.8 60476 36198.5 36140.6 57.979 34.7939 31273.5 4867.03 24277.4 11006.3 10908.7 13271.1 144.364 13126.8 20080.8 19638.8 4544.54 15094.3 441.938 58.6219 97.5964 723.532 1168.06 676.78 316.641 302.664 383.316 1139.91
internal_count=520495 512868 122135 390733 235385 235194 191 88 204118 31076 155348 64951 64600 90397 839 89558 114076 112136 27290 84846 1940 240 351 7627 8059 5852 2657 2558 1700 7819
is_linear=0
shrinkage=0.035


Tree=84
num_leaves=31
num_cat=0
split_feature=6 5 2 11 7 5 7 2 7 11 7 10 2 11 10 10 5 10 11 6 11 7 0 5 10 5 13 1 2 2
split_gain=34.5085 29.254 45.6446 109.469 218.65 111.528 102.837 146.927 97.516 81.0417 159.099 227.044 109.256 63.8081 63.4561 55.1644 32.5981 101.68 67.2851 32.4791 31.4327 26.739 40.265 34.453 25.2846 21.1515 25.8598 20.4243 20.1548 48.1436
threshold=50.411310195922859 46.666610717773445 51.59552192687989 50.668849945068366 35.319665908813484 45.45686340332032 57.292371749877937 50.475614547729499 59.142082214355476 55.928649902343757 65.665817260742202 -1.7742630839347837 51.641031265258796 50.049350738525398 -10.341341495513914 4.2651145458221444 47.163959503173835 -1.9055746197700498 35.485849380493171 74.854026794433608 57.429449081420906 73.50925445556642 1.0000000180025095e-35 50.079301834106452 22.41047286987305 91.413898468017592 2.353266835212708 74.418540954589858 51.59552192687989 51.635154724121101
decision_type=2 2 2 2 2 2 2 2 2 2 2 2 2 2 2 2 2 2 2 2 2 2 2 2 2 2 2 2 2 2
left_child=25 2 3 6 -5 -6 7 -2 -8 12 11 -11 13 -4 -12 -14 17 -3 19 -19 24 22 -22 -23 27 28 -27 -18 -1 -30
right_child=1 16 9 4 5 -7 8 -9 -10 10 14 -13 15 -15 -16 -17 20 18 -20 -21 21 23 -24 -25 -26 26 -28 -29 29 -31
leaf_value=0.001628688933041775 0.012721805289466495 0.0023522661856700379 0.024382496819053284 0.080367662357193503 -0.0010152909588212633 -0.0082814793630000723 0.035395824166888197 -0.011688799822512207 0.0068622456265252478 0.050340142451053643 0.071725903578115702 0.0064907538180441898 -0.0025063266396478517 -0.0026098116117539488 -0.0196665826710491 0.0049381594550593766 -0.001011044765651414 0.05178822432237102 0.010842333008787119 0.13518886825852919 0.010068322069642985 -0.01179144363025538 2.4371877634827659e-06 0.0032975179079239589 -0.041325908021147634 -0.0039497063819963901 0.0038990944536049349 0.0061194411756562766 -0.013131131561902104 0.00031649535919564293
leaf_weight=23442.651898689568 460.62206424213946 195.2967777531594 319.38391752541065 36.330398015677929 5092.3109367750585 5265.9958270862699 168.06785970926285 873.20568920858204 1135.2362178340554 157.82115332782269 8.8035860136151296 1657.0824902169406 10746.289063265547 160.4625507928431 298.98727019131184 1374.1062938962132 6957.764771360904 13.262628957629206 20.449984684586525 12.884282544255255 1177.4455567430705 270.48965519666672 831.92468296736479 583.69394124485552 17.840275779366493 2228.0547815412283 666.92517356574535 528.5822227448225 331.56067770719528 17366.286021716893
leaf_count=148791 2675 973 1718 114 38893 24182 737 4844 6284 935 63 9151 69434 1442 2601 7514 60907 46 88 47 10796 2547 4046 4900 160 12650 3548 3104 1205 95931
internal_value=8.33707e-05 -0.000683898 -0.00128155 -0.00279014 -0.00440614 -0.00471033 0.00357629 -0.00325106 0.0105666 5.33671e-05 0.00637909 0.0103282 -0.00101207 0.0153523 -0.0168507 -0.00166149 0.000878867 0.0135599 0.0595533 0.0959383 0.000581301 0.00370082 0.00590596 -0.001479 -0.000608425 0.000751985 -0.00213856 -0.000506054 0.000955595 6.35828e-05
internal_weight=82399.8 38364.3 27754.7 13031.8 10394.6 10358.3 2637.13 1333.83 1303.3 14722.9 2122.69 1814.9 12600.2 479.846 307.791 12120.4 10609.6 241.894 46.5969 26.1469 10367.7 2863.55 2009.37 854.184 7504.19 44035.5 2894.98 7486.35 41140.5 17697.8
internal_count=520326 258201 170587 77729 63189 63075 14540 7519 7021 92858 12750 10086 80108 3160 2664 76948 87614 1154 181 93 86460 22289 14842 7447 64171 262125 16198 64011 245927 97136
is_linear=0
shrinkage=0.035


Tree=85
num_leaves=31
num_cat=0
split_feature=6 2 6 2 5 9 7 7 7 7 9 7 9 7 7 5 10 10 5 10 5 5 2 7 2 5 2 7 9 10
split_gain=31.9108 22.9317 22.5896 28.5273 23.3753 22.1616 26.6058 60.1626 38.8717 26.2574 103.802 58.1642 39.8615 59.8865 41.5309 37.2827 24.5151 23.1001 22.591 22.2095 20.5668 17.1112 14.6893 40.4741 34.4047 32.7465 20.9391 14.4872 43.9902 19.7197
threshold=95.145130157470717 53.672307968139656 4.831806182861329 47.475122451782234 46.023597717285163 2.4200500249862675 38.011922836303718 39.775512695312507 35.319665908813484 67.301731109619155 -0.24074999988079068 69.762519836425795 1.2618499994277956 64.699142456054702 64.699142456054702 45.409994125366218 2.6822456121444707 6.4818570613861093 45.610874176025398 -4.5264384746551505 46.666610717773445 47.163959503173835 53.672307968139656 34.006141662597663 51.59552192687989 45.809911727905281 53.933164596557624 23.291272163391117 -3.2763500213623042 -2.6731227636337276
decision_type=2 2 2 2 2 2 2 2 2 2 2 2 2 2 2 2 2 2 2 2 2 2 2 2 2 2 2 2 2 2
left_child=2 -2 3 4 -1 9 8 18 17 12 15 -12 14 -14 -4 -11 -10 -7 -8 -9 27 -22 23 25 -25 -5 -24 -3 29 -29
right_child=1 20 5 22 -6 6 7 19 16 10 11 -13 13 -15 -16 -17 -18 -19 -20 -21 21 -23 26 24 -26 -27 -28 28 -30 -31
leaf_value=0.0010448589965374494 -0.0046099879381918795 -0.017011715442309321 -0.00047304976687987657 0.022978158454711198 0.036641458905523998 -0.0096456989516208371 0.0019012511196330301 -0.0046665145555419901 0.0040631015823812703 0.042610982383769244 -0.0063693669836907543 -0.00094227933430436194 0.0050549575796799712 -0.004301055631142788 0.0036592640379049745 0.0081616687160271963 -0.030861103413316441 0.01213089027274181 0.04032590762054325 0.0023885637982044351 0.049886161712053366 0.0013868141958806688 -0.012109165744087902 0.003938114952606514 -0.0034004008919498864 0.005234804382940373 0.0045532641981690433 0.019017218848854132 0.00065164400563347334 0.093966926624204361
leaf_weight=39.643771186470985 2647.1327895205468 39.158051908016205 46751.429092697799 195.69161163270473 53.223682455718517 120.18550010025501 26.373417600989342 592.99463123828173 31.770081430673599 39.675380945205688 3490.3433584459126 7892.4682516865432 3942.2293125092983 1062.8335399255157 3181.1369288638234 862.3355100825429 101.3282867372036 116.83013720810413 68.259792372584343 6804.5751708894968 21.300341840833426 15.520379062741993 202.10897921025753 2180.5205712020397 1218.8987348005176 368.52699539810419 168.24986919015646 9.5556560307741183 177.16940569132566 8.4303892105817777
leaf_count=272 23404 362 298496 943 110 508 108 3659 145 323 22632 53406 21907 6361 20851 4538 338 409 224 35945 122 119 926 12573 6591 2270 1221 57 1504 45
internal_value=-2.11653e-05 -0.0036153 0.000110695 0.00254008 0.0216592 -3.24697e-05 0.00172555 0.00217906 -0.00742082 -0.000238209 -0.00170099 -0.00260735 8.87815e-05 0.00306642 -0.000209591 0.00972111 -0.0224981 0.00106372 0.0297964 0.00182163 0.00605529 0.0300934 0.00212487 0.00274899 0.00130457 0.0114251 -0.00452725 0.00215855 0.00609455 0.0570257
internal_weight=82429.9 2918.27 79511.6 4426.86 92.8675 75084.8 7862.32 7492.2 370.114 67222.5 12284.8 11382.8 54937.6 5005.06 49932.6 902.011 133.098 237.016 94.6332 7397.57 271.134 36.8207 4334 3963.64 3399.42 564.219 370.359 234.314 195.155 17.986
internal_count=520369 25613 494756 24906 382 469850 41336 39936 1400 428514 80899 76038 347615 28268 319347 4861 483 917 332 39604 2209 241 24524 22377 19164 3213 2147 1968 1606 102
is_linear=0
shrinkage=0.035


Tree=86
num_leaves=31
num_cat=0
split_feature=6 6 10 5 4 4 4 5 7 10 7 7 5 7 4 5 7 2 2 7 2 2 2 7 2 10 4 7 7 7
split_gain=24.1269 20.0573 28.0091 56.4725 30.874 33.4638 29.6763 59.3399 51.9231 26.6437 79.1727 118.611 63.5702 27.7792 63.4049 23.5648 18.0872 60.815 49.4899 43.1998 56.8718 42.4439 33.5907 33.2747 28.258 25.2858 23.0976 67.964 20.511 17.3156
threshold=98.581562042236342 31.124823570251468 -0.53928416967391957 43.508358001708991 42.916437149047859 55.360511779785163 46.895202636718757 46.057298660278327 20.186177253723148 -6.2426600456237784 24.84964752197266 39.775512695312507 46.620765686035163 20.186177253723148 40.180032730102546 50.080451965332038 34.66917800903321 52.715166091918952 53.672307968139656 36.589582443237312 52.56477355957032 52.258813858032234 50.460123062133796 54.744798660278327 52.873287200927741 11.422029972076418 37.592622756958015 23.291272163391117 22.878716468811039 60.827449798583991
decision_type=2 2 2 2 2 2 2 2 2 2 2 2 2 2 2 2 2 2 2 2 2 2 2 2 2 2 2 2 2 2
left_child=1 16 9 4 -4 -6 7 -5 -8 10 12 -12 -3 14 -11 -15 18 19 21 20 -18 -1 -21 25 -23 -19 27 -20 -28 -25
right_child=-2 2 3 6 5 -7 8 -9 -10 13 11 -13 -14 15 -16 -17 17 23 26 22 -22 24 -24 29 -26 -27 28 -29 -30 -31
leaf_value=0.0005636420858002965 -0.0064166073254226259 -0.019048851181581547 -8.473339458549819e-05 0.006458018710614466 0.087610692810810159 0.017945260444279243 0.048601614869478595 -0.00080948316699527747 -0.00031348529693618789 -0.0067647068677520149 0.01452188147214685 -0.0014295696166501065 0.00015057864787654254 -0.0025208690976257372 0.038083843568276841 0.0010941723381920729 -0.0099524064226415784 -0.0066807514453056209 -0.0044307231481400186 -4.4165835765841145e-05 0.014252655393856525 0.015995779538662193 0.0029942924203141355 0.013630309262525597 0.0059635191066998907 0.017026387418903912 0.0056514249695899885 0.032400010320065828 -0.0048686881620554606 -0.0011810142437561682
leaf_weight=1752.1753121614456 718.68710332270712 346.91360384970903 18.706747874617577 2558.1168387755752 17.862248033285141 16.924655228853226 25.808234453201294 2974.4903393983841 26829.156133294106 87.677673667669296 942.41510232537985 1445.1116785630584 536.47214601933956 15459.412239547819 67.64590310305357 2573.6989234089851 792.46948385238647 2311.6193282157183 189.24422697722912 9353.2890847474337 138.94488435983658 420.11251693964005 8505.7605036273599 161.03313264995813 1927.5072797685862 55.554556980729103 264.30329662561417 89.755338408052921 1563.5412964001298 238.04291441291571
leaf_count=13734 7558 1592 84 15511 44 40 90 19936 176998 424 4857 7965 4031 100885 303 18442 3369 13618 1274 58688 475 1484 45914 1310 8961 230 1731 410 8758 1632
internal_value=-3.53786e-05 2.07564e-05 -0.000372822 0.000275907 0.0359422 0.0550789 0.000215895 0.00254998 -0.00026477 -0.00135383 0.00155288 0.00486668 -0.00739171 -0.00187699 0.0128178 -0.00200451 0.000785099 0.00030534 0.00245 0.00101897 -0.00632495 0.00469063 0.00140264 -0.00453856 0.00776664 -0.00611585 -0.00190692 0.00745162 -0.00334186 0.00479338
internal_weight=82382.5 81663.8 53900.4 32441.1 53.4937 34.7869 32387.6 5532.61 26855 21459.3 3270.91 2387.53 883.386 18188.4 155.324 18033.1 27763.4 21556.7 6206.64 18790.5 931.414 4099.8 17859 2766.25 2347.62 2367.17 2106.84 279 1827.84 399.076
internal_count=520348 512790 351202 212703 168 84 212535 35447 177088 138499 18445 12822 5623 120054 727 119327 161588 125236 36352 108446 3844 24179 104602 16790 10445 13848 12173 1684 10489 2942
is_linear=0
shrinkage=0.035


Tree=87
num_leaves=31
num_cat=0
split_feature=6 6 0 1 10 7 5 9 12 4 7 3 0 10 7 7 7 7 7 5 5 5 9 5 9 10 10 12 7 11
split_gain=25.232 23.1479 23.5657 30.0395 19.8864 39.0348 24.9239 18.7997 29.3106 19.4103 17.2471 24.6501 19.3212 13.585 12.2085 43.891 31.245 40.4733 37.7691 15.5757 14.7899 27.5247 12.8082 12.4299 11.3939 11.0072 10.8267 9.53965 7.92172 7.82183
threshold=99.693408966064467 6.8068408966064462 28.000000000000004 48.565559387207038 0.90706148743629467 53.843322753906257 45.861009597778327 -0.13405000418424604 0.770280420780182 59.102712631225593 49.986120223999031 15.000000000000002 20.800000190734867 -6.2426600456237784 34.419713973999031 32.421426773071296 44.598613739013679 47.595426559448249 49.986120223999031 50.079999923706062 50.078802108764656 45.565744400024421 0.36595000326633459 45.558958053588874 -3.4302499294281001 -1.0384084582328794 7.0411381721496591 94.147174835205092 25.586957931518558 57.040950775146491
decision_type=2 2 2 2 2 2 2 2 2 2 2 2 2 2 2 2 2 2 2 2 2 2 2 2 2 2 2 2 2 2
left_child=1 14 3 10 6 -6 -5 8 25 -10 12 -12 -3 -9 15 22 20 29 -19 23 21 -16 24 -17 -1 -4 -2 -15 -24 -18
right_child=26 2 7 4 5 -7 -8 13 9 -11 11 -13 -14 27 16 19 17 18 -20 -21 -22 -23 28 -25 -26 -27 -28 -29 -30 -31
leaf_value=0.0090765442380473255 -0.029702723675085273 -0.0099436609457883053 -0.0095796135454787323 -0.001308859479033232 0.0021027454094753725 -0.00041958555000150109 0.00044613280418392558 -0.026020936860790201 0.016902731407225587 -0.016583453269319107 0.0085601955253953293 -0.0042758472085109075 0.00010104243113895833 0.00020383890056647536 0.0009850952621943041 0.0051655881432988542 0.013703276371785344 -0.011924795720926824 0.002893672499360202 -0.012825848254334022 0.0061637126323256363 -0.010644180795017645 0.039758752357191417 0.022674519793896352 -0.0010355966328029888 0.0050772980593029801 0.044240799800260223 0.0079060575987965967 0.0090215279316830741 0.030184375442365373
leaf_weight=163.54408718645573 43.316125051118433 843.43855856359005 96.991655431687832 23930.719925176352 12535.51901499927 18759.332061138004 16914.320292472839 21.159322090446949 353.83111665397882 21.722398929297924 252.05934944748878 664.33960669487715 322.92166581749916 995.6859482601285 461.22289087623358 66.000256091356277 184.19602329283953 224.24196175485849 3278.6426592320204 19.716377541422844 159.38155817240477 538.95261839032173 14.756625249981878 222.7824876382947 801.63221260905266 174.36747646331787 1.8015409056097258 245.42046966403723 34.9310582280159 45.465312577784061
leaf_count=930 1704 4966 461 146471 76677 119376 119578 76 1457 86 1520 4282 1743 4697 2447 442 1146 1146 18685 156 1280 2601 61 924 4815 966 46 1155 217 205
internal_value=5.89523e-05 7.34995e-05 -9.40906e-05 -0.000192958 -7.31959e-05 0.000590568 -0.000581935 0.00374437 0.00859379 0.0149161 -0.00433615 -0.000733221 -0.0071585 0.00124962 0.00212715 0.00511047 0.00131799 0.00287801 0.00194054 0.0166556 -0.00369608 -0.00527794 0.00158373 0.0187224 0.000676704 -0.000148548 -0.0258784 0.00173665 0.0187741 0.0170898
internal_weight=82392.4 82347.3 76131.8 74222.7 72139.9 31294.9 40845 1909.18 646.913 375.554 2082.76 916.399 1166.36 1262.27 6215.47 1323.36 4892.1 3732.55 3502.88 308.499 1159.56 1000.18 1014.86 288.783 965.176 271.359 45.1177 1241.11 49.6877 229.661
internal_count=520316 518566 483511 474613 462102 196053 266049 8898 2970 1543 12511 5802 6709 5928 35055 7545 27510 21182 19831 1522 6328 5048 6023 1366 5745 1427 1750 5852 278 1351
is_linear=0
shrinkage=0.035


Tree=88
num_leaves=30
num_cat=0
split_feature=6 11 2 2 7 7 6 7 7 9 2 7 9 6 6 2 7 9 7 6 7 2 6 9 12 6 9 6 6
split_gain=30.0321 25.0305 23.8956 34.684 37.0722 34.638 22.3835 32.0248 44.6278 26.8358 23.4915 22.8728 23.2963 22.4474 19.2037 18.5975 18.2534 17.2299 12.8682 10.9426 12.4745 8.51965 7.93091 7.50898 6.19262 5.91653 5.0957 3.85654 1.12193
threshold=99.693408966064467 90.86985015869142 50.664962768554695 49.565883636474616 63.42186355590821 85.718479156494155 50.411310195922859 73.50925445556642 72.941394805908217 -1.6167500019073484 50.078802108764656 79.115924835205092 1.7465500235557558 67.861434936523452 97.85385894775392 49.856487274169929 34.66917800903321 -0.074249997735023485 44.850858688354499 1.6368290781974795 65.665817260742202 53.062788009643562 87.002887725830092 2.2117999792099003 78.629974365234389 48.467041015625007 2.7615000009536748 33.093893051147468 45.742458343505866
decision_type=2 2 2 2 2 2 2 2 2 2 2 2 2 2 2 2 2 2 2 2 2 2 2 2 2 2 2 2 2
left_child=1 6 3 19 25 -6 11 8 10 -9 -8 12 16 -10 -11 -14 -1 -13 21 -3 -21 28 24 -19 -20 -5 -2 -23 -4
right_child=26 2 18 4 5 -7 7 9 13 14 -12 17 15 -15 -16 -17 -18 23 22 20 -22 27 -24 -25 -26 -27 -28 -29 -30
leaf_value=0.001614243147597732 -0.031173113176727652 0.041088437116350407 0.015759058719615276 -0.018550310921511548 0.032088684081248167 0.0034646249613687844 0.0011379641878977908 0.059441393524133301 0.00053271525773534772 -0.0041723327370810385 -0.00099278689219548162 0.041382774004508918 0.0052484354176501897 0.016552048759147359 -0.022485421583521584 0.0012164500155622652 -0.00015945400125605159 -0.018015844645488093 -0.006863016329606543 -0.025062769283205062 0.0021586521975236412 0.0095514122107161845 -0.026028957870648253 -0.0060319286054127657 0.010660981387833984 0.0046590553717218352 0.022756543253523158 -0.01815345789985414 0.030893559191104928
leaf_weight=9596.1781598627567 42.055731305852532 7.3609649986028662 24.182268291711807 29.61770360916853 177.81597553193569 74.037785910069942 8299.3970088995993 7.1982692033052436 173.37363169342279 2331.4135090820491 26790.694575037807 7.944453999400138 2153.0696233063936 283.95304279029369 71.78665155172348 4031.6430636122823 27380.341530956328 78.168125495314598 161.58804413676262 21.627510726451874 255.361586779356 10.780476272106172 22.352484323084354 373.5419335141778 28.132366508245468 22.96444970369339 1.5556675698608149 12.045530065894125 13.083680331706999
leaf_count=57877 1692 32 67 118 802 603 55340 29 1407 17689 176939 43 9767 2588 710 21597 166907 623 961 62 1484 42 134 3068 93 83 55 45 38
internal_value=5.68579e-05 7.24428e-05 0.00600622 0.00996884 0.018164 0.0237394 9.67587e-06 -0.000611729 -0.000346737 -0.00451538 -0.000488614 0.000550568 0.000633486 0.0105059 -0.00472958 0.00262172 0.000300693 -0.00720769 -0.00254475 0.00114392 -7.674e-06 0.0116113 -0.00661737 -0.00814939 -0.0041939 -0.00836493 -0.0287165 -0.0048921 0.0217941
internal_weight=82483.3 82439.7 860.951 588.786 304.436 251.854 81578.7 37957.8 35547.4 2410.4 35090.1 43620.9 43161.2 457.327 2403.2 6184.71 36976.5 459.655 272.165 284.35 276.989 60.092 212.073 451.71 189.72 52.5822 43.6114 22.826 37.2659
internal_count=520895 519148 4564 3184 1606 1405 514584 254702 236274 18428 232279 259882 256148 3995 18399 31364 224784 3734 1380 1578 1546 192 1188 3691 1054 201 1747 87 105
is_linear=0
shrinkage=0.035


Tree=89
num_leaves=31
num_cat=0
split_feature=6 6 11 10 10 7 7 7 7 7 5 7 7 10 10 10 5 5 5 7 7 7 4 5 7 10 4 4 4 5
split_gain=25.036 19.8153 19.8223 38.0163 24.2316 38.9735 23.8708 23.1304 59.9453 31.3487 28.9607 25.2815 21.1487 19.8898 8.32676 14.2922 14.9832 16.0214 10.3271 8.80316 12.6422 11.5312 11.1698 10.3327 8.62727 8.46098 6.74481 11.0567 8.45154 4.97224
threshold=99.693408966064467 3.2703125476837163 66.894851684570327 22.41047286987305 6.6462218761444101 66.137874603271499 78.280700683593764 38.011922836303718 40.298776626586921 35.319665908813484 45.610874176025398 34.419713973999031 69.762519836425795 1.0817691683769228 -1.0000000180025095e-35 0.07230719551444055 46.028558731079109 46.450481414794929 45.610874176025398 66.947052001953139 51.746061325073249 74.912715911865249 48.829933166503913 45.565744400024421 72.941394805908217 -3.6329846382141109 49.043502807617195 50.049926757812507 46.028636932373054 46.117029190063484
decision_type=2 2 2 2 2 2 2 2 2 2 2 2 2 2 2 2 2 2 2 2 2 2 2 2 2 2 2 2 2 2
left_child=1 14 3 4 6 -6 -3 9 10 11 -9 -4 -10 -11 19 26 18 -18 -17 20 23 24 -22 -1 -21 -23 28 -28 -16 -2
right_child=29 2 7 -5 5 -7 -8 8 12 13 -12 -13 -14 -15 15 16 17 -19 -20 21 22 25 -24 -25 -26 -27 27 -29 -30 -31
leaf_value=0.0055149667733308981 -0.033955546187230921 -0.00037884562930379131 -0.0043780024157387158 -0.030476114623541512 0.0047304930075556693 -0.0030756830850332548 -0.011967263429440394 -0.0041317206935478313 0.0036925118817951992 0.013544191150957447 0.036364126351319109 0.026270484476596797 -2.3458813060543041e-06 -0.025571053879258614 0.027386127464805371 0.0044386239142542895 -0.012692556745128871 0.0032023694045944747 0.013705024643116267 -0.0040654258652501815 0.014931692428654291 -0.0026180430915698854 0.0028835006244149995 -0.0024425203737184248 -0.020402499344934918 0.02667359896793315 0.055748858028422707 0.016209120862948585 -0.011882582771095516 -0.005643477562260751
leaf_weight=290.27293635904789 30.742483073845506 66946.770545307547 197.95509546250105 50.257564678788185 2690.3776318207383 1103.4877526313066 217.70347428694367 27.881845936179161 3273.953869484365 17.637267515063286 89.232389152050018 38.712720461189747 4503.8221924677491 117.70610572397709 11.243843995034696 777.5234724059701 118.06337057054043 222.49281822890043 183.02503538876772 189.92620876431465 152.29579219967127 24.569705754518509 251.54407209157944 637.20779287815094 50.075084537267685 22.023350857198238 12.551362030208109 30.202909655869007 14.196660131216047 11.322212661616502
leaf_count=1489 1190 435218 785 403 13345 7082 1702 126 13494 77 271 121 28525 423 61 4460 289 1714 775 1018 764 164 1448 3691 336 145 91 156 92 554
internal_value=-4.20872e-06 9.64039e-06 -9.5733e-05 -0.00028466 -0.000262835 0.00245797 -0.000416654 0.00152608 0.00192889 -0.00698944 0.0267011 0.000677431 0.00155228 -0.0203727 0.00280769 0.00481709 0.00398447 -0.00230438 0.00622148 0.0011012 0.00230274 -0.00444685 0.00746494 4.2994e-05 -0.0075596 0.0112962 0.0203709 0.0287883 0.00551191 -0.0267459
internal_weight=82304.8 82262.7 79275.5 71008.6 70958.3 3793.87 67164.5 8266.9 7894.89 372.011 117.114 236.668 7777.78 135.343 2987.21 1369.3 1301.1 340.556 960.549 1617.91 1331.32 286.594 403.84 927.481 240.001 46.5931 68.1948 42.7543 25.4405 42.0647
internal_count=520009 518265 501572 457750 457347 20427 436920 43822 42416 1406 397 906 42019 500 16693 7638 7238 2003 5235 9055 7392 1663 2212 5180 1354 309 400 247 153 1744
is_linear=0
shrinkage=0.035


Tree=90
num_leaves=31
num_cat=0
split_feature=6 6 2 2 2 4 4 5 5 2 2 7 2 0 1 0 7 7 6 2 11 2 7 6 0 4 1 12 7 11
split_gain=27.6917 22.435 21.2994 80.0429 63.2227 111.996 101.036 30.7518 127.746 29.4981 25.3301 22.7785 22.6787 16.5452 17.4215 17.3873 24.6151 20.5799 12.7743 28.2415 12.5527 12.3641 23.1804 16.9794 12.1868 11.7453 11.5898 10.1802 9.62297 5.10676
threshold=99.693408966064467 86.215801239013686 50.459417343139656 50.510725021362312 50.408788681030281 46.597211837768562 59.102712631225593 45.661050796508796 45.72456359863282 48.029621124267585 46.684959411621101 34.419713973999031 50.081499099731452 42.399999618530281 48.94087219238282 20.800000190734867 48.710355758666999 49.822107315063484 3.2703125476837163 48.029621124267585 13.683300018310549 50.475614547729499 66.137874603271499 87.732116699218764 62.399999618530281 62.830423355102546 36.893817901611335 58.18237495422364 30.476851463317875 69.251052856445327
decision_type=2 2 2 2 2 2 2 2 2 2 2 2 2 2 2 2 2 2 2 2 2 2 2 2 2 2 2 2 2 2
left_child=1 13 4 21 9 -6 -7 11 -9 10 -3 -5 -11 14 15 16 -1 -17 19 -16 -20 22 -4 -23 26 -26 28 -28 -15 -2
right_child=29 2 3 7 5 6 -8 8 -10 12 -12 -13 -14 24 18 17 -18 -19 20 -21 -22 23 -24 -25 25 -27 27 -29 -30 -31
leaf_value=-0.0092378454825854366 -0.031306365851190836 0.0034071236050031094 0.039269885789171066 -0.011498016653507807 0.12209492620562647 -0.011372915598234702 0.061708289863229564 0.023410928688291779 -0.0022892422930734465 0.0016029087950262624 -0.01585741168029213 -0.003061026634522577 -0.0092497951771938758 0.031806267613098002 0.018756371874997502 0.0047636435238485545 -5.7585407812084712e-05 -0.0038471100894021115 0.004346175891130376 0.001812515232102822 0.00013378161456493808 0.0022145369310471973 -0.021600850652587586 -0.034803605696255076 0.014142453088742537 -0.026772646871786477 0.024899349591120661 0.0089606417983088688 -0.0036204952242884455 0.022784720654499414
leaf_weight=809.76528703421354 38.933180375955999 122.89795276150107 8.8624824248254281 451.00673975050449 12.385408103466032 67.681448489427567 34.20800706744194 274.83609190583229 1684.9031314849854 2942.3952006064355 255.63861265033484 3019.3132538273931 255.52515979856253 9.5791614130139333 125.16707976907492 658.79558698087931 643.3014885187149 700.7103555649519 877.48956027626991 2854.5101890489459 65943.241911530495 16.735281497240067 35.864939287304878 126.11849308013916 12.678269803524016 22.679591432213783 69.333160310983658 178.38131698220968 97.747467525303364 1.5552825219929207
leaf_count=4808 1677 924 113 3111 34 338 79 1343 9305 26420 1794 24089 1884 40 539 3260 4197 3751 5107 16040 408835 48 322 420 53 87 297 765 415 56
internal_value=-1.49307e-06 1.27961e-05 -0.00160525 -0.00296231 0.000458629 0.0259946 0.0133845 -0.00218246 0.00131949 -0.000360969 -0.00959042 -0.00416192 0.000731454 0.000219217 0.000180442 -0.00251964 -0.00518065 0.00032073 0.000289369 0.00253147 0.000189255 -0.025395 -0.0089078 -0.03043 0.00739825 -0.0119198 0.00936424 0.0135157 -0.0001819 -0.0286578
internal_weight=82352.2 82311.8 9308.37 5617.64 3690.73 114.275 101.889 5430.06 1959.74 3576.46 378.537 3470.32 3197.92 73003.4 72613 2812.57 1453.07 1359.51 69800.4 2979.68 66820.7 187.581 44.7274 142.854 390.399 35.3579 355.041 247.714 107.327 40.4885
internal_count=520151 518418 70224 38751 31473 451 417 37848 10648 31022 2718 27200 28304 448194 446537 16016 9005 7011 430521 16579 413942 903 435 468 1657 140 1517 1062 455 1733
is_linear=0
shrinkage=0.035


Tree=91
num_leaves=31
num_cat=0
split_feature=6 7 11 7 2 7 7 2 2 2 7 7 7 2 2 2 9 7 2 9 7 2 5 11 6 2 5 13 13 1
split_gain=22.9072 21.2933 37.3402 79.9097 32.7374 48.1289 37.8882 36.6889 31.9834 32.3632 28.9366 27.0454 25.5653 24.1829 21.4719 24.1673 24.1219 17.8822 16.8356 16.5445 18.2035 18.4536 24.6813 23.5103 14.7666 35.1155 25.6117 13.8128 18.9322 17.058
threshold=87.732116699218764 71.315780639648452 61.388650894165046 71.191276550292983 50.069204330444343 68.936416625976577 69.86682510375978 53.755762100219734 52.73198318481446 53.268644332885749 68.408538818359389 34.66917800903321 60.380186080932624 53.830442428588874 50.589962005615241 50.080322265625007 4.4084999561309823 73.705352783203139 46.85585021972657 6.0667500495910653 83.923740386962905 50.079050064086921 50.079681396484382 77.268501281738295 3.2703125476837163 47.475122451782234 46.023597717285163 2.353266835212708 2.5320513248443608 49.806928634643562
decision_type=2 2 2 2 2 2 2 2 2 2 2 2 2 2 2 2 2 2 2 2 2 2 2 2 2 2 2 2 2 2
left_child=19 2 4 8 5 10 -7 11 12 -10 -2 -6 -4 -9 15 16 18 -18 -3 20 24 -22 23 -23 25 26 -1 29 -29 -26
right_child=1 14 3 -5 7 6 -8 13 9 -11 -12 -13 -14 -15 -16 -17 17 -19 -20 -21 21 22 -24 -25 27 -27 -28 28 -30 -31
leaf_value=0.00085490142126908898 0.0085051318649512816 -0.027843606213959184 -0.008093053254316614 0.072280066537009025 -0.0084880641555981802 -0.030009527661464107 0.0003723970022754872 0.025608890689093056 0.042118718237120448 -0.0028061778405832406 0.035836077923509936 -0.0024907003939499415 0.0055954724950411771 0.0028222191788735197 -0.023120119387301206 0.017242849512880621 -0.027512960242737066 0.015700194610116038 -0.0073100168780522714 0.0055460221629686024 -0.025205436128313257 0.041611869252160046 -0.032096963605680144 -0.0060894491891816203 -0.0027560875351674906 0.0020455639890313154 0.0476269170010361 0.027629798791744518 0.0032564714595737878 0.00013191004563480854
leaf_weight=24.289544895291328 412.78737177606672 52.83209106978029 230.75769665837288 20.615320593118668 1220.0653338683769 64.290960357524455 219.00474786944687 63.792855869047344 49.617052145302296 31.569057613611221 53.271051520481706 3782.1603554449975 598.43734371569008 502.43142953608185 88.437870766036212 54.882487506605685 12.78877406567335 83.286940611898899 619.45890653692186 704.07288884371519 68.936298608779907 20.257180966436863 19.973956152796745 30.800008594989777 2602.0833231136203 2917.1388157606125 35.453506544232368 40.218649417161942 867.4871316999197 66842.77159319818
leaf_count=157 3417 374 1167 123 9393 507 1457 417 152 156 260 30938 3340 4156 833 598 52 655 5971 3663 628 197 190 296 14749 16310 63 191 4552 415220
internal_value=1.53824e-05 -0.0017445 -0.00110892 0.00542992 -0.00207416 0.00478677 -0.00656291 -0.00299926 0.0038463 0.0247075 0.0117001 -0.00395601 0.00177351 0.0054343 -0.00678493 -0.00500088 -0.00661508 0.00969607 -0.00896523 0.000209114 0.000157814 -0.0124156 4.20584e-05 0.0130513 0.000182045 0.00259629 0.0289892 7.9761e-05 0.00436749 2.35661e-05
internal_weight=82334 8160.49 7248.8 930.996 6317.8 749.354 283.296 5568.45 910.381 81.1861 466.058 5002.23 829.195 566.224 911.687 823.249 768.367 96.0757 672.291 74173.5 73469.4 139.967 71.0311 51.0572 73329.4 2976.88 59.7431 70352.6 907.706 69444.9
internal_count=520182 63966 55483 4938 50545 5641 1964 44904 4815 308 3677 40331 4507 4573 8483 7650 7052 707 6345 456216 452553 1311 683 493 451242 16530 220 434712 4743 429969
is_linear=0
shrinkage=0.035


Tree=92
num_leaves=31
num_cat=0
split_feature=6 5 5 10 2 4 9 2 10 4 2 10 11 2 11 5 10 4 13 6 5 10 4 10 10 5 5 10 4 5
split_gain=20.9345 26.5662 46.5091 71.6029 69.1509 121.15 96.1676 122.083 108.04 46.0956 175.586 38.0406 37.8013 34.6994 30.9117 29.597 91.21 53.4154 27.4232 26.721 24.2006 27.1818 23.367 22.121 20.699 20.4276 66.3646 86.6315 27.2059 31.2063
threshold=50.411310195922859 46.666610717773445 46.023597717285163 -11.258804321289061 50.619283676147468 45.008037567138679 -0.82144999504089344 51.641031265258796 -2.2745329141616817 42.541114807128913 53.062788009643562 0.90706148743629467 51.871450424194343 53.98773384094239 57.429449081420906 47.163959503173835 -1.6410641074180601 43.810092926025398 2.353266835212708 56.734876632690437 50.051733016967781 -2.725619792938232 55.781038284301765 22.41047286987305 22.41047286987305 45.565744400024421 45.596515655517585 -8.4042339324951154 45.114046096801765 45.558958053588874
decision_type=2 2 2 2 2 2 2 2 2 2 2 2 2 2 2 2 2 2 2 2 2 2 2 2 2 2 2 2 2 2
left_child=25 2 3 13 5 -4 7 -6 -8 10 -5 -11 -7 19 15 16 -3 -18 23 -2 21 -16 -22 -17 -24 28 27 -27 -1 -30
right_child=1 14 4 9 6 12 8 -9 -10 11 -12 -13 -14 -15 20 18 17 -19 -20 -21 22 -23 24 -25 -26 26 -28 -29 29 -31
leaf_value=0.0054618545197491998 -0.0063357848447425829 0.002622274628871732 0.079413645040514319 -0.0083197372521708456 0.021922747532162713 0.00043254361945646515 0.044074133865634822 -0.010380658106289038 0.0033945173360868659 -0.0025893111254789536 0.018154683567905748 0.00029936015186954443 -0.014960713439328506 -0.023716746610162109 0.079540422203072628 -0.00082492732145241442 0.098290648226754332 0.01183158916984412 0.018127853008983525 0.033215279426042126 0.0079518135789933692 0.014956852232208937 0.0008803380506814569 -0.040534114592525129 0.043380511003853636 0.027624480984343034 -2.6496791424954745e-05 -0.028127249018031059 0.00050733601789716351 0.0059840992008401914
leaf_weight=1755.3950109034777 24.234201431274414 207.29533091746271 17.08194001019001 573.90184571221471 159.30599950253963 235.79547517001629 86.426253955811262 1360.7023219484836 973.18114830553532 11141.772690793499 657.36890981532633 11187.697953510098 1115.1668150238693 17.689781331457198 9.1539611890912038 7372.248267987743 20.614455610513687 15.561010986566542 92.952944837510586 131.70568381249905 956.73581589199603 45.970590868033469 1836.2425621021539 16.434114407747984 13.356209367513655 40.443340346217155 23153.079203248024 197.67752441763878 17518.347074650228 1374.1764421463013
leaf_count=8594 101 1010 40 2220 379 619 261 7090 2771 73512 4349 75453 2965 157 75 63414 69 66 530 624 8701 396 13004 156 95 74 139775 1042 108755 3760
internal_value=-2.84495e-05 -0.000627316 -0.0011977 -0.000612198 -0.00471525 -0.0110745 -0.00133766 -0.00698071 0.00674988 -0.000777866 0.00581174 -0.00114173 -0.0122701 0.0217284 0.000863444 -0.000286848 0.0117005 0.0623499 -0.000679092 0.0270231 0.00397055 0.0267912 0.00351229 -0.000918576 0.00120964 0.000491789 -0.000216177 -0.0185681 0.00129413 0.000906304
internal_weight=82307.7 38268.6 27682 23734.4 3947.66 1368.04 2579.62 1520.01 1059.61 23560.7 1231.27 22329.5 1350.96 173.63 10586.6 7725.11 243.471 36.1755 7481.64 155.94 2861.46 55.1246 2806.33 7388.68 1849.6 44039.1 23391.2 238.121 20647.9 18892.5
internal_count=520057 258057 170541 156416 14125 3624 10501 7469 3032 155534 6569 148965 3584 882 87516 65245 1145 135 64100 725 22271 471 21800 63570 13099 262000 140891 1116 121109 112515
is_linear=0
shrinkage=0.035


Tree=93
num_leaves=31
num_cat=0
split_feature=9 7 7 7 7 10 5 5 7 7 7 10 10 5 5 5 7 7 5 6 7 5 5 5 5 6 5 5 5 10
split_gain=21.4621 107.382 88.5768 52.3053 48.8436 56.7025 43.3615 56.6653 34.7991 110.478 90.5409 32.1263 31.0364 49.8676 52.6093 49.5524 60.8961 34.5566 28.2794 27.1508 27.0371 26.1225 24.3405 44.5025 42.5697 23.7544 32.6028 71.4812 65.5073 48.9442
threshold=-1.7202499508857725 21.006519317626957 64.699142456054702 25.586957931518558 65.378646850585952 -6.2426600456237784 46.620765686035163 46.584453582763679 59.565095901489265 57.292371749877937 56.244001388549812 -2.5692464113235469 -4.3425676822662345 47.163959503173835 46.859218597412116 47.163959503173835 20.186177253723148 23.790318489074711 50.079809188842781 21.125327110290531 65.11395645141603 47.499412536621101 46.028558731079109 45.596515655517585 50.051519393920906 73.686916351318374 46.269800186157234 45.758811950683601 46.284826278686531 6.0274863243103036
decision_type=2 2 2 2 2 2 2 2 2 2 2 2 2 2 2 2 2 2 2 2 2 2 2 2 2 2 2 2 2 2
left_child=2 6 3 12 5 -4 7 11 9 10 -5 -2 15 14 -14 16 -1 -17 21 -11 -7 -8 23 -6 -24 -3 27 29 -28 -27
right_child=1 25 4 8 22 20 18 -9 -10 19 -12 -13 13 -15 -16 17 -18 -19 -20 -21 -22 -23 24 -25 -26 26 28 -29 -30 -31
leaf_value=-0.02594232100618106 0.046356908003245274 9.7550828690371132e-06 0.082536976920978472 0.002918174110313906 0.014716959765494499 0.045668217648306753 0.016299934091267149 0.068035185669857612 -0.012387464364258307 0.014434363567070244 -0.033450492793919769 -0.025128410672208376 0.0042883543593221427 -0.0047303323693090741 0.057053844816881562 0.0037142652833717098 -0.0059620277226744038 -0.012892789960411315 0.039351695577130176 0.048970396806298326 -0.024538228612613063 -0.03708573020284079 0.081509835008384102 -0.037196483901096804 0.009391812369776752 -0.0021538342332256075 0.070399042303708109 -0.0086879515726826593 0.00089524222079285208 0.0053633405509655955
leaf_weight=228.61599237285554 13.186595380306246 53304.11807628721 30.010588377714157 7165.2173707708716 134.31321229785681 12.764651417732241 23.491532422602177 52.235661625862122 182.37357624620199 46.528601504862309 84.024135038256645 16.280529007315636 1338.6638997523114 1130.942969288677 22.789434671401978 849.06270967051387 1022.0210292963311 186.47025686129928 22.377827793359756 75.220950782299042 12.47047423571348 20.004230372607708 15.493973612785338 22.959964834153652 27.390151284635067 9106.5482236603275 15.882910814136265 1886.7021857080981 4089.4263017699122 1199.7685171104968
leaf_count=1047 95 328404 57 41090 555 43 130 92 875 173 282 107 7497 7627 135 6184 4783 1178 130 332 42 127 30 82 179 67566 71 7848 36037 7308
internal_value=-4.402e-05 -0.000284155 0.00128601 0.000862186 0.0216563 0.0506168 0.0294586 0.0463919 0.0026755 0.00305044 0.00249202 0.00700988 -0.00200258 0.000696473 0.00520972 -0.00494737 -0.00963426 0.000709405 0.00804662 0.0360094 0.0110174 -0.00832111 0.0134583 0.00694405 0.0366237 -0.000347656 -0.00151695 -0.00242542 0.00117951 -0.00127772
internal_weight=82337.4 69750 12587.3 12331.9 255.403 55.2457 147.576 81.7028 7553.36 7370.99 7249.24 29.4671 4778.57 2492.4 1361.45 2286.17 1250.64 1035.53 65.8736 121.75 25.2351 43.4958 200.157 157.273 42.8841 69602.4 16298.3 12193 4105.31 10306.3
internal_count=520106 447915 72191 71203 988 142 681 294 42752 41877 41372 202 28451 15259 7632 13192 5830 7362 387 505 85 257 846 637 209 447234 118830 82722 36108 74874
is_linear=0
shrinkage=0.035


Tree=94
num_leaves=31
num_cat=0
split_feature=9 7 7 10 2 2 2 7 7 10 2 10 9 6 2 10 5 2 2 7 10 2 7 10 6 4 9 6 7 2
split_gain=18.9086 21.3721 48.0704 52.6718 28.779 71.2 25.4173 25.0467 20.5886 28.5972 27.7795 40.6198 21.6299 18.4828 29.1747 18.4321 70.2519 51.8303 41.1121 22.3693 19.8346 18.4073 39.5907 29.1264 17.5295 16.6643 16.5077 15.9401 15.6471 43.9443
threshold=4.7590000629425058 63.42186355590821 64.03334236145021 4.0330011844635019 50.459417343139656 50.306278228759773 49.107086181640632 44.598613739013679 79.115924835205092 4.5100278854370126 50.051733016967781 8.0838499069213885 -0.54905000329017628 4.831806182861329 47.475122451782234 -11.258804321289061 46.474193572998054 53.675346374511726 50.079809188842781 1.0000000180025095e-35 -6.6548156738281241 50.079809188842781 83.923740386962905 16.556191444396976 99.693408966064467 60.001817703247077 0.7600499987602235 51.971612930297859 63.42186355590821 51.59552192687989
decision_type=2 2 2 2 2 2 2 2 2 2 2 2 2 2 2 2 2 2 2 2 2 2 2 2 2 2 2 2 2 2
left_child=8 7 3 -3 5 6 -4 -2 13 12 11 -11 -10 14 26 16 17 -15 -18 20 -17 22 -12 -23 -21 -13 -1 -9 29 -16
right_child=1 2 4 -5 -6 -7 -8 27 9 10 21 25 -14 15 28 19 18 -19 -20 24 -22 23 -24 -25 -26 -27 -28 -29 -30 -31
leaf_value=-0.012618262200429584 0.0085234331917532335 0.072090247751724609 -0.00089558880886463034 0 -0.0056691548288736564 0.047969131057232849 0.011019839969531894 -0.0019554015264607455 0.05331855564029514 0.0016453437595970242 0.00055279318046415012 0.016716428592478714 -0.013600971729176306 0.017963373691628856 0.0085908623813592145 0.0078229936377893841 0.014957280117422009 -0.015737782962156763 -0.010424428820366302 -0.00024384171884960369 0.059488409717639926 0.085458835247307588 -0.038405323833996613 8.0636471527824414e-05 -0.023551970245329606 0.096425414597518994 0.032643162727665827 -0.019348612405695173 -0.0014232130486635918 -0.00015377805471573843
leaf_weight=11.249997392296789 141.95439925044775 26.729895353317261 433.45262333191931 22.829936891794205 261.7602770216763 49.493711367249489 440.79791130125523 147.47829067707062 5.2000421956181517 28.430946841835976 212.05187681317329 5.4374620839953414 374.69680015556514 439.49165068566799 1141.0105988383293 28.176159589551389 97.972991168498993 63.184179975651205 372.25573996268213 74613.368072081357 13.156548351049421 6.4553455263376245 36.752142209559679 15.556917734444141 38.754321507178247 10.122821472585199 56.033651061356068 115.68802073597908 1279.7360112965107 1831.7787476554513
leaf_count=50 475 41 2357 53 1458 123 2662 590 18 208 1990 46 3065 1673 7254 253 590 497 2902 474150 87 57 391 156 1705 79 164 445 7146 9472
internal_value=-2.86255e-05 0.00369066 0.00597993 0.039494 0.0045473 0.00745229 0.00510876 -0.00326928 -0.000104359 -0.00610031 0.00168061 0.0272286 -0.0125565 -5.21338e-05 0.00217424 -0.000179352 0.00460472 0.0136951 -0.00510482 -0.000241808 0.025252 -0.00251158 -0.00527852 0.0275445 -0.000256288 0.0711788 0.0249132 -0.00966345 0.0018082 0.00320163
internal_weight=82321.1 1640.19 1235.06 49.5598 1185.5 923.744 874.251 405.121 80680.9 694.704 314.808 43.9912 379.897 79986.2 4319.81 75666.4 972.905 502.676 470.229 74693.5 41.3327 270.816 248.804 22.0123 74652.1 15.5603 67.2836 263.166 4252.53 2972.79
internal_count=520157 8204 6694 94 6600 5142 5019 1510 511953 6010 2927 333 3083 505943 24086 481857 5662 2170 3492 476195 340 2594 2381 213 475855 125 214 1035 23872 16726
is_linear=0
shrinkage=0.035


Tree=95
num_leaves=31
num_cat=0
split_feature=6 7 4 7 2 2 7 2 2 4 5 2 2 7 7 11 7 11 5 5 2 9 0 1 13 2 11 6 2 11
split_gain=24.3085 23.4318 50.5726 85.1769 32.0462 29.1997 28.1343 25.3428 43.4497 49.2871 39.8034 27.5238 39.2645 22.8648 38.1482 25.33 20.8267 19.1111 15.7851 22.8669 18.0798 13.6562 12.5534 16.1496 21.7316 19.4317 13.1743 12.318 24.9175 11.7138
threshold=86.215801239013686 71.315780639648452 55.073705673217781 71.191276550292983 52.73198318481446 53.062788009643562 60.380186080932624 50.069204330444343 49.856487274169929 46.597211837768562 45.599592208862312 53.796842575073249 53.830442428588874 72.570858001708999 73.50925445556642 63.15895080566407 34.66917800903321 70.36264801025392 50.080322265625007 46.023597717285163 50.081235885620124 7.6709501743316659 40.799999237060554 49.424125671386726 2.2991542816162114 3.1099752187728886 80.381748199462905 39.054794311523445 48.029621124267585 49.554449081420906
decision_type=2 2 2 2 2 2 2 2 2 2 2 2 2 2 2 2 2 2 2 2 2 2 2 2 2 2 2 2 2 2
left_child=21 2 7 4 6 -6 -4 8 9 -2 -10 16 -13 -3 15 -15 -9 -17 19 -16 -20 22 23 24 25 -1 -26 28 -25 -29
right_child=1 13 3 -5 5 -7 -8 11 10 -11 -12 12 -14 14 18 17 -18 -19 20 -21 -22 -23 -24 27 26 -27 -28 29 -30 -31
leaf_value=-0.000188993729169513 0.015248368800110948 -0.016251018539708409 -0.0073917087449514567 0.070352096481678894 0.042370336521962731 0.0070957828297832561 0.0059033665151266611 -0.0073817762542304132 0.024851603432189173 -0.010785590627027893 0.0026168405541838469 0.034501535260175811 0.0015468981986518995 -0.0012981671813085598 -0.0035199000425421771 0.039439283815316903 -0.0024507796168248652 0.0024694181833599545 0.031438279701124762 -0.017476680686683354 -0.017532372458644245 0.0076860849538776055 0.0054430474531008315 0.004975634533410299 0.00678742601359523 -0.0065512563015299114 -0.029228574164158742 0.00051689754099761671 0.00053162529943964092 -0.00075266151294840994
leaf_weight=1071.7865447476506 120.02599074319005 233.61043835617602 266.52413852885365 23.742310784757137 47.94130665063858 72.517051666975021 717.53615753073245 1394.645129153505 167.14487063139677 337.35685947258025 241.43681129906327 47.407149668782949 554.52333498746157 89.817565310746431 365.80458399094641 47.270229551941156 4270.6134905871004 27.437729559838772 24.707577330991626 238.50373791251332 13.635293547064064 299.00435804575682 554.43341667205095 1624.4725291877985 349.45801364630461 1308.5864678472281 12.055964633822439 16095.143186613917 31750.508935257792 19912.953111357987
leaf_count=6056 533 2159 1345 140 132 363 3920 10739 1278 2347 2214 229 4582 1022 3384 487 34631 228 247 1928 111 1789 2358 7976 1947 7691 53 103343 188486 128139
internal_value=1.60507e-05 -0.00166879 -0.00104397 0.00583728 0.00439425 0.0213794 0.00229232 -0.0021339 0.00347242 -0.00392381 0.0117606 -0.00291001 0.00419632 -0.00661709 -0.00380688 0.0111776 -0.00366677 0.0261242 -0.00766308 -0.00905565 0.0138424 0.000230921 0.00020007 0.000159609 -0.00247431 -0.00369055 0.00550514 0.000263825 0.000748254 -0.000184992
internal_weight=82280.6 9302.2 8261.41 1128.26 1104.52 120.458 984.06 7133.15 865.965 457.383 408.582 6267.19 601.93 1040.79 807.177 164.526 5665.26 74.708 642.651 604.308 38.3429 72978.4 72679.4 72125 2741.89 2380.37 361.514 69383.1 33375 36008.1
internal_count=519857 72019 62453 5900 5760 495 5265 56553 6372 2880 3492 50181 4811 9566 7407 1737 45370 715 5670 5312 358 447838 446049 443691 15747 13747 2000 427944 196462 231482
is_linear=0
shrinkage=0.035


Tree=96
num_leaves=31
num_cat=0
split_feature=10 5 5 2 5 5 4 5 5 11 10 1 6 6 9 2 2 10 5 2 6 10 9 9 2 5 6 9 10 6
split_gain=18.6368 71.1029 61.2483 46.5648 54.4585 53.6386 50.1749 44.2067 51.7425 33.1091 22.2694 21.1116 19.9699 18.3725 17.7721 18.9962 26.8362 15.0511 69.8934 42.5411 49.813 44.443 41.4388 21.4648 14.9992 14.0045 12.4604 11.4057 9.82266 9.44741
threshold=-11.258804321289061 46.474193572998054 46.415723800659187 52.410648345947273 45.565744400024421 46.181444168090827 49.70594787597657 47.163959503173835 50.079809188842781 1.0000000180025095e-35 -15.079775810241697 55.192409515380866 63.113315582275398 99.693408966064467 6.0667500495910653 50.664962768554695 48.996879577636726 -0.53928416967391957 43.508358001708991 49.794338226318366 57.146558761596687 -3.1773324012756343 -1.0074500441551206 -1.7202499508857725 50.080451965332038 45.45686340332032 42.989906311035163 -0.9023500084877013 7.0411381721496591 75.256149291992202
decision_type=2 2 2 2 2 2 2 2 2 2 2 2 2 2 2 2 2 2 2 2 2 2 2 2 2 2 2 2 2 2
left_child=1 2 3 4 6 -6 -1 -3 9 26 11 -10 -4 14 17 16 -16 19 22 20 -2 -21 -19 -20 -12 -18 -9 -5 -15 -17
right_child=13 7 12 27 5 -7 -8 8 10 -11 24 -13 -14 28 15 29 25 18 23 21 -22 -23 -24 -25 -26 -27 -28 -29 -30 -31
leaf_value=-0.010064952643578758 -0.00096199077275359248 -0.031002003838070426 0.075237010915477132 -0.011740425305352083 0.04038221532729596 -0.0082857733634029724 0.025218219942465144 0.024681635871686182 -0.020069181449845812 0.0093666088424287242 0.005766825425537388 0.037530338561927508 0.020832871004826746 -0.028011460989737804 -0.00085744626396864186 0.00042841855749018825 0.028467304113367713 0.0037199952139069349 0.0030014843243894537 0.0014036181278045158 -0.0081952654476706733 -0.0014059626713173498 0.056834108439889418 3.442238354117239e-05 -0.01856116683637659 0.011127522699569868 0.077247531965034422 0.025783664091971453 0.041436287467219175 -0.017349761487686754
leaf_weight=122.81917499005795 3129.5591355040669 66.608085595071316 23.849205076694489 112.38182766735554 138.46023479104042 34.055668234825134 81.308745615184307 11.671936914324762 150.18795747868717 91.788804247975349 148.25140518974513 7.4176282137632361 14.267670035362242 37.479367233812809 203.59726565331221 198.09030809253454 76.269111976027489 31.930495776236057 3202.6441258266568 12444.093003697693 1861.0767392702401 15468.679281614721 41.693284451961517 44251.218340724707 38.387317687273026 240.29768656939268 13.334636121988295 10.024235114455221 1.8960901014506806 43.920997336506844
leaf_count=579 15801 236 54 696 256 71 535 77 1389 512 1154 28 40 1714 1273 980 416 151 19080 74026 10249 105321 102 283258 342 1121 109 52 49 257
internal_value=-1.09677e-05 0.00458751 0.0135454 0.0102121 0.0163051 0.0307406 0.00399855 -0.00452543 -0.000638028 0.0193965 -0.00748485 -0.0171382 0.0558995 -7.13764e-05 -5.95807e-05 0.00525681 0.00902463 -0.000110099 0.000288169 -0.000685584 -0.00366166 -0.000153138 0.0341803 0.000234863 0.000667904 0.0153884 0.0545091 -0.00846317 -0.0237345 -0.00281573
internal_weight=82297.3 1064.81 537.167 499.05 376.644 172.516 204.128 527.648 461.04 116.795 344.244 157.606 38.1169 81232.4 81193.1 762.175 520.164 80430.9 47527.5 32903.4 4990.64 27912.8 73.6238 47453.9 186.639 316.567 25.0066 122.406 39.3755 242.011
internal_count=519928 6130 2283 2189 1441 327 1114 3847 3611 698 2913 1417 94 513798 512035 4047 2810 507988 302591 205397 26050 179347 253 302338 1496 1537 186 748 1763 1237
is_linear=0
shrinkage=0.035


Tree=97
num_leaves=31
num_cat=0
split_feature=6 2 7 2 7 2 2 2 2 7 9 0 2 10 7 11 4 6 10 2 10 4 7 7 7 2 10 2 9 10
split_gain=18.1404 24.8163 24.1008 46.4164 51.6495 55.3066 39.9781 29.2942 28.4861 24.6944 19.9007 19.387 26.8783 26.1323 30.0683 22.0763 22.6003 21.6109 20.4885 36.6187 25.4132 19.5776 18.5239 17.7967 20.8978 22.9744 18.3998 15.4689 22.0732 20.6475
threshold=9.1350073814392108 48.029621124267585 63.42186355590821 51.59552192687989 35.942852020263679 53.672307968139656 50.475614547729499 50.434299468994148 50.511508941650398 63.478757858276374 6.0667500495910653 20.800000190734867 47.475122451782234 2.9932075738906865 79.115924835205092 49.020349502563484 24.968491554260257 93.589080810546889 0.90706148743629467 49.666902542114265 -8.9486303329467756 57.157743453979499 56.680021286010749 90.347183227539077 63.42186355590821 50.475614547729499 22.41047286987305 50.460123062133796 -1.9876999855041502 3.3891690969467168
decision_type=2 2 2 2 2 2 2 2 2 2 2 2 2 2 2 2 2 2 2 2 2 2 2 2 2 2 2 2 2 2
left_child=1 -1 3 6 5 -5 7 -3 -8 -4 11 12 13 17 -15 16 -13 -2 20 -20 -14 -18 -6 24 25 -12 -25 29 -29 -11
right_child=10 2 9 4 22 -7 8 -9 -10 27 23 15 18 14 -16 -17 21 -19 19 -21 -22 -23 -24 26 -26 -27 -28 28 -30 -31
leaf_value=0.010541884803993918 -0.00143261034149686 0.0035380358042652361 -0.026336069232262106 0.010064037565701966 -0.0052797066614877547 -0.0032217856854744554 0.031863399162189186 -0.031120315933156721 0.010306742999338177 -0.0054860981027396866 -0.02057294159095735 0.00218736647453341 0.0033818121203575383 -0.013342960706505853 0.0049226076735550961 0.00019627316072359189 0.013881321943161747 -0.030917887047317068 0.0042280175266251538 9.9320453201706541e-05 -0.00091526152524960651 -0.013899309442703397 0.0052489049910507497 -0.04041772661576086 0.012921385621317767 0.0070569492872362815 -0.00073511733367558204 0.043010169283277618 0.0019786521064403192 0.0037859885340813079
leaf_weight=360.11768094450235 2374.0412539020181 1352.3202755823731 48.434983432292938 926.3730004504323 1672.5095423609018 653.38946489989758 83.813279867172241 29.720605731010437 721.93563060462475 1203.2666592523456 53.519554048776627 701.61665500700474 1766.3372362740338 538.05939267575741 137.76306357886642 1979.824797578156 456.5279963389039 30.079361292533576 2929.2865662155673 25870.729830427095 36460.144464016892 32.461682207882404 231.93208713084459 15.342814825475214 393.50671339780092 113.64373879134655 130.25663867592812 15.654872968792914 722.45129265636206 387.78558922559023
leaf_count=1628 13679 10149 164 3775 8833 3745 171 73 3550 7086 194 3734 10173 2802 836 10054 2054 257 17012 166621 242437 139 1669 133 1915 408 1108 69 4094 2250
internal_value=2.03789e-05 0.00156074 0.00115707 0.00239743 -0.00010977 0.00456575 0.0063921 0.00277008 0.0125871 -0.00179883 -0.000154635 -0.000211112 -0.000332276 -0.00352897 -0.00960785 0.00246535 0.00622999 -0.00181459 -0.00018524 0.000519604 -0.000716456 0.0120031 -0.00399214 0.00568869 0.00852245 -0.00180331 -0.00516257 -0.0012767 0.00290401 -0.00322106
internal_weight=82392.8 8409.7 8049.59 5671.99 3484.2 1579.76 2187.79 1382.04 805.749 2377.59 73983.1 73276.9 70106.4 3079.94 675.822 3170.43 1190.61 2404.12 67026.5 28800 38226.5 488.99 1904.44 706.269 560.67 167.163 145.599 2329.16 738.106 1591.05
internal_count=520812 47256 45628 31965 18022 7520 13943 10222 3721 13663 473556 469798 453817 17574 3638 15981 5927 13936 436243 183633 252610 2193 10502 3758 2517 602 1241 13499 4163 9336
is_linear=0
shrinkage=0.035


Tree=98
num_leaves=31
num_cat=0
split_feature=10 7 10 5 7 9 7 7 7 7 10 11 11 7 7 7 7 9 5 2 9 10 2 2 2 11 11 9 10 9
split_gain=21.5532 40.8912 44.6244 29.4499 29.1758 46.6175 43.9199 55.9278 48.7185 43.7969 45.3191 42.6283 28.2841 79.6708 70.5845 91.52 63.1456 85.5945 63.3306 39.9725 38.5533 38.1416 32.2453 61.9459 26.8686 26.8417 41.4494 33.7574 26.0615 25.0897
threshold=1.0116817355155947 28.017315864562992 14.079446315765383 45.447542190551765 75.94882965087892 1.5200499892234804 38.011922836303718 35.319665908813484 39.775512695312507 53.843322753906257 8.8588023185729998 80.381748199462905 31.95575046539307 22.878716468811039 22.878716468811039 24.405713081359867 23.790318489074711 -3.4302499294281001 45.558958053588874 52.73198318481446 -2.9296500682830806 -7.5363545417785636 50.079809188842781 50.078678131103523 53.883504867553718 1.0000000180025095e-35 35.485849380493171 0.80985000729560863 -1.395673334598541 -1.4599500298500059
decision_type=2 2 2 2 2 2 2 2 2 2 2 2 2 2 2 2 2 2 2 2 2 2 2 2 2 2 2 2 2 2
left_child=3 2 25 29 5 9 7 -7 -8 24 -11 -6 13 20 22 -16 17 -15 -18 -17 21 -5 23 -14 -3 -2 -27 -28 -24 -1
right_child=1 4 -4 12 11 6 8 -9 -10 10 -12 -13 14 16 15 19 18 -19 -20 -21 -22 -23 28 -25 -26 26 27 -29 -30 -31
leaf_value=-0.0070844897472079078 0.033116078895059138 0.0017845496837071966 -0.017557916382524175 -0.0015536918973547463 -0.0079258180287298634 0.0029951524507321947 0.023494159082853228 -0.020350150328260787 0.0029491902898492336 -0.0022912814283771172 0.0075021922769686793 0.0035701211324835002 0.019504914868337237 0.029796227192987475 -0.012513438635471602 -0.0004160041098911689 0.015192273599049635 0.003707638905436112 0.00041982850575148189 -0.0031863495691543402 0.012751133789024325 -0.012924334749766049 0.010295460441283499 -0.03735379528521808 -0.0054421545244825323 -0.00051509370279058104 0.017268400524577242 -0.0048701841599282578 0.0298295743439159 0.0030316857585006175
leaf_weight=324.10128066688776 52.795495949685574 10315.492318425328 83.152802381664515 804.49820507224649 1154.6748155234382 284.29442000389099 143.04953190684319 223.70632932335138 8735.9332680320367 10687.561285522766 610.90176238678396 598.92441942729056 50.981680497527122 259.10515914112329 871.17286027595401 28379.470701543614 405.89797919616103 380.71490419469774 2833.8591690678149 8232.9304311908782 135.83429503440857 658.06399938464165 263.65794713702053 42.075633279979229 670.06047752778977 439.79844337608665 504.83735915180296 100.34691432863474 124.13778978493065 3923.8342395918444
leaf_count=2373 381 63807 642 5364 9337 1208 561 910 45698 72978 2848 4086 400 817 4053 181432 2149 1588 13607 50193 1016 4814 1556 369 4947 2585 2820 484 774 36359
internal_value=-4.11029e-05 0.000623729 0.00702261 -0.000523674 0.000397277 0.000640827 0.0027097 -0.0072874 0.00328307 -0.000230423 -0.00176064 -0.00399567 -0.000795777 0.00155457 -0.00113512 -0.00130634 0.00426465 0.0143076 0.00227607 -0.00103921 -0.00501772 -0.00667884 0.0121768 -0.00622829 0.00134276 0.0089023 0.00764786 0.0135844 0.0166151 0.00225702
internal_weight=82295.9 34605.5 1180.93 47690.3 33424.6 31671 9386.98 508.001 8878.98 22284 11298.5 1753.6 43442.4 5477.97 37964.4 37483.6 3879.58 639.82 3239.76 36612.4 1598.4 1462.56 480.853 93.0573 10985.6 1097.78 1044.98 605.184 387.796 4247.94
internal_count=520156 213292 6912 306864 206380 192957 48377 2118 46259 144580 75826 13423 268132 29355 238777 235678 18161 2405 15756 231625 11194 10178 3099 769 68754 6270 5889 3304 2330 38732
is_linear=0
shrinkage=0.035


Tree=99
num_leaves=31
num_cat=0
split_feature=11 10 7 10 7 11 7 10 4 7 7 10 7 7 7 7 7 7 7 7 10 5 2 10 10 7 7 5 10 11
split_gain=17.6569 30.9854 24.8267 43.3956 26.8018 54.6752 36.2327 26.4651 24.8569 21.7437 64.0444 97.2352 168.746 145.667 35.542 35.0783 42.0897 33.8307 33.0821 36.0269 32.476 32.0694 31.0056 33.1852 28.1528 22.735 24.3331 21.0523 16.1581 13.681
threshold=69.787250518798842 22.41047286987305 78.280700683593764 8.8588023185729998 76.706653594970717 52.693250656127937 76.442924499511733 10.569621562957765 56.144704818725593 63.030187606811531 69.762519836425795 6.3144264221191415 63.478757858276374 65.378646850585952 63.478757858276374 57.000656127929695 57.865306854248054 55.979778289794929 70.733211517333999 71.72922515869142 6.1653606891632089 45.419452667236335 51.356193542480476 7.775179624557496 1.7464545965194704 62.469350814819343 60.380186080932624 45.558958053588874 1.7464545965194704 45.768150329589851
decision_type=2 2 2 2 2 2 2 2 2 2 2 2 2 2 2 2 2 2 2 2 2 2 2 2 2 2 2 2 2 2
left_child=1 2 4 29 6 -6 7 -1 -7 15 11 12 28 -14 -13 17 -17 22 -12 20 -20 -16 23 -2 -21 26 -18 -24 -11 -4
right_child=9 -3 3 -5 5 8 -8 -9 -10 10 18 14 13 -15 21 16 25 -19 19 24 -22 -23 27 -25 -26 -27 -28 -29 -30 -31
leaf_value=-0.00022621608824165075 -0.020362423605560943 -0.02635028133222227 0.0265096351142328 0.03420254313400499 0.055964845455513668 0.018765271325477315 -0.022023651401401955 0.0053313698573697567 -0.0031101389820792835 0.084978623441899631 -0.010126010596210436 -0.024492163409841027 -0.018549120654048339 0.020040913199583042 -0.028436362148352122 -0.03055457675253534 -0.0093488311003045391 0.023786627708607892 0.0059759982127077357 0.0048956340413258649 0.03337820668624885 0.0046545272621587742 -0.0034673914121624298 0.0072878705620056652 -0.0021741868893085719 -0.0204496150727571 0.0096339128813649182 0.0087775179124624982 0.050265378951923852 -0.013291585880602304
leaf_weight=74020.381254366599 155.71002258360386 54.660358775407076 10.069318555295466 25.748781926929951 28.312832519412041 102.96517438814044 92.064320232719183 1063.8631242197007 162.99140082020313 25.656622096896172 326.79401923716068 75.175687126815319 155.22367794811726 514.95653062313795 38.794613428413868 93.262675762176514 174.32373007386923 78.564875923097134 180.04679752886295 1097.9709393661469 75.089799389243126 379.24503144621849 293.82027421146631 79.559104315936565 1852.9124817494303 86.737209253013134 155.92305544763803 410.8953942656517 73.13902336359024 354.23381689097732
leaf_count=475833 726 444 39 230 93 571 870 5264 855 62 1039 218 588 1995 305 336 799 253 985 7194 317 1320 1350 288 12643 289 838 1221 176 2930
internal_value=-4.97964e-05 -0.000197903 -0.000178689 -0.00897727 -0.000133028 0.0103944 -0.00017444 -0.000147322 0.00536357 0.00172687 0.00288619 0.00965101 0.0174258 0.011081 -0.00246512 -0.00190432 -0.00938954 0.00184298 0.000465656 0.00154972 0.0141473 0.00151849 -2.31375e-06 -0.0109895 0.000454609 -0.00458957 -0.000363531 0.00366413 0.0599607 -0.0121166
internal_weight=82239.1 75915.3 75860.6 390.052 75470.6 294.269 75176.3 75084.2 265.957 6323.8 4795.01 1262.19 768.976 670.18 493.215 1528.8 510.247 1018.55 3532.81 3206.02 255.137 418.04 939.985 235.269 2950.88 416.984 330.247 704.716 98.7956 364.303
internal_count=520071 487129 486685 3199 483486 1519 481967 481097 1426 32942 26842 4664 2821 2583 1843 6100 2262 3838 22178 21139 1302 1625 3585 1014 19837 1926 1637 2571 238 2969
is_linear=0
shrinkage=0.035


Tree=100
num_leaves=31
num_cat=0
split_feature=6 9 6 2 2 5 4 2 2 2 2 2 5 5 5 5 6 2 6 12 4 5 6 4 6 4 2 1 0 5
split_gain=21.7791 18.4205 18.6868 27.0556 31.843 22.7722 30.0317 20.1386 15.9194 68.3938 51.3708 27.3446 25.2595 38.7352 20.6625 19.0094 16.0826 14.5956 13.9498 13.8953 17.6705 13.0854 13.0697 11.5872 10.8576 10.0412 9.6838 8.9577 10.0055 7.69777
threshold=99.693408966064467 3.1096500158309941 85.83111953735353 53.672307968139656 53.537023544311531 46.681980133056648 30.041594505310062 50.081499099731452 50.664962768554695 50.619283676147468 51.225116729736335 51.329244613647468 50.079681396484382 45.45686340332032 45.764883041381843 45.409994125366218 21.125327110290531 54.023538589477546 60.306907653808601 1.0000000180025095e-35 34.832588195800788 46.036748886108406 27.915388107299808 64.45630264282228 39.838054656982429 48.280258178710945 50.051733016967781 30.549678802490238 20.800000190734867 95.505905151367202
decision_type=2 2 2 2 2 2 2 2 2 2 2 2 2 2 2 2 2 2 2 2 2 2 2 2 2 2 2 2 2 2
left_child=1 2 19 4 7 17 -7 -4 9 12 14 16 13 -3 -10 -13 -12 -5 23 27 21 -21 -14 -11 -16 -6 -22 29 -29 -1
right_child=-2 8 3 5 25 6 -8 -9 10 18 11 15 22 -15 24 -17 -18 -19 -20 20 26 -23 -24 -25 -26 -27 -28 28 -30 -31
leaf_value=-0.0033058775082920001 -0.026285198323128471 0.0058209492652346309 0.00021584756308545638 0.0049008050372904375 -0.025423079043170892 -0.022031605949575813 0.024099847643502079 -0.0034137276263093495 -0.0089419218373669763 0.0035379297748597536 -0.0096113909203671011 -0.010836467486268589 -0.00093528866803591602 -0.0019912949901420463 -0.015068309078398822 0.0025146773131466669 0.038643024861006452 -0.0060324907027901236 0.042768418650013795 0.0095863090369318494 -0.00097297798149448863 0.0020449467035800928 0.014291768281366 0.035095862297933628 -0.043232325160116214 -0.0025732130801911072 0.0001893635087667673 -0.0036293064559749181 0.0058231864163683861 -0.010446017711150101
leaf_weight=560.04017876088619 37.917548423632979 1355.5141413472593 3030.5508891716599 516.82074999064207 94.160091012716293 19.481055445969105 116.24707379192114 4885.287016376853 178.91888669133186 33.318746149539948 10.305972442030905 148.58795240521431 88.477985061705112 1819.4288718700409 32.053726360201836 1036.089112341404 36.510269701480865 209.1972928494215 54.39027464389801 332.744269952178 10478.911189496517 1857.337501861155 299.16916342824697 25.145823657512665 40.412062883377075 32.530215933918953 54148.057860329747 361.47006164491177 219.95773932337761 279.82226023077965
leaf_count=3353 1739 9032 27419 3378 586 199 579 34108 861 77 44 1257 665 7547 75 4254 211 2037 94 1339 54522 10819 2274 45 114 312 348188 2313 1271 1765
internal_value=-4.09009e-05 -2.84693e-05 -0.000163963 -0.00167191 -0.00230407 0.00421652 0.017337 -0.00202339 0.00199619 0.00323148 -0.00106097 0.00187994 0.00237611 0.0013425 -0.015456 0.000828024 0.0278904 0.00173764 0.0299653 3.27204e-05 0.000105683 0.003197 0.0108035 0.0175198 -0.0311707 -0.0196638 7.7814e-07 -0.00339059 -3.82593e-05 -0.00570081
internal_weight=82338.9 82300.9 77142.6 8904.27 8042.53 861.746 135.728 7915.84 5158.32 3675.45 1482.88 1231.49 3562.59 3174.94 251.385 1184.68 46.8162 726.018 112.855 68238.3 66817.1 2190.08 387.647 58.4646 72.4658 126.69 64627 1421.29 581.428 839.862
internal_count=520477 518738 492188 68618 62425 6193 778 61527 26550 19734 6816 5766 19518 16579 1050 5511 255 5415 216 423570 414868 12158 2939 122 189 898 402710 8702 3584 5118
is_linear=0
shrinkage=0.035


Tree=101
num_leaves=31
num_cat=0
split_feature=10 7 2 2 5 5 5 2 5 2 7 11 7 7 9 9 7 7 5 2 7 10 10 7 7 10 2 2 11 5
split_gain=16.0174 48.3904 56.5486 60.6528 64.5503 47.7694 82.8922 59.3526 45.4313 77.5295 44.9254 36.4841 35.5123 68.3784 119.746 73.9525 57.3368 47.5685 45.5961 41.4604 35.209 51.3574 31.9102 28.1359 27.1477 27.0562 25.9047 25.3003 22.2857 20.6329
threshold=2.4528429508209233 53.64912414550782 50.091802597045906 50.102197647094734 45.45686340332032 45.45686340332032 45.452220916748054 50.080711364746101 45.764883041381843 51.636827468872077 65.665817260742202 39.956050872802741 42.491350173950202 46.043565750122077 -0.72544997930526722 0.44335000216960913 48.710355758666999 52.608995437622077 45.536170959472663 53.933164596557624 28.017315864562992 14.079446315765383 11.422029972076418 67.020252227783217 42.247739791870124 3.1024001836776738 53.471158981323249 50.081102371215827 1.0000000180025095e-35 45.447542190551765
decision_type=2 2 2 2 2 2 2 2 2 2 2 2 2 2 2 2 2 2 2 2 2 2 2 2 2 2 2 2 2 2
left_child=29 12 5 4 -4 6 23 11 10 -10 -5 -7 20 14 18 16 -15 -17 -14 -16 21 28 24 -3 -22 -8 -24 -9 -2 -1
right_child=1 2 3 8 -6 7 25 27 9 -11 -12 -13 13 15 19 17 -18 -19 -20 -21 22 -23 26 -25 -26 -27 -28 -29 -30 -31
leaf_value=0.0017722920216834699 0.033540909291086683 0.022915275262192177 0.037362954874078265 0.0019707734161895775 -0.034570654006546214 0.028890929919974873 0.0035451111487025703 0.024327889488787939 -0.013876435341179905 0.00043953667562242603 -0.0043121256776354651 -0.0014515580590874688 0.0072933868642333271 -0.015438426268738108 0.0091585453874551866 0.0043108905746596015 0.0010455589984361556 0.02038939965146095 0.042739641876331329 -0.01560012485765167 -0.00044844824377377759 -0.017864334383290038 0.0055187561332151842 0.0013254530690379465 -0.01771507221048909 0.021893999838895215 0.032787766820990036 0.0046876552563585401 0.0094341987979727569 -0.00043600448998921384
leaf_weight=5743.4703933922574 50.656852588057518 76.644859783351421 16.751827597618103 3592.0744603667408 119.24464173987508 48.265952669084072 128.89146002754569 158.85359508730471 930.3467306047678 920.59360036998987 2276.8963666884229 4427.5147642279044 59.543176934123039 360.42621819488704 870.18906868901104 853.05861618369818 906.23925680108368 306.72880451381207 185.46276316791773 90.648500444367528 3843.0416062837467 82.172516331076622 166.79448382556438 1673.3473591767251 114.12959019746631 434.53829231858253 57.188165321946144 164.83695266209543 604.78904456552118 52978.761134336703
leaf_count=52813 362 591 66 22458 323 222 505 1422 2441 3624 15428 26527 410 2410 4293 5115 6344 1594 792 609 21571 652 549 13577 753 1571 261 1440 3129 328264
internal_value=8.91542e-05 0.000860992 -0.000338512 -0.00238576 -0.0254921 0.00192162 0.00605203 -6.85193e-05 -0.0019752 -0.00675527 -0.000465771 -0.00111768 0.0029614 0.00558617 0.0123966 0.00219582 -0.00364618 0.00858033 0.0342055 0.00680442 0.0010211 0.00806712 -0.000221555 0.00228507 -0.000951687 0.0177199 0.0126042 0.014384 0.0113466 -0.000219876
internal_weight=82242.1 23519.9 14968.8 7855.91 135.996 7112.89 2313.42 4799.47 7719.91 1850.94 5868.97 4475.78 8551.07 3632.3 1205.84 2426.45 1266.67 1159.79 245.006 960.838 4918.77 737.618 4181.15 1749.99 3957.17 563.43 223.983 323.691 655.446 58722.2
internal_count=520116 139039 90195 44340 389 45855 16244 29611 43951 6065 37886 26749 48844 21567 6104 15463 8754 6709 1202 4902 27277 4143 23134 14168 22324 2076 810 2862 3491 381077
is_linear=0
shrinkage=0.035


Tree=102
num_leaves=31
num_cat=0
split_feature=6 10 7 2 7 5 2 7 9 5 7 4 10 5 9 5 5 10 7 7 6 2 4 11 10 4 6 11 2 2
split_gain=17.3626 16.3717 32.9303 53.774 49.3138 56.7039 40.027 131.849 35.9479 26.9206 87.3365 46.4025 23.8128 23.7733 26.1836 118.519 49.7028 47.1677 33.999 78.4841 29.9803 18.1737 24.0513 17.4218 33.7432 45.1342 17.5796 16.7621 16.6394 15.8532
threshold=98.581562042236342 1.6687784194946291 53.843322753906257 50.091802597045906 71.72922515869142 45.489482879638679 50.306278228759773 60.827449798583991 1.5200499892234804 45.549871444702156 53.114164352416999 50.724027633666999 2.7836290597915654 45.447542190551765 -1.9054500460624693 45.558958053588874 45.565744400024421 -2.9423618316650386 22.878716468811039 23.790318489074711 33.878387451171882 50.717582702636726 65.640632629394545 34.505849838256843 -12.683357715606688 49.40417671203614 50.411310195922859 90.86985015869142 50.408788681030281 53.917564392089851
decision_type=2 2 2 2 2 2 2 2 2 2 2 2 2 2 2 2 2 2 2 2 2 2 2 2 2 2 2 2 2 2
left_child=1 13 9 4 5 -4 7 -5 -8 21 12 -12 -11 23 15 17 -17 -15 20 -20 -16 22 -3 26 25 -25 -1 -6 -26 -23
right_child=-2 2 3 6 27 -7 8 -9 -10 10 11 -13 -14 14 18 16 -18 -19 19 -21 -22 29 -24 24 28 -27 -28 -29 -30 -31
leaf_value=-0.0014411009897929944 -0.0054601214483729335 0.028185190818888914 0.010202565195389203 0.045531601620572994 -0.0020378889462388675 0.001776896829896 -0.0033817338843291724 -0.022361822786544663 0.001152554769016211 -9.708894298254222e-05 0.00085033130757706989 0.038157607705804404 0.0040372725128602323 0.022434141045785512 -0.0018104975013400896 -0.010258315001853601 0.00055281940173182496 0.0060593470666763733 -0.020626075739758241 -0.0009190794440336376 0.020695175487812113 -2.6504978723940799e-05 -0.029958725593114327 -0.02068010608540459 -0.00056365516470265325 0.050118714354595549 -0.026343945304740893 0.006705250806032334 0.0037158378407809623 -0.0081195468245024317
leaf_weight=112.52433291077614 703.5760345691815 50.388275526463985 1341.3146573752165 39.098095364868641 3302.1238066442311 3623.7098800987005 5477.2662892565131 286.36703220009804 3513.4570980668068 2502.8204181417823 59.665062434971333 131.63465318083763 5341.4443154036999 389.35281690955162 127.40814162045717 556.7547360509634 7923.8842939808965 486.72799910604954 248.43708173185587 37650.706627838314 165.49680440872908 2765.3566033765674 9.7084711790084821 14.763231709599493 1800.2839718088508 37.780769228935242 49.927391596138477 291.32852168381214 2902.829264998436 331.55348711460829
leaf_count=690 7626 310 7525 224 24045 22041 34633 948 17902 15004 286 433 28163 1968 746 1596 45952 2814 1055 238032 992 18573 22 108 15917 285 315 1811 27467 2608
internal_value=1.12549e-05 5.86075e-05 0.000724993 -0.000206862 0.0017955 0.0040558 -0.00204711 -0.0140927 -0.00160907 0.00221371 0.00328965 0.0266102 0.00271738 -0.00031045 -0.000550182 0.00110875 -0.000157008 0.0133585 -0.000956804 -0.00104888 0.0109035 -0.000522814 0.0184071 0.00200559 0.00239233 0.0300834 -0.00922913 -0.00132578 0.0020764 -0.000897074
internal_weight=82237.7 81534.1 29067.2 17874.7 8558.48 4965.02 9316.19 325.465 8990.72 11192.6 8035.56 191.3 7844.26 52466.9 47548.8 9356.72 8480.64 876.081 38192 37899.1 292.905 3157.01 60.0967 4918.11 4755.66 52.544 162.452 3593.45 4703.11 3096.91
internal_count=520091 512465 174528 109129 55422 29566 53707 1172 52535 65399 43886 719 43167 337937 293155 52330 47548 4782 240825 239087 1738 21513 332 44782 43777 393 1005 25856 43384 21181
is_linear=0
shrinkage=0.035


Tree=103
num_leaves=31
num_cat=0
split_feature=9 7 7 7 10 10 2 5 7 2 7 5 5 6 10 10 7 5 5 7 10 7 7 9 7 7 9 10 2 7
split_gain=19.4509 37.6459 114.979 102.074 59.753 59.1701 42.7379 66.5131 45.8465 105.5 80.4153 36.983 36.501 28.2374 28.0139 30.6992 32.9612 30.1881 32.5323 27.2204 27.1608 85.4669 105.141 45.6066 83.1117 69.1763 26.8049 26.5784 35.961 66.6946
threshold=1.5200499892234804 57.000656127929695 54.63191223144532 57.865306854248054 12.557685852050783 2.8394057750701909 51.255708694458015 50.069299697875984 38.011922836303718 51.59552192687989 39.775512695312507 45.45686340332032 45.45686340332032 39.838054656982429 22.41047286987305 8.8588023185729998 73.481372833251967 45.447542190551765 45.758811950683601 55.979778289794929 -4.083268165588378 28.017315864562992 28.417278289794925 -3.1450001001358028 20.186177253723148 22.878716468811039 0.56814998388290416 -2.2287216186523433 50.051361083984382 69.86682510375978
decision_type=2 2 2 2 2 2 2 2 2 2 2 2 2 2 2 2 2 2 2 2 2 2 2 2 2 2 2 2 2 2
left_child=14 2 6 13 5 12 7 11 9 -8 -10 -2 -4 -3 15 20 17 19 -19 -17 21 26 -23 25 -25 -22 -1 28 29 -5
right_child=1 3 4 27 -6 -7 8 -9 10 -11 -12 -13 -14 -15 -16 16 -18 18 -20 -21 23 22 -24 24 -26 -27 -28 -29 -30 -31
leaf_value=-0.0035503020334243856 0.0092527069327805189 -0.0055000833313161336 0 -0.021638187048831699 0.062103287444995076 0.0062595522283544021 0.057846128715245061 0.0063913730797331321 0.030430123093144745 -0.0068057416578437514 0.0046935127197305576 -0.020832230441711383 0.042446222472643645 -0.030951452184512458 -0.02730083986205558 -0.016944572478759752 -0.020750479785784631 0.015892200005340699 0.0033753285495517699 0.011840439258998414 -0.0073012374676820237 0.035322637586973904 0.0028630806894659718 0.0216142798068681 -0.00099237968936585048 0.0094506119180138275 0.053390299244801397 0.0013041782216956835 0.0020313354910325692 -0.0022217943299221964
leaf_weight=3317.8298425041139 58.981631577014923 82.063739269971848 31.268123716115952 290.35265899449587 38.95859631896019 247.69729428738356 31.799582362174988 294.05938109755516 170.28555621951818 595.55981067568064 1151.5338266938925 305.98159205168486 122.89434944838285 158.37680506706238 46.342566449195147 116.63188481330872 57.128768436610699 430.43540843576193 626.11885687708855 60.260865934193134 405.70398472435772 123.73329347092658 6809.9804260842502 199.15498898178339 52275.519619029015 1170.7861200366169 9.3467457592487317 11260.266468890011 951.61510694492608 852.62223418243229
leaf_count=20079 413 413 237 999 85 1146 64 2184 565 2291 5272 1021 531 738 393 955 429 1881 2811 508 3149 767 36176 822 352784 5488 48 65973 7376 4793
internal_value=-5.73736e-05 0.00101115 0.00452559 0.00022223 0.0210424 0.0169289 0.00172575 -0.00597016 0.00433273 -0.00344803 0.00803077 -0.0159415 0.0339057 -0.0223408 -0.000328397 -0.000308904 0.00503373 0.00624631 0.00848943 -0.00709002 -0.000416287 0.00123423 0.00344734 -0.000729758 -0.00090612 0.00513363 -0.00337544 0.000630292 -0.00298821 -0.00717199
internal_weight=82293.3 16644.3 3049.02 13595.3 440.818 401.86 2608.2 659.023 1949.18 627.359 1321.82 364.963 154.162 240.441 65649 65602.6 1290.58 1233.45 1056.55 176.893 64312.1 10260.9 6933.71 54051.2 52474.7 1576.49 3327.18 13354.9 2094.59 1142.97
internal_count=520391 94101 13809 80292 1999 1914 11810 3618 8192 2355 5837 1434 768 1151 426290 425897 6584 6155 4692 1463 419313 57070 36943 362243 353606 8637 20127 79141 13168 5792
is_linear=0
shrinkage=0.035


Tree=104
num_leaves=31
num_cat=0
split_feature=0 6 10 5 11 5 9 5 5 10 10 5 9 10 5 10 6 13 13 5 13 4 9 5 12 10 13 12 5 5
split_gain=16.7794 19.2824 18.8021 48.0626 35.5946 58.5643 23.0364 18.2295 51.1987 53.1201 49.8962 23.9583 21.6555 16.5241 16.1063 15.6735 13.4572 20.5239 16.4593 14.505 11.7233 10.9232 28.1566 14.9275 12.9908 11.7406 10.6789 13.2073 23.5753 16.1432
threshold=28.000000000000004 41.822921752929695 -0.53928416967391957 43.508358001708991 38.906049728393562 46.057298660278327 2.1640499830245976 46.666610717773445 46.450481414794929 -6.0641770362853995 -11.258804321289061 50.078802108764656 0.42765000462532049 0.38728898763656622 92.225063323974624 -15.079775810241697 33.471933364868171 2.353266835212708 3.1754032373428349 95.092845916748061 5.1315789222717294 15.239250183105471 -1.7202499508857725 95.819477081298842 35.341863632202156 -3.0567976236343379 2.2991542816162114 53.976158142089851 96.010227203369155 98.158565521240249
decision_type=2 2 2 2 2 2 2 2 2 2 2 2 2 2 2 2 2 2 2 2 2 2 2 2 2 2 2 2 2 2
left_child=1 14 7 13 5 -5 -6 8 10 -10 -3 12 -9 -4 -1 -13 20 19 -19 -18 -16 23 24 25 -23 -2 -24 28 -28 -29
right_child=21 2 3 4 6 -7 -8 11 9 -11 -12 15 -14 -15 16 -17 17 18 -20 -21 -22 22 26 -25 -26 -27 27 29 -30 -31
leaf_value=0.00061079526432935162 -0.017084708697030562 0.012545092117713985 0.067256823786604178 0.0099284123512773347 -0.00097077497002078623 -0.0021939880996858663 0.0017943615122336561 0.0014375897302055561 -0.034156442403491742 -0.0054828429198846831 -0.0022367600771886664 -0.016009782192043284 0.010700866667281882 0.017978576080212427 -0.0070890771784196316 -0.0012054909787100078 0.0021546773547492376 0.030383183362612729 0.0042109942628808291 -0.012034561101531505 0.0079869914390185252 0.013523654308025513 0.0012622217654333944 -0.02595473349648381 0.041000613356632236 0.013228843726196662 -0.022285929784987561 0.011463386086652972 0.025048793349983042 -0.0082785610509097454
leaf_weight=35085.136038079858 24.021065786480904 285.83095563016832 15.141297765076159 1076.5386478416622 19835.287725617178 890.87887350656092 4532.4559428337961 1592.6976140076295 120.81480034440756 229.93936783261597 11442.918130232953 89.295559640973806 383.73581049032509 20.317223481833935 799.58983260393143 3320.6656538620591 246.70619462430477 43.932877540588379 89.335862621665001 135.95814739912748 67.515827439725399 101.26367970556021 1372.3060391992331 35.545428678393364 26.989321678876877 41.372691869735718 14.197862371802328 120.96773472428322 91.202340379357338 85.907066568732262
leaf_count=207704 95 1256 39 6252 141783 6282 24856 12780 438 1145 67615 871 3804 58 4618 28282 1510 240 515 777 336 433 6557 140 77 193 72 537 413 345
internal_value=-5.26564e-05 -0.000129942 -0.000624677 -3.44816e-05 -9.01865e-05 0.00443697 -0.000456124 -0.00151533 -0.0022704 -0.0154344 -0.0018751 0.000176763 0.00324325 0.0402338 0.000464562 -0.00159888 -0.00323826 0.00122531 0.0130208 -0.002883 -0.00590086 0.0031854 0.00381289 -0.00795663 0.0195784 0.00191612 0.00259973 0.00843685 0.0184868 0.00323131
internal_weight=82218.5 80304.7 43836.5 26370.6 26335.2 1967.42 24367.7 17465.9 12079.5 350.754 11728.7 5386.39 1976.43 35.4585 36468.2 3409.96 1383.04 515.933 133.269 382.664 867.106 1913.77 1812.83 100.939 128.253 65.3938 1684.58 312.275 105.4 206.875
internal_count=520023 511161 295461 179270 179173 12534 166639 116191 70454 1583 68871 45737 16584 97 215700 29153 7996 3042 755 2287 4954 8862 8434 428 510 288 7924 1367 485 882
is_linear=0
shrinkage=0.035


Tree=105
num_leaves=31
num_cat=0
split_feature=11 7 2 10 7 7 7 7 6 6 10 6 2 0 5 11 2 10 2 10 7 7 10 9 10 2 10 6 6 10
split_gain=16.3555 25.6623 24.4393 19.8761 16.0249 34.0299 19.5605 30.7523 15.6228 14.8905 14.6231 14.5573 18.2605 16.4165 20.2672 17.5596 16.3375 16.1337 13.5098 15.1252 22.8056 18.6904 11.4341 11.4106 14.0318 16.9168 13.6809 11.0418 10.451 6.95852
threshold=90.86985015869142 83.923740386962905 54.216073989868171 22.41047286987305 85.718479156494155 74.040325164794936 71.901817321777358 63.42186355590821 99.693408966064467 72.128566741943374 16.556191444396976 13.498980045318605 47.574056625366218 20.800000190734867 91.820991516113295 49.020349502563484 50.069204330444343 -1.9936631917953489 48.799194335937507 6.4818570613861093 78.860435485839858 78.860435485839858 7.0411381721496591 7.6709501743316659 -2.8324424028396602 50.079681396484382 22.41047286987305 49.267099380493171 24.278181076049808 16.556191444396976
decision_type=2 2 2 2 2 2 2 2 2 2 2 2 2 2 2 2 2 2 2 2 2 2 2 2 2 2 2 2 2 2
left_child=1 8 -3 28 5 6 7 9 11 -2 -9 12 17 14 -13 -15 -14 -1 19 21 -21 -7 -10 -6 25 -25 -26 -27 -4 -8
right_child=4 2 3 -5 23 18 29 10 22 -11 -12 13 16 15 -16 -17 -18 -19 -20 20 -22 -23 -24 24 26 27 -28 -29 -30 -31
leaf_value=-0.0077014760735042414 0.00064145807708563987 -0.021559877496367737 0.0030683541237203921 -0.011038475746326269 -0.01452240516120683 0.029609324012290227 -0.019325777571002924 0.019677689519041718 -0.027403795096975818 -0.024227224078703823 -0.014448363757959728 -0.00026223230115078128 -0.0019812671148745627 0.0055917078219377987 -0.0034212996654249712 0.00016503192842263502 0.0014126527930642195 0.012401113757473079 0.029235083938397171 -0.010900766102821291 0.047267009036911806 -0.013611406673071079 0.052250779341212743 -0.020340330507132208 -0.032084877484464924 0.0087936128254460823 0.0019942453579491538 0.072620138204399332 0.072585130173521736 0.0095092493583180254
leaf_weight=57.941616162657738 179.82269907742739 118.66378092952073 4.4332740008831024 14.962873391807079 73.147124854847789 16.549897380173206 59.08305086940527 156.95418831706047 34.895334980450571 34.361921757459641 16.227926962077618 63154.935556445271 2110.3280088752508 1173.5139653384686 2589.5977988839149 1939.9410964399576 9785.9962628781796 285.98064791411161 95.784669056534767 11.80195216834545 23.719335921108723 40.880948416888714 1.5695968326181162 5.4901206046342859 15.454420924186705 6.009726122021676 126.21501103416085 8.3980879038572294 7.0644892603158951 11.508000090718268
leaf_count=290 655 1128 42 151 608 77 233 440 1700 135 69 411443 11289 5786 16203 9881 56179 1236 584 70 99 212 40 43 131 43 1069 61 64 53
internal_value=-5.67461e-05 -0.000108276 -0.0147729 0.0151465 0.00468299 0.00752683 0.00234318 0.0054492 -8.18141e-05 -0.003391 0.016388 -7.1316e-05 0.00104073 -0.000269106 -0.000386811 0.0022136 0.000809913 0.00898405 0.0200047 0.0102501 0.0279336 -0.000800566 -0.0227392 -0.0031217 0.0020428 0.0289838 -0.00183353 0.0483205 0.0482935 -0.0144731
internal_weight=82161.2 81279.8 145.124 26.4606 881.409 646.695 457.958 387.367 81134.7 214.185 173.182 81098.2 12240.2 68858 65744.5 3113.46 11896.3 343.922 188.737 92.9521 35.5213 57.4308 36.4649 234.714 161.567 19.8979 141.669 14.4078 11.4978 70.5911
internal_count=520014 515432 1385 257 4582 2627 1585 1299 514047 790 509 512307 68994 443313 427646 15667 67468 1526 1042 458 169 289 1740 1955 1347 147 1200 104 106 286
is_linear=0
shrinkage=0.035


Tree=106
num_leaves=31
num_cat=0
split_feature=11 7 7 2 10 7 2 2 7 2 2 7 10 5 5 0 7 7 11 5 2 9 10 7 10 7 10 10 10 10
split_gain=15.4922 118.184 83.1034 91.6696 200.7 65.2141 99.5304 60.791 58.8885 67.5922 72.5922 58.9576 51.1052 41.4881 41.4251 40.6683 32.571 41.0805 50.8033 30.3555 25.7819 24.672 21.0274 19.8995 38.1478 44.7136 72.6546 29.2391 27.0556 25.8056
threshold=28.875400543212894 22.878716468811039 23.790318489074711 53.796842575073249 -3.925822257995605 21.560606956481937 50.079809188842781 54.515148162841804 64.699142456054702 52.962209701538093 49.463737487792976 36.283739089965827 -1.0754613876342771 46.584453582763679 46.028558731079109 13.59999990463257 23.790318489074711 22.878716468811039 30.864449501037601 46.666610717773445 54.571245193481452 -3.6045500040054317 -5.3034546375274649 18.460414886474613 7.775179624557496 20.186177253723148 -7.5363545417785636 -5.4341070652008048 16.556191444396976 3.447013378143311
decision_type=2 2 2 2 2 2 2 2 2 2 2 2 2 2 2 2 2 2 2 2 2 2 2 2 2 2 2 2 2 2
left_child=1 23 3 -3 21 6 15 12 9 10 -4 -11 -8 -14 -10 -2 17 22 -19 -20 -9 -5 -7 28 25 27 -27 -25 29 -1
right_child=5 2 8 4 -6 16 7 20 14 11 -12 -13 13 -15 -16 -17 -18 18 19 -21 -22 -23 -24 24 -26 26 -28 -29 -30 -31
leaf_value=-0.0014094203236242483 -0.035513174779511873 0.011773890190750204 0.012790922679342922 0.029004932567548217 0.11106239433382979 0.035184646678193973 0.014229520291745035 -0.033967746008592578 0.015332796524835064 0.0066696641185572106 -0.0072249997670331455 0.037624717751830059 0.0033045618063831032 0.050644622462695389 0.0669124947953713 0.022106984520706384 -0.00015455469439499848 0.0081294200049748348 -0.029701221288556987 -0.01074282542606609 0.007999152083001523 -0.01620041455532158 0.0020654670834093906 -0.029416767303008826 0.033759042485886778 0.012017718237782946 -0.012555168243019652 -0.0084658087398261084 -0.026711793129357505 0.020790918374142688
leaf_weight=563.20416295714676 66.625696214847267 385.1240501999855 283.14280658215284 31.319615632295609 38.421113461256027 25.125448130071163 259.77382603567094 32.82999762147665 65.368317499756813 963.0069179944694 1014.2505484959111 81.204833619296551 29.186981722712517 108.2401291243732 26.88687963783741 18.547918044030666 75993.950743095949 146.81950170919299 130.3242522329092 513.93857293855399 37.475702539086342 26.509322971105576 258.32145474851131 182.94843143597245 24.669822126626968 221.25828859210014 436.921590491198 150.46667157206684 45.115005804225802 71.532968575134873
leaf_count=4298 573 1301 899 85 103 230 1250 236 211 4851 4725 420 121 390 65 81 486311 653 421 2486 292 74 2293 850 158 1368 3701 737 419 542
internal_value=-3.69985e-05 0.00193367 0.00620809 0.0194868 0.0499247 -0.000154182 0.0118167 0.0181656 0.00357338 0.00248413 -0.00284615 0.00911059 0.0234754 0.0407184 0.0308864 -0.0227951 -0.000240241 -0.0062891 -0.0103857 -0.0146207 -0.011661 0.00822469 0.00511662 -0.0054084 -0.00850789 -0.00959287 -0.00427939 -0.0200257 -0.000760333 0.0011045
internal_weight=82232.5 4611.35 2915.23 481.374 96.2501 77621.2 552.68 467.507 2433.86 2341.61 1297.39 1044.21 397.201 137.427 92.2552 85.1736 77068.5 1074.53 791.082 644.263 70.3057 57.8289 283.447 1696.12 1016.26 991.595 658.18 333.415 679.852 634.737
internal_count=520144 24807 12734 1563 262 495337 2943 2289 11171 10895 5624 5271 1761 511 276 654 492394 6083 3560 2907 528 159 2523 12073 6814 6656 5069 1587 5259 4840
is_linear=0
shrinkage=0.035


Tree=107
num_leaves=31
num_cat=0
split_feature=6 5 6 2 2 7 2 7 7 5 7 5 7 4 7 4 10 5 11 7 7 2 2 10 2 5 2 4 10 7
split_gain=20.1809 25.0469 19.3169 17.8738 68.6234 48.21 42.2932 32.4093 43.5081 42.024 30.6028 27.013 25.0898 21.7439 18.1822 18.0633 17.5024 40.107 34.6802 115.16 63.4069 23.6538 91.6894 57.8742 57.0263 43.2027 36.0837 23.4151 22.7619 12.8492
threshold=31.531767845153812 93.050586700439467 99.693408966064467 52.715166091918952 52.521953582763679 34.66917800903321 53.672307968139656 44.196378707885749 47.595426559448249 46.181444168090827 54.744798660278327 45.452220916748054 53.377611160278327 35.864292144775398 57.40429878234864 40.531728744506843 -0.53928416967391957 43.508358001708991 42.923349380493171 40.876146316528327 20.186177253723148 49.794338226318366 49.95216369628907 -12.683357715606688 48.799194335937507 45.543027877807624 49.107086181640632 42.916437149047859 -15.079775810241697 27.158969879150394
decision_type=2 2 2 2 2 2 2 2 2 2 2 2 2 2 2 2 2 2 2 2 2 2 2 2 2 2 2 2 2 2
left_child=1 3 16 4 7 6 29 9 -9 -1 12 14 -7 -13 -6 -8 21 27 19 -19 -20 23 25 26 -25 -23 -2 -18 -24 -5
right_child=2 -3 -4 5 11 10 15 8 -10 -11 -12 13 -14 -15 -16 -17 17 18 20 -21 -22 22 28 24 -26 -27 -28 -29 -30 -31
leaf_value=-0.0057641053886583939 0.0043197576519091131 -0.0058763366698937301 -0.025785071283537696 0.009991089259580907 -0.0062903104698801005 -0.0044360789475520529 0.003811650779722512 0.0092762330347841513 0.0012241667688707995 0.0010884507880925141 0.0060713414061512143 -0.029143610996091345 -0.015934491569984683 0.013556142545914482 0.013128976969337718 -0.0036557503829527022 -0.0020547909720883971 -0.00035884737246057527 0.049170664745560519 0.012669547079333864 -0.00046898575245050007 -0.010224961119865119 -0.01394753828871515 -0.0012784233479308145 -0.010822147925279633 0.02777778513566698 0.051306523522118799 0.045437788431859222 -0.00085330153874172993 0.0036359424826410852
leaf_weight=1837.8495227098465 45.864194944500923 687.14694385975599 36.014365371316671 539.26803606003523 179.59748296439648 2068.8773548156023 530.27808152139187 872.20330269634724 14198.12199447304 2711.7195287197828 302.67306760698557 14.039055928587912 262.10255891084671 843.4435356259346 87.009599305689335 1562.6921387389302 18.66010907292366 3292.0199310481548 30.755276210606098 1110.5408973991871 28061.558678127825 44.271820515394211 163.43461441248655 2257.5282216630876 1162.6017799861729 196.26847293227911 35.468022242188454 36.955907672643661 17505.257094733417 1431.1863472685218
leaf_count=7674 232 3790 1749 1504 1196 12937 3033 5134 82682 21066 2468 42 802 3667 726 9081 79 21765 94 6514 186351 329 1273 12808 5613 1057 62 82 118200 7683
internal_value=-4.15204e-05 0.000718549 -0.00043759 0.000884112 0.00139175 -0.000687225 0.00170218 0.000909311 0.00169112 -0.0016787 -0.00437585 0.00979946 -0.00573702 0.0128224 4.14874e-05 -0.00175972 -0.000420161 9.0868e-05 3.94611e-05 0.00292767 -0.000412993 -0.00119737 -0.00068243 -0.00382845 -0.00452643 0.0207436 0.0251955 0.029576 -0.000975445 0.0053821
internal_weight=82125.4 28128.2 53997.2 27441.1 20744 6697.08 4063.42 19619.9 15070.3 4549.57 2633.65 1124.09 2330.98 857.483 266.607 2092.97 53961.2 32550.5 32494.9 4402.56 28092.3 21410.7 17909.2 3501.46 3420.13 240.54 81.3322 55.616 17668.7 1970.45
internal_count=519693 163485 356208 159695 122187 37508 21301 116556 87816 28740 16207 5631 13739 3709 1922 12114 354459 214885 214724 28279 186445 139574 120859 18715 18421 1386 294 161 119473 9187
is_linear=0
shrinkage=0.035


Tree=108
num_leaves=31
num_cat=0
split_feature=6 10 9 6 0 9 12 7 2 10 10 7 11 7 10 10 7 2 4 7 7 2 2 2 7 2 13 11 7 7
split_gain=20.3021 14.0316 14.3878 13.8392 13.8582 18.1045 35.0368 25.9207 17.5583 17.3884 38.882 26.5609 16.4897 31.1228 24.1719 15.2854 15.0749 13.6376 13.8444 17.1745 12.7144 34.6303 33.5998 25.9652 19.0766 13.386 11.7352 9.24634 12.5913 9.48503
threshold=99.358459472656264 -6.2426600456237784 -3.6045500040054317 4.831806182861329 20.800000190734867 -0.13405000418424604 3.3203631639480595 64.699142456054702 47.475122451782234 2.9398885965347294 6.6462218761444101 48.045326232910163 65.778350830078139 38.011922836303718 22.41047286987305 -6.2426600456237784 25.586957931518558 47.475122451782234 52.751367568969734 79.115924835205092 63.42186355590821 51.59552192687989 52.04185867309571 50.475614547729499 63.478757858276374 50.460123062133796 2.2991542816162114 63.407449722290046 73.50925445556642 63.42186355590821
decision_type=2 2 2 2 2 2 2 2 2 2 2 2 2 2 2 2 2 2 2 2 2 2 2 2 2 2 2 2 2 2
left_child=3 -2 -3 17 8 6 16 -8 9 11 -11 -5 14 -14 -10 -7 -6 18 -1 -20 21 23 -23 -19 -22 -26 -17 -4 29 -29
right_child=1 2 27 4 5 15 7 -9 12 10 -12 -13 13 -15 -16 26 -18 20 19 -21 24 22 -24 -25 25 -27 -28 28 -30 -31
leaf_value=-0.015311287628589743 0.026719965348530102 0.04673788539314825 -0.016382649901911506 -0.0053077840538631451 -0.014461183879080146 -0.020767811784907352 0.0092549234332284427 0.035940093533582677 -0.00016086760932145454 -0.01175729388037223 0.0044146570352512496 0.0020609492772816402 -0.008098616239433044 0.0020191745929719366 -0.026296500918014519 -0.00082231471008352604 0.0017140909801524038 0.003687163704529141 0.030664766579194789 -0.0044672239382281941 -0.030940508145831217 -0.012321175568458844 0.0018119154847055659 0.01458414171681517 -0.0027822721229955718 0.0049794480446520659 0.0056635773501315682 -0.012953063816525173 -0.022827543878475048 0.035360497476420824
leaf_weight=14.773126535117624 11.190413403324781 4.1741689750924698 188.5200126785785 1045.8090955168009 81.000311762094498 40.952185317873955 581.15351600199938 47.921413369476795 63047.081847198308 601.79229928553104 259.74569527059793 1399.6152226291597 390.84757813066244 7510.5837416909635 42.582785956561565 1518.5198832452297 512.42553982883692 726.14454185962677 58.402639724314213 23.219117820262909 24.974787123501301 235.54233272373676 1607.5487511977553 426.66200464218855 937.46186261624098 382.38182461261749 439.76386967301369 6.6400969848036793 12.978381478227673 14.374565746635197
leaf_count=65 120 41 3186 6220 361 181 2527 201 413473 3140 1703 7907 1525 41157 371 7889 2893 5318 173 145 85 1115 8394 1948 5352 2165 2054 33 208 116
internal_value=7.01996e-05 -0.0101225 -0.0120596 9.99676e-05 -8.76323e-06 0.00223814 0.00559206 0.0113419 -0.000106311 -0.00259892 -0.00687391 -0.0010882 9.73089e-06 0.00151704 -0.000178952 0.00018235 -0.000498487 0.00200082 0.014977 0.0206394 0.00170833 0.00297785 0 0.0077336 -0.00111469 -0.000526611 0.000632341 -0.0133574 0.00320988 0.0198586
internal_weight=82194.8 237.878 226.687 81956.9 77519.8 3221.74 1222.5 629.075 74298.1 3306.96 861.538 2445.42 70991.1 7901.43 63089.7 1999.24 593.426 4437.11 96.3949 81.6218 4340.72 2995.9 1843.09 1152.81 1344.82 1319.84 1958.28 222.513 33.993 21.0147
internal_count=520066 3704 3584 516362 491602 16106 5982 2728 475496 18970 4843 14127 456526 42682 413844 10124 3254 24760 383 318 24377 16775 9509 7266 7602 7517 9943 3543 357 149
is_linear=0
shrinkage=0.035


Tree=109
num_leaves=31
num_cat=0
split_feature=10 10 7 7 11 2 4 2 2 2 2 10 5 7 2 10 4 10 2 5 2 9 7 2 7 9 9 11 5 7
split_gain=12.5175 36.4965 61.8622 45.8246 43.3263 47.8581 35.2064 30.255 39.2631 50.0013 25.9357 66.2743 42.7777 40.0381 80.8981 58.3651 41.3777 37.3005 108.223 85.8994 76.8276 49.7951 86.8947 84.5555 39.9877 109.031 66.4749 33.0193 30.2271 33.6077
threshold=-1.0000000180025095e-35 1.0000000180025095e-35 51.203086853027351 28.017315864562992 48.810350418090827 50.051788330078132 46.028636932373054 54.435970306396491 53.796842575073249 53.537023544311531 49.794338226318366 -12.683357715606688 46.484361648559577 71.004535675048842 49.107086181640632 -8.4042339324951154 52.304067611694343 -3.7780909538269039 53.796842575073249 43.508358001708991 50.069013595581062 -3.4302499294281001 22.878716468811039 53.017904281616218 46.291160583496101 0.44335000216960913 0.044549999758601196 50.565250396728523 45.554418563842781 74.040325164794936
decision_type=2 2 2 2 2 2 2 2 2 2 2 2 2 2 2 2 2 2 2 2 2 2 2 2 2 2 2 2 2 2
left_child=10 2 -2 7 5 6 -4 8 9 -3 11 12 28 14 16 -16 -13 18 19 -12 -21 22 -19 -24 25 -23 -26 -15 29 -1
right_child=1 3 4 -5 -6 -7 -8 -9 -10 -11 17 13 -14 27 15 -17 -18 21 -20 20 -22 24 23 -25 26 -27 -28 -29 -30 -31
leaf_value=-0.037940966905109258 -0.00046749208241436989 0.0072831503291239247 0.022418220030610694 5.3844774489687106e-05 0.013951172059231657 -0.0097965861682745639 0.093652677111624505 -0.005501769947679429 0.016015827817719236 -0.014702243278219781 -0.037554740843289101 -0.0004524408910621869 -0.0091241167064436812 0.015252714325127746 0.017609652014129354 -0.019523404743345102 -0.010044022974892656 -0.013705776826064756 -0.0070831075882188243 0.018063570286941017 0.0026075123109888156 -0.0034768352311563334 -0.0035498370932627293 0.029192590382375368 0.0044920871096353751 0.0092379560291138297 -0.0016820130738682834 -0.00062012965989452441 0.054365200829415788 0.036750693396931093
leaf_weight=10.82184647023678 447.47472017910331 781.27239335887134 14.355028226971625 41362.561501052231 273.62241392675787 12.368434473872183 23.958151891827583 238.74427722487599 484.42592793237418 150.30361208319664 62.667954958975315 2193.376400494948 33.327325507998466 174.09001719206572 55.849420249462128 610.03849933110178 735.80296272691339 147.279695273377 1508.2703378265724 411.72466833889484 8869.8087333133444 10979.271757486276 149.79660822078586 268.75122896581888 3344.0866773473099 892.37049474567175 5909.5380192939192 1951.0037898877636 49.459603160619736 19.334810934960842
leaf_count=44 3333 4820 36 261814 1454 111 79 1858 2855 493 165 11341 134 1033 113 2520 2881 1137 9527 2200 51905 75539 815 1221 22132 5309 42262 12601 85 140
internal_value=1.36418e-05 0.000418141 0.00795823 0.000282555 0.0195781 0.0491323 0.0681462 0.00599244 0.00793737 0.00371887 -0.000447722 -0.00259673 0.023852 -0.00312344 -0.00537458 -0.0163811 -0.0028663 -6.22644e-05 0.00161264 0.00301748 0.00329539 -0.000900604 0.00933728 0.0174731 -0.00117549 -0.00251994 0.00054863 0.000682149 0.0376963 0.00943332
internal_weight=82165.8 43789.1 771.779 43017.3 324.304 50.6816 38.3132 1654.75 1416 931.576 38376.7 5833.1 112.944 5720.16 3595.07 665.888 2929.18 32543.6 10852.5 9344.2 9281.53 21691.1 565.828 418.548 21125.3 11871.6 9253.62 2125.09 79.6163 30.1567
internal_count=519957 276853 5013 271840 1680 226 115 10026 8168 5313 243104 30892 403 30489 16855 2633 14222 212212 63797 54270 54105 148415 3173 2036 145242 80848 64394 13634 269 184
is_linear=0
shrinkage=0.035


Tree=110
num_leaves=31
num_cat=0
split_feature=6 9 10 7 7 7 5 7 7 10 6 10 7 6 7 10 7 10 5 7 10 6 7 5 5 9 4 4 5 5
split_gain=14.3941 14.0354 27.5025 27.047 77.8911 74.6352 60.1397 33.5805 36.0389 31.763 27.3492 23.3208 40.3823 35.7901 30.0491 20.8666 20.2955 20.1745 18.5991 43.9408 28.5656 16.5961 14.6145 10.3813 14.1597 7.91575 6.52684 4.20914 2.40082 5.89788
threshold=99.693408966064467 1.7465500235557558 22.41047286987305 57.000656127929695 57.865306854248054 54.63191223144532 45.549871444702156 54.481985092163093 38.011922836303718 14.079446315765383 39.838054656982429 6.6462218761444101 35.942852020263679 78.404720306396499 42.247739791870124 -1.8638429045677183 69.86682510375978 3.219731450080872 45.447542190551765 74.670307159423842 -5.889366388320922 52.76214790344239 66.615390777587905 46.117029190063484 46.324718475341804 2.0738500356674199 48.775438308715827 57.497629165649421 50.079809188842781 50.080192565917976
decision_type=2 2 2 2 2 2 2 2 2 2 2 2 2 2 2 2 2 2 2 2 2 2 2 2 2 2 2 2 2 2
left_child=1 2 11 5 10 7 17 8 -3 -8 27 18 13 -13 -14 22 -17 -7 20 -20 -1 -9 -6 -2 -25 -12 -4 -5 -26 -30
right_child=23 3 26 4 15 6 9 21 -10 -11 25 12 14 -15 -16 16 -18 -19 19 -21 -22 -23 -24 24 28 -27 -28 -29 29 -31
leaf_value=-0.0091306807781452726 -0.03428895421321209 -0.0042539586001492805 -0.033535640101879864 -0.01441400311715255 -0.0089623632528051302 0.012060315292095995 0.023200094611172492 -0.0016395741057396718 0.005738001712170723 0.062887509074807432 -0.01322751276017827 0.0061228165291628512 -0.010698908622136618 0.026493636019807431 0.0021202090974485198 0.0032958242135262832 -1.9498278365427805e-06 -0.020819981097644647 -0.00060893779624962856 0.0097532860903701973 0.0020187434955019532 -0.03804403312988941 -0.0011640633316602944 0.077968796442200838 -0.026236147221797488 -0.035617362943493013 0.00081781891268689795 0.003753860037649727 0.06963348750012413 -0.021186174825238543
leaf_weight=294.51865796372294 24.518600357696414 641.39829661697149 36.687021069228649 24.035669974982738 362.04987352341413 41.930959440767765 238.09375348687172 26.732180789113045 1415.7662930190563 27.534621506929398 26.844471372663975 429.300632417202 246.80002931505442 140.34504722803831 2341.5520123764873 3888.9670992866158 5534.7215127795935 48.131534032523632 58157.488289691508 504.79193713888526 5944.4914439804852 36.817007832229137 1579.179430115968 1.8561250809580068 5.4702900983393192 100.91508772224188 7.7419412508606902 40.542385935783386 0.5462018754333261 1.6525246333330867
leaf_count=2219 1184 2631 347 140 1742 237 896 109 6343 55 164 2058 1205 590 13012 18462 35303 325 362102 3340 55656 130 10462 39 333 417 49 177 40 129
internal_value=-3.26364e-06 6.19201e-06 -0.000201413 0.00101413 0.000302103 0.0043331 0.0191529 0.0018379 0.00261879 0.0275168 -0.0217372 -0.000183175 0.00275329 0.011184 0.000892271 0.000677213 0.0013584 -0.00546325 -0.0003262 -0.000519519 0.0014902 -0.0230499 -0.00262519 -0.0224942 0.00749314 -0.0310789 -0.027486 -0.0029947 -0.0144913 0.0115986
internal_weight=82171.4 82137.4 68103.7 14033.7 11557.3 2476.4 355.691 2120.71 2057.16 265.628 192.338 68059.3 3158 569.646 2588.35 11364.9 9423.69 90.0625 64901.3 58662.3 6239.01 63.5492 1941.23 34.0437 9.52514 127.76 44.429 64.5781 7.66902 2.19873
internal_count=519896 518171 440578 77593 66867 10726 1513 9213 8974 951 898 440182 16865 2648 14217 65969 53765 562 423317 365442 57875 239 12204 1725 541 581 396 317 502 169
is_linear=0
shrinkage=0.035


Tree=111
num_leaves=31
num_cat=0
split_feature=11 7 7 5 7 9 7 2 2 4 2 2 2 7 10 7 7 10 7 9 10 7 2 2 10 7 9 9 6 7
split_gain=16.3621 90.8136 72.8579 54.0732 54.5953 53.5706 52.7641 59.8347 65.6334 80.9193 51.024 67.7766 57.5899 43.0394 56.6921 36.8095 80.3308 45.42 40.2902 35.7025 58.2839 30.5444 25.3473 28.8547 30.6207 24.6303 50.2795 26.3501 23.0265 27.3882
threshold=37.954050064086921 64.699142456054702 20.186177253723148 46.584453582763679 18.460414886474613 -1.2224499583244322 25.586957931518558 53.062788009643562 53.865806579589851 43.080236434936531 51.641031265258796 51.752593994140632 51.480346679687507 65.378646850585952 -2.6731227636337276 25.586957931518558 24.034657478332523 4.0330011844635019 22.878716468811039 -0.76295000314712513 4.8704793453216562 24.034657478332523 53.120206832885749 53.247436523437507 4.3427579402923593 21.006519317626957 -3.4302499294281001 -2.9296500682830806 41.432065963745124 34.66917800903321
decision_type=2 2 2 2 2 2 2 2 2 2 2 2 2 2 2 2 2 2 2 2 2 2 2 2 2 2 2 2 2 2
left_child=1 6 3 -2 -5 -6 21 10 9 -9 12 -12 -8 14 -3 16 17 18 -4 -18 -21 25 28 -24 -25 27 -27 -1 29 -17
right_child=2 13 15 4 5 -7 7 8 -10 -11 11 -13 -14 -15 -16 22 19 -19 -20 20 -22 -23 23 24 -26 26 -28 -29 -30 -31
leaf_value=-0.0061594938957187876 -0.036567891900550695 0.068980474217100934 0.006640936213957822 -0.006082970659794542 0.0020405103812161009 0.069451931334773759 0.0017858949035777097 0.01635048284498385 -0.0016551813664583358 0.0019235112400544916 -0.023205535895051792 -0.0019020922888396707 0.020529200933597738 0.013727751334788929 -0.0067157427279094534 0.0048163505766437098 0.0096771177750356058 0.030395360048840116 -0.013178391305770684 0.03958516753127591 -0.015642226014740239 -0.0070775917226656958 -0.011125063275906776 -0.0028013423239676271 0.0029159705355716525 0.0086778679655940983 -0.0022865337779032751 0.0078300520773009665 -0.00074021031897093554 0.00033633270134532552
leaf_weight=1194.8045641006902 13.436787717044352 42.094040095806122 208.54768531024456 26.828691504895687 19.917819194495678 54.398051276803017 2537.3126688757911 1104.9375643711537 822.49005097150803 839.09766717720777 202.44562186300755 1845.9970798268914 217.44759787246585 205.34186190366745 16.482774078845978 1789.6916136518121 263.7847865447402 47.013446465134621 312.65372610837221 139.52161643654108 27.443537041544914 1173.127912205644 422.35493607074022 6107.7154842065647 1411.1699443086982 806.93919655680656 1398.7829261478037 190.21970871090889 33435.026496919803 25283.768117561936
leaf_count=8580 88 86 1336 164 59 121 16568 6515 5254 5393 603 7647 809 850 63 11655 1777 203 1441 780 100 6799 3195 40745 8023 4010 8013 1124 228190 149897
internal_value=-1.58479e-05 0.00114467 -0.000226123 0.0275626 0.036371 0.051692 0.000708693 0.00252509 0.00662452 0.0101304 0.00016175 -0.00401914 0.00327347 0.021429 0.0477591 -0.000272389 0.00639454 -0.00223763 -0.00523667 0.0177807 0.0304346 -0.002176 -0.000369863 -0.00222895 -0.00172717 -0.000571443 0.00172319 -0.0042297 -0.000125731 0.000632876
internal_weight=82160.8 12597.5 69563.3 114.581 101.145 74.3159 12333.6 7569.73 2766.53 1944.04 4803.2 2048.44 2754.76 263.919 58.5768 69448.7 998.965 568.215 521.201 430.75 166.965 4763.87 68449.7 7941.24 7518.89 3590.75 2205.72 1385.02 60508.5 27073.5
internal_count=520088 72314 447774 432 344 180 71315 42789 17162 11908 25627 8250 17377 999 149 447342 5637 2980 2777 2657 880 28526 441705 51963 48768 21727 12023 9704 389742 161552
is_linear=0
shrinkage=0.035


Tree=112
num_leaves=31
num_cat=0
split_feature=6 9 7 7 7 7 7 6 7 9 7 7 7 9 2 7 2 7 7 2 2 6 9 2 4 2 7 7 6 7
split_gain=16.7635 14.141 41.0414 86.6722 84.1767 36.4529 69.0955 33.1193 27.8994 20.2173 218.658 147.669 125.973 70.9775 53.7839 49.8395 68.4648 41.7764 41.0343 40.3255 39.3814 39.4468 35.9523 22.6214 19.8183 32.7697 31.4781 18.581 63.9993 26.3328
threshold=98.581562042236342 1.5200499892234804 57.000656127929695 54.63191223144532 57.865306854248054 38.011922836303718 39.775512695312507 39.838054656982429 35.319665908813484 0.075649999082088484 57.000656127929695 57.865306854248054 34.66917800903321 -0.3685500025749206 51.659938812255866 55.979778289794929 51.080837249755866 55.325235366821296 64.699142456054702 50.080711364746101 53.120206832885749 57.146558761596687 0.86105000972747814 53.427110671997077 59.670026779174812 48.996879577636726 69.762519836425795 54.744798660278327 55.162445068359382 56.244001388549812
decision_type=2 2 2 2 2 2 2 2 2 2 2 2 2 2 2 2 2 2 2 2 2 2 2 2 2 2 2 2 2 2
left_child=1 9 3 5 7 8 -7 -4 -3 10 15 13 20 -12 19 17 -17 -1 -13 -14 21 -11 -16 -22 25 -6 -26 28 -5 -29
right_child=-2 2 4 27 24 6 -8 -9 -10 12 11 18 14 -15 22 16 -18 -19 -20 -21 23 -23 -24 -25 26 -27 -28 29 -30 -31
leaf_value=-0.00069034350396817584 -0.0054478633737294526 0.00091437523643092967 -0.002596829657753682 0.0026966565951774719 0.0032398599578484242 0.023854110349117958 0.0024410925737244063 -0.030438596660821101 -0.012889749956309968 0.0098790029571245112 0.034234080421785641 0.0017052609848457101 -0.00089233091359401521 0.0078075861005053471 -0.00060499759415635662 -0.030459634419156178 -0.0027685127540916289 0.015493261571463022 0.0078364311211537811 -0.004293585593244391 -0.0056834346136779203 0.029266231914139254 0.0050182159020986479 0.0083969065079986908 0.0063777073655906713 -0.0017810640711861936 0.00032312264978001448 0.0055614572853713877 0.068284589066750057 0.024430612580617055
leaf_weight=33666.254577510059 682.49407044053078 484.34862937033176 81.217105604708195 37.19722406566143 2131.6549155674875 208.11989104002714 1599.2632336989045 150.24477926641703 283.16306881606579 369.30099600553513 327.03022091090679 2659.8656736239791 8730.2123269438744 202.94643998891115 4310.2476303800941 160.93361111730337 340.48464677482843 195.70606632530689 2696.678922586143 8370.3484015613794 199.56815892457962 199.06043338030577 2055.6941288262606 458.98356020450592 1567.8071000277996 6282.070317234844 3201.7993882745504 170.72360705584288 35.506135448813438 196.56326167285442
leaf_count=212502 7548 2089 410 92 12073 823 7541 732 1186 2161 1860 17255 62325 1508 28095 692 2092 1829 15445 55861 1152 1254 12560 2625 6241 39935 19561 1204 94 583
internal_value=1.12554e-05 5.71814e-05 0.000974541 0.00466399 0.00014461 0.00220519 0.00492013 -0.020742 -0.00417748 -0.000174798 0.000308764 0.00654126 -0.000963265 0.0241547 -0.00153526 -0.000758799 -0.0117045 -0.000596239 0.00479393 -0.0025577 0.00996517 0.016713 0.00121016 0.00411765 0.000513087 -0.000507972 0.00231552 0.0190073 0.0352176 0.01571
internal_weight=82055.5 81373 16429.7 3014.89 13414.8 2574.89 1807.38 231.462 767.512 64943.3 40249.9 5886.52 24693.4 529.977 23466.5 34363.4 501.418 33862 5356.54 17100.6 1226.91 568.361 6365.94 658.552 13183.3 8413.73 4769.61 439.99 72.7034 367.287
internal_count=519328 511780 92564 13612 78952 11639 8364 1142 3275 419216 253183 36068 166033 3368 158841 217115 2784 214331 32700 118186 7192 3415 40655 3777 77810 52008 25802 1973 186 1787
is_linear=0
shrinkage=0.035


Tree=113
num_leaves=31
num_cat=0
split_feature=0 2 1 13 4 5 5 7 9 7 9 0 9 12 4 1 7 4 7 1 1 11 5 9 7 7 11 13 7 7
split_gain=12.5708 17.0982 14.0447 14.9818 14.9686 26.3133 26.0306 23.8672 17.3552 12.4119 17.5724 12.0489 11.6351 32.8512 17.5981 12.6 14.7606 11.2533 10.8697 11.2336 10.2206 11.6077 10.4739 14.0395 10.2018 9.92517 9.76496 10.5886 10.2825 7.4432
threshold=28.000000000000004 54.515148162841804 48.565559387207038 4.8809523582458505 30.041594505310062 50.079809188842781 45.565744400024421 1.0000000180025095e-35 -7.7415499687194815 49.302305221557624 0.17625000327825549 20.800000190734867 -0.13405000418424604 2.9198635816574101 56.839122772216804 77.067077636718764 64.699142456054702 67.195690155029311 25.586957931518558 30.549678802490238 90.385066986083999 51.063650131225593 92.483322143554702 1.1797500252723696 38.938592910766609 70.312168121337905 53.019449234008796 1.3793759346008303 68.741054534912124 61.121740341186531
decision_type=2 2 2 2 2 2 2 2 2 2 2 2 2 2 2 2 2 2 2 2 2 2 2 2 2 2 2 2 2 2
left_child=1 2 3 9 5 6 -4 -6 -7 11 -11 -1 13 18 15 16 -15 -9 -2 24 21 -14 23 25 -20 -22 28 -28 -23 -21
right_child=12 -3 4 -5 7 8 -8 17 -10 10 -12 -13 20 14 -16 -17 -18 -19 19 29 22 26 -24 -25 -26 -27 27 -29 -30 -31
leaf_value=-0.0083679109773025714 -0.019990564472390067 -0.0046909147761207155 -0.0052701564906002338 0.017339342740063657 0.05562414540343838 -0.013335364490604729 0.017892857579236261 -0.00018244546218015539 0.0025182862089374617 0.0055395146359026671 -0.0049967763263429176 0.0001298914827009392 -0.013164274216134045 0.016039697384309277 -0.013827457387521275 0.0018629739651251842 0.04459343676135049 0.0035256142547274512 0.0038569535138328849 0.014023171378544932 0.050131307081755734 0.005256627393586095 0.0036428912499432854 -0.015621968730612772 -0.013454544829202183 0 -0.004700808741496908 0.0040721654255624368 0.036889902641404147 -0.015888041594249436
leaf_weight=768.25001308321953 36.728307120501995 1024.5446603428572 77.209461249411106 41.869683437049389 8.6051055490970594 97.271414982154965 247.12244457006454 75339.978192415088 613.48622680641711 349.85425506532192 432.80621667951345 276.15478156507015 90.921366341412067 254.05432302504778 26.429970860481262 69.286921933293343 24.286575190722942 1015.1695490609854 78.403792798519135 77.849477484822273 17.843653269112114 72.153839208185673 357.50749867409468 7.5319073349237433 86.50991440564394 6.8179322257637969 443.8730806261301 269.98966556042433 14.775957696139811 10.820539787411688
leaf_count=4695 146 6499 349 222 56 977 1147 481947 3813 2144 2905 1516 460 994 105 305 91 5196 408 425 98 364 1706 46 451 40 2059 1139 74 61
internal_value=-0.000132511 -0.000199967 -0.000141786 -0.00313931 -6.92828e-05 0.00410956 0.0123578 -0.00012606 0.000326229 -0.00361982 -0.000277205 -0.0061159 0.00264638 0.00640344 0.0132518 0.0153577 0.0186769 -0.000133017 -0.00240854 0.000165332 0.000690238 -0.00137027 0.00541616 0.0243302 -0.00520313 0.0369145 -1.06489e-05 -0.00137215 0.0110007 0.0101854
internal_weight=82238.1 80292.3 79267.8 1868.93 77398.8 1035.09 324.332 76363.8 710.758 1827.07 782.66 1044.4 1945.78 664.37 374.058 347.628 278.341 76355.1 290.312 253.584 1281.41 891.714 389.701 32.1935 164.914 24.6616 800.793 713.863 86.9298 88.67
internal_count=520438 511466 504967 11482 493485 6286 1496 487199 4790 11260 5049 6211 8972 2986 1495 1390 1085 487143 1491 1345 5986 4096 1890 184 859 138 3636 3198 438 486
is_linear=0
shrinkage=0.035


Tree=114
num_leaves=31
num_cat=0
split_feature=6 6 4 2 2 2 4 2 2 10 2 10 2 10 2 9 10 10 6 2 4 2 9 2 2 2 9 10 2 2
split_gain=16.7386 14.0231 16.8736 16.9485 48.3579 40.0025 77.2559 23.807 19.8064 13.025 27.8492 32.6726 24.7286 36.2273 25.2711 18.1677 12.4669 37.8196 36.5563 21.6966 17.7168 15.6854 42.7739 51.283 38.7483 27.5607 64.5578 28.0249 14.3092 19.0525
threshold=99.693408966064467 91.302120208740249 44.671932220458991 50.459417343139656 50.510725021362312 50.408788681030281 47.498542785644538 51.432224273681648 49.794338226318366 -1.6860778927803037 52.968273162841804 -0.39110626280307764 52.222757339477546 -8.4042339324951154 53.120206832885749 -2.3281500339508052 -1.0000000180025095e-35 1.0000000180025095e-35 55.945737838745124 49.856487274169929 48.775438308715827 52.708227157592781 -1.9461500048637388 53.865806579589851 53.938619613647468 52.654415130615241 -0.65334999561309803 -5.5668718814849845 52.554931640625007 52.506393432617195
decision_type=2 2 2 2 2 2 2 2 2 2 2 2 2 2 2 2 2 2 2 2 2 2 2 2 2 2 2 2 2 2
left_child=1 16 9 5 -5 8 -7 -6 -4 12 15 -12 13 -3 -14 -11 21 18 19 -18 -20 25 23 -23 -24 27 -27 -1 29 -19
right_child=-2 2 3 4 7 6 -8 -9 -10 10 11 -13 14 -15 -16 -17 17 28 20 -21 -22 22 24 -25 -26 26 -28 -29 -30 -31
leaf_value=0.0024416284247295475 -0.024411390566463541 0.030544858601180287 -0.0061582318299853479 -0.028599296557478837 -0.0096738565534007313 0.11892818345126085 0.010853702707716278 -0.0016636826303654047 0.0014292575948112074 -0.019799445823792942 0.040166780190881136 0.0072287545387064002 -0.029008039942975693 -0.00076467643063939453 -0.0021952311837038956 0.0069595710045847383 0.026086691756048101 5.8160174916103885e-05 -0.014828549812518915 0.0093337362344596848 0.0046857019030862781 0.0039073882624281698 -0.0047090744363057118 -0.0042526354263455876 0.002598997806741363 0.018834741503110718 -0.0086940861912758339 -0.00064698882923631745 0.0014972092020988841 -0.0071105677699151307
leaf_weight=4347.5469226017594 33.835522570647299 65.633681610226631 631.1413098461926 97.104037545621395 591.57420225441456 8.7100591361522657 57.728681482374668 1969.5256974250078 1262.2165007330477 50.876798786222935 53.977854825556278 116.62952326238155 49.275994077324867 140.70157784968615 314.52354294806719 76.825752593576908 128.52555333822966 29783.547538742423 92.936376057565212 370.46420284360647 144.00401886552572 2785.1771585121751 5086.0462503507733 1425.2613392323256 1075.0497925654054 281.22786463052034 164.64122722297907 20869.634817220271 9642.3911976739764 460.37252198904753
leaf_count=24069 1770 322 4750 536 4716 24 240 15078 12642 364 390 817 218 1109 2050 580 295 184913 692 2748 918 11875 30622 9999 6976 1603 1068 137641 58503 2684
internal_value=-8.45553e-05 -7.4212e-05 -0.00178347 -0.00262595 -0.00444622 -0.000152606 0.0263727 -0.00351908 -0.00109783 0.00268668 0.00860282 0.0178296 -0.000404267 0.00924036 -0.00590186 -0.00370366 4.80483e-05 0.000468513 0.00832665 0.0136977 -0.00296317 -0.000425753 -0.00157436 0.00114322 -0.00343258 3.82121e-05 0.00865643 -0.00011416 0.000323186 -5.09158e-05
internal_weight=82177.1 82143.3 5486.45 4618 2658.2 1959.8 66.4387 2561.1 1893.36 868.445 298.31 170.607 570.135 206.335 363.8 127.703 76656.8 40622.2 735.93 498.99 236.94 36034.6 10371.5 4210.44 6161.1 25663.1 445.869 25217.2 39886.3 30243.9
internal_count=520212 518442 43836 37986 20330 17656 264 19794 17392 5850 2151 1207 3699 1431 2268 944 474606 250753 4653 3043 1610 223853 59472 21874 37598 164381 2671 161710 246100 187597
is_linear=0
shrinkage=0.035


Tree=115
num_leaves=31
num_cat=0
split_feature=12 2 9 11 7 7 2 2 5 7 2 7 7 7 7 10 7 5 6 1 7 7 8 0 1 12 7 7 11 5
split_gain=11.941 25.5045 21.0801 15.5462 70.5162 54.9945 38.3451 61.8387 43.5876 33.4645 79.9314 27.1402 24.9036 91.3104 72.9117 24.6072 39.5537 21.8198 14.0893 12.0955 11.937 11.3222 23.4363 12.9532 19.7027 10.0924 9.7426 10.7762 10.9867 12.09
threshold=3.3203631639480595 3.1099752187728886 -0.13405000418424604 36.383949279785163 21.006519317626957 64.163467407226577 53.507390975952156 54.368049621582038 50.079809188842781 25.586957931518558 53.062788009643562 24.034657478332523 23.790318489074711 25.586957931518558 22.878716468811039 -4.9548523426055899 65.378646850585952 45.558958053588874 31.124823570251468 69.878505706787124 69.072742462158217 48.710355758666999 -1.4999999999999998 20.800000190734867 62.080410003662116 10.029585838317873 66.409629821777358 37.579692840576179 50.250949859619148 95.092845916748061
decision_type=2 2 2 2 2 2 2 2 2 2 2 2 2 2 2 2 2 2 2 2 2 2 2 2 2 2 2 2 2 2
left_child=19 2 21 5 6 9 8 -8 -5 11 -11 -3 14 -14 -6 16 -7 -17 -4 20 -1 23 -23 24 -2 -25 27 -21 29 -29
right_child=1 3 18 4 12 15 7 -9 -10 10 -12 -13 13 -15 -16 17 -18 -19 -20 26 -22 22 -24 25 -26 -27 -28 28 -30 -31
leaf_value=-0.0051168314048719655 -0.017320106405777476 0.00014986409999374482 -0.01855284675907307 -0.036200179792275147 0.0070258885867153804 0.061996381877519408 0.048929397517543265 -0.0001130703865118128 0.033739609372799968 -0.00062995724644438443 0.0079999664137061239 -0.0064484759284755677 0.012717916457383429 -0.00025957409929834081 -0.019598046457682275 0.01772958346375722 0.01097082268128661 -0.012016852184585813 0.0031749795947271509 -0.00211875610107508 0.012242114772165531 0.030738698584933766 0.0036987175629071573 0.029485448771648555 0.021874666927965185 0.0072026310002866918 -0.019431015374376123 0.0081521468759169664 -0.010714599097404656 0.03205005893886733
leaf_weight=1228.9270239844918 49.158877484500408 3276.7794287903234 38.926139153540134 25.044510819017887 223.88060350902379 34.155550360679626 85.199940055608749 49.241670586168766 18.061568193137646 3364.1379431374371 2155.8770202472806 994.07965648453683 669.86519335117191 68392.391122826375 285.66658643633127 116.03607591241598 41.57598565518856 39.818266794085503 451.75574045628309 125.94653034210205 49.553900539875031 93.805130586028099 68.640992417931557 34.761219955980778 22.049246154725552 90.285334095358849 20.186420798301697 82.363166861236095 21.454172246158123 38.474173277616501
leaf_count=7495 207 19910 215 155 1432 65 270 282 112 17275 13061 5771 4062 442058 1203 436 133 179 2642 713 324 474 303 136 103 295 133 504 160 268
internal_value=5.6533e-05 0.000115444 0.00614553 5.10891e-05 -0.000134038 0.00134005 0.0218454 0.0310205 -0.00665498 0.00093981 0.00273992 -0.00138524 -0.000190481 -0.000133452 -0.00789385 0.0181696 0.0344827 0.0100626 0.00140966 -0.00296864 -0.00443129 0.0125869 0.0194301 0.0068312 -0.00497824 0.0136006 0.00348491 0.00528813 0.0118683 0.0159795
internal_weight=82188.1 80621.2 849.383 79771.8 69749.4 10022.5 177.548 134.442 43.1061 9790.87 5520.01 4270.86 69571.8 69062.3 509.547 231.586 75.7315 155.854 490.682 1566.91 1278.48 358.701 162.446 196.255 71.2081 125.047 288.424 268.238 142.292 120.837
internal_count=520376 510779 4375 506404 449574 56830 819 552 267 56017 30336 25681 448755 446120 2635 813 198 615 2857 9597 7819 1518 777 741 310 431 1778 1645 932 772
is_linear=0
shrinkage=0.035


Tree=116
num_leaves=31
num_cat=0
split_feature=6 2 7 2 7 7 2 7 2 2 7 4 2 6 7 10 10 10 9 7 7 7 7 7 7 5 7 11 4 5
split_gain=15.934 15.5138 32.3132 41.1021 49.6858 40.4994 40.2074 35.7343 28.0678 26.6378 25.2906 19.9427 16.4675 19.2239 17.7978 15.6697 27.6509 15.3443 24.6748 99.5486 205.67 188.813 87.9634 65.5545 39.7756 38.6451 38.1652 32.3363 27.6726 22.3955
threshold=13.498980045318605 53.672307968139656 34.419713973999031 51.59552192687989 62.622432708740241 56.680021286010749 51.917179107666023 49.986120223999031 49.565883636474616 52.258813858032234 53.377611160278327 38.841281890869148 53.933164596557624 12.314051628112795 20.186177253723148 -6.2426600456237784 -2.5170540809631343 -0.53928416967391957 -0.94275000691413868 40.876146316528327 44.850858688354499 43.856449127197273 38.938592910766609 20.186177253723148 66.137874603271499 43.508358001708991 38.698242187500007 59.622549057006843 55.360511779785163 44.901058197021491
decision_type=2 2 2 2 2 2 2 2 2 2 2 2 2 2 2 2 2 2 2 2 2 2 2 2 2 2 2 2 2 2
left_child=1 2 9 4 7 10 -7 -4 -6 -1 -5 -3 13 -13 -14 -11 -17 29 19 22 21 -21 26 -20 -22 28 -19 -27 -25 -2
right_child=17 11 3 5 8 6 -8 -9 -10 15 -12 12 14 -15 -16 16 -18 18 23 20 24 -23 -24 25 -26 27 -28 -29 -30 -31
leaf_value=0.00040240818516925394 -0.012710294678532099 0.0085747963924948187 0.00089317538619143729 -0.0030572774721916458 0.0038562466719831317 -0.0057352001475627426 0.013211696702764397 0.0094867186977556604 -0.0023718529992312939 -0.0011433013584216832 -0.013952508922005427 -0.011761452841251395 -0.032211056514980636 0.011789452349677741 0.0019195301855139701 0.01975988908950117 0.006747580111366165 0.00041744208657419222 0.04438552284985111 0.014899117220740971 -0.0013347070689824429 0.062265833958123996 -0.017518004330123228 0.064982525318293918 0.017084264596796815 -0.0010288228871179127 0.02466885166855725 0.0011874446379474075 0.004775759602990353 -0.00078145455304282465
leaf_weight=659.17918857187033 193.4231305681169 153.829740062356 964.27899109572172 2442.4283160492778 1381.4761440828443 221.22589694708586 357.28804585337639 1546.3791810423136 2469.747477017343 147.50253474712372 292.17816163599491 428.82868123799562 18.890745840966702 46.179352283477783 376.24379382282495 301.80478774011135 602.72762596607208 3976.8610699204728 39.621575757861137 389.6858772598207 1013.4684819541872 140.08621264994144 343.63641813397408 18.183249235153198 166.44827593117952 22938.300772997551 80.3376788739115 12434.532925738022 19.237106502056122 28025.847256695852
leaf_count=5320 798 922 6318 12404 6689 1531 2440 8513 14827 501 1566 2073 124 211 2693 1198 2683 26534 126 2311 6191 547 1592 43 834 159539 552 71350 42 180009
internal_value=-2.83278e-05 0.0011271 0.00149866 0.000713475 0.00236021 -0.00244629 0.00595633 0.00619028 -0.000135611 0.0059315 -0.00422767 -0.00299558 -0.00505511 -0.0094412 0.000208335 0.00938631 0.0111106 -0.00023393 0.000193604 0.00224764 0.00941301 0.0275124 -0.00053567 -0.000160296 0.0012675 -0.000211339 0.000904144 -0.000249536 0.0349623 -0.000863824
internal_weight=82189.9 12410.2 11386.2 9675 6361.88 3313.12 578.514 2510.66 3851.22 1711.21 2734.61 1023.97 870.143 475.008 395.135 1052.03 904.532 69779.7 41560.4 6110.52 1709.69 529.772 4400.84 35449.9 1179.92 35410.3 4057.2 35372.8 37.4204 28219.3
internal_count=520481 70013 63990 54288 36347 17941 3971 14831 21516 9702 13970 6023 5101 2284 2817 4382 3881 450468 269661 38561 9883 2858 28678 231100 7025 230974 27086 230889 85 180807
is_linear=0
shrinkage=0.035


Tree=117
num_leaves=31
num_cat=0
split_feature=10 7 10 9 5 7 2 2 7 7 7 5 2 9 5 7 9 6 9 7 7 5 2 10 6 5 2 7 2 2
split_gain=13.8427 27.2573 41.2547 38.6197 45.4453 44.7019 94.3558 40.1253 29.099 28.0148 42.414 63.3788 57.2564 56.2145 37.4249 22.808 86.9522 39.1455 37.1141 59.2415 41.2188 21.1492 17.5143 49.7593 51.2597 31.0992 30.0583 29.6734 67.6309 28.7976
threshold=-1.0000000180025095e-35 62.413892745971687 1.0000000180025095e-35 2.4200500249862675 44.901058197021491 69.86682510375978 49.856487274169929 49.666902542114265 70.019687652587905 58.701616287231452 59.565095901489265 45.442907333374031 50.078802108764656 -0.31994999945163721 45.452220916748054 57.292371749877937 0.38075000047683721 57.937923431396491 0.88005000352859508 38.011922836303718 47.849605560302741 50.078678131103523 49.794338226318366 -12.683357715606688 76.414443969726577 46.484361648559577 49.309108734130866 71.004535675048842 48.849718093872077 49.977699279785163
decision_type=2 2 2 2 2 2 2 2 2 2 2 2 2 2 2 2 2 2 2 2 2 2 2 2 2 2 2 2 2 2
left_child=22 9 -3 4 -4 6 -5 -6 -7 15 12 -12 13 -11 -14 18 -17 -18 20 -20 -2 -13 23 25 27 -1 -26 28 -25 -24
right_child=1 2 3 5 7 8 -8 -9 -10 10 11 21 14 -15 -16 16 17 -19 19 -21 -22 -23 29 24 26 -27 -28 -29 -30 -31
leaf_value=0.033395566063774709 0.0014428557775907679 0.013355337232716084 0.040779016989872796 0.021248997289763736 0.0013519983567251675 -0.028672489582359278 0.0018878045629828965 -0.0029757450744910641 -0.00011750661556105297 0.062407214607079133 0.079660048383105669 0.00065814133539276207 -0.032585282951971314 0.013463255018074972 0.010891734228226235 0.0079617585364365317 -0.0051176489548709929 -0.024002737392865351 -0.0034218152781566608 0.0060820550242467811 -0.0023002186474302905 0.010879670415615 0.0080632752250800622 7.0281920778374567e-05 -0.0074183889542921563 -0.0056766317123547261 -0.024597878635199254 0.0023994293531386717 -0.011339290131473452 -0.00025666933245025196
leaf_weight=76.074101857841015 12285.000261371955 257.03932284004986 29.942821264266968 403.91705265268683 3582.6676668766886 43.532125100493431 1300.0206291563809 9788.143175479956 3197.4848133493215 52.807722069323063 12.252455510199068 1600.7140376167372 26.187037646770477 64.216644860804081 235.75626007560641 397.78164255060256 304.70041384547949 242.36272657103837 1041.4691056758165 3496.8165927380323 5098.4497158154845 293.07243236061186 517.04630273766816 2151.2165945693851 767.85279585421085 36.225837364792824 149.23276240378618 1763.1620330438018 902.27733772993088 32002.423628779128
leaf_count=265 78464 1464 70 1205 21403 113 5412 67430 20476 136 112 11532 229 185 1855 2900 1890 1562 4883 18004 34913 2328 2770 10997 4871 145 799 10764 3190 209390
internal_value=4.38905e-05 0.000469479 -0.000546012 -0.000741738 -0.00171748 0.00190094 0.00648928 -0.0018156 -0.000510187 0.00122083 0.00491598 0.0027821 0.0156016 0.0358826 0.00643262 0.00085112 -0.00446955 -0.0135198 0.00108092 0.0038993 0.000344579 0.00224759 -0.000441293 -0.00220497 -0.00265918 0.0207787 -0.0102406 -0.00121278 -0.00330093 -0.000123975
internal_weight=82119.8 43754.3 18602.7 18345.7 13400.8 4944.95 1703.94 13370.8 3241.02 25151.6 2285.01 1906.04 378.968 117.024 261.943 22866.6 944.845 547.063 21921.7 4538.29 17383.4 1893.79 38365.5 5846.04 5733.74 112.3 917.086 4816.66 3053.49 32519.5
internal_count=519757 276566 117573 116109 88903 27206 6617 88833 20589 158993 16377 13972 2405 321 2084 142616 6352 3452 136264 22887 113377 13860 243191 31031 30621 410 5670 24951 14187 212160
is_linear=0
shrinkage=0.035


Tree=118
num_leaves=31
num_cat=0
split_feature=6 12 2 9 7 7 9 10 7 2 9 7 7 9 7 7 8 10 10 10 13 9 8 9 10 7 6 9 9 10
split_gain=14.8921 12.6675 15.0115 24.7162 15.4634 16.0474 14.842 10.8937 30.0781 37.7291 37.4025 21.1413 105.263 46.7135 10.7878 12.7214 11.9229 11.0829 10.6901 9.76402 9.43458 9.5923 8.73398 7.96355 7.39844 7.51609 6.62788 5.91257 5.12412 3.89101
threshold=99.693408966064467 1.0000000180025095e-35 3.1099752187728886 -0.13405000418424604 57.292371749877937 59.142082214355476 1.2200500369071963 1.6687784194946291 75.94882965087892 49.565883636474616 4.7590000629425058 67.648265838623061 67.520690917968764 -0.9023500084877013 29.059847831726078 33.602645874023445 -7.4999999999999991 -1.8638429045677183 -5.0674018859863272 -6.0641770362853995 3.3908045291900639 -3.0320500135421748 -1.4999999999999998 -4.7622499465942374 -4.9548523426055899 32.421426773071296 29.513146400451664 -1.2468499541282652 2.7615000009536748 7.2648968696594247
decision_type=2 2 2 2 2 2 2 2 2 2 2 2 2 2 2 2 2 2 2 2 2 2 2 2 2 2 2 2 2 2
left_child=1 14 3 4 18 -6 19 11 9 -9 -10 12 -4 -13 20 24 17 -17 -3 -5 21 26 -8 -18 -16 -26 -1 -23 29 -2
right_child=28 2 7 6 5 -7 22 8 10 -11 -12 13 -14 -15 15 16 23 -19 -20 -21 -22 27 -24 -25 25 -27 -28 -29 -30 -31
leaf_value=0.014299206784566117 -0.029109475480356601 -0.0057125377366785577 -0.00014821494155460981 -0.027103086260678266 0.05137266842818046 0.015683595455197572 0.019298943261857025 0.0043115748702620095 -0.0076544574523938627 0.00026039072814161687 0.003924661912578638 0.012770482118059595 0.035521194498179594 -0.0023650725102565447 -0.01650510493548344 0.0045305211006584287 0.029684964294404915 0.05452628184785225 0.010197104736303272 -0.0025793987405363754 0.015875065391293377 -0.0171742977381894 -3.644138881130667e-05 -0.0041499366912241542 0.0053746863069977242 0.024337977422279031 -0.0062468183583047994 0.0025402012885857713 0.030689177686009032 0.022603269220951721
leaf_weight=21.602488897740841 30.446056551299993 66.193575076758862 41981.57015478611 20.326786145567894 18.320151895284653 96.01983630657196 61.151160702109337 3192.8498424962163 1133.6771916747093 23867.759917348623 487.56543463468552 256.2361274138093 100.79363312572241 8734.3724500276148 13.381066881120203 18.69559117406607 7.7654778957366934 7.1790790185332289 222.07418482005596 373.89617267251015 17.472164712846279 171.43640493601561 51.845942683517933 900.69887833297253 111.8594872802496 33.342369019985199 130.89623992145061 20.001458130776882 1.2786955079063762 1.1677663791924704
leaf_count=114 1689 214 272359 100 75 461 342 16807 9219 143422 3263 1161 660 57892 72 108 26 49 990 2282 112 1061 262 5600 738 223 738 124 53 31
internal_value=-0.000101657 -9.20258e-05 -3.3553e-05 0.00443462 0.0109014 0.0217799 -0.00069371 -8.46568e-05 0.000461069 0.000738757 -0.00416767 -0.000391268 -6.19413e-05 -0.00193183 -0.00332861 -0.00158459 -0.00314659 0.0198838 0.00651393 -0.00391393 -0.00856819 -0.00986418 0.010428 -0.00382716 0.00754413 0.00988663 -0.00323124 -0.0150761 -0.0233668 -0.0264726
internal_weight=82151.9 82119 80664.7 909.828 402.608 114.34 507.22 79754.8 28681.9 27060.6 1621.24 51073 42082.4 8990.61 1454.33 1092.92 934.339 25.8747 288.268 394.223 361.409 343.937 112.997 908.464 158.583 145.202 152.499 191.438 32.8925 31.6138
internal_count=520247 518474 509509 4726 1740 536 2986 504783 172711 160229 12482 332072 273019 59053 8965 6816 5783 157 1204 2382 2149 2037 604 5626 1033 961 852 1185 1773 1720
is_linear=0
shrinkage=0.035


Tree=119
num_leaves=31
num_cat=0
split_feature=6 5 5 10 5 10 4 5 4 7 2 10 9 5 2 10 7 2 2 10 2 2 5 4 6 2 7 2 2 5
split_gain=13.5969 17.5532 69.325 98.2376 39.4462 36.9118 35.3645 31.7202 27.2273 23.9477 23.5736 22.5328 18.2499 16.8995 18.8228 16.8239 20.9396 12.6565 33.1519 15.6565 14.3096 13.0554 21.8565 12.2648 10.3731 12.9007 34.2901 72.9006 25.3895 24.391
threshold=93.214572906494155 45.661050796508796 45.72456359863282 2.0307927131652836 45.861009597778327 -8.4042339324951154 51.518457412719734 45.961141586303718 56.545227050781257 54.955003738403327 50.025510787963874 8.4382386207580584 -2.2165499925613399 45.447542190551765 51.558494567871101 -9.6117405891418439 36.454193115234382 50.460123062133796 50.306278228759773 6.0274863243103036 50.091802597045906 53.017904281616218 45.558958053588874 53.746452331542976 4.4541819095611581 51.558494567871101 59.565095901489265 50.475614547729499 50.589962005615241 47.163959503173835
decision_type=2 2 2 2 2 2 2 2 2 2 2 2 2 2 2 2 2 2 2 2 2 2 2 2 2 2 2 2 2 2
left_child=24 8 3 5 23 -3 -7 12 11 -5 -9 15 -6 -13 -15 -2 -17 18 20 -20 -10 -19 -23 -4 25 26 27 -1 -29 -27
right_child=1 2 4 9 7 6 -8 10 17 -11 -12 13 -14 14 -16 16 -18 21 19 -21 -22 22 -24 -25 -26 29 -28 28 -30 -31
leaf_value=0.0018919747380305469 0.024224666053249116 0.075036600292620201 -0.012809059693757971 0.11067036765987537 0.04750953701549504 -0.0063288010409006962 0.03823217252837624 -0.014445824104212567 0.006938827463940052 0.039471343375165037 0.0008135882841187761 -0.010287314036086511 0.010252590081529289 -0.011488141318670044 0.047733741250524389 -0.015460202699877626 -0.0050401310714244512 -0.0089179757871034153 0.01972301899514442 0.075192774587299394 -0.039032031812570041 -0.009429749493924177 0.067069314806314353 -0.040867801230346987 2.2573494320588486e-05 -0.0010918146685443796 0.00024288667880531899 0.049924389445506236 0.019225873329596924 0.023055892019668997
leaf_weight=577.54525206238031 21.049667372368276 9.0247932225465757 181.47820636723191 15.523834116756918 23.822673096321523 90.426023844629526 27.835020793601871 136.59879210218787 186.66866549104452 11.612805725075303 1268.6045708507299 16.76650102622807 50.385824757628143 8.368342921137808 23.80632689781487 279.04628462065011 1565.3413494713604 101.72313033603132 14.776270821690561 11.827334567904471 7.8530678525567046 10.134978596121075 7.1176823973655692 21.189233627170324 73949.166182503104 1750.1887917891145 1432.2434148713946 38.334980487823486 248.10842593759298 51.975790478289127
leaf_count=4323 128 41 1644 43 190 528 123 520 1614 62 11791 194 383 52 122 2162 14971 663 42 49 26 81 15 85 461711 9219 7961 75 1076 215
internal_value=1.44789e-05 -0.00195211 0.000584678 0.0229681 -0.001476 0.00979536 0.00428711 0.000506369 -0.00402116 0.082455 -0.000672165 -0.00564398 0.0226854 0.0175813 0.0322134 -0.00626434 -0.00662645 0.00508471 0.0100338 0.0461142 0.00489483 -0.00406075 0.0233162 -0.0159262 0.000117669 0.00183148 0.00357094 0.00907446 0.0234863 -0.000381573
internal_weight=82138.5 4090.98 1836.5 154.422 1682.08 127.286 118.261 1479.41 2254.48 27.1366 1405.2 1914.38 74.2085 48.9412 32.1747 1865.44 1844.39 340.101 221.125 26.6036 194.522 118.976 17.2527 202.667 78047.6 4098.4 2296.23 863.989 286.443 1802.16
internal_count=520109 35529 15410 797 14613 692 651 12884 20119 105 12311 17629 573 368 174 17261 17133 2490 1731 91 1640 759 96 1729 484580 22869 13435 5474 1151 9434
is_linear=0
shrinkage=0.035


Tree=120
num_leaves=31
num_cat=0
split_feature=6 6 0 2 5 7 5 11 7 7 2 7 2 2 10 2 7 7 4 0 5 2 10 7 6 1 6 7 1 4
split_gain=16.0029 13.9479 15.9837 16.781 15.8333 19.4791 15.5002 14.6276 100.887 58.4663 11.5801 32.1755 33.9702 32.0052 14.4581 20.2247 12.0938 9.30803 38.3592 13.573 11.5099 9.18204 9.13212 14.0031 8.99004 12.7103 12.1452 8.44371 6.97553 5.90773
threshold=99.693408966064467 23.482285499572757 28.000000000000004 54.398979187011726 50.080970764160163 27.69983005523682 50.081102371215827 36.095550537109382 22.878716468811039 35.942852020263679 53.672307968139656 34.006141662597663 51.59552192687989 52.258813858032234 -11.258804321289061 53.675346374511726 20.186177253723148 28.017315864562992 18.004511833190922 35.20000076293946 94.393260955810561 0.83801758289337169 16.556191444396976 13.469102859497072 41.027770996093757 66.614727020263686 49.642675399780281 18.460414886474613 73.886222839355483 46.194013595581062
decision_type=2 2 2 2 2 2 2 2 2 2 2 2 2 2 2 2 2 2 2 2 2 2 2 2 2 2 2 2 2 2
left_child=1 4 3 7 10 28 29 9 -9 -3 11 13 -13 -1 15 -12 -16 18 20 -20 -4 -8 23 -5 25 -19 -26 -24 -6 -7
right_child=-2 2 17 22 5 6 21 8 -10 -11 14 12 -14 -15 16 -17 -18 24 19 -21 -22 -23 27 -25 26 -27 -28 -29 -30 -31
leaf_value=-0.000118620882069794 -0.024425001016716807 -0.00037588981808961186 0.0089355678188330259 0.019126823498221004 0.014758230658627686 0.0046025845620851664 0.030635405947207057 0.022270807521510946 -0.00051400875441955324 0.0073558056369367759 0.056693625513888839 0.0019605273366420793 -0.0014069734588095626 0.0079965240954129775 -0.015559505626858232 0.0023788484504443865 -0.0015194052690602638 -0.010755346503147011 0.045189942858440191 0.012056380365771077 -0.02397416242098099 -0.0040932650006356213 -0.028725751388226688 -0.0048034844059996239 0.010317950253341143 0.0060199658524512688 0.0019339855434673009 0.006446657828865796 -0.018166609819359261 -0.036362767261376751
leaf_weight=942.67644987255335 31.819215026684105 5551.2995493784547 22.061907403171062 30.070142462849617 88.231125243008137 4.6586412042379406 8.5771143808960897 238.37019590288401 50613.304672192782 1526.5254118293524 11.384860783815382 10296.398343287408 5698.4470438733697 1607.047895103693 78.345334514975548 28.22205863147974 1562.2200106307864 137.85917147994041 34.89662779122591 28.879886291921139 29.136360488831997 1019.406622171402 33.427880465984344 929.55871766060591 255.03437125682831 90.835394665598869 1252.2998831793666 10.325590029358862 7.788923241198062 24.082156158983707
leaf_count=7737 1755 33249 97 224 625 40 42 1266 339689 6886 24 58972 30919 6763 556 187 9091 638 132 102 117 7070 326 6099 1201 422 5789 79 43 208
internal_value=8.42401e-05 9.40549e-05 -0.000176292 -0.000277004 0.000863053 -0.00312381 -0.00450237 -0.000199116 -0.000406717 0.00129131 0.00109075 0.00134306 0.000760348 0.00499438 -0.00168919 0.018978 -0.00220141 0.00302517 0.01265 0.0306297 -0.00973908 -0.0037731 -0.00476309 -0.00403103 0.00237817 -0.00406409 0.00336188 -0.0203014 0.0118871 -0.0295408
internal_weight=82193.2 82161.4 60783.9 58932.9 21377.5 1152.74 1056.72 57929.5 50851.7 7077.82 20224.7 18544.6 15994.8 2549.72 1680.17 39.6069 1640.57 1851 114.975 63.7765 51.1983 1027.98 1003.38 959.629 1736.03 228.695 1507.33 43.7535 96.02 28.7408
internal_count=520348 518593 396316 387818 122277 8028 7360 381090 340955 40135 114249 104391 89891 14500 9858 211 9647 8498 448 234 214 7112 6728 6323 8050 1060 6990 405 668 248
is_linear=0
shrinkage=0.035


Tree=121
num_leaves=31
num_cat=0
split_feature=10 7 7 6 7 7 5 4 5 2 2 7 7 7 5 5 6 5 9 7 7 7 7 7 10 10 7 5 10 6
split_gain=12.166 58.2027 145.847 101.404 69.3039 42.1978 42.5637 41.645 35.6785 36.9299 97.8179 58.0285 34.4093 31.8533 28.144 42.3943 22.3402 26.1002 16.6138 31.7459 88.5739 82.2976 46.4739 26.2789 24.4384 25.4159 39.499 27.271 22.9177 21.0674
threshold=-6.2426600456237784 28.017315864562992 39.231353759765632 65.475582122802749 33.602645874023445 34.582567214965827 45.745761871337898 40.855077743530281 43.508358001708991 49.565883636474616 50.079050064086921 69.86682510375978 1.0000000180025095e-35 30.027215957641605 46.218702316284187 46.269800186157234 15.526998519897463 45.897418975830085 1.5452499985694887 57.000656127929695 56.244001388549812 57.865306854248054 37.797212600708015 64.03334236145021 22.41047286987305 7.502749204635621 36.454193115234382 45.447542190551765 2.8394057750701909 39.838054656982429
decision_type=2 2 2 2 2 2 2 2 2 2 2 2 2 2 2 2 2 2 2 2 2 2 2 2 2 2 2 2 2 2
left_child=1 14 3 5 13 -3 -7 -6 -4 11 -11 -10 -2 -5 16 -16 -1 -18 24 20 22 29 -20 -23 25 27 -27 -14 -22 -21
right_child=12 2 8 4 7 6 -8 -9 9 10 -12 -13 18 -15 15 -17 17 -19 19 21 28 23 -24 -25 -26 26 -28 -29 -30 -31
leaf_value=0.0025001196810789457 0.052074933981593297 0.00020135604887337247 -0.036800176001914452 0.024638571769210464 0.029384004216470944 0.025770193163563493 0.0010445512851270354 0.061747451229426126 -0.020911377475416468 0.025231903377524255 -0.00042456123962295635 0.0011156106796199874 0.0017380051908982802 -0.017518919044650298 0.036740143122765835 -0.0021391401726425963 -0.0057525781019885864 -0.02632974980716337 -0.0050415927351141797 -0.0061067720410846495 0.040276305296199466 0.0046710802949200885 0.0052628986970940659 -0.00014353902672464958 -0.02674114060811323 0.012652490742499462 0.00089455108515775362 -0.00078428315465115331 0.015546120349289811 -0.029378960560642549
leaf_weight=101.80940723419189 14.651666708290575 384.70232556760311 31.921352855861187 50.062463629059494 115.0277529284358 234.28109725564718 134.90290617197752 89.516313783824444 237.16692744195461 205.49819295108318 1543.7352021746337 379.57997603435069 5823.7253457764164 37.731617823243141 34.45176812261343 1336.6852624677122 148.68736146762967 156.10708184540272 727.77826850116253 74.167562156915665 88.344790048897266 1590.3064213097095 2025.1942237019539 10900.934160205536 42.386610604822636 443.19790184684098 1661.4071332421154 53215.165208936669 100.84374268352985 139.62326977029443
leaf_count=500 94 1825 86 361 253 615 602 338 861 1324 8766 2047 54657 225 178 8721 1113 666 3017 378 280 8221 9608 65496 392 2123 8906 337247 267 713
internal_value=-3.70913e-05 0.00159742 0.00425275 0.0151514 0.0326311 0.00833652 0.016776 0.043767 -0.000502966 0 0.00259569 -0.00735954 -0.000148264 0.00644678 -0.00354259 -0.00113629 -0.0116217 -0.0163559 -0.000158856 0.000858708 0.00413427 9.94081e-05 0.00253558 0.000469128 -0.000419202 -0.000400491 0.00337779 -0.00053534 0.0272521 -0.0213909
internal_weight=82069.6 5221.87 3444.13 1046.22 292.338 753.886 369.184 204.544 2397.9 2365.98 1749.23 616.747 76847.7 87.7941 1777.74 1371.14 406.604 304.794 76833.1 15647.2 2942.16 12705 2752.97 12491.2 61185.9 61143.5 2104.61 59038.9 189.189 213.791
internal_count=519880 28481 17303 4219 1177 3042 1217 591 13084 12998 10090 2908 491399 586 11178 8899 2279 1779 491305 87980 13172 74808 12625 73717 403325 402933 11029 391904 547 1091
is_linear=0
shrinkage=0.035


Tree=122
num_leaves=23
num_cat=0
split_feature=6 8 0 4 4 5 7 10 10 6 10 7 7 10 10 10 5 4 5 4 5 5
split_gain=14.53 10.6871 13.5167 10.921 19.4931 18.0944 16.0448 14.633 9.94397 7.92348 9.03597 38.2918 36.4279 8.37937 19.0296 7.96033 4.71264 3.07235 1.80341 1.90849 1.04242 0.536588
threshold=99.693408966064467 3.5000000000000004 42.399999618530281 21.908826828002933 52.145467758178718 97.544757843017592 63.42186355590821 1.0472377538681032 7.0411381721496591 3.2703125476837163 -7.5363545417785636 1.0000000180025095e-35 39.775512695312507 -1.0000000180025095e-35 1.0000000180025095e-35 -0.2465885058045387 50.079050064086921 69.30914688110353 50.080841064453132 47.498542785644538 50.079809188842781 45.419452667236335
decision_type=2 2 2 2 2 2 2 2 2 2 2 2 2 2 2 2 2 2 2 2 2 2
left_child=1 2 9 7 5 -5 -6 -4 16 13 12 -12 -11 15 -15 -1 21 -3 19 -18 -21 -2
right_child=8 17 3 4 6 -7 -8 -9 -10 10 11 -13 -14 14 -16 -17 18 -19 -20 20 -22 -23
leaf_value=0.00064251889083229965 0 -0.0076809048971437383 -0.033718010103952333 0.011362753265518388 -0.0035047308796779201 0.04819309783502284 0.013215465250838051 0.011743704929569132 0.041643478259350018 0.0049118514637605916 0.047196986468054591 -0.00015447973447997563 -0.0027136696541934981 0.025403859798386441 0.0029738792750019162 -0.010161524548957027 -0.0095878552950953572 -0.028609914336354295 -0.016415930901057706 0 0.061781191750084057 -0.034268380497450408
leaf_weight=1537.3413493558764 0.76482314430178178 19.230974175035954 17.561391249299049 48.750513188540936 153.25762360543013 24.923116445541382 127.99090006202459 15.549372263252733 1.8903440181165923 1860.458995193243 20.12558114528656 75404.538550786674 1303.9134959429502 47.323900133371353 1344.4100132659078 87.530705131590366 0.56250905618071501 18.296272948384285 1.0480113625526426 0.57963260076940037 0.65513736475259066 25.904813706874847
leaf_count=8505 56 74 78 202 639 91 552 67 48 10475 134 482139 6981 284 7383 513 46 76 89 48 53 1419
internal_value=1.62739e-05 2.55867e-05 3.43088e-05 0.00654446 0.0083543 0.0243 0.0040954 -0.0123886 -0.0234881 3.20354e-06 -6.4287e-05 -0.000141252 0.00176757 0.00176335 0.00375576 5.14927e-05 -0.0288793 -0.0184516 0.00984552 0.0281936 0.045848 -0.033432
internal_weight=82062.6 82031.2 81993.7 388.033 354.922 73.6736 281.249 33.1108 31.4053 81605.6 78589 75424.7 3164.37 3016.61 1391.73 1624.87 29.5149 37.5272 2.84529 1.79728 1.23477 26.6696
internal_count=519952 518193 518043 1629 1484 293 1191 145 1759 516414 499729 482273 17456 16685 7667 9018 1711 150 236 147 101 1475
is_linear=0
shrinkage=0.035


Tree=123
num_leaves=31
num_cat=0
split_feature=10 7 7 5 4 5 5 11 11 7 5 5 11 7 11 7 7 5 9 2 2 2 2 10 7 10 7 9 5 5
split_gain=9.2955 27.1402 44.6354 47.4333 38.3267 32.711 37.1727 41.6701 35.6101 31.1423 67.5348 22.171 19.4985 18.7727 175.197 84.2392 178.37 84.3579 81.4384 78.827 69.6877 98.2893 84.6605 68.8644 59.42 55.5963 53.179 52.7764 51.5012 36.6126
threshold=1.0116817355155947 62.413892745971687 62.622432708740241 45.45686340332032 53.615533828735359 45.501287460327156 45.449871063232429 64.49735260009767 53.881149291992195 65.378646850585952 45.549871444702156 45.449871063232429 49.756750106811531 53.64912414550782 48.592649459838874 57.000656127929695 57.865306854248054 45.653284072875984 0.59964999556541454 50.500419616699226 51.641031265258796 52.148338317871101 50.306905746459968 -1.6860778927803037 53.377611160278327 -0.28298069536685938 64.699142456054702 -1.3484500050544737 45.558958053588874 45.45686340332032
decision_type=2 2 2 2 2 2 2 2 2 2 2 2 2 2 2 2 2 2 2 2 2 2 2 2 2 2 2 2 2 2
left_child=13 -2 3 4 -3 6 8 -8 -4 10 -7 -6 -11 18 15 17 27 -15 24 -19 22 25 -20 -23 -1 -22 -18 -17 -26 -24
right_child=1 2 5 -5 11 9 7 -9 -10 12 -12 -13 -14 14 -16 16 26 19 20 -21 21 23 29 -25 28 -27 -28 -29 -30 -31
leaf_value=-0.0011810261407763168 0.0013860041875317526 -0.011449043988668904 0.0070047720430281022 -0.025190394023493157 -0.00084888164818394327 0.030030973661944734 0.0011820512373833763 0.0085907275112394182 -0.0032689324005870505 0.0077493078036737226 -0.0074403161959400556 0.043884016251548807 -0.0011909087836209338 0.0070961508932413904 -0.0010724483946521429 0.058851461474042285 0.0022772836603424944 0.002186229505732191 0.006463226679713904 -0.029465919998544685 0.040087776974035781 0.019244275880925865 0.0034437802804128739 -0.00079031050335942501 0.0073309342922362429 0.0064000876150139109 0.012554501238512485 0.026315462270249942 -0.032927212743095367 -0.027687272527641291
leaf_weight=26540.670854404569 18984.454606978223 103.73827541526407 490.91886206623167 182.8809826374054 23.30562961101532 60.277773631736636 3148.3487691506743 1320.9980276711285 2582.6990271518007 314.33466552942991 1636.1881486875936 30.629712983965874 5734.008839786984 549.54887388646603 15144.829395443201 84.700702406466007 1271.7085315054283 184.78504739515483 419.80708193872124 199.56941043585539 189.23654357343912 311.02439960837364 61.852671787142754 642.62638952583075 54.594698205590248 88.99474535882473 1201.2475504167378 231.12280230969191 130.5522834174335 176.77011745795608
leaf_count=171090 116189 747 4535 610 119 561 17475 5322 23331 1732 8070 164 34507 3434 102489 279 7892 1115 3627 881 784 1577 355 3626 516 357 6203 1281 440 608
internal_value=6.04187e-05 0.000496692 -0.000583164 -0.0131009 0.000933505 -0.000303186 0.0013367 0.00337453 -0.00162434 -0.00190121 -0.00609126 0.024697 -0.000724162 -0.000257455 0.000599369 0.0074014 0.0104478 -0.00168928 -0.000822631 -0.0142575 0.00619581 0.0111076 -0.00298559 0.0057471 -0.00131948 0.0293868 0.00727476 0.0351901 -0.0210381 -0.0196041
internal_weight=82096.4 34612.8 15628.3 340.555 157.674 15287.8 7542.96 4469.35 3073.62 7744.81 1696.47 53.9353 6048.34 47483.6 18867.5 3722.68 2788.78 933.903 28616.1 384.354 1890.31 1231.88 658.43 953.651 26725.8 278.231 2472.96 315.824 185.147 238.623
internal_count=519916 213362 97173 1640 1030 95533 50663 22797 27866 44870 8631 283 36239 306554 123574 21085 15655 5430 182980 1996 10934 6344 4590 5203 172046 1141 14095 1560 956 963
is_linear=0
shrinkage=0.035


Tree=124
num_leaves=31
num_cat=0
split_feature=6 7 9 7 10 10 9 5 10 5 4 12 2 9 9 6 8 8 8 1 5 4 5 2 2 9 7 9 4 7
split_gain=11.9298 20.5616 30.9264 38.0256 42.0184 13.4356 25.0314 18.3998 14.4779 52.549 21.8142 12.2544 20.1251 19.8081 13.4574 17.6342 12.6063 13.1329 12.0023 11.7774 11.6095 11.3027 18.3205 12.0884 14.4981 15.9066 10.2034 18.5325 16.0675 10.1652
threshold=95.145130157470717 69.762519836425795 2.8396499156951909 60.380186080932624 7.0411381721496591 6.8402321338653573 1.6862500309944155 45.447542190551765 -3.5648289918899532 45.489482879638679 39.790378570556648 1.6685205698013308 3.1099752187728886 -0.19534999877214429 1.1797500252723696 30.331507682800297 -4.4999999999999991 -1.4999999999999998 3.5000000000000004 45.364969253540046 45.656616210937507 64.45630264282228 50.079553604125984 47.838615417480476 48.849718093872077 1.3744500279426577 83.923740386962905 3.9356000423431401 67.195690155029311 23.790318489074711
decision_type=2 2 2 2 2 2 2 2 2 2 2 2 2 2 2 2 2 2 2 2 2 2 2 2 2 2 2 2 2 2
left_child=11 2 5 -4 20 8 7 -7 9 -2 -10 29 13 16 15 -15 -13 -18 26 -16 -5 23 -23 -3 25 -25 27 -14 -28 -1
right_child=1 21 3 4 -6 6 -8 -9 10 -11 -12 12 18 14 19 -17 17 -19 -20 -21 -22 22 -24 24 -26 -27 28 -29 -30 -31
leaf_value=-0.011786708372058986 0.037401108160553365 -0.027188169700068592 -0.019357128367545329 0.032701920560011831 -0.018124157986196619 -0.017729781285830925 -0.017700090164805022 0.024256701605857474 0.022466575323106103 -0.0012279836981234332 -0.0040622332876497757 -0.0048604862249818845 0.0001290512580914884 -0.027623794758858573 -0.00067857209362731066 6.5032610121647632e-05 0.021069127699619168 0.006722334971433752 -0.019157719927426056 0.020806984147865505 0.071093512823591096 -0.0019623944304341559 0.061508953414171418 -0.018795257574318838 -0.01225022196583845 0.014191701860753409 -0.016568509928710642 0.0032471249449554768 -0.00082870151438380231 -0.0019922919577240786
leaf_weight=143.18669900298119 49.440560080111027 47.635582266375422 20.760175637900829 24.723151698708534 13.439805969595907 14.261292953044174 30.898793209344149 83.995163708925247 37.940476679243147 302.89292099419981 1777.0712479529902 47.842545732855797 74142.718137513846 29.656794384121895 55.920241005718708 369.71206321567297 165.50013208389282 153.02756379544735 38.454870767891407 68.200109496712685 20.180492788553238 29.745628820732236 5.9908981975167981 24.701868827454746 279.28208275698125 58.862950477749109 112.4081768989563 2410.547320894897 270.24518456310034 1370.4169194325805
leaf_count=845 343 473 91 93 56 171 149 443 258 2219 17141 211 466932 174 293 2252 697 602 151 363 45 232 48 239 2899 591 1129 10791 2162 8488
internal_value=0.000109093 -0.0021267 -0.000827337 0.0205724 0.0349683 -0.00157441 0.00934742 0.017998 -0.0022317 0.0042452 -0.00349417 0.000188682 0.00024941 0.00548067 0.00109283 -0.00202474 0.0117151 0.0142326 0.000188787 0.0111287 0.0510514 -0.00901478 0.00960021 -0.0106679 -0.00842483 0.00427198 0.000198747 0.000227359 -0.0054956 -0.0029292
internal_weight=82199.7 2821.82 2375.6 79.1036 58.3435 2296.5 129.155 98.2565 2167.35 352.333 1815.01 79377.8 77864.2 889.859 523.489 399.369 366.37 318.528 76974.4 124.12 44.9036 446.219 35.7365 410.482 362.847 83.5648 76935.9 76553.3 382.653 1513.6
internal_count=520581 25491 21009 285 194 20724 763 614 19961 2562 17399 495090 485757 4592 3082 2426 1510 1299 481165 656 138 4482 280 4202 3729 830 481014 477723 3291 9333
is_linear=0
shrinkage=0.035


Tree=125
num_leaves=31
num_cat=0
split_feature=6 2 2 9 2 2 11 2 10 10 1 10 10 2 2 10 2 2 2 2 10 4 2 9 2 2 4 2 10 2
split_gain=15.2651 15.8186 18.1678 57.5165 15.2711 48.727 31.7969 58.6315 22.6017 19.1068 17.3643 16.4607 16.4596 29.3211 30.652 23.3911 22.6427 52.4379 24.8652 14.7444 16.8124 25.6616 15.7491 24.433 14.0071 66.9933 59.9337 117.163 106.024 92.4378
threshold=50.411310195922859 53.796842575073249 53.830442428588874 -4.0630500316619864 50.051788330078132 49.794338226318366 52.483249664306648 49.856487274169929 -3.1143594980239864 -12.683357715606688 30.903319358825687 2.6822456121444707 -2.5692464113235469 51.558494567871101 51.635154724121101 3.7614345550537114 50.619283676147468 51.435903549194343 50.36027908325196 53.865806579589851 -5.3034546375274649 43.237737655639656 53.933164596557624 -2.58554995059967 50.081499099731452 51.59552192687989 51.882596969604499 51.641031265258796 -1.2689077258110044 52.172777175903327
decision_type=2 2 2 2 2 2 2 2 2 2 2 2 2 2 2 2 2 2 2 2 2 2 2 2 2 2 2 2 2 2
left_child=1 4 3 -3 5 8 7 -7 9 -1 -10 -8 16 15 -15 -14 18 -18 -6 20 -4 -22 23 -21 -2 -26 27 -27 29 -28
right_child=24 2 19 -5 12 6 11 -9 10 -11 -12 -13 13 14 -16 -17 17 -19 -20 22 21 -23 -24 -25 25 26 28 -29 -30 -31
leaf_value=0.016521302432147764 0.00033879432809274038 0.046610406169814635 -0.018419518517787226 -0.019672864180078724 0.0014418533294512442 -0.021604862432545179 -0.0110248710093598 0.0042323806370056557 -0.003491690960151621 -0.0040148121299223441 0.0024610347311627306 -0.0033376964090838469 0.0026593232122155515 -0.009004298455302753 -0.0003087801614119471 -0.00093789813528269666 0.012793121060695975 0.0023828006688531439 -0.0071617742706207715 0.0042429420589111229 0.040350149545957517 0.0054170849539338 -0.0005619801750720324 -0.011221409462516256 -0.0039073819544406139 0.016708118103927576 0.042805457720832461 -0.001616468070022096 0.0016261956172626873 0.009827923915913377
leaf_weight=56.989670991897583 14711.93166570738 17.050895527005196 25.344328455626965 155.97460268437862 2299.5113445222378 125.61010589450598 911.60324122011662 721.53983693569899 676.98403291404247 1346.6105594560504 5201.841408573091 551.52886190265417 8976.4426798969507 519.19532695412636 11102.284213840961 2935.604118347168 689.40694000571966 4226.47371083498 500.31597472727299 172.85774043947458 30.634070046246052 148.90919799357653 2241.0693393051624 444.1906078979373 6989.8541342848912 442.17585183214396 139.47599086817354 12142.515760418959 3204.7246569450945 410.52694542147219
leaf_count=204 113705 44 198 716 19747 746 4897 5287 4070 6296 26604 3251 64315 2451 62368 17043 3202 19109 2089 807 235 1088 15303 1916 43139 2802 811 76522 18872 2315
internal_value=7.00947e-06 0.000450405 -0.00190429 -0.0129162 0.00063718 -0.000583839 -0.00501215 0.000376371 0.000820437 -0.00316707 0.00177397 -0.00813537 0.00101223 0.000551864 -0.000698452 0.00177223 0.00241527 0.00384602 -9.46816e-05 -0.00127674 0.00776805 0.0115688 -0.00192957 -0.00687807 -0.000506563 -0.00103996 0.000186404 -0.000971038 0.00406704 0.0182535
internal_weight=82119.2 44078 3236.03 173.025 40841.9 9592.71 2310.28 847.15 7282.43 1403.6 5878.83 1463.13 31249.2 23533.5 11621.5 11912 7715.71 4915.88 2799.83 3063.01 204.888 179.543 2858.12 617.048 38041.2 23329.3 16339.4 12584.7 3754.73 550.003
internal_count=520152 261986 20307 760 241679 51355 14181 6033 37174 6500 30674 8148 190324 146177 64819 81358 44147 22311 21836 19547 1521 1323 18026 2723 258166 144461 101322 79324 21998 3126
is_linear=0
shrinkage=0.035


Tree=126
num_leaves=31
num_cat=0
split_feature=11 7 7 7 7 7 5 2 4 7 7 7 9 7 7 7 5 9 7 5 7 9 7 7 7 7 11 2 9 7
split_gain=10.4691 24.554 16.9421 51.0732 25.5494 59.5447 65.6432 30.5599 27.6138 22.8841 17.3633 15.8005 15.5042 13.7677 19.8038 27.5156 19.7992 12.8585 15.1106 12.4626 10.644 67.2742 78.7255 94.3365 68.7777 55.3146 44.9302 28.7591 23.2059 53.9119
threshold=72.342250823974624 78.280700683593764 63.42186355590821 63.478757858276374 65.454277038574233 69.762519836425795 45.419452667236335 51.255708694458015 69.30914688110353 70.050064086914077 62.469350814819343 85.718479156494155 -1.6858499646186826 61.121740341186531 57.292371749877937 57.865306854248054 45.601842880249031 1.9917500019073489 80.857158660888686 50.079681396484382 67.379653930664077 0.36595000326633459 68.936416625976577 68.408538818359389 69.072742462158217 69.762519836425795 68.24444961547853 49.204040527343757 1.140049993991852 57.000656127929695
decision_type=2 2 2 2 2 2 2 2 2 2 2 2 2 2 2 2 2 2 2 2 2 2 2 2 2 2 2 2 2 2
left_child=1 20 10 -4 7 6 -6 -5 -9 -7 13 12 -3 14 16 -16 -2 -14 -19 -13 28 22 23 -22 -24 26 -23 -27 -1 -30
right_child=2 11 3 4 5 9 -8 8 -10 -11 -12 19 17 -15 15 -17 -18 18 -20 -21 21 25 24 -25 -26 27 -28 -29 29 -31
leaf_value=-0.00018400943647599847 -0.0048493979954879578 0.040205579137083822 0.026108901949715855 -0.01938205174354421 -0.035508071450888197 -0.014440911298785783 0.015320260540591261 0.027906728062310041 -0.022150826739779587 0.0011507489138231689 -0.016942782821195178 0.03657980855715081 -0.017663229461492704 0.015147549274801811 -0.030962196911565633 -0.0038586101061738052 0.0063960218881434728 -0.0035294711528612607 -0.029018982119200655 -0.022827858354204811 0.0059428838801206434 -0.00708658336228185 -0.022738710609419385 0.036696420579913853 0.0027502348782954085 0.0016020200696439276 0.0073546271257167953 -0.0023528293081191433 0.0050029818182378968 -0.00077996433495005257
leaf_weight=53720.596150914207 374.00260868668556 6.9962545186281195 109.68667910993099 136.63336659222841 32.084596671164036 119.75035309791565 574.3821793794632 38.393399238586426 19.738554924726486 2640.502179838717 89.195634000003338 15.953144408762457 161.33047153055668 60.657131023705006 59.874244518578053 192.83123327419162 391.59356762468815 333.91824219655246 30.5366007424891 5.0658850595355025 384.12695079296827 3078.0029967259616 138.83634650707245 179.1635445356369 1814.6529471799731 4044.7901591770351 287.54849217459559 5078.3242965508252 3609.646891400218 4354.9102697158232
leaf_count=348602 1425 22 199 446 255 352 2029 149 67 16689 353 146 1270 267 209 962 1390 2756 330 56 2421 19914 859 836 10837 23020 1225 38514 18293 25811
internal_value=-8.01338e-05 -0.000179156 0.00149877 0.00266768 0.00193807 0.00265355 0.0125765 -0.0103542 0.0107211 0.000467799 -0.00216811 -0.00751732 -0.008711 -0.000928577 -0.00190419 -0.0103854 0.000894043 -0.00943528 -0.00574321 0.0216289 -0.000125997 -0.000962021 0.00425661 0.0157751 0.000926563 -0.00201447 -0.00584921 -0.000598668 7.72697e-05 0.00184031
internal_weight=82083.7 77244.4 4839.33 3671.17 3561.48 3366.72 606.467 194.765 58.132 2760.25 1168.15 553.801 532.782 1078.96 1018.3 252.705 765.596 525.785 364.455 21.019 76690.6 15005.4 2516.78 563.29 1953.49 12488.7 3365.55 9123.11 61685.2 7964.56
internal_count=519704 494912 24792 20186 19987 19325 2284 662 216 17041 4606 4580 4378 4253 3986 1171 2815 4356 3086 202 490332 97626 14953 3257 11696 82673 21139 61534 392706 44104
is_linear=0
shrinkage=0.035


Tree=127
num_leaves=31
num_cat=0
split_feature=6 10 10 5 5 5 11 11 2 2 7 7 11 11 5 5 5 2 5 10 10 9 10 4 7 10 2 6 5 6
split_gain=10.636 15.2289 9.80996 26.3262 34.063 39.0007 96.4555 52.6009 26.5661 82.0727 44.8833 23.2832 44.045 36.5387 25.6798 23.4709 91.3091 113.16 44.7989 42.2411 19.8526 17.001 32.6853 27.5881 18.2943 16.205 15.6413 15.4516 14.8381 13.1781
threshold=99.358459472656264 -6.2426600456237784 1.0116817355155947 45.447542190551765 45.764883041381843 45.661050796508796 53.659950256347663 43.658349990844734 51.620014190673835 50.091802597045906 41.438684463500984 27.69983005523682 36.095550537109382 54.999750137329109 46.620765686035163 45.758811950683601 45.661050796508796 51.970317840576179 46.369321823120124 1.0472377538681032 22.41047286987305 -1.4051499962806699 -12.683357715606688 49.40417671203614 72.674533843994155 -9.6117405891418439 53.796842575073249 73.686916351318374 45.449871063232429 55.945737838745124
decision_type=2 2 2 2 2 2 2 2 2 2 2 2 2 2 2 2 2 2 2 2 2 2 2 2 2 2 2 2 2 2
left_child=2 -2 3 21 5 7 -7 -5 9 -6 -10 12 20 14 -14 16 28 -18 19 -17 26 25 23 -23 -24 -1 -4 -27 -13 -15
right_child=1 -3 11 4 8 6 -8 -9 10 -11 -12 15 13 29 -16 18 17 -19 -20 -21 -22 22 24 -25 -26 27 -28 -29 -30 -31
leaf_value=-0.027189861277127442 0.029203523274762416 -0.0096929367884944009 -0.0053489927195065554 0.0021138438330552726 0.00045459105580051776 -0.0078034610484506118 0.010366866491083622 -0.002146501456273786 -0.00030018604974267393 0.010224064574428914 -0.0083876134230138847 -0.0011774622843114333 0.023207383993809123 0.0027573389734206707 0.0060102730252902985 0.039455050655033692 0.031780431979961596 0.0043203600136450838 0.00058284232279821923 -0.0040948381887796689 -0.033937190395484582 -0.018203616302983082 0.0037194282795459644 0.045151774550831913 -0.0024293976896661283 0.00082501961894698912 0.006300566561716096 -0.02105612931553507 0.0010050489059716143 -0.022296003878282664
leaf_weight=36.0913340523839 12.214407187886534 220.29102397058159 315.51771845668554 4830.3829265013337 12815.890129394829 2607.328621789813 413.78694975376129 13376.643615845591 6927.1655840650201 1147.1634282022715 956.28729914873838 5126.0385612212121 281.04971976578236 79.127528481185436 174.04800912737846 26.6332927942276 249.01458786427975 700.36071812361479 8009.7266451865435 4346.6675016358495 21.333370678126812 10.127229519188402 3121.8905311860144 37.580636158585548 729.59081973880529 253.77965566515923 254.15666078031063 45.912249699234962 14903.521520528942 36.943391934037209
leaf_count=203 130 3598 1690 25066 105548 15318 1584 76539 33909 3906 4287 45930 1326 352 1092 105 552 4742 59675 12895 242 78 28695 274 6830 1915 1735 407 81568 169
internal_value=-6.38966e-05 -0.00752642 -4.25353e-05 -0.000369967 -0.000628988 -0.00162749 -0.00531036 -0.00101579 0.00034095 0.00125826 -0.00128286 0.000405952 0.00527438 0.0121995 0.0166679 0.000236026 0.000949411 0.011551 -0.000971987 -0.00382085 -0.0014139 0.00226255 0.00291469 0.0314802 0.00255257 -0.00527839 -0.000137797 -0.00255097 0.000446118 -0.00525485
internal_weight=82066.3 232.505 81833.8 47309.6 43074.6 21228.1 3021.12 18207 21846.5 13963.1 7883.45 34524.1 1162.18 571.169 455.098 33362 20978.9 949.375 12383 4373.3 591.008 4234.97 3899.19 47.7079 3851.48 335.783 569.674 299.692 20029.6 116.071
internal_count=520360 3728 516632 304559 266157 118507 16902 101605 147650 109454 38196 212073 6606 2939 2418 205467 132792 5294 72675 13000 3667 38402 35877 352 35525 2525 3425 2322 127498 521
is_linear=0
shrinkage=0.035


Tree=128
num_leaves=31
num_cat=0
split_feature=6 7 7 10 11 4 10 11 7 2 10 10 10 5 5 10 9 7 10 10 9 6 2 7 5 2 7 7 10 7
split_gain=10.9662 22.7709 32.1702 122.539 28.6801 25.6568 29.6412 26.8887 62.7366 22.7467 28.0641 22.7464 21.8151 20.6548 19.1613 16.467 17.517 46.4875 27.7022 15.0698 15.0079 14.8446 14.7912 13.6191 15.8884 13.4458 18.1351 47.7178 46.3523 44.0035
threshold=50.411310195922859 73.50925445556642 72.941394805908217 14.079446315765383 62.216749191284187 52.197597503662116 0.72843012213706981 82.75894927978517 74.040325164794936 47.475122451782234 9.343633174896242 -6.9107091426849356 -1.7742630839347837 50.078678131103523 50.079553604125984 16.556191444396976 2.6139500141143803 63.42186355590821 8.0838499069213885 14.079446315765383 0.47364999353885656 67.45145416259767 50.079050064086921 73.829555511474624 45.452220916748054 53.796842575073249 34.66917800903321 44.196378707885749 -3.4950604438781734 43.856449127197273
decision_type=2 2 2 2 2 2 2 2 2 2 2 2 2 2 2 2 2 2 2 2 2 2 2 2 2 2 2 2 2 2
left_child=25 2 15 4 11 6 23 9 19 10 -7 -4 -11 -6 -10 16 18 -18 -2 -9 22 -22 -8 -3 -25 26 -1 28 29 -28
right_child=1 5 3 -5 13 7 20 8 14 12 -12 -13 -14 -15 -16 -17 17 -19 -20 -21 21 -23 -24 24 -26 -27 27 -29 -30 -31
leaf_value=0.002031138518875303 -0.00074199857942089322 -0.0010337929874434616 0.063741891770357675 0.10134742705600648 0.019440657942749906 -0.016590374300082828 -0.027844133775635112 -0.039111294792558413 0.0040380794293653592 -0.011242531142483005 0.049229058884658249 -0.004779335721240543 -0.0022718222066574791 -0.010462585684933119 0.022516544039139743 -0.011676110315538614 -0.0039159881744801287 0.0068361674659668881 0.0048363217563553744 0.0045673055026597166 -0.0085740330301200748 0.034324617207599516 0.015532784818216065 0.00132445084075617 0.043230784033248822 -0.0018809164865738952 0.0049391334550532035 0.00083533290180264953 -0.0035971914374136804 -0.026941490181944923
leaf_weight=7446.2842308208346 31559.040414162911 18.235248483717442 5.2831011041998854 16.126890316605568 177.58692847564816 307.45904482901096 37.289911903440952 46.590835727751255 293.70829030871391 452.90192222967744 7.3377599343657485 230.56062602438033 1252.3696542680264 32.778403856791556 89.744463343173265 157.21639873087406 792.357132345438 1297.0865696892142 1128.5183277726173 11.613545194268225 19.846635177731514 18.045483861118555 12.081163369119166 15.117393035441635 45.306420251727104 3215.2653874382377 1271.3223129063845 25859.644166968763 6213.3644477576017 54.500223845243454
leaf_count=43605 218744 163 49 126 1487 2059 209 160 2030 3622 49 2102 10449 271 624 892 3251 5525 5346 47 141 148 107 151 279 20254 6429 155634 35757 200
internal_value=-7.81293e-05 -0.000513663 -0.000280047 0.00888322 0.00535032 -0.00365696 0.00962054 -0.00455755 0.00325043 -0.00626872 -0.0149131 -0.00300452 -0.0046626 0.0147261 0.00841893 -0.000401719 -0.000350282 0.00275546 -0.000549083 -0.0303337 -0.00435666 0.0119621 -0.0170118 0.0251025 0.0330149 0.000297581 0.000469274 0.000120805 -0.00232895 0.00360789
internal_weight=82084.6 38024.2 35396.6 462.336 446.209 2627.65 165.922 2461.73 441.657 2020.07 314.797 235.844 1705.27 210.365 383.453 34934.2 34777 2089.44 32687.6 58.2044 87.2632 37.8921 49.3711 78.6591 60.4238 44060.4 40845.1 33398.8 7539.19 1325.82
internal_count=519910 258031 237793 4035 3909 20238 1198 19040 2861 16179 2108 2151 14071 1758 2654 233758 232866 8776 224090 207 605 289 316 593 430 261879 241625 198020 42386 6629
is_linear=0
shrinkage=0.035


Tree=129
num_leaves=31
num_cat=0
split_feature=0 6 10 7 5 7 5 11 7 7 9 9 10 6 6 11 11 10 12 9 5 6 0 10 7 9 10 7 10 7
split_gain=12.5151 11.5017 12.8694 26.3051 36.3469 30.9931 42.613 27.599 21.1204 21.0639 19.0006 15.4345 23.7134 15.4394 11.4614 14.5626 17.4229 12.8538 10.8108 19.2523 10.7155 14.7184 10.2508 9.0871 8.88939 19.5415 19.3186 17.7499 40.0005 8.86378
threshold=28.000000000000004 67.861434936523452 4.5968675613403329 35.942852020263679 45.489482879638679 79.115924835205092 45.424163818359382 50.769649505615241 80.263469696044936 78.860435485839858 7.6709501743316659 2.9244999885559086 -1.6410641074180601 99.693408966064467 40.634757995605476 53.019449234008796 52.171749114990241 -6.2426600456237784 1.6685205698013308 -0.13405000418424604 92.225063323974624 47.28900337219239 68.000000000000014 -1.6860778927803037 79.115924835205092 -0.9023500084877013 4.5100278854370126 76.706653594970717 3.219731450080872 34.66917800903321
decision_type=2 2 2 2 2 2 2 2 2 2 2 2 2 2 2 2 2 2 2 2 2 2 2 2 2 2 2 2 2 2
left_child=1 20 9 4 -4 6 -5 -6 -7 11 -11 13 -13 -3 -2 16 18 -17 23 -20 24 -22 -19 -16 27 -26 -27 29 -29 -1
right_child=14 2 3 5 7 8 -8 -9 -10 10 -12 12 -14 -15 15 17 -18 22 19 -21 21 -23 -24 -25 25 26 -28 28 -30 -31
leaf_value=0.0011320321604440392 -0.0032335963063765305 -0.0011266877731505082 0.045268263098054332 -0.014483671331775822 0.012107866560931484 0.0299212144716045 0.00038740480181975376 -0.0077102493063270676 0.0059331941744984688 -0.015260474581203007 0.032631165802750002 -0.0058043737357378793 0.0082622739967045892 -0.027871742136259401 -0.010343287037993735 -0.030847668297603024 0.029409764279904032 0.0020226543206534752 0.014066522173942343 -0.0026118912329975053 -0.003842601110874205 0.0012399204786685718 -0.030043391293419448 0.0046389974889412813 0.058670871982515076 -0.0095996137973884746 0.0014095275167518618 0.010721032892063694 -0.0086614190661538411 5.4923383591542715e-05
leaf_weight=12159.39421608299 319.46322428435087 18215.549810219556 30.943248257040977 256.21178326103836 294.03602446429431 61.510058265179396 2885.0152239315212 120.4889108762145 167.59126300085336 181.53536020126194 9.9220356345176679 207.02592251542956 496.64836218953133 25.703894141130149 68.260777175426483 14.439362935721872 42.085773967206478 860.44829476624727 317.62625012546778 114.34404847025871 1780.8753931447864 1144.2875898480415 11.568187855184076 174.80316925048828 5.3588975816965094 373.96706077456474 405.32214626669884 525.45087064057589 172.35473243147135 40700.119859814644
leaf_count=74575 1496 134131 124 2486 1642 448 16460 477 1393 1580 69 1360 2443 1585 326 58 212 3931 1235 593 10433 7073 44 956 19 2954 3355 2666 1099 245208
internal_value=1.23035e-05 -5.45131e-05 -0.000716557 0.00113835 0.00912373 7.89039e-05 -0.000826694 0.00632678 0.0124858 -0.00108682 -0.0126167 -0.000969406 0.00411194 -0.00116598 0.00280205 0.00400985 0.0077167 0.000998953 0.00632065 0.00963885 0.000210713 -0.00185219 0.0015621 0.00038262 0.000321911 -0.00337365 -0.00386902 0.000376233 0.0059192 0.000302839
internal_weight=82142.4 80219.3 22952.2 3815.8 445.468 3370.33 3141.23 414.525 229.101 19136.4 191.457 18944.9 703.674 18241.3 1923.04 1603.58 717.12 886.456 675.034 431.97 57267.1 2925.16 872.016 243.064 54342 784.648 779.289 53557.3 697.806 52859.5
internal_count=520431 511580 164198 23030 2243 20787 18946 2119 1841 141168 1649 139519 3803 135716 8851 7355 3322 4033 3110 1828 347382 17506 3975 1282 329876 6328 6309 323548 3765 319783
is_linear=0
shrinkage=0.035


Tree=130
num_leaves=31
num_cat=0
split_feature=6 2 2 5 5 5 2 2 5 11 7 6 6 7 0 5 11 12 10 7 7 5 1 10 2 10 2 5 10 7
split_gain=11.8065 18.5467 21.9993 15.357 23.1198 21.4473 35.0659 19.0345 13.8259 12.8195 11.7654 11.8094 10.5169 10.4955 10.12 20.335 12.8097 17.5099 22.7985 17.2253 16.7553 14.5873 11.4763 10.7076 27.8007 33.2527 20.3955 19.2321 46.6664 25.047
threshold=7.1747236251831064 48.029621124267585 48.799194335937507 45.565744400024421 45.596515655517585 45.558958053588874 52.91411209106446 49.565883636474616 45.45686340332032 50.351049423217781 78.280700683593764 3.2703125476837163 0.43134848773479467 60.827449798583991 20.800000190734867 92.225063323974624 53.019449234008796 3.3203631639480595 -1.9495523571968076 64.699142456054702 23.291272163391117 90.993312835693374 51.572919845581062 0.90706148743629467 52.708227157592781 8.8588023185729998 50.091802597045906 45.764883041381843 -12.683357715606688 62.413892745971687
decision_type=2 2 2 2 2 2 2 2 2 2 2 2 2 2 2 2 2 2 2 2 2 2 2 2 2 2 2 2 2 2
left_child=1 8 -3 5 -5 7 -7 -4 12 -10 11 -11 -1 -6 15 23 17 20 19 -19 -16 -20 -22 27 26 -26 -25 28 -2 -29
right_child=14 2 3 4 13 6 -8 -9 9 10 -12 -13 -14 -15 16 -17 -18 18 21 -21 22 -23 -24 24 25 -27 -28 29 -30 -31
leaf_value=0.037554924244030653 0.014943937344164427 -0.012172932085243456 0.011928856735668618 -0.028840108795174277 0.0010663786821407657 0.01936504915620375 -0.0067039875812341578 0.0013159278313073376 -0.010427051834373507 0.038957573814881699 -0.0038902639474278355 0.014903276095769802 0 -0.0039062484462896326 -0.022456815466058919 -0.0032407840395348945 -0.00034527792992075206 0.012549457199026703 0.036047570866919294 0.04130655617464641 -0.001867088472494091 0.0029273973636745011 0.008998479300296295 0.0010400506714367732 0.0015809903964681769 0.009302619795730183 -0.00099672498283688723 -0.00014563572436773284 -0.0012438937179865845 0.0033787251100996698
leaf_weight=9.0066602379083616 219.46472465991974 148.67106316238642 225.14108580350876 33.590224094688892 2458.8750767782331 220.41040170192719 87.540496826171875 2515.3580792993307 16.266070112586021 48.964156046509743 17.801102459430695 56.294070556759834 135.32206041365862 658.52531816810369 38.834302335977554 2503.0328004360199 1608.8219686821103 236.49734936654568 15.943237513303755 28.427184246480465 444.03064269572496 691.16533299535513 161.59300097823143 11078.303412634879 5304.8640129547566 784.2856404595077 13193.978938639164 13953.349595518783 22184.934697964229 2999.9621410258114
leaf_count=52 997 878 1233 162 13921 530 241 14789 70 108 66 145 811 4096 170 15808 7918 903 90 114 2480 3465 942 78522 34339 3953 74452 96793 139125 22888
internal_value=6.84011e-05 0.00148421 0.00109105 0.00141179 -0.000299627 0.00318269 0.0119336 0.0021936 0.0102307 0.0180714 0.0219379 0.0263683 0.00255556 1.29743e-05 -5.59687e-05 -0.000141729 0.0018618 0.00406181 0.00702632 0.0157766 -0.000401868 0.00372394 0.00102857 -3.03317e-05 0.000463399 0.00257778 -6.68122e-05 -0.000411386 -0.00108448 0.000477732
internal_weight=82079.3 6631.77 6348.11 6199.44 3150.99 3048.45 307.951 2740.5 283.654 139.325 123.059 105.258 144.329 3117.4 75447.5 72222.2 3225.31 1616.49 972.033 264.925 644.458 707.109 605.624 69719.1 30361.4 6089.15 24272.3 39357.7 22404.4 16953.3
internal_count=520061 37102 35850 34972 18179 16793 771 16022 1252 389 319 253 863 18017 482959 466877 16082 8164 4572 1017 3592 3555 3422 451069 191266 38292 152974 259803 140122 119681
is_linear=0
shrinkage=0.035


Tree=131
num_leaves=31
num_cat=0
split_feature=6 1 0 10 7 10 7 0 6 2 9 2 12 12 7 7 7 10 1 7 7 7 10 10 10 0 0 7 9 12
split_gain=16.6326 10.4122 17.4316 17.6606 12.0769 15.9348 13.6755 11.5417 13.1944 21.9218 86.2288 69.4826 13.0112 11.96 12.1219 11.4813 19.8816 13.0798 11.2078 10.5581 10.2501 12.2609 9.93197 9.49042 15.6471 8.30943 12.6956 6.4575 32.3073 6.84943
threshold=99.693408966064467 49.424125671386726 10.000000000000002 1.4105724692344668 54.053018569946296 9.9290294647216815 54.955003738403327 20.800000190734867 55.945737838745124 49.794338226318366 -3.4302499294281001 50.069204330444343 44.466983795166023 39.805366516113288 37.080343246459968 79.115924835205092 76.706653594970717 7.0411381721496591 57.095132827758796 69.26322174072267 18.460414886474613 13.469102859497072 1.0000000180025095e-35 4.1867012977600107 1.5929551720619204 72.000000000000014 46.399999618530281 66.409629821777358 -0.21065000444650647 4.6482927799224862
decision_type=2 2 2 2 2 2 2 2 2 2 2 2 2 2 2 2 2 2 2 2 2 2 2 2 2 2 2 2 2 2
left_child=1 2 19 27 5 -5 -6 8 15 10 -10 -11 13 18 -15 16 -3 -17 -9 20 21 -1 -22 24 -21 26 -14 29 -29 -4
right_child=-2 7 3 4 6 -7 -8 12 9 11 -12 -13 25 14 -16 17 -18 -19 -20 23 22 -23 -24 -25 -26 -27 -28 28 -30 -31
leaf_value=-0.0056678671346203375 -0.025848867177786679 0.0003826878966388472 -0.0017182881657394377 -0.0015439933850746317 -0.025191385231501471 0.023839058326258308 -0.0056931450729496872 -0.0075202711608363731 0.038302073682986139 0.0058252826209172007 -0.0035182907556702558 -0.00069068066770760898 -0.00082524978636906287 0.049102751613959085 0.01164562739400244 -0.0077961139884672572 0.006705971193786125 0.0023970632340669217 0.0075823811221819764 0.00055407195025208541 -0.012150612478352167 0.05071534603958415 -0.0030717370286285121 -0.0167649488801354 0.040652939057944926 -0.027652633937729067 0.0087293261980601108 0.039448721999846788 0.0017224480549368146 0.0038479810011759459
leaf_weight=10.986591540277006 29.681598138064146 44805.473746910691 525.82436239719391 415.13218598812819 47.917076148092747 31.8694127202034 507.06229317188263 68.212487205862999 60.482510432600975 2178.9266712702811 4086.7657799869776 24960.60599835217 866.24107269197702 14.970624163746832 36.82695135474205 429.68353509157896 616.88595508784056 238.45683318376541 456.29892590641975 40.178429581224918 407.26894757151604 7.0803722143173209 236.04308667778969 16.565816983580589 16.386789351701736 11.691627711057661 210.98421505838633 32.561193905770779 170.37078320235014 554.65729105472565
leaf_count=91 1778 267815 3100 2159 173 130 2853 346 160 16307 24541 175621 4293 48 190 3406 3234 2013 2416 264 2436 29 1677 138 121 41 875 156 1000 2754
internal_value=3.3675e-07 1.00235e-05 -0.00200658 -0.000494965 -0.00397791 0.00028944 -0.00742306 8.71781e-05 2.50275e-05 -0.000529598 -0.00289944 -0.000167125 0.0029695 0.00721957 0.0231868 0.000401668 0.000468836 -0.00414923 0.0055965 -0.00669472 -0.00809442 0.017271 -0.00883823 0.00581977 0.0126976 0.000710076 0.0010447 0.00221956 0.00794126 0.00113337
internal_weight=82092.1 82062.4 3019.9 2285.39 1001.98 447.002 554.979 79042.5 77377.3 31286.8 4147.25 27139.5 1665.23 576.309 51.7976 46090.5 45422.4 668.14 524.511 734.51 661.379 18.067 643.312 73.131 56.5652 1088.92 1077.23 1283.41 202.932 1080.48
internal_count=520165 518387 17081 12325 5315 2289 3026 501306 493097 216629 24701 191928 8209 3000 238 276468 271049 5419 2762 4756 4233 120 4113 523 385 5209 5168 7010 1156 5854
is_linear=0
shrinkage=0.035


Tree=132
num_leaves=31
num_cat=0
split_feature=6 13 13 5 11 1 1 2 5 2 6 4 7 2 7 7 2 11 0 1 6 10 11 6 4 7 2 10 1 5
split_gain=11.9157 9.95696 23.2081 25.7929 16.2637 11.3686 18.0777 12.5175 12.4221 12.2712 10.9602 10.8881 62.0556 83.2131 50.1532 89.9377 56.665 21.8623 9.78084 13.9675 9.29763 8.86568 9.77373 8.32833 8.17395 7.92369 7.73028 8.19598 7.66502 7.52408
threshold=99.358459472656264 2.353266835212708 2.5320513248443608 98.30551910400392 65.116851806640639 49.424125671386726 4.7503163814544687 3.1099752187728886 95.092845916748061 99.30505752563478 42.989906311035163 41.681951522827156 22.878716468811039 52.962209701538093 22.878716468811039 23.790318489074711 50.079809188842781 1.0000000180025095e-35 13.59999990463257 98.82376861572267 61.108633041381843 -3.4286378622055049 63.407449722290046 20.727281570434574 20.044356346130375 73.481372833251967 99.30505752563478 12.557685852050783 89.994098663330092 45.745761871337898
decision_type=2 2 2 2 2 2 2 2 2 2 2 2 2 2 2 2 2 2 2 2 2 2 2 2 2 2 2 2 2 2
left_child=1 5 3 -3 18 6 9 8 -8 23 -9 12 17 -14 16 -16 -13 -7 24 -20 -11 29 -23 -1 -4 -24 27 -6 -28 -2
right_child=21 2 4 -5 26 11 7 10 -10 20 -12 14 13 -15 15 -17 -18 -19 19 -21 -22 22 25 -25 -26 -27 28 -29 -30 -31
leaf_value=-0.0096019102556680874 0.029028429596447539 -0.00091396125989245155 0.020030951698538829 0.0510761276522151 0.001237314991459345 0.0050864852280900911 0.0048183345219103115 -0.01151310251845751 -0.0053756613833644117 0.00041258885484667931 -0.0039455830104506767 -0.018266008289980814 -0.00051660005136885446 0.0086209795302130878 -0.014175585335628035 -1.499485863397324e-06 0.013666139797541506 -0.0057793346634451292 0.0058090546584342664 0.023046598689177324 0.045479418668558508 -0.014107398590679074 0.019063027981818893 0.0016901407925362702 -0.0027061434626147762 -0.015574885674971598 -0.0023445746368229853 -0.019987764242438592 -0.025526285857481727 -0.0048178289569785716
leaf_weight=86.559939987957478 12.766420789994301 20.807938769459724 20.767781615257263 25.059471249580383 201.40243583917618 265.40986261516809 275.7089070007205 399.49067431688309 310.14848166704178 10.227316223084928 579.35113391280174 76.66444057226181 2804.0547978579998 2159.5722234994173 551.90676677972078 70307.325410708785 556.89802905917168 1515.742716640234 315.60046295076609 70.558315753936768 12.578104309737681 165.74788602534682 21.359493627212942 939.58808981627226 188.23128803819418 11.824707246385513 35.123436503112316 24.20698094367981 35.848739109933376 18.652388522401452
leaf_count=519 165 113 130 92 933 2181 1501 2320 1680 59 3158 680 14479 9818 2554 452868 3185 10655 1651 413 64 2967 143 5645 1139 194 139 137 150 266
internal_value=4.56105e-05 6.81215e-05 0.00365269 0.0277293 0.0023827 2.64301e-05 -0.0022438 -0.00462719 -0.000566329 0.00130559 -0.00704811 0.000102383 0.00144658 0.00345831 -2.43484e-05 -0.000112156 0.00977298 -0.00415473 0.00572193 0.0090179 0.0262642 -0.0078895 -0.010633 0.000724054 -0.000345676 0.00643825 -0.00429205 -0.00107171 -0.0143054 0.00909697
internal_weight=82019.2 81788.8 937.607 45.8674 891.739 80851.2 2613.65 1564.7 585.857 1048.95 978.842 78237.6 6744.78 4963.63 71492.8 70859.2 633.562 1781.15 595.158 386.159 22.8054 230.351 198.932 1026.15 208.999 33.1842 296.582 225.609 70.9722 31.4188
internal_count=519998 516263 4897 205 4692 511366 14946 8659 3181 6287 5478 496420 37133 24297 459287 455422 3865 12836 3333 2064 123 3735 3304 6164 1269 337 1359 1070 289 431
is_linear=0
shrinkage=0.035


Tree=133
num_leaves=31
num_cat=0
split_feature=6 5 7 2 2 9 9 7 7 4 7 7 7 2 2 2 5 9 5 9 2 9 7 7 5 7 7 2 2 7
split_gain=12.789 14.9443 14.3537 27.2776 34.977 30.5081 28.8328 26.2147 26.1093 27.8459 58.6817 22.7407 17.2695 15.9826 12.3607 24.2477 13.0306 10.3011 14.3687 30.7766 17.4343 9.05942 13.5744 20.1145 16.4059 30.1204 13.0401 17.7389 12.4858 11.2916
threshold=93.214572906494155 50.079553604125984 44.196378707885749 52.120557785034187 52.786775588989265 0.09054999798536302 -4.3752000331878653 36.454193115234382 47.595426559448249 47.032857894897468 48.045326232910163 34.66917800903321 35.846035003662116 51.636827468872077 52.715166091918952 52.757917404174812 50.069299697875984 1.3057999610900881 50.079999923706062 -2.6604499816894527 50.079809188842781 6.0667500495910653 85.718479156494155 75.636428833007827 45.661050796508796 70.530574798583999 83.923740386962905 54.216073989868171 48.029621124267585 65.00513076782228
decision_type=2 2 2 2 2 2 2 2 2 2 2 2 2 2 2 2 2 2 2 2 2 2 2 2 2 2 2 2 2 2
left_child=21 2 3 5 12 6 -2 -6 14 10 -10 -7 -5 -11 16 -16 -4 18 19 -3 -21 26 23 24 29 -26 -1 -28 -25 -23
right_child=1 17 8 4 7 11 -8 -9 9 13 -12 -13 -14 -15 15 -17 -18 -19 -20 20 -22 22 -24 28 25 -27 27 -29 -30 -31
leaf_value=0.00011481864720552563 0.053943811026454215 -0.018167852167836909 -0.027857125094794887 -0.031579169696900292 -0.0019518763883400638 0.065796942010265883 0.0016530832344309138 0.014207630464941287 0.10062125627070244 -0.0057125110471374892 0.003977233834441686 0.0170555218452292 -0.0091305934786996782 0.0017602177207289328 0.073202980688590089 -0.012193399330570913 0.0095468682967739405 0.015347131330194439 -0.0016273863484716907 0.00010477456973441085 0.065887895284460568 -0.010989017687098198 -0.0035265580268971754 0.0070681805282378574 0.01912514064366368 -0.018924955463259653 -0.016311876388853515 0.014543555215874028 0.028671251457479393 0.0042265576705019774
leaf_weight=77076.701394826174 12.675841443240641 14.139514920301734 103.03851521667093 50.98423427157104 698.80968499649316 15.883758425712584 325.01709288544953 148.33783152885735 8.7083653733134252 1532.2424405617639 41.706479005515575 44.806610352359712 239.97515685670078 452.47194963227957 4.095187718980017 23.32816549949348 12.125479614362119 86.93839202914387 237.9623193172738 7.3454471044242391 15.726281112059951 110.69736864417791 209.78653014451265 63.504139259457588 128.26092022657394 30.897099643945694 117.28772369027138 27.397624224424362 70.983813911676407 127.25924944877625
leaf_count=479021 64 160 819 278 5481 85 3007 1313 27 13722 244 313 1424 4271 57 282 152 833 2918 86 163 437 1733 287 344 110 1124 260 428 509
internal_value=3.20369e-05 -0.00187876 -0.00254191 4.40686e-05 -0.00271083 0.00792149 0.00375943 0.000880177 -0.00436901 -0.00334632 0.0221186 0.0306159 -0.013164 -0.00400534 -0.0188169 0.00202449 -0.0238198 0.00489455 0.00153188 0.0215283 0.0459429 0.000132052 0.00398072 0.00695731 0.00295904 0.0116371 9.49701e-05 -0.0103731 0.0186243 -0.00283551
internal_weight=82039.1 4076.32 3714.21 1536.49 1138.11 398.383 337.693 847.148 2177.72 2035.13 50.4148 60.6904 290.959 1984.71 142.587 27.4234 115.164 362.112 275.174 37.2112 23.0717 77962.8 741.389 531.603 397.115 159.158 77221.4 144.685 134.488 237.957
internal_count=519952 35699 31539 11965 8496 3469 3071 6794 19574 18264 271 398 1702 17993 1310 339 971 4160 3327 409 249 484253 3848 2115 1400 454 480405 1384 715 946
is_linear=0
shrinkage=0.035


Tree=134
num_leaves=31
num_cat=0
split_feature=9 7 7 7 5 2 1 7 5 7 5 6 6 2 2 2 5 2 5 7 7 2 2 11 7 2 9 6 2 2
split_gain=10.8521 18.0364 86.171 59.1499 48.2119 31.5827 42.2765 45.027 30.1494 48.1375 22.444 38.4732 20.7456 20.2338 48.7077 37.0072 113.367 26.7566 25.177 17.1411 81.3727 63.2895 56.2863 34.2944 33.6392 31.4184 23.7965 23.2525 23.1771 47.078
threshold=1.7465500235557558 57.000656127929695 57.865306854248054 54.63191223144532 45.549871444702156 51.636827468872077 63.166738510131843 53.377611160278327 50.078802108764656 34.66917800903321 45.706155776977546 41.822921752929695 39.838054656982429 51.432224273681648 51.837673187255866 51.228878021240241 45.498958587646491 52.172777175903327 50.080711364746101 68.936416625976577 69.762519836425795 50.459417343139656 50.434299468994148 28.875400543212894 72.086982727050795 50.060390472412116 -0.54905000329017628 31.531767845153812 50.079681396484382 50.079427719116218
decision_type=2 2 2 2 2 2 2 2 2 2 2 2 2 2 2 2 2 2 2 2 2 2 2 2 2 2 2 2 2 2
left_child=19 3 12 5 -5 8 7 -7 9 -2 11 -6 -3 15 -15 18 -17 -16 -4 -1 21 22 25 24 -22 -21 27 -23 29 -25
right_child=1 2 13 4 10 6 -8 -9 -10 -11 -12 -13 -14 14 17 16 -18 -19 -20 20 23 26 -24 28 -26 -27 -28 -29 -30 -31
leaf_value=5.9373686054899409e-05 0.026719161233304371 -0.0069977440949227556 0.00052773862247536914 -0.0052153764836310734 0.016110650159642928 0.0040412973134107237 -0.018334473022399968 0.026862575669077245 0.0075656723214600208 -0.011926996766463882 0.011887975339515468 0.051173058737191246 -0.031273530260421442 -0.016102976035307772 0.013835999844669008 -0.0043553008608106063 0.041802381148133942 -0.001968109565899945 0.0086833905902830473 -0.014413786247427273 0.06154557785527566 -0.0018824684129182486 -0.034715508152238138 0.00072460194079690963 -0.0071279235540274294 -0.00088896279275004506 -0.0004202392664717561 0.061329349190777614 -0.004379554986273646 0.06503980846695033
leaf_weight=59624.28526423499 42.099079877138138 67.802389346063137 9101.8729253904894 89.975534982979298 82.966546818614006 1200.6883995831013 92.244427762925625 115.6098508015275 184.70175162702799 488.59087662398815 108.87749125063419 73.607715457677841 124.795419793576 283.5471497066319 149.26794298738241 162.65763243287802 107.56641022115946 1044.4441406587139 488.00552496500313 704.14085413049906 20.968986704945564 12.713734917342665 131.40813459455967 5460.7046460704878 14.063314154744146 301.69620246905833 519.13629887439311 14.719922654330729 1256.2684725373983 13.180905893445013
leaf_count=384941 178 332 52411 550 221 4900 364 410 1295 2004 446 264 599 1963 902 677 592 6011 3559 3827 54 83 395 35314 54 2962 4428 102 10572 124
internal_value=3.28896e-05 0.000920043 0.000336913 0.00362801 0.0168281 0.00141026 0.00445365 0.00606609 -0.00457041 -0.00881246 0.0243193 0.0328148 -0.0228279 0.000732635 -0.00308489 0.0013055 0.0140617 1.02009e-05 0.000944179 -0.00014959 -0.00162494 -0.00850791 -0.0132099 8.79653e-05 0.0342384 -0.010368 0.00126768 0.0325635 -9.28053e-05 0.000890231
internal_weight=82082.6 14009.3 11530 2479.36 355.427 2123.93 1408.54 1316.3 715.392 530.69 265.452 156.574 192.598 11337.4 1477.26 9860.1 270.224 1193.71 9589.88 68073.3 8449 1683.82 1137.25 6765.19 35.0323 1005.84 546.57 27.4337 6730.15 5473.89
internal_count=520534 77678 67046 10632 1481 9151 5674 5310 3477 2182 931 485 931 66115 8876 57239 1269 6913 55970 442856 57915 11797 7184 46118 108 6789 4613 185 46010 35438
is_linear=0
shrinkage=0.035


Tree=135
num_leaves=31
num_cat=0
split_feature=9 7 7 7 11 5 10 10 7 11 9 4 7 7 10 10 5 5 7 7 7 10 7 10 5 5 10 9 4 4
split_gain=11.6685 25.5553 48.6565 37.9885 24.9732 34.0932 25.1382 21.8907 21.7643 68.7616 27.3298 20.1944 20.054 61.1116 26.7109 23.1473 29.7446 51.7402 27.9897 25.4688 20.7298 34.1306 47.7054 27.7467 20.479 25.475 20.1822 19.6952 18.3907 14.5418
threshold=2.1182500123977666 78.280700683593764 76.706653594970717 76.442924499511733 52.693250656127937 50.079553604125984 7.2648968696594247 -0.035080650821328156 67.648265838623061 45.269750595092781 0.82664999365806591 49.606721878051765 37.797212600708015 39.775512695312507 -1.6860778927803037 -0.88167428970336903 45.447542190551765 45.45686340332032 58.399545669555671 73.28943252563478 35.319665908813484 3.219731450080872 34.419713973999031 1.0817691683769228 45.610874176025398 45.805624008178718 1.7074679136276247 4.4084999561309823 58.129676818847663 49.755718231201179
decision_type=2 2 2 2 2 2 2 2 2 2 2 2 2 2 2 2 2 2 2 2 2 2 2 2 2 2 2 2 2 2
left_child=1 2 3 8 11 7 -7 -6 10 -10 -1 -4 14 24 -2 18 19 -18 28 -17 21 -16 -23 -22 -14 26 -26 -20 -15 -3
right_child=12 29 4 -5 5 6 -8 -9 9 -11 -12 -13 13 15 20 16 17 -19 27 -21 23 22 -24 -25 25 -27 -28 -29 -30 -31
leaf_value=-0.00019719665946664073 0.028388256479716111 0.014467111520361696 0.019115906421555431 -0.028989570010791055 0.021578168406353116 0.067074022288560645 -0.0093488999107720436 -0.0093124429061233003 0.010960626851379227 -0.0021870976347655919 0.0018747934920833045 0.077000076434568979 0.0039229045787680245 -0.0014218272664168453 -0.020655238410937211 -0.0073051141518998873 0.0090208139315928471 0.0013586666052522163 -0.0026131252820458073 0.0014028744723658033 0.022104800694984404 -0.0023421056001908347 0.042056101862497391 -0.023480360711047657 0.077741099594836105 0.0088802987605176905 0.032504903825405863 0.0079278603842863546 -0.026646406778390003 -0.016030879464388147
leaf_weight=50797.663787488826 25.341841824352741 20.619544506072998 17.095710396766666 55.164126908406615 47.291370943188667 19.351931117475036 6.6921891346573821 66.571973074227571 510.15598969906569 10462.68953030929 9211.1502360589802 13.926586680114267 43.572077363729477 58.818567775189877 86.713640742003918 702.96867511142045 1373.7376197166741 5048.879033472389 1534.2081820629537 987.67007428407669 17.72836622595787 166.9242994710803 35.172300755977631 139.10853414237499 17.863496512174606 35.684612184762955 44.585011973977089 251.93331321328878 90.903023339807987 175.54646064713597
leaf_count=329453 96 114 41 541 293 131 58 259 2396 71489 56717 48 203 285 376 5361 6010 23250 9483 8634 74 668 101 502 40 198 93 1546 374 1457
internal_value=7.29498e-06 -0.000153891 -0.000118967 -0.000164046 0.0184883 0.0119749 0.0474826 0.00351748 -0.000141219 -0.00157443 0.000120751 0.0466038 0.00108737 0.00141442 -0.00596454 0.00109086 0.00191185 0.00299954 -0.00234571 -0.00221552 -0.00798107 -0.00237419 0.00548568 -0.0181971 0.0241761 0.0329935 0.0463751 -0.00111953 -0.0168436 -0.0127439
internal_weight=82065.7 71403.9 71207.8 71036.8 170.93 139.907 26.0441 113.863 70981.7 10972.8 60008.8 31.0223 10661.8 10190.8 470.989 10049.1 8113.26 6422.62 1935.86 1690.64 445.647 288.81 202.097 156.837 141.705 98.1331 62.4485 1786.14 149.722 196.166
internal_count=520291 462997 461426 460596 830 741 189 552 460055 73885 386170 89 57294 55477 1817 54943 43255 29260 11688 13995 1721 1145 769 576 534 331 133 11029 659 1571
is_linear=0
shrinkage=0.035


Tree=136
num_leaves=31
num_cat=0
split_feature=6 10 7 7 7 7 9 2 4 10 2 7 2 7 2 4 7 7 0 0 2 2 9 7 7 7 10 6 11 10
split_gain=11.5845 13.0435 24.1285 32.1672 21.7254 20.0269 23.6409 19.3665 16.8157 13.8614 16.9018 22.6201 16.0343 11.0737 24.2382 10.852 19.0514 15.76 9.3615 10.844 12.8029 9.21567 8.93464 13.4279 12.0959 16.851 14.0171 9.79515 8.2797 29.4492
threshold=93.214572906494155 -6.0641770362853995 21.560606956481937 39.775512695312507 33.602645874023445 20.186177253723148 -3.6045500040054317 53.471158981323249 42.541114807128913 12.557685852050783 52.786775588989265 73.28943252563478 53.917564392089851 64.699142456054702 48.996879577636726 56.993158340454109 75.742977142333999 71.03153228759767 42.399999618530281 60.799999237060554 98.745513916015639 50.500419616699226 7.6709501743316659 80.857158660888686 90.347183227539077 65.00513076782228 22.41047286987305 66.632598876953139 13.683300018310549 12.557685852050783
decision_type=2 2 2 2 2 2 2 2 2 2 2 2 2 2 2 2 2 2 2 2 2 2 2 2 2 2 2 2 2 2
left_child=18 2 7 4 -4 6 -3 -2 -6 15 11 -11 -12 21 -15 17 -17 -7 22 -20 -21 -5 23 28 25 27 -26 -24 29 -1
right_child=1 5 3 13 8 9 -8 -9 -10 10 12 -13 -14 14 -16 16 -18 -19 19 20 -22 -23 24 -25 26 -27 -28 -29 -30 -31
leaf_value=0.0047811016713582392 0.016362263070165868 -0.0012858407573084095 0.0098854636137534584 0.0041645327178699018 0.026031931366935924 -0.0029042375809977404 0.06017926955430726 -0.026422981588936127 0.075811649009232332 -0.021088811858711982 0.06820326691631029 0.023787648997261039 0.0016995856854147668 -0.025774216027285742 0.033649280257912452 0.0061898901368268797 -0.011229117737204707 -0.01276316341822732 0.0072815079808021379 0.01394198028045753 -0.02240039917689007 -0.02246343047609841 0.0041932115238197875 -0.0066864788603906147 -0.037141961479781264 0.019910296337412328 0.0013590177454153452 -0.029390835066242342 9.5957272791520363e-06 -0.018069677799281779
leaf_weight=968.51792339980602 18.121090814471245 16.938102651387457 32.599882286973298 31.639854909852147 20.001177094876766 3073.4934596717358 12.837075827643273 40.075091757811606 16.240918206050992 25.39991364441812 10.271978028118612 28.112739225849509 7.8547388743609181 11.455567193217574 25.901879776269197 343.14276386331767 98.118479968048632 212.24511062353849 377.5999803841114 17.307427406311035 33.314537309110165 30.136779800988734 66.731475330889225 363.13868133723736 11.986374124884604 114.62289900332689 120.26673811674118 11.810531184077261 75865.604871749878 73.510779149830341
leaf_count=5455 194 146 300 207 48 27815 90 279 85 165 35 226 65 89 219 1978 929 2615 1578 72 125 172 237 3259 106 559 1007 38 471638 613
internal_value=-2.11811e-05 -0.00184509 0.00629985 0.013037 0.031268 -0.00232932 0.0258661 -0.0129407 0.0496839 -0.00255756 0.0125912 0.00236116 0.0410454 0.000157824 0.0150854 -0.00285327 0.00228747 -0.00354617 7.35278e-05 0.00522956 -0.00981537 -0.00883476 4.49299e-05 2.04365e-05 0.00582514 0.0113971 -0.00228014 -0.00101409 5.22651e-05 0.00314974
internal_weight=82079 4054.59 226.172 167.976 68.842 3828.41 29.7752 58.1962 36.2421 3798.64 71.6394 53.5127 18.1267 99.1341 37.3574 3727 441.261 3285.74 78024.4 428.222 50.622 61.7766 77596.2 77270.8 325.418 193.165 132.253 78.542 76907.6 1042.03
internal_count=520344 35657 1593 1120 433 34064 236 473 133 33828 491 391 100 687 308 33337 2907 30430 484687 1775 197 379 482912 480965 1947 834 1113 275 477706 6068
is_linear=0
shrinkage=0.035


Tree=137
num_leaves=31
num_cat=0
split_feature=1 1 0 6 0 4 6 1 2 0 7 11 10 0 6 2 10 10 7 7 10 13 1 1 10 13 7 2 7 7
split_gain=10.4422 24.0051 17.4367 10.8717 10.4208 16.0217 11.3666 16.7027 13.8059 10.3558 10.3283 12.3494 10.0671 10.3993 9.89121 18.9062 12.3912 9.18629 40.7047 30.0255 8.15625 6.96804 6.8322 6.43743 13.6144 10.1876 17.8897 9.38593 9.37448 21.1287
threshold=30.549678802490238 31.600819587707523 13.59999990463257 48.081212997436531 20.800000190734867 44.558532714843757 58.735633850097663 34.177652359008796 0.83801758289337169 10.000000000000002 48.710355758666999 40.539850234985359 5.504620075225831 1.0000000180025095e-35 2.0562301874160771 48.029621124267585 -1.0000000180025095e-35 -8.9486303329467756 75.833541870117202 1.0000000180025095e-35 12.557685852050783 3.2795698642730717 57.506017684936531 14.571192741394045 1.3737114667892458 2.9857397079467778 62.413892745971687 0.83801758289337169 70.019687652587905 71.191276550292983
decision_type=2 2 2 2 2 2 2 2 2 2 2 2 2 2 2 2 2 2 2 2 2 2 2 2 2 2 2 2 2 2
left_child=9 2 -2 -4 14 6 7 -6 -8 10 21 -12 13 -13 15 -3 -17 18 -16 -19 22 -1 -7 28 27 -26 -27 -25 -11 -30
right_child=1 4 3 -5 5 20 8 -9 -10 23 11 12 -14 -15 17 16 -18 19 -20 -21 -22 -23 -24 24 25 26 -28 -29 29 -31
leaf_value=-0.012480712543906073 -0.0097545778831691198 0.018665760549703779 0.061784155259397434 0.020488436896200904 0.047278849245003078 -0.0045646042270114633 0.018808836106576694 0.0095590013212111889 -0.00057398722792123395 -0.00064281411834255496 0.039365553143012107 -0.013062767800387688 -0.025087945351875543 0.0054863224524104503 0.0014285268246356478 -0.00091754309001811226 0.0048779726131195572 0.037815792400033348 0.031753929755604114 -0.00013586367886381519 0.017178064969985477 0.0055028785674738016 0.0012789837590050708 0.024324732648181899 -0.013592758487695797 0.02958396874742018 -0.021643313244490005 -0.00076516398784526459 0.029842180530370698 -0.0014111404861541616
leaf_weight=278.14507784694433 12.752997711300848 83.942353874444962 13.126272670924662 22.591768428683281 14.411081716418265 322.07819997519255 52.029570259153843 340.12753418833017 300.17359998822212 1053.4559076502919 8.2140351086854917 50.93375588208437 20.778266973793507 129.32742239534855 1959.5614003287628 982.84161785244942 832.99770402163267 24.744359530508518 55.004635520279408 73852.061821497045 33.412356421351433 28.133281528949738 1015.725934587419 18.990404427051544 196.49190019071102 18.406840294599533 13.903955087065695 232.05966897308826 40.696009196341038 72.046055644750595
leaf_count=1830 78 344 69 122 75 1527 258 1734 1504 5896 46 353 167 890 11038 5467 4647 179 380 475057 98 165 4940 92 1029 86 73 1237 223 473
internal_value=1.89837e-05 8.40042e-05 0.0245069 0.0368772 6.88495e-05 0.00251449 0.00679253 0.0112149 0.00230567 -0.00238084 -0.00670808 -0.000673052 -0.00249317 0.000171958 3.40644e-06 0.00249739 0.00173821 -5.89586e-05 0.00227226 -0.000122648 0.000301754 -0.010796 -0.000124526 -0.00101873 -0.00442845 -0.0105912 0.00733816 0.00117618 0.00038033 0.00993936
internal_weight=82079.2 79917.6 48.471 35.718 79869.1 2077.96 706.742 354.539 352.203 2161.58 515.532 209.253 201.039 180.261 77791.2 1899.78 1815.84 75891.4 2014.57 73876.8 1371.22 306.278 1337.8 1646.05 479.853 228.803 32.3108 251.05 1166.2 112.742
internal_count=520077 507517 269 191 507248 10136 3571 1809 1762 12560 3451 1456 1410 1243 497112 10458 10114 486654 11418 475236 6565 1995 6467 9109 2517 1188 159 1329 6592 696
is_linear=0
shrinkage=0.035


Tree=138
num_leaves=31
num_cat=0
split_feature=6 1 0 7 13 10 6 9 0 9 1 6 2 2 2 2 2 7 12 6 5 6 10 7 10 1 7 5 5 10
split_gain=13.3561 11.3487 13.4799 16.8881 14.5107 14.0949 13.6903 12.5294 11.4194 14.0455 14.0914 13.7821 16.7117 21.8456 15.2997 44.6837 37.8033 10.6046 10.1762 10.1529 13.8335 10.084 8.82311 8.34435 8.14553 7.83172 7.48448 4.59283 5.91201 4.47666
threshold=99.693408966064467 49.424125671386726 28.000000000000004 49.822107315063484 6.4583332538604745 7.0411381721496591 38.245452880859382 2.4813500642776494 20.800000190734867 -0.14995000511407849 50.49494934082032 50.411310195922859 54.398979187011726 53.706521987915046 51.59552192687989 50.459417343139656 51.635154724121101 43.682548522949226 69.87100982666017 20.727281570434574 92.483322143554702 61.108633041381843 -6.2426600456237784 73.829555511474624 -1.1141470670700071 75.631938934326186 33.509216308593757 46.117029190063484 46.324718475341804 1.9062452316284182
decision_type=2 2 2 2 2 2 2 2 2 2 2 2 2 2 2 2 2 2 2 2 2 2 2 2 2 2 2 2 2 2
left_child=1 2 4 6 19 24 -4 -7 11 10 -10 14 13 -13 15 -3 -16 -8 -12 26 -21 -14 25 -24 -5 -11 -1 -2 -29 -6
right_child=27 8 3 5 29 7 17 -9 9 22 18 12 21 -15 16 -17 -18 -19 -20 20 -22 -23 23 -25 -26 -27 -28 28 -30 -31
leaf_value=0.0016347771838971022 -0.032664251667244841 0.0001070200069258929 -0.0092082776854214773 0.0089500210078058869 0.039931343745678048 -0.026300043090814143 0.0058609312114324807 0.0023969491955106669 -0.034293191510433446 -0.039864292633613567 0.010288306325735169 -0.00061837478042252227 0.0013623890197458717 0.0028600142927634178 -0.012266797849207461 0.0034564582848556919 -7.4505649242541882e-05 0.020483866591782342 -0.015976484257933271 0.0030509880520893451 -0.0046356840627055553 -0.012258968034053117 0.0023539712016378066 -0.008364324669884118 -0.0029740597971113095 -0.0016712152812837385 -0.01471092553414104 0.043443803840710664 -0.017666338251951214 0.008973301288147514
leaf_weight=42.187319613993168 19.762306038290266 17159.672559611499 58.166927479207516 88.854322969913483 9.932402655482294 52.500052310526371 299.9461467191577 27.814741939306259 8.4969988763332349 11.167923852801325 421.87029879540205 32736.641296163201 91.912296786904335 2370.7454616725445 316.33410951495171 6819.4297198727727 17706.797365218401 76.711337231099606 17.981012888252735 353.82968717068434 1482.2775361612439 231.29079495370388 1093.8093032762408 95.853609755635262 321.50676604360342 15.668824367225168 164.28766319155693 1.8279908010736088 6.5375341707840562 15.290117159485815
leaf_count=252 1198 115982 273 378 54 204 1300 111 35 44 2024 223959 673 16399 1183 35590 97687 331 78 2186 9227 1925 5385 545 1679 78 978 42 524 77
internal_value=2.49919e-05 3.34558e-05 -0.00208157 0.00142291 -0.00365342 -0.00301613 0.00644454 -0.0163497 0.000113604 0.002981 0.00827273 5.18325e-05 -0.000456466 -0.000383226 0.00048077 0.00105994 -0.000289423 0.00889474 0.00917167 -0.00398576 -0.00314992 -0.00836993 0.0010208 0.00147946 -0.000362757 -0.0185122 -0.011344 -0.0237526 -0.000922745 0.0222861
internal_weight=82119.1 82091 2993.31 925.5 2067.8 490.676 434.824 80.3148 79097.7 1664.85 448.348 77432.8 35430.6 35107.4 42002.2 23979.1 18023.1 376.657 439.851 2042.58 1836.11 323.203 1216.5 1189.66 410.361 26.8367 206.475 28.1278 8.36552 25.2225
internal_count=520401 518637 17050 4276 12774 2372 1904 315 501587 8189 2137 493398 242956 240358 250442 151572 98870 1631 2102 12643 11413 2598 6052 5930 2057 122 1230 1764 566 131
is_linear=0
shrinkage=0.035


Tree=139
num_leaves=31
num_cat=0
split_feature=0 12 7 13 6 3 4 6 7 7 7 7 7 7 7 7 5 11 10 5 10 11 7 7 7 5 7 4 10 4
split_gain=11.2663 11.705 18.2945 14.5738 12.6412 12.3087 11.6017 10.192 16.101 27.0573 41.851 40.2019 25.7331 24.2889 20.91 28.2401 24.5482 19.7168 16.3527 17.3574 11.3422 33.7967 78.2171 152.336 75.2041 64.4975 63.6238 30.5203 25.538 31.9915
threshold=42.399999618530281 62.471719741821296 60.827449798583991 1.0152545571327212 75.256149291992202 87.000000000000014 61.659725189208991 15.930356025695803 34.419713973999031 49.986120223999031 47.849605560302741 44.850858688354499 48.045326232910163 32.421426773071296 63.42186355590821 63.478757858276374 45.449871063232429 52.171749114990241 -7.9400031566619864 50.069204330444343 -1.3104421496391294 38.906049728393562 42.491350173950202 44.850858688354499 37.797212600708015 43.508358001708991 21.560606956481937 54.984086990356452 -2.9991496801376338 53.041168212890632
decision_type=2 2 2 2 2 2 2 2 2 2 2 2 2 2 2 2 2 2 2 2 2 2 2 2 2 2 2 2 2 2
left_child=7 5 -3 4 -4 6 -2 8 13 10 11 -10 -12 17 16 -16 -11 -1 -15 -20 28 22 24 -24 -22 27 -27 -23 29 -9
right_child=1 2 3 -5 -6 -7 -8 20 9 14 12 -13 -14 18 15 -17 -18 -19 19 -21 21 25 23 -25 -26 26 -28 -29 -30 -31
leaf_value=0.00057304860603905059 0.0064244106711053763 -0.0091964338381037153 0.0099675784109459556 -0.00084483349154337308 0.044758174552816443 0.041164823749444517 0.039448913705530338 0.00085595887364510676 -0.0024475622121246337 -0.0029644801357291231 -0.026282021467936425 0.0083027238528984287 -0.0072648624230838392 -0.01908205456455777 -0.019871141632036789 0.00030914220778304694 0.0052076890997268905 0.014795220198475361 0.012073568195843145 -0.0032300216395656808 0.0029265615553430821 0.062344545038726086 0.044359344470182333 0.0047825825510680858 -0.013902758388316117 0.026623338889869959 -0.00032354150688981891 0.010821185661607021 -0.0023366271457692074 -0.0037255184943301729
leaf_weight=2253.682324886322 151.39161841571331 118.17857468128204 36.259173192083836 68.425051718950272 20.188690051436424 15.952195569872854 13.671536229550837 11144.837697778828 2835.6974257454276 551.65584041178226 115.22921022027731 500.53350976109505 362.39982155710459 24.177920334041119 85.718685112893581 4669.6649130359292 2416.0533664450049 125.3985104188323 582.9383178204298 106.34826421737671 2770.5102301351726 27.995574548840523 155.85618992894888 500.72871352732182 367.66733671724796 106.81223372370005 40855.864786384627 29.125566810369492 8826.0585474427789 2241.8765422683209
leaf_count=13388 638 472 165 288 84 64 46 65833 15308 4299 401 3208 1910 78 290 26429 13116 698 2620 832 18113 78 659 2726 1856 406 271489 66 60729 14063
internal_value=-1.60064e-05 0.00566853 0.000611616 0.00994902 0.0229844 0.0123875 0.00937898 -4.56688e-05 0.000791172 0.000189286 -0.00222173 -0.000830999 -0.0119037 0.00303366 0.00138092 -5.64291e-05 0.00368585 0.00133035 0.00869577 0.00970127 -0.000228431 9.1971e-05 0.00325181 0.0142303 0.000949576 -0.000200235 -0.000252587 0.0367064 -0.000875141 8.7998e-05
internal_weight=82080.9 424.067 243.051 124.873 56.4479 181.015 165.063 81656.8 14629.5 11537 3813.86 3336.23 477.629 3092.55 7723.09 4755.38 2967.71 2379.08 713.465 689.287 67027.3 44814.6 3794.76 656.585 3138.18 41019.8 40962.7 57.1211 22212.8 13386.7
internal_count=520352 1757 1009 537 249 748 684 518595 82577 64961 20827 18516 2311 17616 44134 26719 17415 14086 3530 3452 436018 295393 23354 3385 19969 272039 271895 144 140625 79896
is_linear=0
shrinkage=0.035


Tree=140
num_leaves=31
num_cat=0
split_feature=6 7 4 7 10 5 7 4 7 11 4 5 4 9 10 10 9 5 9 5 10 5 4 10 7 10 10 7 7 7
split_gain=12.2071 13.6835 28.4563 23.0639 22.4738 22.9573 26.4559 19.2771 18.2578 39.4778 18.0488 16.4141 16.3389 19.9227 19.2048 13.8255 18.2054 13.7474 11.7062 10.2837 10.2473 9.84822 10.4613 48.4361 32.9346 28.2722 24.4099 24.5775 41.4755 22.8785
threshold=93.214572906494155 44.850858688354499 49.40417671203614 47.595426559448249 5.504620075225831 45.565744400024421 36.454193115234382 47.69026184082032 48.045326232910163 43.514150619506843 51.882596969604499 45.596515655517585 56.687097549438484 0.19084999710321429 0.69654214382171642 5.504620075225831 1.7465500235557558 50.069299697875984 0.14815000444650653 45.758811950683601 -1.4796226024627683 45.452220916748054 49.70594787597657 -12.683357715606688 35.319665908813484 -1.9055746197700498 -9.6117405891418439 48.710355758666999 43.627508163452156 43.856449127197273
decision_type=2 2 2 2 2 2 2 2 2 2 2 2 2 2 2 2 2 2 2 2 2 2 2 2 2 2 2 2 2 2
left_child=21 2 4 17 5 6 -2 -6 9 -5 -11 -7 13 -10 -14 16 20 -3 -17 -20 -4 22 26 -24 25 -25 -1 28 -28 -26
right_child=1 3 15 8 7 11 -8 -9 12 10 -12 -13 14 -15 -16 18 -18 -19 19 -21 -22 -23 23 24 29 -27 27 -29 -30 -31
leaf_value=-0.018649268307824145 -0.020253300590417234 -0.024498015839741604 0.02470417643068867 0.085451925389376654 0.0058578766580898514 0.028001365402754139 -0.00083746993157971764 0.048330310988112801 0.0019894960922226591 -0.013730345734694289 0.030655651858993542 -0.00064213827281384909 -0.0098549593391222736 -0.0072526281416015886 0.0057373824552651095 0.023724522749512627 0.052585588065930347 0.0051247785706897177 0.0012923967003963829 -0.033678691508118676 0.0072276685283450713 -9.476206038061091e-05 0.040266657712071198 -0.021162107091935976 -0.0085616533642910685 0.03438497206033337 0.0037785335136760107 0.0053383681555884167 -0.0075558146192802331 0.00035553225329909175
leaf_weight=65.08989941328764 168.55509427096695 95.348605450242758 52.590252637863159 7.9313325360417357 44.711446231231093 24.321195357479155 176.34701893851161 18.164863713085651 370.60162954125553 27.317553543485701 17.817595360800624 1000.8777738576755 126.38960294611752 1226.6388372536749 401.97655803058296 11.239037332125006 13.046395219862459 23.206637103110552 20.756053596735001 18.851864144206047 194.36435717623681 63403.986441731453 36.309289552271366 13.148419491946695 364.09221348911524 57.710408605635166 1100.7535755559802 2127.4000647515059 616.13927818834782 10334.530504256487
leaf_count=400 1455 904 394 24 282 96 1431 98 3550 206 113 8672 1043 12566 2606 53 57 286 76 72 1606 365838 251 114 2904 466 8934 16632 5146 84270
internal_value=-2.49476e-06 -0.00187813 0.000455876 -0.00365246 -0.00162366 -0.00257141 -0.0103712 0.0186911 -0.00282685 0.0172794 0.00386786 5.18637e-05 -0.00333841 -0.00510391 0.00198508 0.0100443 0.0133116 -0.0186454 -0.00647414 -0.0155165 0.0110454 9.44593e-05 0.000910203 0.000348068 0.000209852 0.0238589 0.0024618 0.00282487 -0.00028656 5.07936e-05
internal_weight=82160.2 4041.05 1743.83 2297.23 1432.98 1370.1 344.902 62.8763 2178.67 53.0665 45.1351 1025.2 2125.61 1597.24 528.366 310.848 260.001 118.555 50.847 39.6079 246.955 78119.2 14715.2 10805.8 10769.5 70.8588 3909.38 3844.29 1716.89 10698.6
internal_count=520545 35590 14292 21298 12034 11654 2886 380 20108 343 319 8768 19765 16116 3649 2258 2057 1190 201 148 2000 484955 119117 88005 87754 580 31112 30712 14080 87174
is_linear=0
shrinkage=0.035


Tree=141
num_leaves=31
num_cat=0
split_feature=9 2 2 7 7 2 7 2 5 5 5 2 2 7 7 7 7 2 2 11 4 11 2 2 7 2 7 2 5 4
split_gain=12.1177 25.5856 60.4702 63.0828 88.8745 58.4841 51.0488 49.5246 43.2557 40.6055 45.8657 39.7604 36.6868 25.258 24.1114 65.1454 63.8607 50.1255 40.5865 36.1688 35.5918 27.9075 30.9502 25.6076 44.7998 23.5692 32.1954 30.1383 23.5541 19.8981
threshold=2.4200500249862675 50.664962768554695 50.619283676147468 65.378646850585952 69.762519836425795 51.225116729736335 62.469350814819343 50.080841064453132 45.442907333374031 45.764883041381843 45.653284072875984 51.356193542480476 50.500419616699226 60.827449798583991 68.936416625976577 69.762519836425795 69.650360107421889 50.434299468994148 50.060390472412116 59.457349777221687 48.393972396850593 28.875400543212894 48.696319580078132 50.079681396484382 74.275493621826186 51.641031265258796 36.454193115234382 51.684534072875984 45.395757675170906 55.781038284301765
decision_type=2 2 2 2 2 2 2 2 2 2 2 2 2 2 2 2 2 2 2 2 2 2 2 2 2 2 2 2 2 2
left_child=14 2 3 6 8 9 12 -6 -5 10 13 -7 -2 -3 -1 16 18 29 19 -16 -20 22 -17 28 -25 26 -13 -27 -23 -18
right_child=1 5 -4 4 7 11 -8 -9 -10 -11 -12 25 -14 -15 15 21 17 -19 20 -21 -22 23 -24 24 -26 27 -28 -29 -30 -31
leaf_value=9.5434888553158523e-05 -0.004137672513880448 -0.029506745948890106 0.022656419050775471 -0.037418355845149617 0.00032915912449534116 0.0238392887071701 -0.017755012912686545 0.018949548279156538 0.014487043452087674 -0.030216437062556844 0.052841510858863149 0.033445090741591431 0.021176933890250497 -0.0045046850012738435 -0.015303836916173052 -0.011619728620641187 -0.0096105346514379283 -0.034776397470315204 0.031115887290898207 0.00032468654103987911 -0.001265717283344737 -0.011554060955672036 0.055894165563601036 -0.0019640257953442305 -0.017539683022848054 0.026965930948564833 -0.0124018681808079 0.00047165785938051375 0.00068958771591571199 0.036932922062904182
leaf_weight=62291.200767963193 451.14298133552074 61.397159516811371 175.55163235962391 19.300659999251366 3899.1218522526324 86.655506014823914 327.37857615947723 182.45083763729781 878.08371224626899 123.53025287389755 14.330585643649099 19.279397070407867 82.20499075949192 249.69833960011601 575.84872758295387 12.696546636521814 96.138293555937707 169.50301194004714 42.898947171866894 263.33634358271956 855.1890464592725 196.91829307004809 21.361767426133156 1489.8040045481175 266.32021330017596 53.579669840633869 278.85402761399746 1629.4396785274148 7214.3535997169092 11.903164282441137
leaf_count=398957 2213 246 363 136 24478 462 1144 1318 3330 350 71 36 206 1411 3141 41 886 518 305 1309 7417 1917 65 12142 2458 129 1426 7635 45875 103
internal_value=-2.84416e-05 0.00121995 0.00246009 0.00184873 0.00336231 -0.00174114 -0.0068936 0.00116678 0.0133306 -0.0131804 -0.00663383 0.000743261 -0.000196951 -0.00952451 -0.000173449 -0.00166726 -0.00736641 -0.0229392 -0.00486509 -0.0103956 0.000299583 -0.000418036 0.0308359 -0.000537593 -0.004337 -0.000272641 -0.0093321 0.00133168 0.000362116 -0.00418465
internal_weight=82039.5 8532 6015.24 5839.68 4978.96 2516.76 860.727 4081.57 897.384 448.956 325.426 2067.81 533.348 311.095 73507.5 11216.3 2014.82 277.544 1737.27 839.185 898.088 9201.45 34.0583 9167.4 1756.12 1981.15 298.133 1683.02 7411.27 108.041
internal_count=520088 44954 33188 32825 29262 11766 3563 25796 3466 2078 1728 9688 2419 1657 475134 76177 13679 1507 12172 4450 7722 62498 106 62392 14600 9226 1462 7764 47792 989
is_linear=0
shrinkage=0.035


Tree=142
num_leaves=31
num_cat=0
split_feature=10 7 9 5 2 2 6 2 2 2 2 7 4 4 4 9 7 7 7 7 7 5 11 10 7 9 2 2 2 7
split_gain=11.1704 33.0906 53.1668 39.7211 36.5605 81.8208 88.1157 35.5708 68.0187 56.0196 36.5648 33.5683 40.4156 31.5609 44.6156 25.3614 49.5524 135.752 67.4228 25.0452 24.2239 48.8883 33.5954 36.5449 65.768 33.2813 32.2232 68.348 37.8867 58.6405
threshold=-1.3104421496391294 27.158969879150394 -1.7932000160217283 43.508358001708991 53.672307968139656 53.865806579589851 55.162445068359382 53.537023544311531 53.507390975952156 53.865806579589851 54.216073989868171 21.560606956481937 42.916437149047859 46.440656661987312 56.144704818725593 -1.7202499508857725 42.491350173950202 44.850858688354499 37.797212600708015 18.460414886474613 20.186177253723148 46.859218597412116 21.875050544738773 -12.683357715606688 35.788860321044929 -3.6045500040054317 49.204040527343757 48.924234390258796 53.427110671997077 22.281182289123539
decision_type=2 2 2 2 2 2 2 2 2 2 2 2 2 2 2 2 2 2 2 2 2 2 2 2 2 2 2 2 2 2
left_child=20 2 4 13 11 6 -6 8 19 -9 -11 12 -2 -3 -15 16 18 -18 -5 -4 21 25 23 24 -22 -1 27 -24 29 -28
right_child=1 3 7 15 5 -7 -8 9 -10 10 -12 -13 -14 14 -16 -17 17 -19 -20 -21 22 -23 26 -25 -26 -27 28 -29 -30 -31
leaf_value=-0.030374637515581806 0.0026729600425752786 -0.0060479603660065981 -0.030902046112532004 0.0036138990033727837 0.0042599915962629594 0.0016416986791108013 0.082545136720958409 -0.012363946323687681 0.060007631225715737 0.020482259203851123 -0.0038896775652804269 -0.0095705903775900603 0.06129550606456078 0.061523525080825259 -0.0019600959658270596 -0.00011044912554288797 0.039516990864982622 0.0029995956423479859 -0.013077350162976838 0.015938362058306215 0.040012025570199235 -0.0018871383769799438 -0.001073974472559252 0.0031593932179357258 -0.010364753221664578 0.0020482958999462745 -0.025472331311003391 -0.012832412925442729 -0.0032274387489121185 0.00065848712778572083
leaf_weight=143.15280555188656 159.55851312633604 28.465171717107296 13.82809668779373 1597.8870318066329 37.25452932715416 513.22350918315351 33.110369369387627 154.02613735198975 44.019515991210938 241.18426151759923 108.5767821893096 541.02273283526301 15.085725367069243 36.501153372228146 20.903190493583679 49236.927460449748 160.72718363255262 550.01213672012091 363.11210371553898 307.31165936496109 89.603272035717964 696.65527942590415 2583.8517989600077 979.7734197601676 48.208468034863472 52.411479495465755 105.0005635721609 790.86816502641886 4057.9644764242694 18313.55247823149
leaf_count=510 1016 137 77 10441 114 3798 98 602 73 1202 790 2820 56 83 47 319670 669 2913 1779 2105 259 5034 14384 4844 137 138 1000 2847 23730 118870
internal_value=-6.70783e-06 0.000286147 0.00452183 0.000109315 3.30077e-05 0.00653524 0.0417094 0.0112193 0.019533 0.00515804 0.0129049 -0.00526083 0.00803307 0.0237842 0.0385772 6.96502e-05 0.00339032 0.0113027 0.000515592 0.0138279 -0.00057627 -0.00624815 -0.000388186 0.00555021 0.0223809 -0.0216767 -0.000645346 -0.00383404 -0.000166151 0.000508041
internal_weight=82023.8 54162.7 2168.2 51994.5 1299.26 583.588 70.3649 868.946 365.159 503.787 349.761 715.667 174.644 85.8695 57.4043 51908.7 2671.74 710.739 1961 321.14 27861 892.22 26968.8 1117.59 137.812 195.564 25851.2 3374.72 22476.5 18418.6
internal_count=520243 348490 12751 335739 7902 4010 212 4849 2255 2594 1992 3892 1072 267 130 335472 15802 3582 12220 2182 171753 5682 166071 5240 396 648 160831 17231 143600 119870
is_linear=0
shrinkage=0.035


Tree=143
num_leaves=31
num_cat=0
split_feature=6 9 7 7 6 7 7 7 7 10 5 7 9 10 7 10 7 5 2 2 10 2 2 2 9 10 6 9 7 2
split_gain=10.7664 10.2356 57.2747 115.821 83.6917 69.8244 52.4805 53.064 51.1997 45.1146 43.332 38.4505 36.5253 46.1113 35.2695 93.277 55.8344 42.7575 39.162 35.1225 41.2884 40.7191 39.0536 24.18 22.9168 19.3298 18.6926 13.3711 27.4486 13.2567
threshold=99.693408966064467 -1.7202499508857725 35.942852020263679 38.011922836303718 59.142272949218757 42.491350173950202 25.586957931518558 24.034657478332523 22.878716468811039 0.66438671946525585 45.554418563842781 23.790318489074711 -0.78284999728202809 4.8704793453216562 31.811714172363285 -12.683357715606688 27.69983005523682 45.656616210937507 53.34864807128907 53.285451889038093 4.3427579402923593 53.883504867553718 53.933164596557624 54.398979187011726 -2.8313499689102168 -6.9107091426849356 10.719758033752443 6.0667500495910653 83.923740386962905 49.666902542114265
decision_type=2 2 2 2 2 2 2 2 2 2 2 2 2 2 2 2 2 2 2 2 2 2 2 2 2 2 2 2 2 2
left_child=1 2 14 4 26 10 7 8 23 -7 -5 -10 -9 -14 16 -16 24 -18 -17 27 22 -22 -21 -3 -1 -6 -4 28 -8 -29
right_child=-2 6 3 5 25 9 19 12 11 -11 -12 -13 13 -15 15 18 17 -19 -20 20 21 -23 -24 -25 -26 -27 -28 29 -30 -31
leaf_value=0.001017425800401494 -0.021643796486508715 0.015061282432909235 -0.009768434380622899 0.0059210111607729821 0.048625516603206076 0.0018632788832174195 -9.8967591912465556e-08 0.0087034274331096884 -0.017126620494122266 0.014824490489078721 -0.012162228415415994 0.0072665137833282465 0.037141897973492405 -0.012546668028479147 0.039222423437124669 -0.0080428948386779692 -0.0073283671365854596 0.0088397002517504979 0.0051265067897429094 -0.0061957109755815558 0.01025442093040085 -0.0021748980543172991 6.9161468342843644e-05 -0.0081536208853494174 -0.0033886224559802332 0.0266820160714605 0.010527691656795225 -0.0011530933570237224 -0.016463143849072371 0.0089969595299562253
leaf_weight=3403.3355188518763 27.235853254795074 286.38813190162182 65.117184706032276 225.38754051178694 65.974722638726234 1134.3716198205948 60768.607783522457 269.71550787240267 218.86715196818113 463.64529234170914 571.89909844100475 122.70563670992851 145.283955283463 26.486054301261902 57.227959915995598 1620.5069726742804 233.31287572532892 1378.915279224515 332.25600428506732 3504.2792897522449 541.07411429286003 796.79506638646126 1865.4085031673312 67.003581278026104 2511.4799452573061 229.45043595135212 348.1317228898406 258.80813823640347 123.51668944582343 397.34484735876322
leaf_count=20306 1757 1405 336 1180 135 4924 391691 1779 920 2320 2734 619 807 99 107 7061 1971 9895 2025 24388 2901 4641 12041 492 15991 1317 1692 1436 1193 1933
internal_value=4.12642e-05 4.87601e-05 0.000964783 0.00509386 0.0175158 0.00141115 -0.000118018 0.00733856 0.0012948 0.00563373 -0.00704064 -0.00834675 0.016817 0.029417 -0.000378671 -0.00449703 0.000720511 0.00649313 -0.0057974 -0.000242356 -0.00264722 0.00284978 -0.00401833 0.0106315 -0.000852441 0.0317242 0.00729995 1.96442e-05 -3.38243e-05 0.00498626
internal_weight=82060.5 82033.3 12641 3103.98 708.674 2395.3 69392.3 1136.45 694.965 1598.02 797.287 341.573 441.486 171.77 9537.03 2009.99 7527.04 1612.23 1952.76 68255.8 6707.56 1337.87 5369.69 353.392 5914.82 295.425 413.249 61548.3 60892.1 656.153
internal_count=520096 518339 71994 14638 3480 11158 446345 6121 3436 7244 3914 1539 2685 906 57356 9193 48163 11866 9086 440224 43971 7542 36429 1897 36297 1452 2028 396253 392884 3369
is_linear=0
shrinkage=0.035


Tree=144
num_leaves=31
num_cat=0
split_feature=12 2 6 6 10 5 11 11 5 6 1 10 0 6 13 13 6 2 2 10 5 1 11 2 1 5 11 10 5 1
split_gain=8.78181 19.5291 12.5695 13.6537 11.869 12.9614 10.6294 14.4255 9.85229 30.4178 15.8 14.3897 19.9218 13.0167 10.2523 12.2965 9.74494 18.2896 16.0898 9.6417 10.7176 14.2305 9.96098 15.9884 9.27777 9.12142 8.83251 8.32573 8.19395 7.71912
threshold=1.0000000180025095e-35 3.1099752187728886 90.082221984863295 72.128566741943374 -3.4286378622055049 93.311153411865249 49.756750106811531 58.129449844360359 93.050586700439467 47.28900337219239 89.994098663330092 -1.9936631917953489 46.399999618530281 50.411310195922859 2.7402402162551884 3.0776515007019047 39.838054656982429 48.029621124267585 47.475122451782234 -5.181654453277587 92.483322143554702 71.045040130615249 17.161250114440922 2.7374348640441899 92.506153106689467 94.680305480957045 47.500650405883796 -3.4950604438781734 94.268386840820327 98.301441192626967
decision_type=2 2 2 2 2 2 2 2 2 2 2 2 2 2 2 2 2 2 2 2 2 2 2 2 2 2 2 2 2 2
left_child=19 2 3 6 -5 -6 26 -8 10 14 16 12 -11 -13 27 -16 17 -3 -18 20 -1 28 23 25 -12 -21 -2 -10 -22 -24
right_child=1 8 -4 4 5 -7 7 -9 9 11 24 13 -14 -15 15 -17 18 -19 -20 22 21 -23 29 -25 -26 -27 -28 -29 -30 -31
leaf_value=-0.020749235192982343 0.0087553679144599141 0.0043748802557591598 0.040511061937998617 -0.01841680248016599 0.031512993656456899 -0.00126243575931873 -0.0013628154265408481 0.01460751304387429 -0.0003328797037820609 0.0057141798433423523 0.046160936686788417 0.008565958862176256 0.05013073680770868 -0.0016240148693771343 0.010442333218330178 -0.0043699960115744785 -0.0050936561707044369 0.00033142432390846611 -0.00019657977069777364 0.059468029804237002 0.0065914180629134105 0.025502606689996984 -0.0029352599525591131 -0.014374173920954619 0.0082891758872420708 0.00771435084262559 0.023131706053739574 -0.0095110097672039245 -0.016254448492514971 0.0069953617357843842
leaf_weight=71.440770596265793 248.34636856615543 1431.1173770949244 11.39676161110401 45.075652316212654 15.210605993866919 189.0138178691268 252.04234456270933 94.378265716135502 145.9725721180439 335.88311620056629 7.6356701180338851 172.09203987568617 12.122130535542963 1367.8382618501782 84.175465300679207 354.29965452849865 837.74317851103842 32119.739891789854 41832.612113959156 9.9345855563879066 27.382449671626091 16.890527293086052 1140.1542465239763 10.569029070436953 188.7404420748353 7.8302903547883025 67.657471753656864 759.43059991300106 58.603779196739197 103.56982551515102
leaf_count=352 969 6944 52 195 86 1073 1519 452 678 1713 42 930 43 7412 348 1931 4584 190690 285484 47 136 82 7278 75 1168 44 370 4395 313 679
internal_value=1.35283e-05 6.21491e-05 0.00512141 0.00463623 -0.00231895 0.00125797 0.00726398 0.00299159 3.37445e-06 -0.00188915 8.35228e-05 0.000972588 0.00739285 -0.000476854 -0.00591283 -0.00149665 5.78329e-05 0.000504207 -0.000292981 -0.00268867 -0.0103964 -0.003035 -0.00162105 0.0185873 0.00997855 0.0383489 0.0119061 -0.0080406 -0.00890479 -0.00209871
internal_weight=82018.9 80572.5 923.121 911.725 249.3 204.224 662.424 346.421 79649.4 3231.81 76417.6 1887.94 348.005 1539.93 1343.88 438.475 76221.2 33550.9 42670.4 1446.38 174.318 102.877 1272.06 28.3339 196.376 17.7649 316.004 905.403 85.9862 1243.72
internal_count=520084 511078 4716 4664 1354 1159 3310 1971 506362 17450 488912 10098 1756 8342 7352 2279 487702 197634 290068 9006 883 531 8123 166 1210 91 1339 5073 449 7957
is_linear=0
shrinkage=0.035


Tree=145
num_leaves=31
num_cat=0
split_feature=6 9 7 1 10 2 12 2 10 7 7 10 7 2 10 4 7 7 6 6 6 2 9 7 6 10 6 7 10 10
split_gain=10.4855 9.90459 12.0229 9.58038 16.9199 11.1419 9.13557 12.0232 11.1802 9.07426 21.9681 15.169 13.1496 7.33625 23.819 14.2367 27.7066 21.915 6.83828 6.32505 5.81488 5.72126 4.81068 3.7394 4.80261 3.58312 2.73305 2.61221 2.36034 1.98976
threshold=99.693408966064467 7.6709501743316659 83.923740386962905 99.998081207275405 12.557685852050783 99.795604705810561 1.0000000180025095e-35 1.3056819438934328 -5.3034546375274649 90.347183227539077 65.00513076782228 22.41047286987305 54.481985092163093 54.216073989868171 16.556191444396976 67.195690155029311 85.718479156494155 85.718479156494155 44.137369155883796 42.989906311035163 17.495405197143558 49.107086181640632 2.7615000009536748 96.418178558349624 40.225673675537116 7.2648968696594247 25.079114913940433 77.622066497802749 22.41047286987305 -6.6548156738281241
decision_type=2 2 2 2 2 2 2 2 2 2 2 2 2 2 2 2 2 2 2 2 2 2 2 2 2 2 2 2 2 2
left_child=1 2 3 6 5 -5 8 -8 -1 10 12 -11 18 15 -15 17 -17 -4 -3 -14 27 -22 25 26 -25 29 -13 -12 -16 -2
right_child=22 9 13 4 -6 -7 7 -9 -10 11 20 23 19 14 28 16 -18 -19 -20 -21 21 -23 -24 24 -26 -27 -28 -29 -30 -31
leaf_value=-0.011521161077798013 0.015274072649140507 -0.003536675499591167 -0.035811054009198623 0.0037240350579713583 0.046777926926596838 -0.012568317155556126 0.0093862384491140444 9.0705795456730087e-05 -0.0016220973766348701 -0.036927476700427106 0.012967400630947697 0.010666068470180425 -0.0033300459317623012 0.075759374761565593 0.010335555592819146 0.021715770938924468 -0.015379557356126405 -0.0014276566423402548 0.023198395993951428 -0.032951949297059357 0.0071334387517560972 0.028739516035126943 0.030260421160770736 -0.0036135299880499894 0.013991166111698351 0.020765317083059835 -0.0089379490998206038 -0.010954108170497774 -0.0094370621893226907 -0.030153116817637909
leaf_weight=158.46555890887976 0.56816477607936633 23.228873550891876 50.668339900672436 1032.6933659464121 10.108664393424986 53.170123398303986 170.04141046851873 78808.620783902705 1172.4592272564769 12.091309517621992 13.656933233141901 10.174159385263918 18.18430931866169 4.3930341228842726 9.0352223962545377 38.312932208180428 65.861920326948166 41.54625116661191 21.756122589111328 17.933877810835838 20.683560065925121 74.828157380223274 1.2929491214454163 28.760031253099442 50.761602684855461 1.2321639079600561 38.681448422372341 8.1293550431728345 27.227932430803776 23.755769573152065
leaf_count=803 38 89 528 5973 28 252 824 498831 7416 109 63 88 70 36 84 247 551 438 64 69 84 377 58 243 411 36 331 50 256 1627
internal_value=0.000101314 0.000108666 8.37645e-05 0.000106806 0.00335597 0.00291116 6.23452e-05 0.000110903 -0.00281219 0.00607321 0.0108793 -0.000688651 -0.00304326 -0.00777346 0.00556183 -0.010581 -0.00160861 -0.0205408 0.00941976 -0.0186232 0.0205204 0.0242314 -0.0214475 0.0028779 0.00756447 -0.0251683 -0.00460838 0.00365955 -0.00420495 -0.0283608
internal_weight=82008.3 81981.5 81642.6 81405.6 1095.97 1085.86 80309.6 78978.7 1330.92 338.87 198.401 140.469 81.1032 237.046 40.6562 196.389 104.175 92.2146 44.985 36.1182 117.298 95.5117 26.849 128.377 79.5216 25.5561 48.8556 21.7863 36.2632 24.3239
internal_count=520074 518315 516267 514127 6253 6225 507874 499655 8219 2048 866 1182 292 2140 376 1764 798 966 153 139 574 461 1759 1073 654 1701 419 113 340 1665
is_linear=0
shrinkage=0.035


Tree=146
num_leaves=31
num_cat=0
split_feature=10 7 2 5 6 5 2 5 9 7 2 5 7 5 10 7 6 4 10 7 7 7 4 2 7 2 9 6 10 9
split_gain=9.05331 21.2645 38.4511 43.3328 58.3972 84.6897 66.5162 42.6348 62.5563 32.3755 29.6939 60.2258 26.8188 64.439 35.4827 44.0002 33.5494 20.1905 19.3933 18.6326 31.4655 26.0347 18.0315 17.2327 42.8589 113.998 39.1426 45.093 35.4543 34.5675
threshold=1.0116817355155947 53.843322753906257 50.562084197998054 45.45686340332032 39.428533554077156 46.181444168090827 50.475614547729499 45.449871063232429 2.4200500249862675 54.053018569946296 50.998905181884773 45.764883041381843 53.114164352416999 45.449871063232429 11.422029972076418 53.377611160278327 85.05926895141603 55.900106430053718 8.8588023185729998 38.011922836303718 48.710355758666999 35.319665908813484 50.679927825927741 52.689496994018562 52.885164260864265 53.062788009643562 0.79334998130798351 53.984622955322273 -1.9495523571968076 -1.9461500048637388
decision_type=2 2 2 2 2 2 2 2 2 2 2 2 2 2 2 2 2 2 2 2 2 2 2 2 2 2 2 2 2 2
left_child=23 12 3 7 6 -6 -5 18 -9 -4 11 -11 17 14 15 -14 22 -2 -3 21 -21 -19 -15 -1 26 -26 29 -28 -29 -25
right_child=1 2 9 4 5 -7 -8 8 -10 10 -12 -13 13 16 -16 -17 -18 19 -20 20 -22 -23 -24 24 25 -27 27 28 -30 -31
leaf_value=2.9584471605794056e-05 0.0015673665601480091 -0.0016133407177516923 -0.027222544577757614 0.0013006312218661329 -0.0078406011660782735 0.0014896486084896598 0.018246453816219834 0.0036252479195004635 0.01682057370072312 -0.0012840763758598696 -0.00082202394613420837 -0.014100663075823973 0.040110102610152631 0.0027876480586928286 -0.027565498646279503 -0.0033991279749940526 0.053491733059871115 -0.0020363064817697347 0.0073064018073280773 0.0040991242331816918 -0.010871596704079054 -0.018453830322677878 0.023034193426271696 0.00094455885011757569 -0.028800575813447606 -0.0011103542413899942 0.00087139807564135788 0.045838553192864673 0.011699072770989733 -0.0028731741285810486
leaf_weight=34014.426762623712 11966.248873466626 1737.5808642972261 62.175137598998845 2832.5126276910305 2364.822828781791 2399.1093158423901 314.74327766895294 1889.2052673101425 574.18102145940065 1292.3960332423449 6176.8693476580083 688.84495477005839 32.946520395576954 82.661558985710144 56.599795060232282 180.56282825302333 33.428440596908331 315.18166106194258 359.69947454147041 654.96314497292042 232.30305181443691 189.96776224672794 160.02124602347612 4927.8475414700806 251.28799401596189 658.62931397557259 300.14996912330389 56.943265400826931 109.70121071487665 7069.3754796301946
leaf_count=226365 73884 16018 520 16190 8980 20431 711 10530 2316 9591 40150 1764 272 403 501 1643 114 1320 2917 2732 1219 749 593 26122 1113 4333 1607 287 630 45877
internal_value=-7.44066e-05 0.00035593 -0.000355106 0.000869371 -0.000696316 -0.00314097 0.00300174 0.00358648 0.0067082 -0.00221364 -0.00201954 -0.00574762 0.0014145 0.00901216 -0.00311969 0.00340676 0.0208803 0.0011028 -7.79983e-05 -0.00288324 0.000165362 -0.00824357 0.0161985 -0.000388733 -0.00145312 -0.00878371 -0.000916866 0.0090161 0.0235698 -0.0013045
internal_weight=81985.4 34597 20692.1 12471.9 7911.19 4763.93 3147.26 4560.67 2463.39 8220.29 8158.11 1981.24 13904.9 546.22 270.109 213.509 276.111 13358.7 2097.28 1392.42 887.266 505.149 242.683 47388.4 13373.9 909.917 12464 466.794 166.644 11997.2
internal_count=519882 213548 130118 78093 46312 29411 16901 31781 12846 52025 51505 11355 83430 3526 2416 1915 1110 79904 18935 6020 3951 2069 996 306334 79969 5446 74523 2524 917 71999
is_linear=0
shrinkage=0.035


Tree=147
num_leaves=31
num_cat=0
split_feature=6 2 2 2 7 2 7 2 2 5 7 10 7 5 7 5 10 2 7 7 10 10 7 5 10 6 10 9 9 4
split_gain=9.8951 10.9607 23.8971 34.3178 26.0914 23.1312 22.0773 47.1953 27.1607 19.4411 17.5869 18.9765 17.3569 17.126 19.4343 15.8122 33.6449 31.4953 15.0582 16.4433 13.7154 12.4546 11.8087 12.5817 9.20656 9.00289 8.98703 8.5912 7.84435 8.01404
threshold=6.8068408966064462 50.078802108764656 51.59552192687989 52.04185867309571 38.011922836303718 48.029621124267585 57.40429878234864 50.475614547729499 50.434299468994148 45.449871063232429 71.315780639648452 -6.2426600456237784 61.86366271972657 45.424163818359382 36.454193115234382 45.498958587646491 2.5888655185699467 50.230611801147468 72.941394805908217 73.50925445556642 -7.1923861503601065 -2.5692464113235469 70.733211517333999 46.023597717285163 -7.1923861503601065 99.693408966064467 7.0411381721496591 -1.3484500050544737 -0.24074999988079068 53.411922454833991
decision_type=2 2 2 2 2 2 2 2 2 2 2 2 2 2 2 2 2 2 2 2 2 2 2 2 2 2 2 2 2 2
left_child=1 5 6 4 -4 22 7 8 -3 -9 11 24 -13 27 -15 17 -17 -8 21 -20 -6 -12 28 -24 -7 -2 -27 -5 -1 -30
right_child=25 2 3 13 20 10 15 9 -10 -11 18 12 -14 14 -16 16 -18 -19 19 -21 -22 -23 23 -25 -26 26 -28 -29 29 -31
leaf_value=-0.0075162820023122927 -3.5561851274463139e-05 0.0039194149185575395 -0.03298257157212587 0.052477291973613505 0.023914460525801685 0.0035527650449416704 0.034268512341362231 -0.0062917324197048069 -0.033771835252355553 0.020833877528570788 -0.0073675777018054143 -0.00094945204233108052 -0.011037537393352373 0.0040657097314871719 -0.0024272317876387634 0.0032296638032479398 -0.014268566003826116 0.0038311261767367552 -0.020527066934489972 0.003017990285520421 -0.0077401814711761724 0.01917806596054342 -0.00087738773020069123 0.021798823840721234 0.037246554986775322 -0.026447007292623597 0.040537496361986204 0.013526345221997546 0.042347676144390306 0.015327366498619283
leaf_weight=10.554908812046049 75642.89035217464 463.95923971384764 50.416569232940674 7.3010810539126387 16.863522581756115 26.176450304687023 45.21109738945961 34.841045878827572 23.84386020898819 353.56060259789228 26.961031444370747 357.82380571216345 507.33185882866383 1233.8616799861193 1038.7403413206339 490.63821446895599 184.46115612238646 453.9816518202424 45.362906813621521 168.88533394038677 309.54759319126606 96.275954864919186 158.25720715522766 36.020452350378036 15.957601286470888 24.355627973563973 1.929988458752631 69.570515647530556 20.12024711817503 46.684377983212471
leaf_count=57 483073 3673 123 50 80 126 174 263 60 1338 184 2627 2522 5906 5872 3068 1065 2536 329 993 1677 578 897 72 93 1708 52 553 74 97
internal_value=6.79413e-05 0.00140139 0.00222479 7.50108e-05 -0.00971589 -0.00118759 0.00507855 0.00928248 0.00201046 0.0183747 -0.00321161 -0.00575055 -0.00687797 0.00165111 0.00109509 0.00193162 -0.00155235 0.00665221 0.00359081 -0.00199248 -0.00602893 0.0133041 0.00804397 0.00336321 0.016933 -4.2879e-05 -0.0202183 0.0178183 0.0195547 0.0239737
internal_weight=81962.4 6293.21 4776.8 2726.3 376.828 1516.41 2050.5 876.205 487.803 388.402 1244.77 907.29 865.156 2349.47 2272.6 1174.29 675.099 499.193 337.485 214.248 326.411 123.237 271.637 194.278 42.1341 75669.2 26.2856 76.8716 77.3595 66.8046
internal_count=519920 35087 26438 14261 1880 8649 12177 5334 3733 1601 7452 5368 5149 12381 11778 6843 4133 2710 2084 1322 1757 762 1197 969 219 484833 1760 603 228 171
is_linear=0
shrinkage=0.035


Tree=148
num_leaves=31
num_cat=0
split_feature=9 10 5 10 6 1 10 5 6 5 10 2 13 9 6 2 11 4 5 9 2 2 10 9 2 6 9 10 13 2
split_gain=8.47483 8.50392 9.83915 11.5034 8.11938 8.06148 13.7803 10.124 20.8985 13.1868 23.3898 27.8342 13.1026 14.6625 11.519 22.2237 11.4135 11.3653 9.32373 8.09254 10.1268 9.51395 8.37963 8.2401 7.99328 7.28294 6.69362 6.65033 5.29513 4.88785
threshold=7.6709501743316659 14.079446315765383 50.079301834106452 -1.350740313529968 59.142272949218757 88.097713470458999 12.557685852050783 91.413898468017592 33.471933364868171 50.079999923706062 -10.341341495513914 51.225116729736335 2.353266835212708 3.4526499509811406 73.686916351318374 48.029621124267585 8.9120998382568377 46.194013595581062 96.072902679443374 0.20564999431371692 1.6912993788719179 0.83801758289337169 -2.62231433391571 0.13305000215768817 50.078926086425788 31.531767845153812 -1.9876999855041502 10.569621562957765 1.9433962106704714 51.837673187255866
decision_type=2 2 2 2 2 2 2 2 2 2 2 2 2 2 2 2 2 2 2 2 2 2 2 2 2 2 2 2 2 2
left_child=5 2 3 -2 -4 7 19 9 25 14 17 -12 18 -14 16 -16 -1 -11 -10 20 26 -21 -23 -22 -5 27 -7 -9 -3 -26
right_child=1 28 4 24 -6 6 -8 8 12 10 11 -13 13 -15 15 -17 -18 -19 -20 21 23 22 -24 -25 29 -27 -28 -29 -30 -31
leaf_value=0.0057070201860159927 -0.02057601283374514 0.0026080796255081966 0.010348286919244803 0.023326060784221687 0.047794346995488818 -0.0051023908110770077 0.038213922491313897 -0.0049001476208044665 0.00065569980088544394 -0.020743751958664076 0.0017627468624434779 0.025493210077598291 0.0076065109323803495 -0.011643350433065476 -0.0075308213744497083 -0.00061681927638603787 0.00014333816817977812 0.013167948215779176 -0.0031618350352362887 -0.034602897386463216 0.0025729501744622542 -0.0076767435209041451 0.0020113504920179145 0.024069681849277994 -0.0071844009117211565 -0.015357646389551144 0.022443157775320625 -0.033415910320308738 -0.021838667780155554 0.018375271338386043
leaf_weight=454.83449892699718 14.609798133373259 200.88774242997169 14.927151247859003 39.713897496461868 15.031931445002554 12.276297852396963 12.412263810634611 788.85017211735249 1573.3334137797356 78.817145908251405 5266.4432963291183 60.510379629209638 386.49856921285391 54.425608046352863 589.85317370807752 16109.254027795978 53227.36073628813 13.449101999402044 1555.6057026833296 8.6399239599704725 409.29506814479828 125.42131113260984 812.57990451157093 22.425863794982433 27.106498166918755 99.427924960851669 61.599736899137497 9.4686108306050283 10.639713093638418 12.797820195555685
leaf_count=2456 77 1393 96 158 88 57 36 4488 9075 769 48664 436 2030 230 4055 114467 313993 117 8450 55 2341 722 4589 142 95 588 352 58 74 55
internal_value=4.35133e-05 0.00558652 0.0128314 0.00705402 0.0301188 2.06055e-05 0.00259319 -2.62745e-05 -0.00164527 6.90718e-05 0.00173263 0.00203741 -0.000442203 0.00519777 -5.89376e-05 -0.000861807 0.000190692 -0.0156547 -0.00124034 0.00226305 0.00583519 0.00034448 0.000703049 0.00374824 0.0123654 -0.00641681 0.0177664 -0.00528024 0.0012678 0.00104097
internal_weight=82068.5 335.715 124.187 94.228 29.9591 81732.8 1464.65 80268.1 4467.61 75800.5 5419.22 5326.95 3569.86 440.924 70381.3 16699.1 53682.2 92.2662 3128.94 1452.24 505.597 946.641 938.001 431.721 79.6182 897.747 73.876 798.319 211.527 39.9043
internal_count=520206 2036 569 385 184 518170 8294 509876 24919 484957 49986 49100 19785 2260 434971 118522 316449 886 17525 8258 2892 5366 5311 2483 308 5134 409 4546 1467 150
is_linear=0
shrinkage=0.035


Tree=149
num_leaves=31
num_cat=0
split_feature=6 9 4 13 13 10 12 2 9 7 9 9 7 2 2 10 2 12 1 1 13 6 13 6 6 6 2 2 1 1
split_gain=10.5775 14.142 10.8604 8.83897 16.9901 14.0995 10.5208 12.4494 10.8199 19.5979 9.47233 9.26355 49.8679 38.8505 8.59086 8.19439 7.78108 20.5429 10.6903 7.47582 10.9523 9.73997 7.74117 7.81017 6.32804 6.05459 6.00019 5.77242 5.23562 8.39166
threshold=99.358459472656264 -2.8313499689102168 55.264753341674812 2.353266835212708 2.5320513248443608 12.557685852050783 1.0000000180025095e-35 1.6912993788719179 0.015150000341236593 64.163467407226577 1.3290500044822695 -1.9461500048637388 21.006519317626957 53.865806579589851 51.228878021240241 -6.6548156738281241 49.977699279785163 35.736890792846687 59.833858489990241 99.998081207275405 1.2422839403152468 41.027770996093757 1.0000000180025095e-35 20.727281570434574 52.364688873291023 41.432065963745124 53.672307968139656 1.3056819438934328 86.287406921386733 49.995540618896491
decision_type=2 2 2 2 2 2 2 2 2 2 2 2 2 2 2 2 2 2 2 2 2 2 2 2 2 2 2 2 2 2
left_child=3 26 15 6 24 16 19 8 9 -8 -10 13 -13 -9 -4 -3 17 -6 -18 22 21 -21 23 -1 28 -7 -2 -24 29 -5
right_child=1 2 14 4 5 25 7 11 10 -11 -12 12 -14 -15 -16 -17 18 -19 -20 20 -22 -23 27 -25 -26 -27 -28 -29 -30 -31
leaf_value=-0.011854334195953213 0.0011736792827210815 0.029159328505581547 -0.0031319659124800728 0.021198926961568439 0.0022757552183583843 -0.03538935904229254 0.00451501669822163 0.0019503577556684952 -0.0040279792928190903 0.031320082745936423 0.017442757067311659 0.018181505004926046 -0.00031372788042560924 -0.0034838858893061755 0.032711686354511209 -0.015385833691529755 0.0065350266763573878 0.02103678256082336 -0.0042191344460651486 0.015024338963874007 0.037537933710100273 -0.0078478022842640091 -0.015413875077507617 -0.0013841167111693425 0.039126924566236135 -0.0066426724532077045 0.046387096134691573 -0.0049427188285647893 0.033704648244598213 -0.02702703617686069
leaf_weight=97.22064283490181 7.3776815477758628 4.3987511647865167 32.679832908790559 9.1734418645501172 301.84802561253309 14.691387139260767 100.36774058640003 8096.759513437748 121.483782581985 50.141663908958435 30.877699069678783 178.23438733816147 69001.574535559863 2010.6138375997543 9.9720517573878151 163.42027712706476 188.43113104999065 93.449050158262253 281.07695485651493 38.062882699072361 10.969052605330942 54.180898152291775 110.31753808259964 826.63051947206259 19.427474223077297 24.351761437952518 6.978540662676096 163.47203405946493 7.6893585920333853 7.1371528357267389
leaf_count=582 73 43 420 50 1724 85 393 42357 719 216 162 812 444349 14499 57 3063 977 485 1361 227 72 348 646 5087 59 109 82 1145 42 40
internal_value=-0.000126534 -0.00769472 -0.0100372 -0.000105582 0.00325393 0.00220693 -0.000145042 -9.39052e-05 0.00697881 0.0136097 0.000345974 -0.000121081 -0.000265766 0.000868466 0.00553519 -0.0140439 0.00314901 0.0067621 8.58027e-05 -0.00326641 0.00571272 0.00156281 -0.00404937 -0.00250281 0.0244527 -0.0181287 0.0249021 -0.00921995 0.0114129 0
internal_weight=82063 224.827 210.471 81838.2 947.276 903.848 80890.9 79590.1 302.871 150.509 152.361 79287.2 69179.8 10107.4 42.6519 167.819 864.805 395.297 469.508 1300.85 103.213 92.2438 1197.64 923.851 43.4274 39.0431 14.3562 273.79 24 16.3106
internal_count=520284 3738 3583 516546 4932 4741 511614 503507 1490 609 881 502017 445161 56856 477 3106 4547 2209 2338 8107 647 575 7460 5669 191 194 155 1791 132 90
is_linear=0
shrinkage=0.035


Tree=150
num_leaves=31
num_cat=0
split_feature=9 7 7 10 7 7 2 5 10 7 7 5 10 10 7 10 5 7 10 10 7 5 10 7 5 2 5 7 11 7
split_gain=10.2882 24.253 76.7258 32.9387 37.564 54.9187 44.6268 26.3899 33.5564 26.0885 56.6882 23.8233 21.1902 20.4478 19.8282 19.4609 24.8907 20.4609 35.8308 29.9582 35.1255 18.5332 17.7694 43.4261 25.6129 28.5679 24.3192 17.3575 13.6328 156.524
threshold=1.6862500309944155 38.011922836303718 39.775512695312507 -1.5997083187103269 70.107513427734389 73.50925445556642 50.051361083984382 45.610874176025398 -0.035080650821328156 71.315780639648452 71.191276550292983 45.498958587646491 5.7537951469421396 22.41047286987305 71.689678192138686 -1.8638429045677183 45.582262039184577 35.319665908813484 0.037306053563952453 2.9398885965347294 34.419713973999031 45.549871444702156 8.4382386207580584 73.481372833251967 45.447542190551765 50.36027908325196 45.758811950683601 79.546710968017592 51.664249420166023 57.000656127929695
decision_type=2 2 2 2 2 2 2 2 2 2 2 2 2 2 2 2 2 2 2 2 2 2 2 2 2 2 2 2 2 2
left_child=13 15 7 4 6 -6 -4 11 -9 10 -5 -3 -10 22 -11 16 -2 19 -19 -17 -21 -20 28 24 25 -24 -26 -25 29 -1
right_child=1 2 3 9 5 -7 -8 8 12 14 -12 -13 -14 -15 -16 17 -18 18 21 20 -22 -23 23 27 26 -27 -28 -29 -30 -31
leaf_value=-0.00077151057134281018 0.061161142663676192 0.031550334956375499 -0.017128007389992116 0.0025716089718070259 0.011144090881078181 -0.0038515211117306886 -0.0016811403646861268 0.063234324846328571 0.0017180817960460327 -0.012729340702414433 0.026411980915089162 -0.015456618444895926 0.034793199696668504 -0.024129420262283201 3.815742291205109e-06 -0.015847009167905868 0.0015141517474600225 0.026742357757112513 0.0073585011646062513 -0.001212038254555806 0.033118407399264208 -0.023924277434071332 0.029819858405954195 -0.027901345252822014 0.012354195861515153 -0.010691050083376185 0.002670263321180161 0.02275185515624609 -0.00088755766324127502 0.0048705004436534957
leaf_weight=35912.515476288274 10.566682644188402 20.801167160272598 400.02428529784083 7026.3384618042037 431.17102130502462 971.92769775353372 537.93624541535974 31.556196846067905 40.165321156382561 154.52562315389514 123.63184863328934 33.08970208466053 59.181946896016598 42.613040467724204 4189.9298353791237 132.67461061477661 36.071940556168556 21.412477821111679 25.815694287419319 216.31451793015003 43.031478591263294 182.4252016171813 23.095862232148647 68.438211232423782 541.91512642614543 194.41306011751294 773.3549756705761 8.6526255831122381 22525.566897735 7236.4792619245127
leaf_count=230405 31 43 1393 32574 3109 7087 2985 107 191 896 638 181 174 397 29627 603 141 101 151 898 135 701 181 526 2372 1634 3484 71 153724 45619
internal_value=6.69862e-05 0.000906267 0.0012173 0.000916848 -0.00286549 0.000755356 -0.00828541 0.0235733 0.0320217 0.00168795 0.00298773 0.00275556 0.0216116 -0.000116022 -0.000449732 -0.00560194 0.0159792 -0.00725068 -0.0155331 -0.00235908 0.00454159 -0.0199993 -0.000100423 0.00353131 0.00482828 -0.00626388 0.00667062 -0.0219509 -0.000189596 0.000174617
internal_weight=82015.6 14688.6 14020.3 13835.5 2341.06 1403.1 937.961 184.794 130.903 11494.4 7149.97 53.8909 99.3473 67327 4344.46 668.313 46.6386 621.674 229.653 392.021 259.346 208.241 67284.4 1609.87 1532.78 217.509 1315.27 77.0908 65674.6 43149
internal_count=520179 81766 79005 78309 14574 10196 4378 696 472 63735 33212 224 365 438413 30523 2761 172 2589 953 1636 1033 852 438016 8268 7671 1815 5856 597 429748 276024
is_linear=0
shrinkage=0.035


Tree=151
num_leaves=31
num_cat=0
split_feature=9 7 7 7 7 5 7 5 6 7 2 7 7 7 5 2 5 7 6 7 2 9 6 5 6 9 4 7 7 4
split_gain=7.58792 21.3548 16.9319 47.4612 45.7391 42.394 31.3004 27.8317 22.4474 19.69 26.704 24.8882 19.0583 29.3232 22.1979 33.9418 31.8213 26.8986 23.734 19.106 20.8355 18.8444 18.8012 17.6612 14.5853 11.9275 11.1882 11.0749 38.9692 47.0447
threshold=3.1096500158309941 78.280700683593764 63.030187606811531 69.762519836425795 69.49686431884767 45.656616210937507 70.733211517333999 49.068109512329109 65.475582122802749 71.72922515869142 50.079175949096687 74.040325164794936 57.292371749877937 58.701616287231452 45.601842880249031 51.794879913330085 45.764883041381843 42.775737762451179 17.09495830535889 62.469350814819343 51.432224273681648 4.7590000629425058 11.516717910766603 45.419452667236335 19.95874118804932 3.9356000423431401 72.498649597167983 68.936416625976577 69.762519836425795 55.360511779785163
decision_type=2 2 2 2 2 2 2 2 2 2 2 2 2 2 2 2 2 2 2 2 2 2 2 2 2 2 2 2 2 2
left_child=1 27 12 4 5 23 22 -7 26 10 -8 -11 14 -14 15 21 18 -17 -16 20 -15 -2 -5 -4 -18 -10 -6 -1 29 -29
right_child=2 -3 3 6 8 7 9 -9 25 11 -12 -13 13 19 16 17 24 -19 -20 -21 -22 -23 -24 -25 -26 -27 -28 28 -30 -31
leaf_value=0.00024344192917338261 -0.0081635238577475611 -0.007176810129681634 -0.023133692296701841 0.011652038157248098 0.0081970510834452701 0.023312659871474569 0.0048389276595505312 0.001849964456461069 0.018980677779293808 -0.0055977197228581433 0.03552966233851608 0.0025365348413784587 -0.026741613103278744 0.0074990099562889526 -0.0091640492160597557 -0.0095275828835628129 0.016834851175806107 0.013561938295541533 0.024670600754383449 -0.019937879926248531 -0.015537837958351508 -0.034558512242987026 -0.015409100023630124 0.00019184652975111103 -0.005089561690718984 0.043077312102631486 0.038089672785586198 -0.0082528196691629974 1.3342571180540367e-05 0.0029945939935597733
leaf_weight=63720.105786101893 83.031547918915749 502.56674719788134 43.211099773645401 35.870551787316799 117.48805339634418 185.0910892188549 149.77645878493786 124.46306272596121 45.35444400459528 611.62413457036018 44.851408988237381 1858.3630262501538 84.499073162674904 173.6224620193243 30.500163301825523 116.98074069619179 44.079011380672455 128.99999327212572 134.16040888428688 66.674411214888096 65.550752222537994 56.188131392002106 216.4768842458725 406.27538319677114 214.41791027039289 67.343068070709705 17.253506168723106 1609.9196644611657 10355.303551006597 633.63531868159771
leaf_count=405167 362 4280 350 98 312 359 741 620 131 3201 191 13189 333 820 102 411 190 530 399 215 370 186 683 1601 829 146 42 11383 69140 3276
internal_value=9.54595e-05 8.394e-06 0.00139969 0.00251272 0.00906306 0.00478035 0.000248309 0.0147327 0.0221147 0.00136761 0.0120638 0.000518318 -0.00223677 -0.00858062 0.000823415 -0.00523992 0.00635886 0.00255763 0.0183471 -0.00348363 0.00112533 -0.0190029 -0.0115101 -0.00207211 -0.0012836 0.0336436 0.0122786 5.58756e-05 -0.000892161 -0.00507322
internal_weight=81943.7 76821.5 5122.15 3923.44 1006.48 759.041 2916.96 309.554 247.439 2664.62 194.628 2469.99 1198.7 390.347 808.358 385.2 423.157 245.981 164.661 305.848 239.173 139.22 252.347 449.486 258.497 112.698 134.742 76319 12598.9 2243.55
internal_count=519657 493246 26411 21664 3561 2930 18103 979 631 17322 932 16390 4747 1738 3009 1489 1520 941 501 1405 1190 548 781 1951 1019 277 354 488966 83799 14659
is_linear=0
shrinkage=0.035


Tree=152
num_leaves=31
num_cat=0
split_feature=6 4 10 4 9 2 2 2 2 2 2 5 5 10 6 12 2 9 0 1 9 1 10 10 5 5 5 5 9 4
split_gain=10.735 14.8079 10.07 9.34801 8.19741 20.0829 38.9416 24.1446 25.5356 20.357 13.5839 11.381 20.4538 8.57521 7.38407 6.83532 18.2058 15.7896 11.7682 9.1378 15.9855 11.6062 8.96619 8.21109 6.99406 8.31362 6.77174 11.9115 6.19821 7.53174
threshold=99.358459472656264 41.681951522827156 -6.2426600456237784 55.264753341674812 4.7590000629425058 50.664962768554695 50.619283676147468 49.666902542114265 49.738378524780281 48.849718093872077 51.228878021240241 45.558958053588874 45.809911727905281 14.079446315765383 46.52508735656739 1.0000000180025095e-35 3.1099752187728886 -0.13405000418424604 1.0000000180025095e-35 2.7069789171218877 -0.92285001277923573 29.103426933288578 -5.0674018859863272 -3.7061865329742427 92.483322143554702 94.078609466552749 45.764883041381843 45.582262039184577 -4.7622499465942374 1.0000000180025095e-35
decision_type=2 2 2 2 2 2 2 2 2 2 2 2 2 2 2 2 2 2 2 2 2 2 2 2 2 2 2 2 2 2
left_child=4 -2 -3 -4 15 6 7 9 -9 -6 13 -12 -13 14 -7 22 17 18 -17 20 -18 -21 24 -19 -1 -26 27 -5 29 -24
right_child=1 2 3 26 5 10 -8 8 -10 -11 11 12 -14 -15 -16 16 19 23 -20 21 -22 -23 28 -25 25 -27 -28 -29 -30 -31
leaf_value=-0.017850563763881038 0.022734293609203735 0.033525432362462144 -0.015515516667312605 0.0022579339930789174 0.0028318825285324166 -0.010153257526134779 0.038607357787811915 0.042371677828166532 0.0071497887228600511 -0.01227023243779379 -0.0067556563593240146 0.018764148339524622 -0.0035489019134696226 0.0045767952433312369 -0.034988188820480395 -0.018465834166546308 0.020986003542643926 -0.010818918058597509 0.011212882245124029 -0.0054271960437214037 0.002094398307867494 -1.0348324972705473e-05 -0.011766412541558429 0.0024868552311196122 0.011047106365168351 -0.010154437578445547 -0.019777719168296137 0.063683154136921952 -0.001710612836261689 0.027110449732971834
leaf_weight=74.680210202932358 17.150744108483195 5.3798941811546674 158.17548575764522 24.951864336617295 372.85722872614861 31.668320126831532 40.151137918233871 25.812831163406372 539.90035808831453 153.59253444522619 201.86900733411312 79.669223189353943 132.84915042668581 17.477854087948799 30.090403452515602 16.194452859461308 65.529630988836288 64.025518275797367 397.08063787966967 486.83890756964684 326.03626893460751 76889.652556546032 8.0683935508131999 454.89316729456186 31.4289555773139 74.444182701408863 10.291130689904092 3.8542158976197234 1222.7326845601201 18.583981595933437
leaf_count=370 179 66 3024 301 2150 124 67 46 3033 486 1241 255 496 68 131 75 355 328 1674 2734 1996 489604 62 2711 156 402 136 16 7840 95
internal_value=2.62071e-05 -0.00768403 -0.010372 -0.0117351 4.70968e-05 0.00250681 0.00507651 0.00381005 0.00882684 -0.00157284 -0.00337228 -0.000803332 0.00482204 -0.0165775 -0.022658 -2.75085e-06 4.07465e-05 0.00490086 0.00999957 -1.74707e-05 0.00531014 -4.45764e-05 -0.00240031 0.00081756 -0.00967939 -0.00375939 0.0033883 0.0122117 -0.00133727 0.0150865
internal_weight=81975.9 219.803 202.653 197.273 81756.1 1625.94 1132.31 1092.16 565.713 526.45 493.624 414.387 212.518 79.2366 61.7587 80130.2 78700.3 932.194 413.275 77768.1 391.566 77376.5 1429.94 518.919 180.553 105.873 39.0972 28.8061 1249.39 26.6524
internal_count=520221 3722 3543 3477 516499 8097 5782 5715 3079 2636 2315 1992 751 323 255 508402 499477 4788 1749 494689 2351 492338 8925 3039 928 558 453 317 7997 157
is_linear=0
shrinkage=0.035


Tree=153
num_leaves=31
num_cat=0
split_feature=0 0 13 2 10 10 7 5 11 7 2 7 7 6 2 9 7 7 5 10 2 2 2 10 7 5 6 7 0 7
split_gain=9.3491 10.5577 8.53073 8.00667 19.8133 11.2474 11.0125 9.51665 8.83867 61.8912 62.8729 45.6436 77.2267 47.6317 41.0218 39.8416 36.0155 62.7728 30.0839 24.2483 64.7981 46.3313 16.8225 8.73303 7.99707 33.9396 10.5426 7.98036 9.55077 5.47253
threshold=42.399999618530281 62.399999618530281 2.4099884033203129 54.276174545288093 -5.889366388320922 22.41047286987305 20.186177253723148 94.902683258056655 30.864449501037601 21.006519317626957 53.507390975952156 22.878716468811039 23.790318489074711 89.275268554687514 53.062788009643562 -1.2468499541282652 23.790318489074711 22.878716468811039 50.079809188842781 -7.9400031566619864 53.938619613647468 53.507390975952156 53.938619613647468 -9.6117405891418439 26.989735603332523 46.859218597412116 38.245452880859382 58.867916107177741 48.000000000000007 28.417278289794925
decision_type=2 2 2 2 2 2 2 2 2 2 2 2 2 2 2 2 2 2 2 2 2 2 2 2 2 2 2 2 2 2
left_child=3 2 29 8 6 24 -5 -7 11 10 18 19 13 -13 -14 -12 17 -11 -10 21 -21 -1 -18 -8 25 -6 -26 -4 -29 -2
right_child=1 -3 27 4 5 7 23 -9 9 16 15 12 14 -15 -16 -17 22 -19 -20 20 -22 -23 -24 -25 26 -27 -28 28 -30 -31
leaf_value=0.0070791854143098755 0.028674054685193445 -0.012052672135983163 -0.018021632072415254 -0.026655681730939053 -0.0026485865265358046 -0.033943334172996512 0.015319480159806867 0.015434549597625276 -0.026661333699275584 0.0066316751998212178 0.017151217790882373 0.011382877767505895 -0.002179866020379782 0.044328995808373392 0.0057308839054581581 0.056431659062359661 -0.00010189298950129661 -0.013195017776649418 0.016968477206298918 -0.013481074330002445 0.016616355439299433 -0.010912742958102781 0.0039763796049784418 -0.012593596593274357 -0.0071109200133537866 0.016889712994512113 -0.00056090572096719978 0.029247168697802535 -0.0098795159117517559 0.0080270756740070531
leaf_weight=468.37321596592665 16.2658571600914 38.55100229382515 29.220195047557354 57.267406702041626 396.7381100403145 21.221416622400287 16.952678687870502 5.3805044740438452 40.794146195054054 282.81967567838728 79.271221593022346 580.45340815931559 1885.5711307777092 58.847584012895823 1396.6379095967859 53.918391838669777 71610.265941930469 628.09222908131778 35.312916345894337 564.54209027159959 102.80616467725486 279.10678552370518 1259.9948826245964 58.430850252509117 401.85121908783913 149.04792058840394 1204.6434543086216 12.859433956444265 16.348775282502174 311.37309341877699
leaf_count=3351 58 152 108 425 3538 241 77 41 265 1762 279 1985 8456 218 7053 153 460961 2926 229 3657 978 1622 10015 363 2348 943 6817 58 67 1309
internal_value=3.20456e-06 0.00517835 0.00693842 -2.36772e-05 -0.00205389 -0.00124811 -0.0151501 -0.0235417 3.54137e-05 -6.37189e-05 0.0189056 0.00141104 0.00335618 0.0144781 0.00118474 0.0333471 -0.000117829 -0.00703114 -0.00636059 -0.00397424 -0.00881969 0.000347214 -3.12369e-05 -0.00612951 -0.000960664 0.0026912 -0.00220642 -0.00524976 0.0074339 0.00914077
internal_weight=82063 424.618 386.067 81638.3 2311.53 2178.88 132.651 26.6019 79326.8 73990.5 209.297 5336.34 3921.51 639.301 3282.21 133.19 73781.2 910.912 76.1071 1414.83 667.348 747.48 72870.3 75.3835 2152.28 545.786 1606.49 58.4284 29.2082 327.639
internal_count=520455 1752 1600 518703 14793 13928 865 282 503910 476590 926 27320 17712 2203 15509 432 475664 4688 494 9608 4635 4973 470976 440 13646 4481 9165 233 125 1367
is_linear=0
shrinkage=0.035


Tree=154
num_leaves=31
num_cat=0
split_feature=10 5 5 5 5 7 7 7 2 11 7 4 7 10 7 11 9 5 5 9 10 5 11 2 5 5 10 4 10 11
split_gain=7.73582 43.1988 41.0769 37.7528 34.3676 44.1829 58.5049 72.9629 39.4815 18.7288 23.9974 17.15 16.1121 15.8016 15.7122 13.8436 13.6764 8.40521 20.8906 77.1778 272.975 110.215 18.7549 91.1157 24.2156 13.5132 104.666 50.8606 19.3208 17.1662
threshold=-11.258804321289061 46.474193572998054 46.666610717773445 50.079809188842781 46.415723800659187 26.736050605773929 39.775512695312507 57.632680892944343 52.04185867309571 1.0000000180025095e-35 13.469102859497072 47.367387771606452 1.0000000180025095e-35 -15.079775810241697 44.196378707885749 1.0000000180025095e-35 -7.7415499687194815 46.484361648559577 46.284826278686531 2.2597500085830693 6.3144264221191415 46.324718475341804 28.875400543212894 52.962209701538093 45.967329025268562 46.536520004272468 -1.350740313529968 50.393278121948249 -6.9107091426849356 57.560350418090827
decision_type=2 2 2 2 2 2 2 2 2 2 2 2 2 2 2 2 2 2 2 2 2 2 2 2 2 2 2 2 2 2
left_child=1 4 -3 9 5 11 8 -8 -7 -4 -11 -1 16 14 -5 -15 -2 18 22 21 -21 -20 23 -14 -24 26 28 -28 -19 -27
right_child=12 2 3 13 -6 6 7 -9 -10 10 -12 -13 17 15 -16 -17 -18 25 19 20 -22 -23 24 -25 -26 29 27 -29 -30 -31
leaf_value=-0.021646798027948704 0.0054288845496544402 -0.032066202426727849 0.041092230225519416 -0.009095193987009623 0.03922407132617322 0.036354615846202476 -0.026763298995392898 0.014111635793272586 0.00091269381430048176 -0.025785750972873209 0.017214205900108897 0.036813877499024171 -0.0056774088680981031 -0.022427542942577476 -0.036498623419588865 0.0042149082532076327 0.045831948443677051 -0.033257844591528113 -0.029473548933508582 0.053177724862126984 -0.031363103758160274 -0.0026972741953653549 -6.8634580671228041e-05 0.0096168425073014478 -0.0023680204872316302 -0.00017779632480098887 0.04767552176419082 0.0054187676792753743 -0.0046704405052356499 0.0020913864621096025
leaf_weight=72.563519313931465 28.030055901035666 57.249332919716835 27.178593352437019 122.39907385222614 43.956283181905746 133.27813877165318 81.027297735214233 153.70973053574562 54.647941522300243 19.259138211607933 75.094951383769512 5.9059841260313979 824.96772008389235 27.400734239257872 32.39431407302618 155.43392333202064 16.083855107426643 37.54470120370388 229.75627160444856 106.53158175945282 82.136351019144058 1033.2978139529005 48751.920806983486 1128.6644330853596 6340.5788826970384 16707.467333393171 80.926543384790421 61.995028711855412 123.17166447266936 5402.402971691452
leaf_count=523 248 215 192 1142 101 365 217 852 225 155 358 37 2770 299 277 1178 105 125 583 186 158 4413 303607 6227 20377 133402 190 161 354 41184
internal_value=-4.78388e-05 0.00291931 -0.00432226 -0.000798098 0.00978898 0.00713476 0.0116241 -1.09681e-05 0.0261329 0.0158497 0.00822068 -0.0168313 -8.68594e-05 -0.00683462 -0.0150332 0.000103676 0.0208696 -9.85778e-05 -0.000319461 -0.00446468 0.016359 -0.00758913 -0.000213788 0.00315522 -0.000333428 0.000477591 0.00780245 0.0295267 -0.0115237 0.000376403
internal_weight=82017 1061.5 516.41 459.161 545.089 501.133 422.663 234.737 187.926 121.533 94.3541 78.4695 80955.5 337.628 154.793 182.835 44.1139 80911.4 58497.9 1451.72 188.668 1263.05 57046.1 1953.63 55092.5 22413.5 303.638 142.922 160.716 22109.9
internal_count=520226 6136 3816 3601 2320 2219 1659 1069 590 705 513 560 514090 2896 1419 1477 353 513737 338321 5340 344 4996 332981 8997 323984 175416 830 351 479 174586
is_linear=0
shrinkage=0.035


Tree=155
num_leaves=31
num_cat=0
split_feature=6 2 5 2 2 7 2 9 2 9 9 7 9 7 2 9 7 9 2 5 1 2 5 5 10 9 7 5 9 7
split_gain=12.4374 13.5069 22.3324 14.8431 13.893 34.1091 32.6881 27.3214 19.0531 19.5326 17.941 15.998 27.969 14.5029 12.9383 13.0023 9.46037 13.1394 8.36961 8.25098 7.89636 10.8241 11.1949 11.0412 10.3628 10.0833 8.72505 8.33844 9.70631 46.9632
threshold=95.145130157470717 53.672307968139656 46.666610717773445 54.023538589477546 50.459417343139656 33.75457954406739 51.59552192687989 1.003850042819977 50.408788681030281 -0.029949999414384362 2.6875499486923222 69.762519836425795 2.9244999885559086 40.298776626586921 53.796842575073249 -3.2763500213623042 31.598712921142582 -0.4002500027418136 50.080322265625007 47.163959503173835 99.998081207275405 99.30505752563478 96.167602539062514 93.239894866943374 2.7836290597915654 -0.33615000545978541 72.425422668457045 45.452220916748054 -1.9461500048637388 64.699142456054702
decision_type=2 2 2 2 2 2 2 2 2 2 2 2 2 2 2 2 2 2 2 2 2 2 2 2 2 2 2 2 2 2
left_child=20 4 3 14 8 16 13 -8 11 -10 -11 12 -2 -7 -3 -16 17 -6 -13 -4 27 22 23 26 25 -24 -22 -1 29 -29
right_child=1 2 19 -5 5 6 7 -9 9 10 -12 18 -14 -15 15 -17 -18 -19 -20 -21 21 -23 24 -25 -26 -27 -28 28 -30 -31
leaf_value=0.00080906396957113405 0.00085518821623689276 -0.0089736869679505754 0.043487450757140465 -0.01206563018020242 -0.015993178679123025 0.027861022319393226 -0.0016579360410168308 0.017608439170670388 0.065071065096491063 -0.016318591606252503 0.03817880633426661 -0.007755421518465918 0.038800505739533815 -0.012171351736245721 0.037915261917076386 0.0074543519610025819 -0.03035455614416635 0.0396284748442646 0.017576744971732134 0.0087710240379890534 0.0093987698098170636 -0.0048132997372076517 0.018462789431029338 -0.0031640862698532292 0.016911638602668127 0.0010629522899186881 -0.010201757305566226 0.0005630865736883636 -0.00029665558218667804 0.018286170049872819
leaf_weight=14932.746107991785 653.51350482320413 43.100818092003465 22.082318370230496 71.189224682748318 96.453123194165528 10.547038204967974 721.89098657108843 102.18307105079293 9.6461204122751933 15.498692876659335 12.684798464179037 370.28224657708779 23.92017500847578 421.98098628455773 20.792549583129585 92.045311377383769 67.111829936504364 4.6799246892333022 15.797590047121046 14.922827397473155 212.8225177526474 178.18359406292439 51.340014033019543 298.47563045471907 136.13618595898151 192.86003550887108 30.985690318048 9618.1559430137277 53347.901707343757 185.95230653882027
leaf_count=121601 7122 318 124 769 684 38 6191 753 28 104 28 3766 86 3770 133 714 500 44 193 123 1226 870 281 1773 697 1202 219 53446 312278 570
internal_value=2.58237e-05 -0.00227032 0.00523997 0.00105841 -0.00305976 -0.00534083 -0.00334617 0.000737319 -0.000100576 0.0240386 0.00834481 -0.000983217 0.00224954 -0.0111294 0.00712547 0.0133564 -0.020111 -0.0130598 -0.00666659 0.0301546 0.000106845 0.00304955 0.00457852 0.00133052 0.00917865 0.00479796 0.00685389 6.52399e-05 -0.00011054 0.000901415
internal_weight=81975.9 2790.32 264.133 227.128 2526.19 1424.85 1256.6 824.074 1101.34 37.8296 28.1835 1063.51 677.434 432.528 155.939 112.838 168.245 101.133 386.08 37.0051 79185.6 1100.8 922.62 542.284 380.336 244.2 243.808 78084.8 63152 9804.11
internal_count=519651 25488 2181 1934 23307 11980 10752 6944 11327 160 132 11167 7208 3808 1165 847 1228 728 3959 247 494163 6268 5398 3218 2180 1483 1445 487895 366294 54016
is_linear=0
shrinkage=0.035


Tree=156
num_leaves=31
num_cat=0
split_feature=6 2 2 2 4 9 2 5 5 2 9 7 7 7 9 7 2 2 5 7 2 2 7 4 4 5 5 5 4 2
split_gain=8.35681 18.3624 72.3044 44.9062 93.9 64.0954 52.5582 33.6308 90.8351 62.0757 57.5505 31.857 51.2862 31.1669 23.246 21.3588 35.3406 30.323 19.0455 17.4343 40.1101 13.6626 28.1641 25.3245 10.449 6.96645 7.6515 18.0645 72.8432 88.9055
threshold=87.732116699218764 50.459417343139656 50.510725021362312 50.306278228759773 47.436372756958015 1.7159499526023867 50.081499099731452 45.661050796508796 45.72456359863282 50.953025817871101 0.45955000817775732 69.072742462158217 67.648265838623061 71.191276550292983 4.4084999561309823 34.419713973999031 51.59552192687989 53.865806579589851 45.606363296508796 59.142082214355476 50.102197647094734 50.475614547729499 66.137874603271499 52.197597503662116 51.986232757568366 45.452220916748054 46.395015716552741 46.284826278686531 55.781038284301765 52.404092788696296
decision_type=2 2 2 2 2 2 2 2 2 2 2 2 2 2 2 2 2 2 2 2 2 2 2 2 2 2 2 2 2 2
left_child=25 3 21 6 -5 18 11 15 10 -10 -9 12 -2 -7 -13 17 -17 -4 -6 20 -8 22 23 -3 -24 -1 27 -27 29 -29
right_child=1 2 7 4 5 13 19 8 9 -11 -12 14 -14 -15 -16 16 -18 -19 -20 -21 -22 -23 24 -25 -26 26 -28 28 -30 -31
leaf_value=0.00082177940802078569 0.0019645572057546711 -0.019126305492626821 -0.016580694298136467 0.088197098799874751 -0.012928434969168796 0.022012607263571377 -0.024168495884254796 0.012445408528832412 0.027022770618570585 -0.0029189823773366932 0.052616180772141696 -0.0048539479357273367 0.022350214429901181 0.078818106409106345 0.012067666106622198 -0.0084855312792398215 0.00014732044598649526 0.008825772947572837 0.027865293917686728 -0.030172586745857894 0.064285405070371407 -0.032190145303585944 0.027859965011639232 0.10027856296292695 -0.030112397091449254 -0.00023475172264179797 0.00047820251956189644 -0.030585373674959775 0.015035122161106558 -0.0019979292804657438
leaf_weight=13924.343973152339 1445.6513191442937 3.3338796515017739 301.24208330363035 19.616741202771664 98.005142849870026 52.155628833919764 21.489991545677189 184.69890407007188 89.666980225592852 1354.388397091534 57.089618393220007 1127.2848243648186 168.23488861415535 15.216800667345522 108.1042880602181 877.10374664654955 1712.4305638689548 70.163449951447546 15.489737529307602 91.057371077127755 7.9410987533628932 113.85139867477119 3.6351693980395821 4.1723863668739796 27.539006646722555 37607.913884967566 21698.540545612574 195.7599641084671 163.77593660354614 416.08236384391785
leaf_count=111468 14777 47 2295 64 810 163 256 970 229 8240 232 9913 951 78 739 7762 14272 504 95 576 103 423 41 56 273 178587 163536 506 295 1405
internal_value=3.39782e-07 -0.00107638 -0.00244208 0.000988985 0.0169876 0.00887131 -9.29814e-05 -0.00165988 0.0022829 -0.00104101 0.0221014 0.000864945 0.00410396 0.0357198 -0.00336069 -0.00390711 -0.00277574 -0.0117536 -0.00714361 -0.0226597 0.000536187 -0.0260929 -0.00768061 0.0496683 -0.0226055 0.000116394 -4.69747e-05 -0.000344048 -0.00562885 -0.011184
internal_weight=81976 7969.56 4799.32 3170.25 200.484 180.867 2969.76 4646.78 1685.84 1444.06 241.789 2849.28 1613.89 67.3724 1235.39 2960.94 2589.53 371.406 113.495 120.488 29.4311 152.532 38.6804 7.50627 31.1742 74006.4 60082.1 38383.5 775.618 611.842
internal_count=519666 63869 35344 28525 1210 1146 27315 34504 9671 8469 1202 26380 15728 241 10652 24833 22034 2799 905 935 359 840 417 103 314 455797 344329 180793 2206 1911
is_linear=0
shrinkage=0.035


Tree=157
num_leaves=31
num_cat=0
split_feature=9 10 10 5 2 2 5 10 5 5 5 2 2 2 5 2 10 2 5 5 5 5 2 2 10 10 5 2 9 2
split_gain=9.52425 20.471 20.7227 23.449 27.7409 26.1554 19.4443 18.1118 25.2487 27.6541 39.7479 37.0322 36.7123 34.0426 26.0413 20.8607 17.9956 28.9882 17.7819 36.6079 43.1865 111.422 38.948 31.8094 57.0026 39.7178 16.0448 16.0829 14.2936 78.2685
threshold=1.5452499985694887 22.41047286987305 8.8588023185729998 45.447542190551765 50.500419616699226 51.837673187255866 99.069286346435561 -2.2287216186523433 45.452220916748054 45.543027877807624 45.554418563842781 49.977699279785163 48.029621124267585 50.460123062133796 44.901058197021491 51.620014190673835 -12.683357715606688 47.838615417480476 45.447542190551765 45.45686340332032 45.582262039184577 45.764883041381843 49.107086181640632 50.664962768554695 3.1607775688171391 2.7313859462738042 44.901058197021491 53.476486206054695 0.075649999082088484 51.641031265258796
decision_type=2 2 2 2 2 2 2 2 2 2 2 2 2 2 2 2 2 2 2 2 2 2 2 2 2 2 2 2 2 2
left_child=1 2 28 26 6 -6 -5 8 14 11 13 12 -10 -11 -2 -12 -16 -18 -9 23 22 -22 -21 24 -20 -25 -4 -28 29 -1
right_child=7 -3 3 4 5 -7 -8 18 9 10 15 -13 -14 -15 16 -17 17 -19 19 20 21 -23 -24 25 -26 -27 27 -29 -30 -31
leaf_value=0.0019181944856486331 -0.032697004625147755 -0.024748425244674025 0.044506060361324311 -0.0033192227958293474 0.023015960745556889 0.0067412953300915665 0.034189524316684004 -0.0014166200120813419 -0.021974630931043383 0.086244574439586899 -0.0046099831900288648 -0.02417750234362568 0.00082989154929514032 0.014715169859484081 0.037085139972901034 0.0079178662325615455 -0.014331038624429256 0.0094136968847688181 0.0025606502436038544 0.0093512326153387115 0.013923999988908425 0.00051087280090008323 -0.0041690066094989325 0.015104609052114429 0.015545788824046312 -0.0039471834077310875 -0.012077589497641435 0.019186753301955052 -0.00090101563800557179 -0.0012031697526292593
leaf_weight=17622.74925465975 20.515182375907898 40.651416720822453 6.4226081147789946 356.45350733026862 153.27008115500212 581.11890872009099 16.957119397819042 2496.1341032194905 114.07310850918293 8.9500713124871236 919.83055239822716 164.24933998286724 347.51427500322461 55.972487464547157 22.199977993965149 196.73350800573826 75.569796559400856 355.56280689965934 932.32670550048351 289.86299253627658 885.65274009015411 5272.2323745191097 2540.3076338786632 167.67362291365862 747.09714315459132 655.08094652928412 175.93026983179152 21.870887205004692 24335.108841626439 22282.240338489413
leaf_count=124629 59 395 38 1980 550 2362 73 21357 449 86 5979 660 1513 441 153 834 726 3215 4948 1025 3880 28273 11147 939 3282 2980 1524 159 167336 128641
internal_value=2.88894e-05 -0.000159033 -0.000143376 0.00420941 0.0062216 0.0101688 -0.00152774 0.000787018 -0.0021031 -0.00399058 -0.00083122 -0.00993512 -0.00481897 0.0256123 0.00507586 -0.00239228 0.00685525 0.00521663 0.00125899 0.0018409 0.00079743 0.0024427 -0.00277955 0.00558491 0.00834595 -4.51144e-05 -0.00665311 -0.00852208 -0.000232436 0.000175115
internal_weight=81860.3 65592.8 65552.1 1312.02 1107.8 734.389 373.411 16267.5 2281.17 1807.32 1181.49 625.837 461.587 64.9226 473.848 1116.56 453.333 431.133 13986.4 11490.2 8988.06 6157.89 2830.17 2502.18 1679.42 822.755 204.224 197.801 64240.1 39905
internal_count=519633 427687 427292 6686 4965 2912 2053 91946 14115 9962 7340 2622 1962 527 4153 6813 4094 3941 77831 56474 44325 32153 12172 12149 8230 3919 1721 1683 420606 253270
is_linear=0
shrinkage=0.035


Tree=158
num_leaves=31
num_cat=0
split_feature=0 5 9 12 4 6 2 10 9 2 10 2 2 2 11 8 5 2 2 10 9 10 10 6 13 9 13 5 5 10
split_gain=6.4706 14.7611 10.0589 18.5516 18.2501 9.51624 18.1993 38.9217 24.9034 14.8794 39.6683 46.402 31.033 24.2049 18.2739 17.7275 13.2641 12.4138 16.7144 12.7558 9.12603 9.87737 11.3127 9.21753 8.90638 12.5602 11.1672 13.3479 9.89653 8.51571
threshold=20.800000190734867 91.413898468017592 -0.14995000511407849 3.792930126190186 57.157743453979499 46.887861251831062 47.475122451782234 7.2648968696594247 0.44335000216960913 48.029621124267585 -3.4286378622055049 47.903882980346687 48.849718093872077 49.107086181640632 68.734096527099624 -2.4999999999999996 46.023597717285163 54.398979187011726 53.706521987915046 -1.2689077258110044 -0.41605000197887415 5.1680891513824472 -11.258804321289061 48.467041015625007 1.5628815889358523 -0.65334999561309803 1.0000000180025095e-35 93.459373474121108 98.30551910400392 -1.9495523571968076
decision_type=2 2 2 2 2 2 2 2 2 2 2 2 2 2 2 2 2 2 2 2 2 2 2 2 2 2 2 2 2 2
left_child=1 5 3 -2 29 9 7 8 -7 10 15 -12 14 -14 -11 -1 -9 18 -8 -19 24 22 -22 -24 26 28 27 -3 -26 -5
right_child=2 20 -4 4 -6 6 17 16 -10 12 11 -13 13 -15 -16 -17 -18 19 -20 -21 21 -23 23 -25 25 -27 -28 -29 -30 -31
leaf_value=0.017300245556873928 -0.00043491573605956477 -0.009092610196623812 -6.3308231304276782e-06 0.015256877603595301 -0.016777619958592716 0.0091014489330307549 -0.0004424874841820499 0.019945949164492514 -0.011966582818054695 -0.0080903661174669718 0.002980026757571605 0.019938510994182378 0.0062524279845004868 0.00027433962299569016 0.0035988267179307477 -0.013312565601130694 -0.025143457176384953 -0.022110293210357519 0.0025050151381624192 -0.0032005503279019707 0.045623903347972602 -0.0088966413374156634 -0.0024551794672412518 0.0030816970068692291 0.014791861601054269 -0.01813326710363096 -0.013520884501880971 0.0001578318078789161 -0.0087166736621547176 0.0064498028218392201
leaf_weight=25.25695875287056 590.59838610887527 365.39423635601997 2019.1840135678649 211.6343931555748 33.070057511329651 78.107673868536949 33950.0400570645 80.184248447418213 523.90703938994557 820.37945537269115 1183.3482105061412 236.99568193405867 849.20892653614283 35001.024350628257 203.24674828350544 203.41278996318579 8.0525044500827772 61.004578180611134 2531.343883709982 154.40757463406771 5.8029209002852431 172.6508974134922 940.19342418015003 604.05109270662069 80.928845487535 26.064770191907883 203.90019342303276 396.4913609623909 28.978050984442234 386.34546456485987
leaf_count=133 3274 2129 10161 749 145 343 233879 597 2925 5028 5930 900 3379 211501 1017 1104 25 646 17478 1358 45 1217 5951 4119 451 159 1253 2409 175 1754
internal_value=-2.51532e-05 -8.83315e-05 0.00150722 0.00401296 0.00818207 4.02964e-06 -0.000393659 -0.00602133 -0.00921307 0.000390175 0.0036424 0.00582424 0.000244469 0.000416278 -0.00576158 -0.0098523 0.0155635 -0.000287486 -0.000237726 -0.00865015 -0.0025724 -0.000975469 -8.45273e-05 -0.000284354 -0.00506048 0.00327707 -0.0062433 -0.00427431 0.00851217 0.00959467
internal_weight=81975.2 78734.4 3240.83 1221.65 631.05 75909.9 37387 690.251 602.015 38522.9 1649.01 1420.34 36873.9 35850.2 1023.63 228.67 88.2368 36696.8 36481.4 215.412 2824.46 1722.7 1550.05 1544.24 1101.76 135.972 965.786 761.886 109.907 597.98
internal_count=520234 504151 16083 5922 2648 486243 257251 3890 3268 228992 8067 6830 220925 214880 6045 1237 622 253361 251357 2004 17908 11332 10115 10070 6576 785 5791 4538 626 2503
is_linear=0
shrinkage=0.035


Tree=159
num_leaves=31
num_cat=0
split_feature=6 10 7 7 9 7 10 5 5 5 5 10 6 7 10 5 5 5 7 4 5 9 10 5 7 10 6 7 7 6
split_gain=15.3884 7.70072 27.0459 51.1465 116.269 146.037 30.556 25.6677 66.7322 49.4686 62.7411 34.9606 30.2012 22.2563 30.8924 20.3417 22.9269 48.7146 106.896 46.5838 20.1042 18.7466 18.6974 19.5828 17.6523 31.0667 19.2628 18.5502 16.3426 15.2625
threshold=99.693408966064467 1.0116817355155947 48.045326232910163 42.491350173950202 -0.69014999270439137 44.850858688354499 2.1933937072753911 45.764883041381843 45.711332321166999 46.484361648559577 49.068109512329109 3.6910141706466679 58.735633850097663 42.247739791870124 14.079446315765383 45.447542190551765 45.764883041381843 45.661050796508796 43.856449127197273 47.099637985229499 45.582262039184577 1.3744500279426577 -15.079775810241697 46.484361648559577 34.582567214965827 -1.0384084582328794 59.896903991699226 34.419713973999031 49.986120223999031 66.632598876953139
decision_type=2 2 2 2 2 2 2 2 2 2 2 2 2 2 2 2 2 2 2 2 2 2 2 2 2 2 2 2 2 2
left_child=1 15 3 13 5 -5 -6 8 21 11 -11 -9 -10 20 -15 24 17 19 -19 -17 -3 -4 23 -18 25 26 -1 -27 -24 -26
right_child=-2 2 7 4 6 -7 -8 9 12 10 -12 -13 -14 14 -16 16 22 18 -20 -21 -22 -23 28 -25 29 27 -28 -29 -30 -31
leaf_value=-0.0061807421702832844 -0.0274310812136483 -0.0019106871305433538 -0.00068388159165773334 0.03303592746625543 -0.0038800384872438322 -0.0036190759298299711 0.0050206063523463434 2.5066434308575743e-05 0.011800981403077712 0.048211441775158723 -0.00019727699488450556 -0.0082000928350946505 0.064580100908568666 -0.015389839484114622 0.0454331844938917 0.0022576130412843556 0.018134782353913859 -0.0023740744089080354 -0.019290384678045443 -0.0017623947089012309 0.0018644468474619364 0.0017765591599211267 -0.00033075558052803717 -0.013831591224660376 0.0012125347425981712 0.033100110326961786 -0.030140744830226017 -0.0064773027955633096 0.001734925320131267 0.0060967364982908402
leaf_weight=132.13970633596182 24.36607094341889 2532.4796492271125 8787.30959957093 369.49294567108154 690.17303447425365 207.17301104217768 1490.0698161870241 927.89486683905125 26.82102158665657 32.201517194509506 5289.2571738064289 1979.8647502362728 27.206408947706223 169.7603517100215 10.065566241741179 4787.4232849404216 25.851091846823692 2494.3890006616712 560.09516073390841 13441.09769910574 5429.559219058603 6671.0873764045537 14781.598137807101 192.18286162614822 2896.4801141917706 31.512535057961941 59.962863009423018 25.473462305963039 6870.096331782639 1076.7790467627347
leaf_count=975 1763 13950 61214 1835 4423 1391 8305 2325 63 74 41211 4482 62 1079 61 24814 64 15221 1840 77313 32556 39913 98421 1607 25027 244 631 254 47996 11253
internal_value=-6.57677e-05 -5.72848e-05 0.000339224 0.00178268 0.0059025 0.0198684 0.00219944 -0.000323148 0.000514696 -0.00190327 0.000101544 -0.00557367 0.039061 0.000386369 -0.0117604 -0.000347358 -0.000574355 -0.00139217 -0.00548252 -0.000706169 0.000662742 0.000377508 0.000221219 -0.00995709 0.00197058 -0.00704609 -0.0137899 0.0154426 0.000324403 0.00253891
internal_weight=82039.9 82015.5 34640.4 10898.8 2756.91 576.666 2180.24 23741.6 15512.4 8229.22 5321.46 2907.76 54.0274 8141.86 179.826 47375.1 43152.7 21283 3054.48 18228.5 7962.04 15458.4 21869.7 218.034 4222.35 249.089 192.103 56.986 21651.7 3973.26
internal_count=520367 518604 212944 63600 15954 3226 12728 149344 101252 48092 41285 6807 125 47646 1140 305660 267276 119188 17061 102127 46506 101127 148088 1671 38384 2104 1606 498 146417 36280
is_linear=0
shrinkage=0.035


Tree=160
num_leaves=31
num_cat=0
split_feature=6 2 2 2 2 4 2 2 2 4 7 2 2 4 7 9 7 2 7 4 6 11 7 2 7 7 7 6 2 2
split_gain=8.25418 12.4629 15.7632 34.8475 18.8423 20.0828 16.8472 16.9014 13.4273 13.3309 23.5379 10.5638 9.85952 9.76285 7.26546 67.7304 35.9368 45.8934 24.6229 34.3407 42.0945 23.7407 37.8419 42.4276 42.7891 40.0903 33.9818 18.9958 15.2059 13.2369
threshold=93.214572906494155 48.029621124267585 50.459417343139656 50.510725021362312 50.434299468994148 49.904397964477546 51.432224273681648 51.435903549194343 50.511508941650398 58.599813461303718 69.650360107421889 49.794338226318366 50.475614547729499 64.45630264282228 20.186177253723148 -1.2468499541282652 18.460414886474613 54.368049621582038 18.460414886474613 38.841281890869148 43.764425277709968 21.875050544738773 40.298776626586921 53.468648910522468 64.699142456054702 35.319665908813484 33.328706741333015 81.088863372802749 54.515148162841804 53.468648910522468
decision_type=2 2 2 2 2 2 2 2 2 2 2 2 2 2 2 2 2 2 2 2 2 2 2 2 2 2 2 2 2 2
left_child=14 13 4 12 9 -6 8 -8 -5 11 -11 -3 -4 -2 15 18 -17 -18 -1 28 -21 22 25 24 -24 26 -16 -27 -20 -23
right_child=1 2 3 6 5 -7 7 -9 -10 10 -12 -13 -14 -15 21 16 17 -19 19 20 -22 29 23 -25 -26 27 -28 -29 -30 -31
leaf_value=-0.00055259240497016143 -0.016764083047963774 -0.0064008158502250638 -0.0039155598424016214 0.020875628688672855 0.055956312364741918 0.0047947415378946064 0.048513144621636702 -0.0010299830604572375 -0.0097367838328122312 0.031442605208224519 0.0023108421673901534 0.0013893966766909968 -0.034686965123869304 0.0088677896127596027 0.006328624301597887 -0.012821254839003402 0.060772992065870043 -0.0042712125643813541 -0.022613614215186591 -0.013399888423960308 0.020666548493668384 0.00018641890162244797 -0.020085770320097413 0.046093181602774549 0.018896655186992583 0.016871404322414775 -0.0170150195423588 0.047918143580311413 -0.0019872379593233493 -0.0012483029719632967
leaf_weight=675.23386178910732 104.7056775232777 271.31049572164193 17.772392148617655 17.453624094836414 15.077790487557648 24.280720975250006 7.6679138764739028 1918.0855504884385 415.50338906422257 45.428682215511799 131.11119988467544 983.27153135696426 52.392640193924308 21.086217272095382 841.26304340362549 19.313045278191566 42.881624564528465 18.674623310565948 227.82553061842918 105.16452936083078 75.690241150557995 66387.994515061378 172.37517048418522 15.557330459356306 42.219929590821266 175.65769596397877 83.113814055919647 28.092165894806385 55.295996099710464 8937.0847226902843
leaf_count=5135 1000 2325 223 177 39 71 114 15314 3740 160 1055 11029 229 173 4648 105 73 92 984 415 354 418745 639 42 124 469 292 65 406 51894
internal_value=-2.3607e-05 -0.00156903 -0.0012159 -0.00294806 0.0016405 0.0252927 -0.00221699 -0.000809017 -0.00845035 0.000971361 0.00995476 -0.00029271 -0.0271234 -0.0123833 5.61679e-05 -0.00262238 0.0281576 0.0411263 -0.00483173 -0.0110325 0.000847082 9.89035e-05 0.00468361 -0.00821582 -0.0123421 0.00732541 0.00420926 0.0213569 -0.0186267 1.60893e-05
internal_weight=81928.6 4025.15 3899.36 2428.88 1470.48 39.3585 2358.71 1925.75 432.957 1431.12 176.54 1254.58 70.165 125.792 77903.4 1220.08 80.8693 61.5562 1139.21 463.976 180.855 76683.4 1358.28 230.152 214.595 1128.13 924.377 203.75 283.122 75325.1
internal_count=520131 35649 34476 19797 14679 110 19345 15428 3917 14569 1215 13354 452 1173 484482 7564 270 165 7294 2159 769 476918 6279 805 763 5474 4940 534 1390 470639
is_linear=0
shrinkage=0.035


Tree=161
num_leaves=31
num_cat=0
split_feature=6 10 9 4 9 10 10 2 5 5 10 5 5 6 5 2 5 2 6 2 10 2 10 11 5 4 4 5 9 5
split_gain=7.00133 12.3548 10.872 8.79875 6.3946 17.5637 17.4326 30.2693 42.2462 37.0816 15.1638 24.9633 35.0018 27.9848 26.1839 19.951 19.3 17.2276 26.4073 26.3863 36.5079 31.0364 20.541 13.417 39.7307 9.7264 7.04379 6.95799 5.04017 5.80662
threshold=99.358459472656264 -6.2426600456237784 -3.6045500040054317 55.264753341674812 2.8396499156951909 22.41047286987305 12.557685852050783 52.401636123657234 46.681980133056648 45.419452667236335 8.4382386207580584 45.764883041381843 50.079681396484382 65.851165771484389 45.692289352416999 50.460123062133796 50.079809188842781 47.838615417480476 7.5687198638916025 49.856487274169929 -4.838106393814086 50.051361083984382 1.7464545965194704 1.0000000180025095e-35 50.079809188842781 50.771276473999031 47.565050125122077 46.023597717285163 2.3614000082015996 45.711332321166999
decision_type=2 2 2 2 2 2 2 2 2 2 2 2 2 2 2 2 2 2 2 2 2 2 2 2 2 2 2 2 2 2
left_child=4 -2 -3 -4 5 6 23 9 -9 -8 17 14 13 -13 15 -12 -14 18 27 20 -19 -21 -20 24 -1 -25 -7 -6 29 -5
right_child=1 2 3 28 10 26 7 8 -10 -11 11 12 16 -15 -16 -17 -18 19 22 21 -22 -23 -24 25 -26 -27 -28 -29 -30 -31
leaf_value=0.017629276800774599 0.028275711664854816 0.041686392698423912 -0.013144185495066751 0.030000611800323124 0.0094632955012213752 -0.030110618647016769 -0.029330232678287139 0.023085024334570926 -0.011484822599839933 0.0037624931027526063 0.00524082202086222 -0.0083456890156510376 0.021401053980741099 -0.0310987139058592 0.032177662271158834 -0.0047039619529815361 -0.003454928612754705 -0.0073220266552499295 0.0025784598365741506 -0.014455374351225866 0.0094488642876060305 0.001890418306291533 -0.010720992646134015 0.00021788134284614149 -0.0085919096932836336 -0.00059532204310538722 0 0.03658822629160096 -0.0054154097109082337 -0.015134988120949438
leaf_weight=179.6540122628212 11.163879975676535 4.3866312354803076 162.08698913129047 13.110460599884393 29.831075087189674 32.546898901462555 46.943276084959507 191.08050487190485 55.087875954806805 314.92353431880474 484.9847724288702 210.93300976604223 52.412914603948593 97.247420400381088 31.563176766037941 502.09742434322834 134.64367308467627 184.43301175534725 237.41790408268571 149.54440798610449 1111.7781145647168 2640.3238242194057 350.57201511785388 43969.59719562903 115.44508315622807 30517.62287844345 13.906763151288031 20.16205894947052 23.127944992855191 3.8796229409053913
leaf_count=902 117 42 3098 172 163 342 421 724 397 1684 2962 773 408 399 89 2677 710 853 1301 432 4924 14747 1790 279269 1105 198773 90 36 223 71
internal_value=2.12353e-05 -0.00623458 -0.00823509 -0.00951257 3.80607e-05 -5.09106e-05 -3.74469e-05 0.00586085 0.0153085 -0.000566398 0.001115 -0.00193022 -0.00837103 -0.0156101 0.00119837 0.000175427 0.00353389 0.00209252 -0.00324834 0.00292861 0.00705416 0.00100784 -0.00534286 -8.55601e-05 0.00735219 -0.000115199 -0.0213827 0.0209445 0.0049591 0.0190835
internal_weight=81892.5 217.756 206.592 202.205 81674.8 75436.8 75390.4 608.035 246.168 361.867 6237.94 1513.88 495.237 308.18 1018.65 987.082 187.057 4724.06 637.983 4086.08 1296.21 2789.87 587.99 74782.3 295.099 74487.2 46.4537 49.9931 40.118 16.9901
internal_count=519694 3723 3606 3564 515971 483707 483275 3226 1121 2105 32264 8018 2290 1172 5728 5639 1118 24246 3290 20956 5777 15179 3091 480049 2007 478042 432 199 466 243
is_linear=0
shrinkage=0.035


Tree=162
num_leaves=31
num_cat=0
split_feature=6 7 9 9 7 10 7 7 7 7 5 10 7 5 10 6 6 10 7 7 7 6 6 5 6 9 7 7 10 2
split_gain=9.38589 7.35327 37.1225 33.2619 53.494 61.633 39.6058 55.3967 29.5416 43.9976 27.1336 24.5138 24.335 22.8231 26.7826 17.8401 17.8323 15.0333 68.6752 71.3812 51.3133 46.8765 34.1878 31.4964 13.736 9.84837 81.9849 52.6336 182.818 44.191
threshold=99.693408966064467 67.301731109619155 -0.74375000596046437 2.4200500249862675 69.762519836425795 9.343633174896242 69.762519836425795 69.650360107421889 68.741054534912124 68.408538818359389 45.424163818359382 -3.1773324012756343 70.733211517333999 46.117029190063484 -6.9107091426849356 19.142896652221683 42.208784103393562 8.8588023185729998 64.163467407226577 59.841144561767585 65.665817260742202 39.054794311523445 45.742458343505866 45.447542190551765 50.022300720214851 0.79334998130798351 64.03334236145021 64.699142456054702 -4.838106393814086 49.463737487792976
decision_type=2 2 2 2 2 2 2 2 2 2 2 2 2 2 2 2 2 2 2 2 2 2 2 2 2 2 2 2 2 2
left_child=1 17 8 6 5 -5 7 -4 9 10 -3 -8 -6 14 -10 -15 -11 25 19 23 22 -21 -20 -19 -22 27 29 -1 -29 -27
right_child=-2 2 3 4 12 -7 11 -9 13 16 -12 -13 -14 15 -16 -17 -18 18 20 21 24 -23 -24 -25 -26 26 -28 28 -30 -31
leaf_value=-0.0003721807432069277 -0.021595021072574397 0.055097864897543251 -0.0036570693994477823 0.013225026432552611 -0.0073700308602273924 -0.011600899557118988 -0.0050956880535031621 -0.020788422131826557 -0.030304955117720508 0.024768218645317586 0.0033233481553379468 0.00022025188223584501 0.00079316683230926457 -0.006034771459008487 0.0030410612483553587 0.026458538435575017 0.090778211408031731 -0.0097571610669077609 0.013707230711716216 0.0053329375421766667 0.0068760000532215445 -0.027469380303472981 0.046537993384486748 0.0057300749193893215 -0.031222380090759682 -0.010067895548038001 -0.0037672494652256972 0.031653547898436704 0.0014988316515772756 0.003245347107354636
leaf_weight=46671.180430870503 23.799381748773158 14.41118164360523 3718.1796081960201 757.58457279205322 501.03896380960941 145.15897929668427 1233.0601804032922 246.0811226144433 32.219106383621693 9.2558625638484973 69.742796301841736 7644.0056351684034 4117.5669788457453 27.048954598605633 275.92710483819246 79.958137601613998 14.131417766213415 182.35308270156384 73.122957080602646 78.721937663853168 24.800806820392609 161.3761455193162 86.388981506228447 1309.1012782752514 20.250470355153084 315.86546289920807 3215.7260037921369 276.17205229774117 2230.204346716404 8458.6267417371273
leaf_count=302600 1768 110 24963 2929 1667 688 7890 1411 101 34 392 52948 27428 144 1248 382 47 1499 233 371 141 677 281 5143 129 1313 18897 1103 15169 48823
internal_value=2.07749e-05 2.73454e-05 -0.000578434 -0.000840747 0.00143013 0.00921859 -0.00181772 -0.00472624 0.00861067 0.0249033 0.0127074 -0.000517758 -9.20068e-05 0.00433362 -0.000492314 0.0181962 0.0666265 0.000208756 0.00324467 0.000970349 0.0223831 -0.0167033 0.031675 0.00382762 -0.0103425 0.000112506 0.00101194 -0.00010666 0.00483334 0.00276442
internal_weight=82013.1 81989.3 18885.4 18362.7 5521.35 902.744 12841.3 3964.26 522.695 107.541 84.154 8877.07 4618.61 415.153 308.146 107.007 23.3873 63103.9 1936.12 1731.55 204.563 240.098 159.512 1491.45 45.0513 61167.8 11990.2 49177.6 2506.38 8774.49
internal_count=520529 518761 122382 119924 32712 3617 87212 26374 2458 583 502 60838 29095 1875 1349 526 81 396379 8474 7690 784 1048 514 6642 270 387905 69033 318872 16272 50136
is_linear=0
shrinkage=0.035


Tree=163
num_leaves=31
num_cat=0
split_feature=7 11 7 7 5 11 10 4 10 10 9 11 7 10 2 5 6 10 7 7 7 5 7 5 10 5 2 10 7 10
split_gain=10.236 9.69462 23.7957 19.4798 23.2812 15.7759 20.9211 13.0498 11.799 9.49355 10.548 8.42773 28.7645 47.7217 32.4646 31.0719 21.1975 19.6988 37.3974 30.0814 16.6732 16.6131 14.2974 12.0198 8.49127 37.1588 27.8177 20.9273 18.338 12.816
threshold=83.923740386962905 90.86985015869142 85.718479156494155 85.718479156494155 50.079681396484382 77.268501281738295 16.556191444396976 67.195690155029311 16.556191444396976 -6.2426600456237784 7.6709501743316659 78.74444961547853 78.280700683593764 5.2747633457183847 47.838615417480476 45.409994125366218 55.578407287597663 6.3144264221191415 59.565095901489265 76.706653594970717 80.857158660888686 45.452220916748054 80.857158660888686 45.452220916748054 -11.258804321289061 50.079809188842781 52.410648345947273 -15.079775810241697 1.0000000180025095e-35 -8.9486303329467756
decision_type=2 2 2 2 2 2 2 2 2 2 2 2 2 2 2 2 2 2 2 2 2 2 2 2 2 2 2 2 2 2
left_child=11 3 8 7 5 6 -5 -2 -3 -4 -11 20 15 14 22 -13 -15 18 -17 -19 24 -18 -14 -16 25 26 -1 -27 29 -26
right_child=1 2 9 4 -6 -7 -8 -9 -10 10 -12 12 13 16 23 17 21 19 -20 -21 -22 -23 -24 -25 28 27 -28 -29 -30 -31
leaf_value=0.013234366729397592 -0.035189531744744491 0.045718330475638856 0.014561837043467538 0.062377827232963166 -0.030332033192254887 -0.0047087828175461036 -0.0032883797765504469 0.0040853804095947856 0.0029817934254580724 -0.020772186653735532 -0.0031182419851080887 -0.024597188516132008 -0.022096236785947569 0.011796614330858299 -0.0017853828471928799 -0.0081314846258903808 0.018627492295230724 -0.0016585847795784609 0.0088936636966147134 -0.042926212777412799 -0.017921301245584383 0.051226364684773928 0.0028090210025244634 0.021067312032520977 -0.0030277326449363122 -0.016435117264848371 -0.001155742835802082 0.0014498409391044303 -0.00011092247056965541 0.035921070755129403
leaf_weight=425.77705178409815 50.375538578256965 16.863667666912079 24.702302627265453 12.384814836084844 22.489878117106855 30.713492094539106 10.331624880433081 12.412467733025549 15.228083491325377 56.919503607787192 153.14510639384389 58.930117078125477 71.522067829966545 76.256731137633324 42.013129249215126 207.22845292836428 35.488864816725254 797.35891631990671 654.1660985108465 21.468871377408504 63.253168892115355 47.382388666272163 45.302967268973589 81.031940154731274 15.333056285977362 146.16471284255385 266.34566091373563 174.59655268397182 78205.203828522936 28.499335035681725
leaf_count=1851 531 104 186 119 236 310 97 85 93 486 1260 441 287 465 346 764 255 3058 2688 112 666 244 394 480 152 1391 1257 1413 499686 198
internal_value=-4.04163e-05 -0.00558152 -0.0016375 -0.0130663 -0.000990415 0.0114963 0.0331188 -0.0273615 0.0262177 -0.00555103 -0.00799564 -1.26894e-05 0.00215514 0.0106208 0.000714671 0.000204915 0.0254314 0.00109025 0.00478601 -0.00278996 -7.12309e-05 0.0376614 -0.0124254 0.0132467 -5.6717e-05 0.00312587 0.00769166 -0.00669883 -9.80345e-05 0.0223295
internal_weight=81868.9 405.566 266.859 138.708 75.9198 53.4299 22.7164 62.788 32.0918 234.767 210.065 81463.3 2138.15 398.998 239.87 1739.15 159.128 1680.22 861.395 818.828 79325.2 82.8713 116.825 123.045 79261.9 1012.88 692.123 320.761 78249 43.8324
internal_count=519655 3507 2129 1378 762 526 216 616 197 1932 1746 516148 9534 2471 1507 7063 964 6622 3452 3170 506614 499 681 826 505948 5912 3108 2804 500036 350
is_linear=0
shrinkage=0.035


Tree=164
num_leaves=31
num_cat=0
split_feature=7 4 2 7 10 9 9 10 11 9 2 2 6 7 7 10 10 7 2 2 10 7 2 7 10 9 7 10 7 10
split_gain=8.6662 12.4432 33.8009 20.978 10.3009 9.05053 8.00177 7.93778 8.24665 7.17991 13.5037 13.3494 18.0958 16.0374 14.7416 27.2241 15.1888 10.9621 10.2239 7.92143 7.27871 28.6643 22.7883 36.2977 28.6636 15.6122 15.067 15.0698 8.98548 46.7589
threshold=83.923740386962905 67.195690155029311 50.079050064086921 85.718479156494155 -6.2426600456237784 7.6709501743316659 3.5986999273300175 16.556191444396976 90.86985015869142 6.0667500495910653 50.664962768554695 49.666902542114265 40.225673675537116 73.705352783203139 63.42186355590821 5.885000705718995 14.079446315765383 41.885551452636726 49.336395263671882 53.062788009643562 -11.258804321289061 76.442924499511733 50.079809188842781 39.775512695312507 -15.079775810241697 3.1096500158309941 1.0000000180025095e-35 -8.9486303329467756 75.742977142333999 22.41047286987305
decision_type=2 2 2 2 2 2 2 2 2 2 2 2 2 2 2 2 2 2 2 2 2 2 2 2 2 2 2 2 2 2
left_child=9 2 -2 7 -5 -6 -4 8 -3 20 11 12 18 -14 16 -16 -13 19 -11 -12 21 22 23 -1 -24 -23 27 -22 -28 -30
right_child=1 3 6 4 5 -7 -8 -9 -10 10 17 14 13 -15 15 -17 -18 -19 -20 -21 26 25 24 -25 -26 -27 28 -29 29 -31
leaf_value=0.022233566337076585 -0.033770861033885526 0.0061808726638740569 0.018895869295143971 0.014964164604793365 -0.018864993625291121 -0.0031159943558936852 -0.006670452037775952 -8.2831959633813948e-05 0.043659012763710141 0.019437644890430348 0.021605425730810885 -0.015010881017089981 -0.027879617131082831 0.0025581881722011204 0.041410891967703645 0.0081492454118265115 0.0260585179095188 -0.0088872683902829191 -0.014547117502576236 -0.0074254356110573082 -0.0063518464949141725 0.00068481783338153468 -0.010717148396341402 -0.0049718337305877085 0.0037961482150917548 0.068531308164622648 9.956884554993067e-05 0.035095445619642222 -0.0024064638856257717 0.070150655868322184
leaf_weight=149.58929622173309 56.858838923275471 12.358350437134506 24.176000218838453 26.456379100680351 63.457711952738464 153.14240424707532 36.352082653902471 15.610928535461424 19.448810264468193 61.704747647047043 29.518701687455177 32.673509337007999 34.922663517296314 50.986970402300358 49.179421991109848 78.993616297841072 15.629252269864081 128.77150677144527 12.266251429915426 17.58426308631897 16.170190377160907 6.5658539980649975 242.74943673610687 99.031343631446362 527.00165685731918 11.688965439796446 77551.095215057023 28.677264392375946 2390.4305323408917 10.125098943710325
leaf_count=683 606 84 233 200 551 1259 384 96 119 236 82 134 115 256 199 296 45 554 29 67 162 39 1827 461 2989 73 490288 197 17728 74
internal_value=8.42806e-05 -0.00499946 -0.0145792 -0.00107466 -0.00526554 -0.00781465 0.00354034 0.0199928 0.0298208 0.000109842 0.0042376 0.00834634 0.000961008 -0.00987726 0.0149632 0.0211436 -0.00137151 -0.00358286 0.0136131 0.0106786 8.36218e-05 0.00299658 0.00219178 0.0113878 -0.000778069 0.0455491 4.57574e-05 0.0201485 3.41921e-05 -0.00207425
internal_weight=81953.2 407.862 117.387 290.475 243.056 216.6 60.5281 47.4181 31.8072 81545.4 512.231 336.356 159.881 85.9096 176.476 128.173 48.3028 175.874 73.971 47.103 81033.1 1036.63 1018.37 248.621 769.751 18.2548 79996.5 44.8475 79951.7 2400.56
internal_count=520066 3532 1223 2309 2010 1810 617 299 203 516534 2013 1310 636 371 674 495 179 703 265 149 514521 6072 5960 1144 4816 112 508449 359 508090 17802
is_linear=0
shrinkage=0.035


Tree=165
num_leaves=31
num_cat=0
split_feature=6 2 7 7 2 10 2 2 7 7 9 6 7 2 2 10 4 7 11 2 4 10 7 2 6 10 2 7 0 10
split_gain=9.87074 17.7559 23.0677 53.6939 47.4744 55.8174 28.8792 24.7955 20.7491 19.9752 43.0401 23.0341 16.8881 15.5377 52.4095 67.3899 31.3096 49.9946 28.7858 28.4658 78.712 66.02 65.04 29.9869 29.7355 24.7855 40.2194 24.6009 23.5941 46.0532
threshold=39.838054656982429 53.755762100219734 34.66917800903321 36.589582443237312 52.404092788696296 -8.4042339324951154 53.259717941284187 52.786775588989265 57.865306854248054 32.421426773071296 -2.2700500488281246 0.82844331860542308 87.417869567871108 49.794338226318366 50.078802108764656 -5.5668718814849845 56.022642135620124 64.699142456054702 90.86985015869142 48.849718093872077 38.841281890869148 -0.068618383258581148 68.936416625976577 48.029621124267585 47.28900337219239 3.219731450080872 48.696319580078132 22.878716468811039 13.59999990463257 -2.2287216186523433
decision_type=2 2 2 2 2 2 2 2 2 2 2 2 2 2 2 2 2 2 2 2 2 2 2 2 2 2 2 2 2 2
left_child=1 2 9 4 5 -4 12 -6 -8 11 -11 -1 -5 19 15 16 17 -15 27 23 -21 24 -23 28 -22 -25 -27 -17 29 -2
right_child=13 -3 3 6 7 -7 8 -9 -10 10 -12 -13 -14 14 -16 18 -18 -19 -20 20 21 22 -24 25 -26 26 -28 -29 -30 -31
leaf_value=0.019699711003239809 -0.013180263929504802 -0.0023658216180360708 0.017791787081496587 0.00092265147372722035 0.0070756512205436099 -0.01455673557750207 -0.0088526063602070229 -0.0047270707603733857 0.0078648275135624161 -0.0061566784738200826 0.0078635195535944804 0.00083594576999796268 -0.017204167625830401 0.012751570457042024 -0.00050244160754423102 -0.02742624877068869 -0.026975164616160275 0.046740038365749935 0.030795717787079419 0.03620794991816511 0.0026873841887952825 0.012030431406732298 -0.0047445585819438155 0.0010884538785186737 -0.014783599846390912 -0.00047056024352837349 0.022126283859035263 0.0023395744114539652 0.0011317750425239965 -0.001190936853449271
leaf_weight=80.237792328000069 520.8652196796611 2499.0841772630811 70.66741806268692 24314.094034813344 352.50527788698673 754.68506467342377 597.2211127281189 568.59719980508089 106.18030647188425 319.52222087979317 1638.2661321237683 3804.0675075948238 62.289275735616684 167.79558730404824 33769.020179970656 33.435942487791181 15.134943835437296 77.971623182296753 42.527346596121788 55.954770609736443 136.861258007586 358.84383334964514 1328.9074003943242 735.97503802087158 886.50709609268233 173.60685486905277 214.6570503897965 4619.4603544343263 2023.0833177939057 1592.1065240702592
leaf_count=443 3041 15921 147 144052 987 3868 3724 3131 906 1278 8879 22946 543 1365 225493 338 115 369 242 108 638 1594 7452 5224 4588 1475 1081 38868 11048 9994
internal_value=3.34636e-05 0.000476511 0.000694213 0.00025987 -0.00567209 -0.011764 0.000673394 -0.000200364 -0.00631306 0.00268716 0.00557019 0.00123139 0.000875482 -0.00029965 -8.95486e-06 0.00335145 0.020641 0.0236797 0.00238591 -0.001701 -0.00457422 -0.00542894 -0.00116976 -0.000187797 -0.01244 0.00487729 0.0120242 0.00211949 -0.00156693 -0.00415359
internal_weight=81920.1 35167.4 32668.3 26826.2 1746.45 825.352 25079.8 921.102 703.401 5842.09 1957.79 3884.31 24376.4 46752.7 38725.3 4956.33 260.902 245.767 4695.42 8027.37 2767.07 2711.12 1687.75 5260.29 1023.37 1124.24 388.264 4652.9 4136.06 2112.97
internal_count=519858 206825 190904 157358 8133 4015 149225 4118 4630 33546 10157 23389 144595 313033 266790 41297 1849 1734 39448 46243 14380 14272 9046 31863 5226 7780 2556 39206 24083 13035
is_linear=0
shrinkage=0.035


Tree=166
num_leaves=29
num_cat=0
split_feature=6 9 8 7 8 1 10 0 0 11 12 10 5 7 6 2 10 13 11 5 5 7 7 7 8 7 2 12
split_gain=8.89957 11.2052 8.5733 8.93203 12.8079 9.08265 7.86425 7.47392 8.2087 12.4829 30.7151 10.2007 9.38881 11.3469 8.72491 6.745 6.31998 5.82626 7.70981 4.68474 4.77494 6.91467 4.57519 4.83018 4.54855 3.72859 2.01065 1.32398
threshold=99.358459472656264 -2.8313499689102168 -4.4999999999999991 48.045326232910163 -11.499999999999998 5.2774562835693368 -0.035080650821328156 62.399999618530281 20.800000190734867 49.020349502563484 2.4115558862686162 -6.2426600456237784 92.225063323974624 49.302305221557624 31.531767845153812 1.3056819438934328 -6.2426600456237784 2.7402402162551884 46.948350906372077 50.080192565917976 50.079553604125984 34.419713973999031 47.849605560302741 24.405713081359867 3.5000000000000004 71.992401123046889 53.672307968139656 68.887744903564467
decision_type=2 2 2 2 2 2 2 2 2 2 2 2 2 2 2 2 2 2 2 2 2 2 2 2 2 2 2 2
left_child=2 26 3 17 -5 15 -7 8 12 10 -10 -11 14 -14 -4 -6 -3 22 -19 20 21 -18 23 -1 -9 -22 -2 -26
right_child=1 16 7 4 5 6 -8 24 9 11 -12 -13 13 -15 -16 -17 19 18 -20 -21 25 -23 -24 -25 27 -27 -28 -29
leaf_value=-0.018592775881882996 0.0071704224709677779 0.023118644910525159 0.0005764058992464799 0.041961344790924823 -0.0075757321680202999 -0.0090234584700376527 0.0087810379071102101 0.0019696837518157254 -0.0013978013042737691 -0.018349931701835936 0.009835554066717463 0.00045335170012004034 -0.0049888624070839726 7.0264811428911533e-05 -0.00020621607578752559 0.0260756760681632 -0.025045088431763236 0.035938226675435447 -0.014426976448223605 -0.033173147107066599 0.043673944689827687 -0.0067879967630243678 -0.032289780706886054 -0.0063057870733333023 -0.012560681150410308 -0.0073293028589951435 0.034942603793580253 -0.031930680927520806
leaf_weight=48.787827931344509 7.811141559854148 6.2619751384481779 27223.726624846458 8.1955558434128744 9.7470919638872129 114.80586954951286 40.162836261093616 11.248180493712423 552.47076496481895 35.201026670634747 644.11784128844738 1919.1765440776944 1002.829642675817 1177.5812493115664 48587.839936379343 22.667717479169369 30.839257927145809 7.3610229268670064 5.9865464866161346 10.051168122328816 2.9222347335889927 147.49704374745488 10.012145608663557 216.79888787120581 10.916057631373407 2.5805781595408916 6.7596037117764354 13.289194487035273
leaf_count=266 79 65 158134 49 65 671 291 45 3052 165 2674 9713 6039 7796 325561 145 569 51 35 269 52 2581 35 1402 45 49 75 55
internal_value=2.65372e-05 -0.00707612 4.53677e-05 -0.00459241 0.001151 -0.000767516 -0.00434278 7.31802e-05 8.03638e-05 0.00183153 0.00464574 0.000103729 9.50662e-06 -0.00225433 7.47321e-05 0.0158072 -0.00928064 -0.00849655 0.0133156 -0.0104537 -0.00903525 -0.010082 -0.00961375 -0.00863822 -0.0158139 0.0207506 0.0216579 -0.0241565
internal_weight=81877.6 214.723 81662.9 484.526 195.579 187.384 154.969 81178.4 81142.9 3150.97 1196.59 1954.38 77992 2180.41 75811.6 32.4148 200.152 288.946 13.3476 193.89 183.839 178.336 275.599 265.587 35.4534 5.50281 14.5707 24.2053
internal_count=520028 3739 516289 3010 1221 1172 962 513279 513134 15604 5726 9878 497530 13835 483695 210 3585 1789 86 3520 3251 3150 1703 1668 145 101 154 100
is_linear=0
shrinkage=0.035


Tree=167
num_leaves=31
num_cat=0
split_feature=11 7 7 10 7 7 10 10 7 7 7 7 7 10 7 7 10 7 10 10 5 7 4 2 7 4 5 10 10 7
split_gain=9.07156 23.7871 50.5758 203.343 33.8965 46.6891 62.5437 42.8063 26.3836 23.2141 19.9686 16.8747 16.1835 28.3908 14.8939 25.3309 22.6831 12.8878 12.7839 12.1423 25.3363 26.6335 10.6333 10.2589 10.0636 8.52313 8.1885 18.7592 12.1479 7.94279
threshold=71.643299102783217 63.030187606811531 63.478757858276374 7.2648968696594247 65.378646850585952 69.762519836425795 8.4382386207580584 8.8588023185729998 62.469350814819343 70.050064086914077 61.121740341186531 64.03334236145021 78.280700683593764 7.0411381721496591 57.292371749877937 58.701616287231452 8.8588023185729998 64.290679931640639 22.41047286987305 14.079446315765383 45.419452667236335 73.50925445556642 47.565050125122077 46.684959411621101 61.86366271972657 49.197538375854499 45.447542190551765 3.5701320171356206 -6.2426600456237784 80.263469696044936
decision_type=2 2 2 2 2 2 2 2 2 2 2 2 2 2 2 2 2 2 2 2 2 2 2 2 2 2 2 2 2 2
left_child=12 8 3 -3 7 6 -6 11 10 -7 14 -4 18 23 16 -16 -2 -9 19 26 -21 -22 -20 -14 -12 -25 27 -1 -28 -15
right_child=1 2 4 -5 5 9 -8 17 -10 -11 24 -13 13 29 15 -17 -18 -19 22 20 21 -23 -24 25 -26 -27 28 -29 -30 -31
leaf_value=0.0017998396310262522 -0.0046868585260602582 0.054282780534276397 0.017342662782953301 -0.030030530592780384 0.01727798648429113 -0.013711960907493414 -0.0070373722973093647 -0.0082464629006036762 -0.023438785382448823 0.0013855919498490185 0.029126866386076321 -0.024377134551134348 -0.024842069018402382 0.033358730015948863 -0.025920951268905146 -0.0025349071997389522 0.0075391656756214438 0.032460094034167462 -0.029124349723318604 -0.020788602384371836 0.012020409373600251 -0.020025713522434589 0.0070290099108127118 0.020931409571857525 0.0013180362903661245 -0.0087914102900840362 0.0014357853047043544 -0.0023050415881847551 -0.00042762260870779414 0.0064489343882743076
leaf_weight=6147.5557767921127 539.4358062595129 92.45666316151619 12.205532088875769 55.365732870995998 496.20634922385216 129.67042430490255 174.3122823536396 13.575573012232779 71.714086756110191 2827.5521753923967 36.20803764462471 140.45257290452719 49.259606504347175 19.281730405986309 83.18760572373867 177.97317413240671 282.51844052225351 27.561896234750748 32.497713873162866 38.222731165587902 323.1025750041008 34.351471893489361 13.442383140325544 11.343710392713545 29.106161020696163 361.38263390213251 4594.5281231142581 1750.5771944653243 63340.433480325621 45.039123356342316
leaf_count=56782 2115 205 67 159 1769 395 776 56 232 17953 173 479 519 177 335 920 952 85 351 340 1497 301 77 47 112 2961 24014 15733 390338 435
internal_value=-0.000101552 0.00131441 0.00262904 0.0226651 0.00184761 0.00261203 0.0109455 -0.012378 -0.00295553 0.000717688 -0.00165493 -0.0209229 -0.000197384 -0.00655704 -0.00279841 -0.0100672 -0.000472832 0.0189588 -0.000156676 -0.000145362 0.00596322 0.00888338 -0.0184566 -0.00987141 0.0170061 -0.00782518 -0.00017739 0.000888988 -0.000301479 0.014934
internal_weight=81950.5 5189.5 3969.36 147.822 3821.54 3627.74 670.519 193.796 1220.14 2957.22 1148.43 152.658 76761 486.307 1083.12 261.161 821.954 41.1375 76274.7 76228.8 395.677 357.454 45.9401 421.986 65.3142 372.726 75833.1 7898.13 67935 64.3209
internal_count=520355 26783 21944 364 21580 20893 2545 687 4839 18348 4607 546 493572 4139 4322 1255 3067 141 489433 489005 2138 1798 428 3527 285 3008 486867 72515 414352 612
is_linear=0
shrinkage=0.035


Tree=168
num_leaves=31
num_cat=0
split_feature=0 2 2 13 1 1 1 0 0 10 13 6 11 2 7 6 1 7 2 6 10 1 10 12 12 7 7 7 7 8
split_gain=6.09778 10.4178 14.7149 9.19126 12.034 10.9405 9.42073 12.3482 11.476 14.5334 10.6093 8.14512 15.2205 11.8248 10.1607 8.87628 9.48988 7.59988 7.38626 7.22437 7.08628 6.86277 12.5003 10.4243 13.105 7.78048 7.33178 12.5242 7.0526 12.9
threshold=42.399999618530281 54.515148162841804 97.714717864990249 4.8809523582458505 45.721399307250984 98.82376861572267 48.565559387207038 20.800000190734867 13.59999990463257 1.5929551720619204 2.8991596698760991 45.742458343505866 31.437050819396976 54.571245193481452 20.186177253723148 50.411310195922859 46.071245193481452 49.986120223999031 5.8231091499328622 48.874351501464851 16.556191444396976 74.418540954589858 -2.5170540809631343 82.332736968994155 99.205783843994155 38.011922836303718 71.992401123046889 65.378646850585952 71.03153228759767 2.5000000000000004
decision_type=2 2 2 2 2 2 2 2 2 2 2 2 2 2 2 2 2 2 2 2 2 2 2 2 2 2 2 2 2 2
left_child=1 3 11 6 19 18 8 -8 17 -10 -9 12 13 -3 -14 16 -13 -1 -6 -5 -17 22 -2 26 -25 -23 27 -24 -27 -30
right_child=21 2 -4 4 5 -7 7 10 9 -11 -12 15 14 -15 -16 20 -18 -19 -20 -21 -22 25 23 24 -26 28 -28 -29 29 -31
leaf_value=-0.0089547451184076553 0.028994917008466192 -0.018204008316500209 -4.8332793017520551e-05 0.015408123684515633 -0.027079713486766386 0.022305600959544924 0.00010917584885092877 0.0034860715275476105 0.0019554073199656162 -0.0048763567858952301 0.019451998570639149 0.036985824337161355 -0.043455585032632901 0.0075234437232381537 -0.014088805280709028 -0.0036130149753850001 0.0017352348841766399 -0.0014699354702280296 0.0015877256624381023 0.049545485010184957 -0.021945426110179508 -0.0062093577810621555 -0.00086841289458063282 -0.032282614858105463 0.0025052804578850857 0.016499684247532898 -0.024577665178861341 0.021725723404177562 0.019073926870278906 -0.028038372172827512
leaf_weight=406.53039663285017 16.74698730558157 30.213491722941399 1003.7223439440131 42.040870234370232 17.218606539070606 17.635448031127453 76744.323569875676 650.15006246417761 1054.5421965420246 596.20078631490469 54.907311893999577 11.514949403703211 15.441796764731405 73.542469389736652 187.43663493543863 258.84997420199215 41.318136252462864 285.53880514204502 27.023298159241676 9.3380951657891256 28.252682827413082 30.840793751180172 135.20195718109608 26.389075882732868 25.021413832902908 119.34946233034134 10.825241453945635 37.636586256325245 14.226455457508566 12.672252625226973
leaf_count=2653 56 235 5213 214 81 93 491097 3366 5892 3340 274 59 109 617 1050 1700 264 1972 136 49 283 125 517 106 105 518 49 159 71 68
internal_value=6.47488e-05 4.27515e-05 -0.00270897 9.96972e-05 0.0100288 -0.000295947 8.54159e-05 0.000151654 -0.00210061 -0.000508957 0.00475999 -0.00682332 -0.010962 0 -0.0165203 -0.0030526 0.00998569 -0.00588198 -0.00969681 0.0224112 -0.00549732 0.0042233 0.000474878 -0.0016187 -0.0154384 0.00948812 0.00226188 0.00408871 0.0128618 -0.0030372
internal_weight=81984.7 81555.7 1650.29 79905.4 113.256 61.8774 79792.2 77449.4 2342.81 1650.74 705.057 646.57 306.634 103.756 202.878 339.936 52.8331 692.069 44.2419 51.379 287.103 428.91 251.821 235.074 51.4105 177.089 183.664 172.839 146.248 26.8987
internal_count=520471 518697 9530 509167 573 310 508594 494737 13857 9232 3640 4317 2011 852 1159 2306 323 4625 217 263 1983 1774 992 936 211 782 725 676 657 139
is_linear=0
shrinkage=0.035


Tree=169
num_leaves=31
num_cat=0
split_feature=1 12 2 7 9 8 10 4 9 8 8 7 10 2 12 9 9 9 7 7 7 0 7 6 4 4 10 10 7 11
split_gain=8.00694 12.1463 9.91197 10.5042 15.4519 10.8912 9.66752 9.32377 11.777 8.72287 8.46917 8.08834 7.91422 8.88208 9.55249 11.8039 11.7695 8.51547 13.1898 21.0205 8.49996 7.99314 7.56643 7.29854 13.0315 15.2566 6.91035 6.20976 5.9967 5.92872
threshold=89.148601531982436 3.3203631639480595 2.0574656724929814 35.611213684082038 -0.13405000418424604 -1.4999999999999998 -3.7780909538269039 27.500529289245609 -0.98465001583099354 -2.4999999999999996 -8.4999999999999982 37.080343246459968 12.557685852050783 99.468574523925795 88.582233428955092 3.9356000423431401 -0.56514999270439137 1.3057999610900881 59.142082214355476 64.03334236145021 72.086982727050795 42.399999618530281 29.259167671203617 99.358459472656264 55.264753341674812 41.681951522827156 4.5968675613403329 2.5888655185699467 73.50925445556642 55.685049057006843
decision_type=2 2 2 2 2 2 2 2 2 2 2 2 2 2 2 2 2 2 2 2 2 2 2 2 2 2 2 2 2 2
left_child=1 6 3 -3 5 -5 11 8 22 -6 -10 -1 13 14 16 20 26 29 27 -20 -16 -18 -8 -4 25 -25 -2 -19 -26 -15
right_child=12 2 23 4 9 -7 7 -9 10 -11 -12 -13 -14 17 15 -17 21 18 19 -21 -22 -23 -24 24 28 -27 -28 -29 -30 -31
leaf_value=-0.012783263073044624 0.0073566419362238542 -0.022459567291458895 1.5873628325434178e-05 0.023565620086737845 -0.0074996592034671456 0.0032613366519902514 -0.0047365965232559907 0.025419947077296726 0.032049183801527006 0.006890517656187845 -0.0069649064376097296 0.00061156094768960694 0.027428927673578369 -0.0022364157851145522 0.011558812696318952 0.032073649856484553 -0.00094574581407740196 -0.0093993487678442414 0.035891165345598698 -0.011541835957306804 -0.0080346422909740051 0.012213841437887714 0.0036383455962228904 0.018118477511324539 0.019973160083461266 -0.014077647768040751 0.038078681761874476 -0.033559570340580096 -0.0081176918354589171 0.022864732748516733
leaf_weight=201.50800380110741 255.1372806429863 14.608085140585898 78484.297702975571 87.032398119568825 86.309202782809734 53.079253673553467 191.80105672031641 14.354226052761076 6.0800372809171668 125.40899833291769 459.68994675576687 74.513762071728706 14.817762784659861 31.000680774450302 112.52653873711824 26.689020469784737 765.31945655494928 26.071482121944427 14.856280095875261 41.655294425785542 34.593425773084164 60.245163075625896 418.32926991581917 19.447593661025167 28.481414867565036 159.16931280074641 8.6952948495745641 29.585059367120266 12.69465281581506 17.054550893604755
leaf_count=1107 1348 39 497941 369 534 188 1264 101 43 642 3143 397 47 167 563 101 4721 123 75 197 224 280 2501 187 236 3098 41 138 245 96
internal_value=1.45178e-05 -3.16909e-05 2.47731e-05 0.0057615 0.00700139 0.0159855 -0.00330266 -0.00181007 -0.00219848 0.00098512 -0.00638654 -0.00915064 0.00260227 0.00232365 0.00331222 0.0109228 0.00208444 -0.00540452 -0.0106877 0.00113258 0.0068858 1.69921e-05 0.000991379 -1.9058e-06 -0.0063594 -0.010468 0.00850767 -0.0226596 0.0111563 0.00675711
internal_weight=81875.1 80436.8 79070.5 366.438 351.83 140.112 1366.28 1090.25 1075.9 211.718 465.77 276.022 1438.25 1423.43 1263.21 173.809 1089.4 160.223 112.168 56.5116 147.12 825.565 610.13 78704.1 219.793 178.617 263.833 55.6565 41.1761 48.0552
internal_count=520156 512035 503479 1772 1733 557 8556 7052 6951 1176 3186 1504 8121 8074 7278 888 6390 796 533 272 787 5001 3765 501707 3766 3285 1389 261 481 263
is_linear=0
shrinkage=0.035


Tree=170
num_leaves=31
num_cat=0
split_feature=6 7 11 5 7 11 7 7 10 7 7 10 10 10 10 10 5 10 10 6 10 5 7 9 7 7 6 5 9 6
split_gain=9.07137 8.21596 75.011 44.3825 53.1532 27.9956 27.9204 38.6311 53.9899 37.2037 27.7331 84.2451 34.9274 23.98 33.8316 22.5117 20.3109 19.8383 16.7856 11.8839 9.29275 19.9749 26.3318 23.0033 8.4882 12.1336 7.471 6.25683 5.73839 4.97166
threshold=99.693408966064467 20.186177253723148 35.485849380493171 46.584453582763679 18.460414886474613 21.875050544738773 40.298776626586921 36.283739089965827 -12.683357715606688 64.699142456054702 18.460414886474613 -4.838106393814086 7.502749204635621 14.079446315765383 3.447013378143311 -2.2745329141616817 50.079809188842781 -7.1923861503601065 -8.9486303329467756 23.08715915679932 14.079446315765383 45.419452667236335 78.280700683593764 2.7615000009536748 83.923740386962905 90.347183227539077 86.215801239013686 46.284826278686531 2.7615000009536748 57.552488327026374
decision_type=2 2 2 2 2 2 2 2 2 2 2 2 2 2 2 2 2 2 2 2 2 2 2 2 2 2 2 2 2 2
left_child=1 2 10 29 16 6 7 8 -3 17 13 -12 -13 14 -1 -6 -5 -8 -9 -11 24 22 -22 -23 26 -26 -7 -2 -29 -4
right_child=27 5 3 4 15 20 9 18 -10 19 11 12 -14 -15 -16 -17 -18 -19 -20 -21 21 23 -24 -25 25 -27 -28 28 -30 -31
leaf_value=-0.0024118237421541316 -0.032159150700835887 0.030061634576680041 -0.046556215252518712 -0.032739595194276785 0.010094141062384463 -7.5328811736296366e-05 -0.029732492875249233 0.0090334277545071825 0.0025957510114242117 -0.0063981423792631052 -0.029476029827142335 -0.0035824917129531945 0.037639969610558342 -0.023175096990533845 0.024612762685532155 0.049932439886848985 0.017624003695050502 -0.0052367003198283838 0.03900518619844294 0.033793025544104002 -0.025123576621303687 0.014235448924389466 0.0010979073002243165 0.0007784300676885904 -0.0095546552491278091 0.043636269383695379 -0.0011689874087053955 -0.0057102932728011618 0.076889434136202334 -0.0049581763155744571
leaf_weight=587.93589062988758 17.06627092463896 95.409707278013229 10.48384526371956 19.345634832978249 23.912875115871429 69437.440786711872 59.266300812363625 38.295244380831718 1002.5428895130754 11.849665015935896 200.97350456565619 196.90252812206745 28.037256956100464 57.852936804294586 61.995449334383011 73.492939233779907 18.22670079022646 128.67898677289486 61.338137239217758 31.232206046581268 58.560060545802116 281.11421187222004 221.42651583254337 350.15516588836908 169.48586335778236 4.597919486463069 8601.2737839631736 5.2291660988703361 0.42967441584914912 6.0048899576067916
leaf_count=4474 1234 269 69 101 79 429173 185 91 5260 39 992 940 178 561 446 159 117 504 217 84 520 1349 1832 1619 1551 37 67176 502 19 40
internal_value=-0.000135234 -0.0001289 -0.00290458 0.0201539 0.0268221 -8.45002e-05 0.00476985 0.00692141 0.005009 -0.00633848 -0.0060035 -0.013054 0.00163979 -0.001741 0.000182321 0.0403854 -0.00826724 -0.0130915 0.0277186 0.0226638 -0.000172283 0.00333973 -0.00441742 0.00679256 -0.000213325 -0.00791656 -0.00019597 -0.0218678 0.00822449 -0.0327423
internal_weight=81860.6 81837.8 1285.16 151.467 134.978 80552.7 1428.61 1197.59 1097.95 231.027 1133.7 425.913 224.94 707.784 649.931 97.4058 37.5723 187.945 99.6334 43.0819 79124.1 911.256 279.987 631.269 78212.8 174.084 78038.7 22.7251 5.65884 16.4887
internal_count=519817 518062 8156 565 456 509906 6649 5837 5529 812 7591 2110 1118 5481 4920 238 218 689 308 123 503257 5320 2352 2968 497937 1588 496349 1755 521 109
is_linear=0
shrinkage=0.035


Tree=171
num_leaves=31
num_cat=0
split_feature=1 2 1 11 7 12 4 10 9 0 1 1 6 1 10 6 10 7 7 7 7 7 2 2 2 10 7 7 12 9
split_gain=8.17592 16.7362 14.4228 13.4246 17.7557 20.4981 31.5457 14.4254 8.37663 8.05508 8.01409 18.3815 11.0626 9.3609 8.67295 7.18404 7.10502 29.4595 27.0865 91.2653 75.0549 48.8927 27.433 18.9866 17.6621 8.05567 28.0457 26.0737 6.46945 6.22225
threshold=36.446098327636726 3.4979486465454106 34.790470123291023 58.403850555419929 68.936416625976577 38.998888015747077 45.008037567138679 -4.7294728755950919 1.6000500321388247 10.000000000000002 30.549678802490238 31.600819587707523 58.735633850097663 11.98493528366089 -0.92207446694374073 48.081212997436531 -7.5363545417785636 1.0000000180025095e-35 42.247739791870124 34.582567214965827 38.415365219116218 46.043565750122077 50.025510787963874 50.079809188842781 52.222757339477546 -1.3104421496391294 21.560606956481937 26.989735603332523 2.9198635816574101 1.4951500296592715
decision_type=2 2 2 2 2 2 2 2 2 2 2 2 2 2 2 2 2 2 2 2 2 2 2 2 2 2 2 2 2 2
left_child=2 3 9 4 5 7 -7 -2 29 -1 13 15 -13 28 -15 -12 18 -18 19 23 -21 24 -23 -3 -20 26 -19 -27 -11 -5
right_child=1 16 -4 8 -6 6 -8 -9 -10 10 11 12 -14 14 -16 -17 17 25 21 20 -22 22 -24 -25 -26 27 -28 -29 -30 -31
leaf_value=-0.0051973339381972874 -0.0063466078733509851 0.010259792294825768 -0.018372317691812374 0.02079205574474963 -0.010220226579437251 0.06979571239007995 0 0.0060679655003586354 0.0077832517803219413 -0.0022194600977706847 0.048423420507909314 0.010702320259890931 -0.011277253240656595 0.0016520900669066377 -0.0078124686880842245 0.015352810408566737 0.041300105382875041 -0.0077775722729771478 -0.033960117099055248 0.026740785496835697 0.0013814015793422276 -0.0086584395668827998 0.0035086838635861664 -0.0021292821677585481 0.0070436150040634176 0.0042704580114244009 -0.00036217782168120689 6.4141738278981333e-05 0.0031864900485667814 0.055702454892777351
leaf_weight=553.24005508422852 137.93669112026691 171.32484962232411 63.13451412320137 31.611210092902184 104.86861704289913 14.070031128823759 16.980163589119911 650.77816180884838 54.083863437175751 484.93099907040596 13.646855644881724 58.215355709195137 52.641000270843506 171.75408678501844 373.02232277393341 23.00835769623518 20.335548281669617 641.7759785912931 75.976594783365726 330.24802777171135 252.8697702717036 337.40499022137374 689.18744948040694 1261.8559217276052 14.838889561593531 1872.1443893201649 22768.352087214589 50071.883685373235 611.28917532414198 8.3430663198232633
leaf_count=3755 560 1349 356 178 645 40 86 3777 275 2935 70 307 248 838 2047 126 129 3920 355 828 1407 1602 4172 7715 75 11371 143728 324047 3304 38
internal_value=4.96448e-05 0.000110536 -0.00196043 0.00456622 0.00326741 0.00500964 0.0325739 0.00388371 0.0171277 -0.00150885 -0.000362162 0.00742373 0.000196438 -0.00106959 -0.00481766 0.0286233 5.25872e-05 -1.52196e-05 0.00168535 0.00410853 0.0157726 -0.00268069 -0.000487038 -0.000638492 -0.0271809 -2.69005e-05 -0.000566025 0.000215942 0.000788824 0.029204
internal_weight=81931.8 79526.9 2404.88 1018.67 924.634 819.765 31.0502 788.715 94.0381 2341.75 1788.51 147.512 110.856 1641 544.776 36.6552 78508.2 75374.5 3133.71 2016.3 583.118 1117.41 1026.59 1433.18 90.8155 75354.2 23410.1 51944 1096.22 39.9543
internal_count=520283 506297 13986 5599 5108 4463 126 4337 491 13630 9875 751 555 9124 2885 196 500698 483195 17503 11299 2235 6204 5774 9064 430 483066 147648 335418 6239 216
is_linear=0
shrinkage=0.035


Tree=172
num_leaves=31
num_cat=0
split_feature=6 2 2 9 2 11 4 9 2 4 13 13 5 13 10 0 13 11 1 5 5 6 13 6 13 1 5 6 9 1
split_gain=6.97404 11.5809 17.5957 16.859 10.5913 10.2716 11.7763 8.69074 8.56665 7.41973 6.46199 14.7939 21.3472 13.9727 11.3032 9.4128 9.38275 13.4733 16.2938 10.8747 10.5805 16.5696 11.3987 8.58771 7.98981 7.8601 6.39975 6.2477 5.78201 5.00377
threshold=2.0562301874160771 53.672307968139656 53.537023544311531 -1.75585001707077 48.029621124267585 21.875050544738773 52.357618331909187 -0.22664999961853025 53.507390975952156 34.832588195800788 2.353266835212708 2.5320513248443608 97.544757843017592 2.020408153533936 11.422029972076418 59.20000076293946 1.5268065333366396 47.72254943847657 58.85771560668946 97.240673065185561 95.359210968017592 53.580562591552741 1.3986697793006899 46.52508735656739 2.8174602985382085 7.1604275703430185 46.023597717285163 79.18173980712892 1.9917500019073489 83.647720336914077
decision_type=2 2 2 2 2 2 2 2 2 2 2 2 2 2 2 2 2 2 2 2 2 2 2 2 2 2 2 2 2 2
left_child=1 2 4 -4 26 -3 -7 -5 9 -6 13 12 -12 16 15 24 20 18 -18 -19 22 -22 -2 28 -13 -25 -1 -27 -15 -16
right_child=10 5 3 7 8 6 -8 -9 -10 -11 11 14 -14 23 29 -17 17 19 -20 -21 21 -23 -24 25 -26 27 -28 -29 -30 -31
leaf_value=0.0080052697000469169 2.653376913986825e-06 0.017807484131298169 0.059787733897480731 -0.015899811421356984 -0.019334508771469489 -0.012940752573574707 0.029696895187684529 0.03599746024391938 -0.025052434518348248 0.0023523419233961855 -0.013041641442117885 -0.0096623723335288562 0.038662031899370487 -0.021944800374477737 -0.019931570696596679 -0.030808473203370622 0.0087788201943565982 -0.0072276597540253396 0.048394316483737265 0.0081981406840892744 -0.0084617546441336927 -0.00083790726625913707 0.039042419744365807 0.015665617750222217 0.0041566510476097503 -0.0094215622642887936 0.029558336477993774 0.024485002652026279 0.0045992706203986378 0.0067472128720200419
leaf_weight=58.836414650082588 76533.403142706491 17.070724241435528 12.164815142750742 9.1721812114119512 18.703705079853535 128.36151105165482 7.61763722449541 5.7011045217514029 13.537987798452376 1612.3162785321474 13.554392248392103 53.835792198777199 30.239483535289764 67.872048921883106 39.038265198469162 9.2329567745327932 44.874455623328686 89.83636861294508 17.588669784367085 144.83258943259716 452.25712321698666 1536.5669509619474 8.3628572896122915 21.02799978107214 779.08990551531315 103.68645758926868 24.321695327758789 6.251154549419879 10.993522688746451 10.102331206202505
leaf_count=297 490594 101 43 57 88 750 48 38 32 8981 72 285 121 375 201 33 230 492 88 732 2549 8546 44 130 4114 624 40 40 55 38
internal_value=2.56081e-05 0.00211654 0.0029255 0.0305554 0.00247511 -0.00707987 -0.0103413 0.00436842 0.00185024 0.00209 -2.42057e-05 0.00286687 0.0225557 -5.85272e-05 0.00187226 0.0028361 -3.43824e-05 0.00616484 0.0205155 0.00225859 -5.79897e-05 -0.00257779 7.41828e-06 -0.00906125 0.00324665 -0.00345939 0.014614 -0.00726743 -0.0181478 -0.0142866
internal_weight=81880.5 1907.8 1754.75 27.0381 1727.72 153.05 135.979 14.8733 1644.56 1631.02 79972.6 935.093 43.7939 79037.6 891.299 842.159 78827.7 297.132 62.4631 234.669 78530.6 1988.82 76541.8 209.831 832.926 130.966 83.1581 109.938 78.8656 49.1406
internal_count=519838 10475 9576 138 9438 899 798 95 9101 9069 509363 4864 193 504499 4671 4432 503275 1542 318 1224 501733 11095 490638 1224 4399 794 337 664 430 239
is_linear=0
shrinkage=0.035


Tree=173
num_leaves=31
num_cat=0
split_feature=7 4 7 5 2 10 11 7 2 11 4 6 10 10 7 11 7 7 7 10 10 2 10 5 5 5 10 6 10 10
split_gain=6.00197 9.0712 17.9978 19.3775 18.9948 14.9101 15.3446 10.3179 13.575 22.4865 20.5073 9.41419 8.63921 10.673 10.3971 7.11701 50.3988 75.576 74.1222 59.2805 63.4372 35.0068 97.1131 60.8298 26.6936 57.0372 35.7407 24.7004 14.8897 14.6692
threshold=80.857158660888686 64.45630264282228 85.718479156494155 50.079681396484382 50.051733016967781 16.556191444396976 77.268501281738295 85.718479156494155 50.079427719116218 90.86985015869142 69.30914688110353 15.526998519897463 -6.2426600456237784 22.41047286987305 96.418178558349624 58.83855056762696 57.000656127929695 57.865306854248054 54.63191223144532 11.422029972076418 2.8394057750701909 51.641031265258796 -0.96133562922477711 50.078802108764656 46.284826278686531 45.45686340332032 7.502749204635621 51.971612930297859 22.41047286987305 8.8588023185729998
decision_type=2 2 2 2 2 2 2 2 2 2 2 2 2 2 2 2 2 2 2 2 2 2 2 2 2 2 2 2 2 2
left_child=15 2 4 5 11 6 -4 8 9 -3 -10 -2 -9 14 -14 28 18 27 21 20 -20 23 -23 -17 25 -19 -26 -18 29 -1
right_child=1 7 3 -5 -6 -7 -8 12 10 -11 -12 -13 13 -15 -16 16 17 24 19 -21 -22 22 -24 -25 26 -27 -28 -29 -30 -31
leaf_value=-0.00022941064520592424 0.028234667868687578 -0.012671321234242855 0.060813082732916877 -0.024556319472430373 -0.030193470067645799 -0.0051337117359349597 -0.005527297616524653 0.01221025815523437 0.051548746997758688 0.018176940136125287 -0.008355034317327226 -0.0098094748971459794 -0.010384033691717956 -0.0015774760310918495 -0.040372281158779035 -0.0079060807800331295 -0.0075043084890247021 0.0013762793597204312 0.025999920665273527 0.049325332734248793 0.0013882954669137307 0.024749271444331162 0.0020046759382790764 0.010008412558390141 0.0037930439082126295 -0.0036741293626129795 -0.0055552712445526677 -0.028837630518165555 -0.021857721515759307 0.0037691030426426071
leaf_weight=60770.158284329344 10.180432513356207 63.188156904652715 13.368714615702631 15.662075802683828 66.505054818466306 14.109202608466147 5.6705356612801543 30.457112580537796 16.940283320844177 52.001230649650097 10.942739270627497 28.172192821279168 65.446962587535381 146.46303841657937 18.078251354396343 819.31518788635731 129.71118697524071 6178.2507517724298 223.71633592993021 57.144279688596725 301.06674351170659 260.47860382497311 1929.2074154242873 322.88729963451624 3489.3791949581355 4918.5698580783792 583.70059316419065 139.72100605629385 37.955773148685694 1144.1818234827369
leaf_count=397679 91 536 122 176 740 137 63 239 117 345 86 308 565 1237 164 3850 699 41986 1137 125 1426 1140 8346 2390 25626 19833 3899 795 390 5777
internal_value=-1.08541e-05 -0.00362848 -0.0108453 0.00653271 -0.0189891 0.0216605 0.0412757 -0.000846825 0.00666096 0.00122382 0.028218 0.000480858 -0.0050057 -0.00735034 -0.0172792 1.38869e-05 0.000599834 -0.000299068 0.00414697 0.0156653 0.0119172 0.00212987 0.00472155 -0.00283228 2.72922e-05 -0.000861743 0.00245082 -0.0186458 -0.000169048 -0.000155357
internal_weight=81862.6 557.186 153.668 48.8105 104.858 33.1485 19.0393 403.518 143.072 115.189 27.883 38.3526 260.445 229.988 83.5252 81305.4 19353.1 15439.3 3913.82 581.927 524.783 3331.89 2189.69 1142.2 15169.9 11096.8 4073.08 269.432 61952.3 61914.3
internal_count=520024 4926 1637 498 1139 322 185 3289 1084 881 203 399 2205 1966 729 515098 111252 92838 18414 2688 2563 15726 9486 6240 91344 61819 29525 1494 403846 403456
is_linear=0
shrinkage=0.035


Tree=174
num_leaves=31
num_cat=0
split_feature=1 2 9 13 10 7 2 2 6 11 10 0 1 6 7 9 10 10 2 9 7 7 7 10 2 6 2 10 10 7
split_gain=8.82481 8.82897 8.02392 11.1873 10.7142 9.80511 14.233 12.0709 9.42546 8.90281 8.87565 8.11163 7.78323 10.2748 13.9441 18.557 15.1529 8.25311 7.32938 6.75811 28.3605 65.8445 56.3123 38.5083 35.5504 19.3635 18.5772 13.7845 14.9541 22.323
threshold=88.097713470458999 99.468574523925795 2.9244999885559086 3.9230768680572514 5.2747633457183847 66.947052001953139 1.6912993788719179 0.83801758289337169 44.941236495971687 65.450752258300795 3.8308068513870244 35.20000076293946 77.495319366455092 48.874351501464851 40.36732482910157 -0.48074999451637263 0.5953885316848756 -2.9423618316650386 98.050022125244155 1.5200499892234804 57.000656127929695 54.63191223144532 57.865306854248054 14.079446315765383 51.255708694458015 39.838054656982429 51.432224273681648 22.41047286987305 9.343633174896242 73.481372833251967
decision_type=2 2 2 2 2 2 2 2 2 2 2 2 2 2 2 2 2 2 2 2 2 2 2 2 2 2 2 2 2 2
left_child=12 2 5 4 -4 6 8 -7 -2 -8 -5 -9 19 -14 15 17 -17 -15 -6 27 21 24 25 -23 -21 -22 -24 28 -1 -30
right_child=1 -3 3 10 18 7 9 11 -10 -11 -12 -13 13 14 -16 16 -18 -19 -20 20 22 23 26 -25 -26 -27 -28 -29 29 -31
leaf_value=-0.00021767354370400626 0.046486341495310578 -0.0050827961931852244 0.0088918126453757552 0.018637740328586283 0.056468117454336005 -0.032481953792867529 0.0041622115006429575 -0.0031916148092371562 0.013217029424186439 -0.015357024221073219 -0.01996430148989508 0.012124505402943377 -0.010991002016700811 -0.018364274674562236 -0.0053510098595632863 0.06699932510967678 0.010970112837211641 0.013129846931458928 0.020251677109556793 -0.005456297060024224 -0.0039061885458387506 0.01344033679843197 0.00068574859911001379 0.055398095876571893 0.0040099659024877771 -0.026338710142385043 -0.0036946814913666414 -0.020815319845639862 0.004952770046622694 -0.019932832430704511
leaf_weight=62952.303785644472 12.821184627711771 157.20416559278965 56.780365541577339 10.563274361193182 11.53782097995281 14.668183766305445 755.20612567663193 271.28604310005903 55.507275223731995 28.841639474034309 19.301510699093342 49.305738531053066 182.65220113098621 17.685834564268589 159.39710021018982 10.791474580764772 13.5863716378808 21.858158357441425 21.174445755779743 654.63935996592045 75.363964676856995 409.8577284514904 11473.547305374872 28.151050314307213 1875.6533449217677 130.22405745834112 1321.7019312926568 38.758694978430867 1050.2348848301917 45.217861838638783
leaf_count=412644 59 771 267 45 48 86 4432 1677 324 125 78 242 1001 71 841 47 63 110 86 3604 393 1832 68055 60 7743 709 8655 394 5204 355
internal_value=2.50515e-05 0.00271715 0.00366321 0.012302 0.01847 0.00278142 0.00477728 -0.00227139 0.0200267 0.00342034 -0.00595233 -0.00078996 -2.38774e-05 -0.00485305 0.000157256 0.0138973 0.0373916 -0.000867063 0.0342774 5.72692e-07 0.000644851 0.00373125 -5.94711e-05 0.016249 0.00155713 -0.0181964 0.000232517 -0.000159866 -0.000146997 0.00390537
internal_weight=81925.8 1464.2 1306.99 119.357 89.4926 1187.64 852.376 335.26 68.3285 784.048 29.8648 320.592 80461.6 405.971 223.319 63.9218 24.3778 39.544 32.7123 80055.7 15969.1 2968.3 13000.8 438.009 2530.29 205.588 12795.2 64086.5 64047.8 1095.45
internal_count=520021 8240 7469 524 401 6945 4940 2005 383 4557 123 1919 511781 2133 1132 291 110 181 134 509648 91051 13239 77812 1892 11347 1102 76710 418597 418203 5559
is_linear=0
shrinkage=0.035


Tree=175
num_leaves=31
num_cat=0
split_feature=6 0 7 7 12 1 12 6 1 13 6 5 4 7 7 7 7 5 7 13 1 7 7 9 7 7 5 7 9 7
split_gain=11.1271 8.67634 11.5215 24.6253 12.8706 16.3231 7.10557 7.09435 6.46691 11.6207 8.42394 10.0245 7.7512 129.344 110.305 62.8356 55.4342 43.3283 42.2585 7.00458 12.0072 8.06263 6.67401 6.29595 5.9828 23.8591 12.1993 8.50087 9.36647 9.5212
threshold=3.2703125476837163 40.799999237060554 71.901817321777358 68.997974395751967 96.479858398437514 67.277301788330092 94.147174835205092 50.411310195922859 48.565559387207038 2.8174602985382085 20.727281570434574 92.327365875244155 50.580072402954109 57.000656127929695 57.865306854248054 56.244001388549812 48.710355758666999 45.608633041381843 49.822107315063484 3.1754032373428349 3.2245578765869145 47.849605560302741 33.509216308593757 2.6139500141143803 57.40429878234864 56.244001388549812 45.543027877807624 65.00513076782228 -1.6507499814033506 61.993902206420906
decision_type=2 2 2 2 2 2 2 2 2 2 2 2 2 2 2 2 2 2 2 2 2 2 2 2 2 2 2 2 2 2
left_child=24 8 3 -3 5 -5 7 -4 9 10 22 -12 13 15 -15 -10 17 -14 -18 20 -11 -21 -2 -6 25 -1 -27 28 29 -26
right_child=1 2 6 4 23 -7 -8 -9 12 19 11 -13 16 14 -16 -17 18 -19 -20 21 -22 -23 -24 -25 27 26 -28 -29 -30 -31
leaf_value=0.0025608584405895853 0.0028605081130413591 0.0023887166635069195 0.0051851143910817627 0.012919641588484495 -0.017852223100707457 0.048078729582596097 0.0081752243704371601 -0.025008027538357066 -0.00043701581583792897 -0.0051116915083730041 0.0030441288417253406 -0.0031061634949533148 -0.00056632681494774744 0.019359056039810106 0.0033649509725195226 -0.014470274353748411 -0.012100395194151178 0.0053303140696419008 -0.00089180653487387661 0.0097687430117783455 0.024244468082719999 -0.0035494514742372206 -0.012731934908012343 0.017422333928121248 0 0.0034328511145702532 0.034290195425825523 0.0021558705132093407 -0.0055908795566399277 0.042141941770014645
leaf_weight=1691.411580003798 41.365256130695343 438.75076318532228 12.28364037722349 35.039923124015331 11.48975093662739 31.880383692681789 18.520110487937927 34.200343787670135 32708.515406760853 25.420084953308105 394.73695309460163 1790.2990908697248 2837.0675795343705 579.49339214805514 5926.7856504614465 394.83598031941801 417.20564291719347 3298.4685340952128 29536.942495561671 89.879656255245209 47.724108770489693 142.71378131210804 159.34776785969734 11.705100804567335 17.167392335832123 25.169559136033058 44.361790843307972 867.1091298982501 359.40004884451628 9.5172289162874204
leaf_count=9353 251 1837 58 142 50 111 86 160 212082 139 2416 10519 15150 3720 36972 1894 2521 18808 194307 492 231 823 954 41 73 134 168 4880 2016 35
internal_value=-4.64456e-06 -8.43852e-05 0.00412699 0.00584652 0.0224356 0.0301427 -0.0096575 -0.0169286 -0.000116421 -0.00180215 -0.00262754 -0.00199117 -5.63736e-05 0.00028158 0.00479278 -0.000604953 -0.000427481 0.00260285 -0.00104847 0.00460577 0.0140026 0.00158287 -0.00948513 0 0.00208209 0.00339736 0.0233858 0.000227341 -0.00408136 0.0155658
internal_weight=81998.8 78984.7 593.87 528.866 90.1152 66.9203 65.0041 46.484 78390.8 2691.49 2385.75 2185.04 75699.3 39609.6 6506.28 33103.4 36089.7 6135.54 29954.1 305.738 73.1442 232.593 200.713 23.1949 3014.14 1760.94 69.5313 1253.19 386.085 26.6846
internal_count=520423 503764 2485 2181 344 253 304 218 501279 15825 14140 12935 485454 254668 40692 213976 230786 33958 196828 1685 370 1315 1205 91 16659 9655 302 7004 2124 108
is_linear=0
shrinkage=0.035


Tree=176
num_leaves=31
num_cat=0
split_feature=10 5 7 7 7 7 5 4 4 5 1 10 5 11 7 7 5 11 7 7 5 6 5 5 5 5 5 10 4 5
split_gain=7.1729 32.4879 26.0593 23.1027 28.9809 26.6886 22.6365 16.6433 14.9001 19.5997 14.2301 14.0973 15.462 15.403 41.5952 17.1737 9.95264 9.81816 15.7266 12.8536 8.62704 7.27541 20.0876 45.1334 42.7357 33.0952 23.6173 61.4234 24.2387 17.5301
threshold=-15.079775810241697 46.484361648559577 13.469102859497072 37.579692840576179 35.319665908813484 64.699142456054702 46.218702316284187 47.629467010498054 30.041594505310062 50.079809188842781 55.192409515380866 -12.683357715606688 46.474193572998054 49.447349548339851 39.775512695312507 64.699142456054702 47.499412536621101 27.185600280761722 39.356723785400398 1.0000000180025095e-35 46.415723800659187 50.411310195922859 46.666610717773445 46.023597717285163 46.028558731079109 45.861009597778327 47.163959503173835 -1.9055746197700498 52.197597503662116 45.565744400024421
decision_type=2 2 2 2 2 2 2 2 2 2 2 2 2 2 2 2 2 2 2 2 2 2 2 2 2 2 2 2 2 2
left_child=1 3 8 4 6 7 -1 -5 9 -3 -4 12 13 14 20 -16 -14 19 -19 -18 -2 29 23 25 -25 -23 27 -24 -28 -13
right_child=11 2 10 5 -6 -7 -8 -9 -10 -11 -12 21 16 -15 15 -17 17 18 -20 -21 -22 22 26 24 -26 -27 28 -29 -30 -31
leaf_value=-0.026697070112728823 0.016326701684075406 0.048172001755972117 -0.027514250250204386 -0.03434422850184278 0.043134183997930724 0.032451981944143567 0.042855152424873755 0.013254513396331836 0.060082810270080625 -0.0095186743969447925 0.023026018404295686 0.00099420567524378511 -0.023855903495253097 0.033318801596114993 -0.028506010815284182 0.017457675782894925 -0.018415219015864254 -0.027890290699256037 0.0067455582955182752 0.017001501599716147 0.043769496939043487 -0.00062961070520336896 0.0030440200868818508 -0.012899775865231056 -0.0028152216999899359 0.0055399028467448949 -0.00059549507451658152 0.047592832658053148 0.0030093393968012557 -0.00040908713405928183
leaf_weight=17.713760308921341 86.911993756890297 7.508612096309661 110.77907465398312 31.073811091482639 36.457351386547089 14.598922997713087 7.4809667244553557 11.788868285715578 4.3570625558495513 53.56179160811007 6.529489926993846 20624.560509823263 19.645732566714287 38.274449534714222 38.69616024941206 12.509013310074804 14.602566441521047 26.94816155731678 37.037994123995304 65.691311206668615 17.146093845367432 22200.189667609055 198.10624688118696 612.71114205941558 3227.3578451364301 1117.8654651418328 6681.5978434458375 46.250442504882812 3469.8804424470291 23129.981176562607
leaf_count=114 395 55 891 134 68 60 20 68 42 569 22 120692 77 228 139 31 168 243 278 410 38 150204 987 1757 12262 5982 57149 170 27787 139320
internal_value=-4.38011e-05 -0.00542217 -0.0146816 0.00872784 0.023501 -0.00710754 -0.00509261 -0.0210895 0.00290878 -0.0017813 -0.024505 -2.37833e-05 0.00690361 0.0135842 0.00852863 -0.017047 -0.000968924 0.00221357 -0.00789777 0.010356 0.0212148 -5.43925e-05 -0.000411824 -0.000912769 -0.00442846 -0.000333365 0.000896142 0.0116323 0.000636125 0.000252229
internal_weight=81967.8 301.85 182.736 119.114 61.6521 57.4616 25.1947 42.8627 65.4275 61.0704 117.309 81666 357.463 193.538 155.263 51.2052 163.926 144.28 63.9862 80.2939 104.058 81308.5 37554 27158.1 3840.07 23318.1 10395.8 244.357 10151.5 43754.5
internal_count=520360 2043 1579 464 202 262 134 202 666 624 913 518317 2007 831 603 170 1176 1099 521 578 433 516310 256298 170205 14019 156186 86093 1157 84936 260012
is_linear=0
shrinkage=0.035


Tree=177
num_leaves=31
num_cat=0
split_feature=6 5 2 2 2 5 4 7 10 2 2 4 2 7 10 2 2 4 5 10 10 7 7 10 2 12 6 10 4 5
split_gain=9.03253 16.5942 16.8917 46.9223 50.4671 67.2544 41.1965 95.5532 156.902 51.139 36.3179 112.149 33.3352 28.5014 27.9079 25.7521 16.734 16.0578 32.1724 22.3246 32.5724 9.89036 21.5695 93.8946 64.9962 84.3505 35.1725 30.1427 20.1032 32.6425
threshold=79.946826934814467 50.08058166503907 51.59552192687989 50.459417343139656 50.510725021362312 46.028558731079109 52.414318084716804 65.665817260742202 -1.3104421496391294 51.641031265258796 50.306905746459968 47.629467010498054 50.080451965332038 63.42186355590821 -9.6117405891418439 51.659938812255866 50.475614547729499 54.096418380737312 92.327365875244155 5.3896858692169198 1.9062452316284182 34.419713973999031 37.080343246459968 -7.5363545417785636 50.069395065307624 47.920917510986335 45.345054626464851 3.9650403261184697 49.904397964477546 45.498958587646491
decision_type=2 2 2 2 2 2 2 2 2 2 2 2 2 2 2 2 2 2 2 2 2 2 2 2 2 2 2 2 2 2
left_child=21 2 3 10 16 -6 9 8 -8 13 12 -12 -2 -4 -9 -11 -5 -3 19 20 -19 28 23 26 25 -25 -23 -26 -1 -30
right_child=1 17 6 4 5 -7 7 14 -10 15 11 -13 -14 -15 -16 -17 -18 18 -20 -21 -22 22 -24 24 27 -27 -28 -29 29 -31
leaf_value=0.00046665705419594611 -0.00049451295095760477 0.0006548993028211589 0.012908997388073523 -0.0054267796686323531 -0.0066871842398762643 0.01770485554581068 0.057612828235372435 0.057797013454835587 0.0062220809819563466 -0.023761238925818821 0.071939864051887431 0.0035736173020121447 -0.01335798168094208 0.066163779496460531 -0.025010100106105011 -0.0014633661560349404 -0.026189504413019867 0.011244225212084524 0.00032558568998058393 -0.0085315361121462534 0.050634953664253919 0.0068894373832162252 9.4993205936130823e-05 -0.0039514105027074944 -0.0034110620063114486 -0.035917812323517442 0.033546293462472301 0.0056598673146600912 0.027607167441169776 0.0035753536932945792
leaf_weight=12793.083647027612 4185.312324305065 820.83710213750601 176.02662099851295 64.4453160376288 1710.4483716855757 149.76697878353298 81.134351340122521 4.4185180887579909 658.97651100251824 63.543185106944293 32.582302115857601 249.31892225751653 261.57598389452323 12.618583202362059 116.25882105575874 4862.2756541850977 196.9955780133605 55.081997404806316 174.49013055115938 21.379631941206753 49.426826431415975 141.7815008610487 49014.235921964049 256.00081662088633 3381.4078939706087 167.21161119639874 106.97378441691399 516.17524418979883 72.126543164253235 1427.7636835202575
leaf_count=80637 35347 7697 1170 637 13207 369 476 32 3797 283 112 1498 1906 144 1154 33937 680 532 907 170 405 357 302636 1272 19045 450 227 2282 572 7878
internal_value=-6.78079e-05 -0.000879082 -0.00123648 -0.00242269 -0.00674638 -0.00471284 0.000122449 0.00720369 0.0119213 -0.00106893 -0.000480497 0.0116814 -0.00125501 0.0167725 -0.0215599 -0.00175624 -0.0211303 0.00320095 0.010115 0.0235409 0.0301834 9.87932e-05 -0.000119296 -0.00241897 -0.00362534 -0.0166418 0.0184517 -0.00220705 0.000916852 0.00474976
internal_weight=81823.7 13946.9 12825.7 6850.45 2121.66 1860.22 5975.25 860.788 740.111 5114.46 4728.79 281.901 4446.89 188.645 120.677 4925.82 261.441 1121.22 300.379 125.888 104.509 67876.8 53583.8 4569.55 4320.8 423.212 248.755 3897.58 14293 1499.89
internal_count=519816 104460 94749 53756 14893 13576 40993 5459 4273 35534 38863 1610 37253 1314 1186 34220 1317 9711 2014 1107 937 415356 326269 23633 23049 1722 584 21327 89087 8450
is_linear=0
shrinkage=0.035


Tree=178
num_leaves=31
num_cat=0
split_feature=4 2 2 4 7 6 7 2 7 2 2 7 7 9 9 7 5 5 2 5 5 5 5 9 2 4 7 5 5 2
split_gain=7.62609 38.5717 66.8158 93.9683 90.3091 54.8134 31.0847 24.6105 24.1715 41.8301 32.6502 25.0449 66.9754 44.6227 41.9989 37.9515 23.8862 28.1066 27.8995 24.2847 114.365 38.4094 21.9981 21.989 21.0908 19.6572 18.8482 18.6056 17.9289 15.7134
threshold=43.945226669311531 53.865806579589851 53.675346374511726 39.342920303344734 29.059847831726078 81.088863372802749 31.598712921142582 53.706521987915046 21.006519317626957 53.507390975952156 54.515148162841804 23.790318489074711 25.586957931518558 -0.46455000340938563 3.9356000423431401 22.878716468811039 45.470865249633796 45.449871063232429 51.684534072875984 45.764883041381843 45.990827560424812 45.758811950683601 50.079809188842781 -1.2468499541282652 53.273658752441413 40.855077743530281 26.097272872924808 50.079050064086921 46.269800186157234 53.883504867553718
decision_type=2 2 2 2 2 2 2 2 2 2 2 2 2 2 2 2 2 2 2 2 2 2 2 2 2 2 2 2 2 2
left_child=1 2 16 5 25 7 -6 -4 9 -2 23 15 13 28 -15 22 17 -1 -19 21 -21 -18 27 -11 -14 -5 -26 -10 -13 -25
right_child=8 -3 3 4 6 -7 -8 -9 11 10 -12 12 24 14 -16 -17 19 18 -20 20 -22 -23 -24 29 26 -27 -28 -29 -30 -31
leaf_value=-0.002125541096232475 -0.020118303562164788 -0.0037355545520254838 0.058715596679329185 0.0096149257502913619 0.018262491902649503 0.080388518329660485 0.055730198176531111 0.019240296776013428 0.0013349931829247533 0.0097220150148212003 -0.010743624273648437 -0.0020658983001508053 -5.8704468259879648e-05 0.033339292007570319 -0.025027668032231744 -0.017384579525695412 -0.0019911021803296351 0.020859994064095416 0.0045771339602534468 0.019095022862540202 0.0002285689223808334 -0.026577024205038626 0.032981508824750767 0.056490676403104255 -0.018572824633648548 -0.0088519382192647385 -0.0018585794573083045 -0.040784973258948344 0.011413287139118069 0.019499332626890086
leaf_weight=295.53504978120327 35.79999577999115 2008.9241520813666 22.749289691448212 91.733547579497099 118.60330826509744 25.999275960028172 35.458862133324146 127.91983186453581 184.26612114906311 38.682877250015736 28.390596739947796 206.01029699482024 60072.66490938887 141.10724386572838 16.177909702062607 255.45858360081911 2120.7915425598621 219.65016240626574 315.36102592200041 416.17602352052927 7035.4299948248081 80.088459618389606 24.666824735701084 41.440763831138611 82.923181757330894 294.83225758560002 7213.3798607569188 12.992393366992472 288.411974853836 23.926662266254425
leaf_count=1969 235 14635 78 360 891 101 207 517 1125 149 184 1177 388576 683 48 1138 9481 739 1469 1540 41861 343 147 68 342 1442 48433 119 2002 133
internal_value=-4.17408e-05 0.000728272 0.00152975 0.0118588 0.00458251 0.0339648 0.0271746 0.0255255 -0.000189976 0.013028 0.0221073 -0.000222695 -0.000166475 0.0109926 0.0271953 -0.00820495 0.000821472 0.00651453 0.0112963 0.00033039 0.00128515 -0.00289828 0.0023548 0.0311512 -0.000274659 -0.0044408 -0.00205151 -0.00155742 0.00578853 0.0434559
internal_weight=81875.6 13209.3 11200.3 717.296 540.628 176.668 154.062 150.669 68666.3 168.241 132.441 68498.1 68020.7 651.707 157.285 477.384 10483 830.546 535.011 9652.49 7451.61 2200.88 221.925 104.05 67369 386.566 7296.3 197.259 494.422 65.3674
internal_count=520192 75633 60998 3596 2900 696 1098 595 444559 769 534 443790 441261 3910 731 2529 57402 4177 2208 53225 43401 9824 1391 350 437351 1802 48775 1244 3179 201
is_linear=0
shrinkage=0.035


Tree=179
num_leaves=31
num_cat=0
split_feature=10 7 7 6 4 7 7 10 7 9 10 7 7 7 7 7 7 10 11 7 9 7 7 9 7 6 7 9 9 11
split_gain=8.2058 22.3976 29.4267 26.8906 20.2599 25.6302 29.7872 22.7033 18.0152 18.6644 28.1027 44.2508 24.7741 63.7878 23.2671 21.7056 17.7434 62.2076 60.7131 39.4205 36.0334 28.0389 68.8963 33.179 66.6122 75.9133 46.0356 36.2661 31.157 28.5833
threshold=1.0116817355155947 28.017315864562992 27.393962860107425 81.088863372802749 43.534467697143562 24.84964752197266 23.790318489074711 2.9932075738906865 73.829555511474624 1.140049993991852 3.7614345550537114 38.938592910766609 47.849605560302741 42.491350173950202 71.004535675048842 48.710355758666999 73.829555511474624 -1.9936631917953489 50.966350555419929 79.115924835205092 3.0151000022888188 67.648265838623061 67.520690917968764 -0.24074999988079068 68.936416625976577 48.467041015625007 69.072742462158217 2.2597500085830693 1.0985500216484072 51.566949844360359
decision_type=2 2 2 2 2 2 2 2 2 2 2 2 2 2 2 2 2 2 2 2 2 2 2 2 2 2 2 2 2 2
left_child=16 2 4 -4 -2 6 -6 -7 9 12 11 -11 13 -3 -12 -14 21 -18 -19 20 -20 22 -1 24 25 -23 27 -25 29 -24
right_child=1 8 3 -5 5 7 -8 -9 -10 10 14 -13 15 -15 -16 -17 17 18 19 -21 -22 23 28 26 -26 -27 -28 -29 -30 -31
leaf_value=-0.00026508721400781218 -0.0013624671722059227 -0.00064339065140286598 0.013890100490499669 0.059038465784977227 0.0043945004908538176 0.0094876075464717918 0.026529038522504256 -0.013841764398657403 -0.0025790562702775019 -0.010236214215400011 -0.00090039186445574923 0.0044431641471541642 -0.010901165079979595 0.0065420651016699994 0.0043550212212083179 -0.0010958565857039618 -0.0025069148230042002 0.044020086105011381 0.0061543213551040954 -0.010727715140665874 0.025494335395007773 0.0054564312374969608 0.017378784016191934 -0.013659500707768215 -0.001008460478007946 0.061573951198028956 -0.0021787501710480782 0.0070287462388136952 -0.026364430702662325 0.062686214806780452
leaf_weight=39285.783122055233 576.53193793352693 5848.9119934183545 107.23006437718868 18.639174952637404 161.76690685935318 109.02980724070221 139.29449333250523 94.648879542946815 2742.0602681143209 265.89412228763103 5580.6027330276556 4375.3314227471128 283.14977537468076 2040.2980961184949 1265.1946499664336 10943.119672812521 1101.4966328879818 59.720113039016724 471.32235725689679 120.58985434379429 157.74015013314784 74.314167201519012 35.796231754124165 769.77131651015952 445.57207817584276 48.737368129193783 4619.8591180234216 118.97671815752983 9.1316451355814916 34.42488828767091
leaf_count=253903 3570 36033 723 150 735 669 623 489 20879 1366 25975 25789 1629 12356 7972 74596 8010 314 3374 1044 823 334 186 4447 2265 215 31182 461 71 233
internal_value=-0.000102201 0.000307803 0.00498983 0.0209617 0.00310998 0.00822648 0.014702 -0.00133099 0.000137978 0.000381721 0.0014968 0.00359906 -0.000288027 0.00121449 7.02515e-05 -0.00134455 -0.000401512 0.00290111 0.0102649 0.00752244 0.0110412 -0.000540591 -0.000198778 -0.00275321 0.0052859 0.0279937 -0.00358496 -0.0108783 0.0322169 0.0401446
internal_weight=81904.9 34551.7 1207.14 125.869 1081.27 504.74 301.061 203.679 33344.6 30602.5 11487 4641.23 19115.5 7889.21 6845.8 11226.3 47353.2 1910.87 809.372 749.652 629.063 45442.4 39365.1 6077.23 568.624 123.052 5508.61 888.748 79.3528 70.2211
internal_count=520416 213554 6959 873 6086 2516 1358 1158 206595 185716 61102 27155 124614 48389 33947 76225 306862 13565 5555 5241 4197 293297 254393 38904 2814 549 36090 4908 490 419
is_linear=0
shrinkage=0.035


Tree=180
num_leaves=31
num_cat=0
split_feature=7 11 7 5 7 11 2 5 7 7 2 2 7 7 7 10 2 5 7 11 10 5 2 6 7 7 2 10 7 11
split_gain=7.05268 28.3093 36.2076 29.0884 45.1396 22.2869 57.9477 97.3051 114.046 98.3092 75.7563 55.4182 82.1331 44.5335 39.7784 133.673 79.1333 115.083 71.0088 40.5373 35.5161 34.9197 96.1841 33.9832 28.4184 72.2944 63.2753 43.5229 30.1201 99.307
threshold=67.379653930664077 45.648450851440437 68.741054534912124 50.051788330078132 68.408538818359389 55.685049057006843 51.641031265258796 50.060390472412116 35.319665908813484 37.797212600708015 51.917179107666023 51.794879913330085 61.86366271972657 64.290679931640639 64.699142456054702 -4.250598430633544 50.894683837890632 46.028558731079109 65.00513076782228 53.345649719238288 -1.0754613876342771 45.558958053588874 53.285451889038093 62.717140197753913 63.42186355590821 63.478757858276374 51.636827468872077 8.4382386207580584 57.000656127929695 50.966350555419929
decision_type=2 2 2 2 2 2 2 2 2 2 2 2 2 2 2 2 2 2 2 2 2 2 2 2 2 2 2 2 2 2
left_child=5 2 3 4 -2 14 7 8 23 -10 11 12 -8 -13 24 16 18 -18 -16 20 -17 -12 -23 -7 28 26 -26 -27 -1 -30
right_child=1 -3 -4 -5 -6 6 10 -9 9 -11 21 13 -14 -15 15 19 17 -19 -20 -21 -22 22 -24 -25 25 27 -28 -29 29 -31
leaf_value=-0.00051854839391985623 0.019805763725712956 -0.0007966552154629995 0.0026356495940131714 -0.0081381238792861809 0.078693934113176656 0.023179292208599905 0.01430028085652222 0.0067884812520408212 -0.037389412238295387 -0.0023130889157513298 -0.00055550366778604971 0.045449980286364884 -0.026090164099326199 0.016118866509609569 0.043836084346373129 0.012178346830739007 0.021131984336938258 0.10031497869340933 0.0026537881739466932 -0.0058694436683523346 0.0007217982638583044 0.01245542791601594 -0.0019584468876796914 0.080402347322739695 -0.035373581835133804 -0.0031593708808516992 0.011143726362063488 0.037165096936499359 0.0065574235461550792 -0.0032493699996624425
leaf_weight=41222.298330948222 72.910918839275837 18036.142466227524 494.29892306774855 26.116317354142666 20.17816025018692 31.388795629143715 352.44240551441908 1812.7411622758955 98.743296504020691 6003.976849255152 2066.6159151527099 104.22035272419453 73.865042728371918 166.77497460879385 69.614880830049515 469.12422092352062 61.238514747470617 35.561138067394495 190.81120565533638 727.36498718522489 1130.5364107238129 1213.4649939034134 1062.4109238982201 22.358445949852467 155.65047399699688 927.88846600428224 45.769924743101001 33.173656173050404 2926.3442585119046 2225.7814194867387
leaf_count=264632 374 118005 2262 197 48 118 1450 14731 242 31725 13080 392 675 696 183 2995 407 77 811 5365 7848 4779 5047 54 431 5596 442 128 19610 17948
internal_value=5.33031e-05 -0.000544685 0.00684289 0.0240965 0.0332068 0.000229794 0.00152086 -0.000336029 -0.00243555 -0.0028866 0.00445805 0.0151621 0.0072498 0.0275255 -0.000104516 0.0040399 0.0239502 0.0508769 0.0137896 0.000973257 0.00409038 0.00273514 0.00572543 0.0479421 -0.000338748 -0.0057421 -0.0247663 -0.00173043 -0.000203053 0.00231956
internal_weight=81879.8 18649.6 613.504 119.205 93.0891 63230.2 13009 7969.21 6156.47 6102.72 5039.79 697.303 426.307 270.995 50221.2 2684.25 357.226 96.7997 260.426 2327.03 1599.66 4342.49 2275.88 53.7472 47536.9 1162.48 201.42 961.062 46374.4 5152.13
internal_count=520348 120886 2881 619 422 399462 72989 46870 32139 31967 26119 3213 2125 1088 326473 17686 1478 484 994 16208 10843 22906 9826 172 308787 6597 873 5724 302190 37558
is_linear=0
shrinkage=0.035


Tree=181
num_leaves=27
num_cat=0
split_feature=0 0 10 7 7 12 2 7 10 2 13 10 13 13 6 6 12 6 10 10 2 9 5 12 9 12
split_gain=8.10212 7.12331 10.4976 15.4359 13.7901 12.1011 15.2272 10.1232 8.62987 7.42703 12.1872 9.46435 8.86767 12.7129 9.00227 7.04958 6.90332 6.39071 10.3729 6.00212 34.0641 16.6896 5.67455 2.83014 1.4087 0.392099
threshold=62.399999618530281 46.399999618530281 -1.9936631917953489 60.827449798583991 71.992401123046889 61.017850875854499 99.13132476806642 69.49686431884767 8.0838499069213885 54.515148162841804 1.0152545571327212 22.41047286987305 1.1976477503776553 1.3986697793006899 72.523471832275405 41.027770996093757 63.656539916992195 99.693408966064467 7.0411381721496591 1.9062452316284182 54.316396713256843 7.6709501743316659 50.079050064086921 84.131786346435561 -3.0320500135421748 93.530899047851577
decision_type=2 2 2 2 2 2 2 2 2 2 2 2 2 2 2 2 2 2 2 2 2 2 2 2 2 2
left_child=1 9 -3 5 7 6 -4 -5 -7 17 11 15 14 -14 -12 -11 -2 19 22 21 -21 -1 -19 -6 -13 -18
right_child=16 2 3 4 23 8 -8 -9 -10 10 12 24 13 -15 -16 -17 25 18 -20 20 -22 -23 -24 -25 -26 -27
leaf_value=-0.00017985867656894144 0.0049148683064940395 0.030087986623676535 -0.0020107019878449878 0.0085094761757659766 -0.019301043290204826 -0.016456350550652355 0.043158483767303121 0.030694388352117848 0.012504290408869327 -0.0087342153170821418 0.019267708394160133 -0.034143450791506921 -0.012325143674860832 0.0017896996663783356 -0.0024501419518775385 -0.0022662367171818899 -0.031961463024237143 -0.032316497294397471 0.050699830114176343 0.00041958674598354783 0.025209878750496191 0.020555893191168715 0.020293413962263973 0.0023944047853736248 -0.004667476015763442 -0.016923441131451705
leaf_weight=53479.165660880506 11.707306198775767 19.082522682845592 33.232275500893593 63.613493725657463 15.371047347784044 77.832939133048058 11.646231956779955 43.372693441808224 14.120091959834097 305.29775173962116 60.111873865127563 14.639730095863344 91.521531067788601 507.98531576991081 36.826945647597313 650.5461217937991 14.405125290155413 18.366281224414713 1.6141228899359692 26288.891172602773 67.287174008786678 46.786353304982185 2.1694361995905629 12.298325285315512 3.2575028687715522 9.7121551707386953
leaf_count=348569 42 69 137 265 83 327 48 150 40 1997 299 203 462 2510 205 3954 59 1471 46 158415 407 259 232 61 30 41
internal_value=9.87306e-06 1.73214e-05 0.0054801 0.00364141 0.0120351 -0.0045899 0.0101083 0.0177293 -0.0118643 -2.10488e-06 -0.00231156 -0.00483995 0.00121498 -0.000366984 0.010993 -0.00434501 -0.0164482 4.61033e-05 -0.0184198 5.14956e-05 0.000483905 -0.000161296 -0.0258781 -0.00961579 -0.0295821 -0.0269243
internal_weight=81900.9 81865 290.57 271.487 134.656 136.832 44.8785 106.986 91.953 81574.5 1670.19 973.741 696.446 599.507 96.9388 955.844 35.8246 79904.3 22.1498 79882.1 26356.2 53526 20.5357 27.6694 17.8972 24.1173
internal_count=520381 520239 1180 1111 559 552 185 415 367 519059 9660 6184 3476 2972 504 5951 142 509399 1749 507650 158822 348828 1703 144 233 100
is_linear=0
shrinkage=0.035


Tree=182
num_leaves=31
num_cat=0
split_feature=5 4 10 10 7 7 9 10 7 7 7 2 7 10 7 2 2 2 5 5 4 10 2 10 9 9 5 5 2 5
split_gain=4.95748 7.36953 44.9684 27.3378 28.4561 42.4564 27.8461 27.7613 24.9914 22.1893 45.0319 21.7977 37.1678 19.5982 15.4481 11.6749 10.8985 7.87826 6.42216 20.6456 106.576 164.989 97.4165 69.122 46.1679 25.6112 90.1767 54.2747 35.1799 16.933
threshold=45.452220916748054 49.70594787597657 -12.683357715606688 -9.6117405891418439 48.710355758666999 43.627508163452156 -3.4302499294281001 -0.42680844664573664 35.319665908813484 43.856449127197273 44.850858688354499 51.329244613647468 59.841144561767585 -1.9055746197700498 41.438684463500984 53.427110671997077 49.107086181640632 52.299438476562507 46.395015716552741 46.284826278686531 54.724212646484382 7.0411381721496591 52.404092788696296 4.4254078865051278 2.9244999885559086 -3.2763500213623042 45.910017013549812 45.990827560424812 52.968273162841804 45.967329025268562
decision_type=2 2 2 2 2 2 2 2 2 2 2 2 2 2 2 2 2 2 2 2 2 2 2 2 2 2 2 2 2 2
left_child=1 3 -3 17 5 7 -7 -5 13 14 -11 16 -13 -4 -10 -15 -6 -1 19 25 22 24 -21 -24 -22 26 28 -28 -2 -27
right_child=18 2 8 4 11 6 -8 -9 9 10 -12 12 -14 15 -16 -17 -18 -19 -20 20 21 -23 23 -25 -26 29 27 -29 -30 -31
leaf_value=-0.025436959435648845 -0.0077276971923884935 0.035890789861072456 -0.016620037748116049 -0.0015267538745421733 0.0099876500682016534 0.045734923673292086 -0.0090845080550118733 0.0094199921479268915 -0.0032377036323732273 0.028345708579772848 -3.7050874269402221e-05 0.004534741327320289 0.018730375951771457 0.054500296538427757 -0.018103282774416939 0.018766511702649685 -0.00052641411014867697 0.0048104780960359066 0.00034612829201859373 -0.035068851491512551 0.014650930499965192 -0.027761934500230928 -0.012916810178144033 0.016889701654844123 0.053010570940353934 -0.00011583556769616818 0.03360466346038684 0.0087900352180090933 0.0056085964883373024 -0.0020652319540379392
leaf_weight=56.223535127937794 576.10042943805456 42.089290037751198 13.456546217203138 684.85926352767274 140.20145093649626 10.732788145542143 645.6993525326252 482.56785246543586 246.53740241378546 68.110229424200952 10840.021847666241 931.1767082484439 298.85485439375043 15.814983323216437 132.04999482491985 42.906555362045765 835.23535657674074 12.205090433359144 23617.567613262217 176.60754230618477 74.067778393626213 75.03661972284317 341.77190447319299 131.14183421805501 82.512611970305443 33864.248984656297 148.15407418459654 400.60250944085419 416.53636353462934 6508.8260860140435
leaf_count=352 1691 288 119 5837 940 72 5541 3910 1915 627 91029 7704 2509 102 1143 361 6121 81 182924 479 168 142 1366 245 132 178650 473 1573 2803 21050
internal_value=1.44384e-05 0.00057814 0.000119889 0.00185113 0.00222695 -0.00100413 -0.00812297 0.00299555 -1.45587e-05 -0.00014717 0.000141595 0.00490153 0.00799941 0.0204006 -0.00846846 0.0291112 0.000984569 -0.0199476 -0.000117012 -0.00037277 -0.00567273 0.0146631 -0.0129443 -0.00462194 0.0350764 -0.000261079 0.00416514 0.0155414 -0.00212438 -0.000430319
internal_weight=81911.9 15498.7 11401 4097.76 4029.33 1823.86 656.432 1167.43 11358.9 11286.7 10908.1 2205.47 1230.03 72.1781 378.587 58.7215 975.437 68.4286 66413.2 42795.6 881.138 231.617 649.521 472.914 156.58 41914.5 1541.39 548.757 992.637 40373.1
internal_count=520347 128651 95584 33067 32634 15360 5613 9747 95296 94714 91656 17274 10213 582 3058 463 7061 433 391696 208772 2532 442 2090 1611 300 206240 6540 2046 4494 199700
is_linear=0
shrinkage=0.035


Tree=183
num_leaves=31
num_cat=0
split_feature=6 2 5 2 7 2 9 9 2 7 5 11 4 10 7 2 7 7 6 7 7 5 4 7 6 2 5 10 7 11
split_gain=6.09902 15.9725 17.6172 13.2691 17.0817 15.4908 14.6246 17.5249 12.8462 38.7418 19.9725 8.32623 7.00196 6.38067 27.146 74.6907 54.1086 66.8821 43.2369 43.037 64.4744 28.0961 21.9443 19.7499 14.0963 11.5475 10.4361 7.55474 32.8018 32.2669
threshold=3.2703125476837163 47.475122451782234 46.023597717285163 53.672307968139656 34.006141662597663 53.933164596557624 0.26325000822544103 -1.3759999871253965 51.558494567871101 57.865306854248054 46.028558731079109 21.875050544738773 52.414318084716804 -8.4042339324951154 21.006519317626957 53.507390975952156 39.632768630981452 34.582567214965827 83.072074890136733 63.030187606811531 65.378646850585952 46.218702316284187 43.393346786499031 1.0000000180025095e-35 76.793041229248061 50.079809188842781 50.079999923706062 -1.3104421496391294 27.158969879150394 34.839050292968757
decision_type=2 2 2 2 2 2 2 2 2 2 2 2 2 2 2 2 2 2 2 2 2 2 2 2 2 2 2 2 2 2
left_child=1 2 -1 4 6 11 7 -3 9 -6 -10 -5 -7 14 15 24 17 21 -19 22 -21 -16 -18 -15 26 -26 -2 -25 29 -29
right_child=13 3 -4 5 8 12 -8 -9 10 -11 -12 -13 -14 23 16 -17 19 18 -20 20 -22 -23 -24 27 25 -27 -28 28 -30 -31
leaf_value=-0.0031858876430110841 0.0091173142720093209 0.012625968766505347 0.033212150383149633 0.014608734102763199 0.011378262026702066 0.0002639193041310419 0.028750548959596584 -0.0031327757718368678 -0.001343022711994173 -0.0010121501682541255 -0.023359925767506857 -0.017032057117171942 0.031875639474177063 0.029990651886822876 -0.0052968025473077987 -0.025309405557150152 -0.018122118888793056 0.015730009843557064 0.046924007225230269 0.040271520319596563 0.00075620708677636686 0.01028581615298526 -0.003369153717816817 -0.00066932965387191297 0.014703424505826904 -0.016679174130385974 -0.0072237455055257091 6.2280673328486696e-05 -9.9420490471942459e-05 0.008756486720431526
leaf_weight=26.755130238831043 267.71977899223566 213.03313204646111 39.105639927089214 10.239779047667978 437.74386113882065 103.77806740254164 38.97062136977911 143.67309668660164 785.44922002404928 1044.4249104186893 53.240629948675632 125.6491669267416 8.6074296310543996 25.826742373406887 282.44888405222446 158.91299795266241 187.80554988980293 268.44320263713598 68.562402772717178 58.670333653688431 341.31643013469875 282.43008140195161 363.85687869787216 24104.336458498612 17.455558441579342 65.237236587330699 57.153106115758419 1057.7914689476602 50206.933362307493 1036.541859834455
leaf_count=176 1819 1113 65 37 2519 760 183 849 4385 5771 121 598 57 167 1608 1255 719 885 208 155 2158 1542 2078 151671 137 537 430 6467 325802 5870
internal_value=-3.06386e-05 0.0015098 0.0184601 0.00112602 0.00183646 -0.00660021 0.00855201 0.00626632 0.000685978 0.00264668 -0.00276994 -0.014525 0.00295504 -8.9949e-05 0.00167891 -0.00501645 0.00373021 0.00987045 0.0221931 -0.00208499 0.00663862 0.0024854 -0.00842323 -0.000146064 0.00291286 -0.0098934 0.00621034 -0.000156657 7.94944e-05 0.00437032
internal_weight=81882.1 3030.67 65.8608 2964.81 2716.54 248.274 395.677 356.706 2320.86 1482.17 838.69 135.889 112.385 78851.4 2420.01 566.479 1853.53 901.885 337.006 951.649 399.987 564.879 551.662 76431.4 407.566 82.6928 324.873 76405.6 52301.3 2094.33
internal_count=520142 16634 241 16393 14941 1452 2145 1962 12796 8290 4506 635 817 503508 13531 4178 9353 4243 1093 5110 2313 3150 2797 489977 2923 674 2249 489810 338139 12337
is_linear=0
shrinkage=0.035


Tree=184
num_leaves=31
num_cat=0
split_feature=6 9 10 5 10 2 2 7 7 10 2 11 7 7 7 7 10 10 2 2 2 2 10 2 6 2 10 7 7 6
split_gain=7.40646 9.15679 7.25159 6.7769 8.4821 48.9541 20.8174 19.0326 28.3489 10.3904 24.9933 57.2665 32.7727 23.1482 8.79365 8.20063 34.1054 22.7999 26.7801 67.056 21.2456 19.712 18.0839 14.2377 18.7533 13.6016 11.4717 10.4134 10.155 7.36411
threshold=99.358459472656264 -2.8313499689102168 -8.9486303329467756 45.452220916748054 -15.079775810241697 50.079809188842781 49.107086181640632 40.876146316528327 33.328706741333015 -8.4042339324951154 50.079999923706062 42.290550231933601 65.280933380126967 1.0000000180025095e-35 18.460414886474613 71.03153228759767 7.775179624557496 6.4818570613861093 50.562658309936531 50.357872009277351 53.917564392089851 53.948734283447273 -12.683357715606688 52.148338317871101 21.50179481506348 49.794338226318366 3.1607775688171391 47.443729400634773 73.705352783203139 33.878387451171882
decision_type=2 2 2 2 2 2 2 2 2 2 2 2 2 2 2 2 2 2 2 2 2 2 2 2 2 2 2 2 2 2
left_child=3 -2 -3 15 5 6 -5 8 -7 10 11 -6 -12 -11 -15 16 20 22 19 -19 26 -22 -17 24 -18 -24 -1 -25 -20 -8
right_child=1 2 -4 4 9 7 29 -9 -10 13 12 -13 -14 14 -16 17 23 18 28 -21 21 -23 25 27 -26 -27 -28 -29 -30 -31
leaf_value=0.0012591234725055508 0.01903065859809162 0.042237522624630458 -0.0094858157018192675 -0.013144198248507714 0.015906580412172844 -0.014860365827864279 0.016233712723098193 -0.032797152645360546 0.021078646361789764 0.031991016185725883 -0.0015001469225219422 -0.0055054503815661973 0.025492694580472753 -0.0065680302940332742 -0.00015838330881898197 0.026136282172970888 0.0035208248815327388 0.0034402764400761556 -0.017458573148410306 0.036070077879376689 -0.020543279681108952 0.0023632862610662325 -0.00076808211841481334 -0.0097873403736042728 -0.016541007408713605 -0.0057908071076888026 0.0041338289436200935 0.0042739745963774412 -0.00090983129564640964 0.050653306792732396
leaf_weight=8392.7623596265912 14.992842778563498 2.5547858374193302 192.50255321385339 12.359777830541132 412.99226205050945 136.52738430351019 13.980730004608629 48.052770227193832 32.559970140457153 26.59941378235817 1285.1368235871196 241.65357026457787 56.759584970772266 262.55253675580025 63576.074872463942 27.047707058489323 73.035328887403011 522.00775365531445 65.643692448735237 89.928734637796879 100.19055305421352 83.363564312458038 2371.3445196337998 103.17567374557257 248.16679443791509 917.10847007483244 2137.1844271048903 168.7178261578083 147.047822073102 22.357009068131447
leaf_count=69485 154 24 3527 56 2407 1176 58 320 160 172 6282 1310 257 2054 374165 177 511 4211 535 468 857 761 20669 755 1981 7521 16981 1265 1345 78
internal_value=1.85621e-05 -0.00653254 -0.00860287 3.55806e-05 -0.000118513 -0.00634882 0.0250508 -0.013489 -0.00783197 -9.31824e-05 0.00239241 0.00799487 -0.000338681 -0.000171025 -0.000184936 0.000695682 0.00118387 -0.000635831 0.00456692 0.00828773 0.00163686 -0.0101369 -0.00193276 -0.00697821 -0.0119602 -0.00217205 0.00184352 -0.00104927 -0.0060964 0.038234
internal_weight=81784.4 210.05 195.057 81574.3 66127.6 265.838 48.6975 217.14 169.087 65861.8 1996.54 654.646 1341.9 63865.2 63838.6 15446.7 11306.6 4140.13 824.628 611.936 10713.5 183.554 3315.5 593.096 321.202 3288.45 10529.9 271.893 212.692 36.3377
internal_count=519722 3705 3551 516017 388495 1848 192 1656 1336 386647 10256 3717 6539 376391 376219 127522 92596 34926 6559 4679 88084 1618 28367 4512 2492 28190 86466 2020 1880 136
is_linear=0
shrinkage=0.035


Tree=185
num_leaves=31
num_cat=0
split_feature=9 7 7 7 7 10 7 7 5 7 10 7 7 7 7 10 5 5 7 10 7 10 9 11 7 9 9 10 7 7
split_gain=8.40379 10.8608 29.554 30.1497 23.6429 23.145 22.1541 21.6449 21.43 18.179 16.1016 12.9575 13.9493 17.1738 10.2521 9.83468 13.8665 18.0453 9.80077 26.269 59.4294 42.5949 19.1849 16.045 13.7862 10.1632 8.91652 8.83224 8.76667 13.7126
threshold=4.7590000629425058 62.622432708740241 69.762519836425795 74.040325164794936 73.50925445556642 9.9290294647216815 69.49686431884767 85.718479156494155 45.452220916748054 44.598613739013679 -1.1518093347549436 38.011922836303718 35.319665908813484 32.092082977294929 70.050064086914077 6.8402321338653573 46.023597717285163 50.069204330444343 79.115924835205092 7.0411381721496591 80.263469696044936 8.8588023185729998 -0.9023500084877013 82.75894927978517 79.546710968017592 3.3246500492095952 7.6709501743316659 8.8588023185729998 59.565095901489265 62.469350814819343
decision_type=2 2 2 2 2 2 2 2 2 2 2 2 2 2 2 2 2 2 2 2 2 2 2 2 2 2 2 2 2 2
left_child=18 9 5 4 14 6 10 8 -5 11 -3 12 13 -2 -4 28 -17 -18 23 22 21 -21 -20 -1 -24 -22 -6 -27 -11 -30
right_child=1 2 3 7 26 -7 -8 -9 -10 15 -12 -13 -14 -15 -16 16 17 -19 19 20 25 -23 24 -25 -26 27 -28 -29 29 -31
leaf_value=-5.7049791613599455e-05 -0.013083638285408556 0.049101739477889358 -0.02121536685153368 0.001012444935217374 -0.030937705486332474 -0.00082028488499245899 0.039120235559413137 -0.0033091868315048762 0.016266022173610468 -0.020232434737747804 0.0088128833947357273 0.020992839738707539 -0.022546681543121418 0.024730640361507173 0.0017692038830611663 -0.0077972760852947059 0.048285822433457491 -0.0053017918848668249 0.04853971046205631 0.011051405347875975 0.0058364859463753728 0.080815145252478029 -0.021390986057671518 -0.017208597859148324 -0.0062925814135328002 0.0047299795983053328 0 -0.02280846729567651 0.020851109291325776 -0.030104337286700766
leaf_weight=79480.58388535725 25.114074990153313 12.897867843508719 27.716849029064178 208.91935497149825 63.201211281120777 88.015497006475925 56.466707959771156 260.16402046941221 247.46116154454648 95.994671173393726 124.09661653637886 52.784234546124935 24.960582263767719 33.009370997548103 140.35393358021975 98.097026310861111 13.292090237140657 16.207165464758873 6.3630766272544852 24.695863202214241 56.923793740570545 18.956308990716934 90.819902919232845 66.074072070419788 410.44563723914325 19.875050485134125 13.347730278968809 44.724018396809697 17.058639049530029 9.3177953809499758
leaf_count=505794 105 26 68 1485 238 327 130 2206 1159 351 386 173 78 97 640 414 22 78 20 216 556 146 959 299 3467 177 49 492 103 23
internal_value=-5.66223e-05 0.00243172 0.00402613 0.00109312 -0.00948756 0.0139853 0.0207328 0.00472154 0.00931263 -0.00268291 0.0129199 0.00756684 -0.000998267 0.00831718 -0.00206232 -0.00828839 -0.00140851 0.0192506 -0.000107247 -0.00431145 0.00776465 0.0424135 -0.00826063 -7.15574e-05 -0.0090718 -0.00482033 -0.02551 -0.0142745 -0.0153495 0.0022366
internal_weight=81847.9 1628.48 1242.64 961.164 244.62 281.477 193.461 716.545 456.381 385.836 136.994 135.868 83.084 58.1234 168.071 249.967 127.596 29.4993 80219.5 672.804 165.175 43.6522 507.629 79546.7 501.266 121.523 76.5489 64.5991 122.371 26.3764
internal_count=520284 8158 6714 5845 995 869 542 4850 2644 1444 412 453 280 202 708 991 514 100 512126 6033 1587 362 4446 506093 4426 1225 287 669 477 126
is_linear=0
shrinkage=0.035


Tree=186
num_leaves=31
num_cat=0
split_feature=7 4 7 2 5 7 2 4 5 5 10 9 9 5 5 7 6 10 5 5 7 10 1 1 13 6 0 0 4 1
split_gain=6.88222 11.6805 19.7878 17.0629 16.6153 12.9292 21.292 22.6296 15.2755 9.83813 9.25367 12.0054 8.40303 17.9087 19.2336 17.1965 18.402 10.5808 9.91549 9.71444 10.7585 7.62725 6.2156 11.8784 8.88228 9.41335 8.84657 8.71715 10.0055 8.62255
threshold=80.857158660888686 64.45630264282228 85.718479156494155 50.051733016967781 50.079681396484382 85.718479156494155 50.079427719116218 67.195690155029311 92.39630508422853 45.428865432739265 22.41047286987305 3.5986999273300175 6.0667500495910653 46.028558731079109 46.284826278686531 74.275493621826186 70.983528137207045 3.2757411003112797 46.023597717285163 45.661050796508796 65.00513076782228 1.9062452316284182 30.549678802490238 31.600819587707523 4.6536796092987069 20.727281570434574 17.19999980926514 42.399999618530281 54.562303543090827 7.7489681243896493
decision_type=2 2 2 2 2 2 2 2 2 2 2 2 2 2 2 2 2 2 2 2 2 2 2 2 2 2 2 2 2 2
left_child=12 2 3 -2 10 6 7 21 -8 -9 11 -4 22 18 -15 16 -16 -17 19 20 -14 -3 24 26 25 -1 -24 -25 -29 -27
right_child=1 5 4 -5 -6 -7 8 9 -10 -11 -12 -13 13 14 15 17 -18 -19 -20 -21 -22 -23 23 27 -26 29 -28 28 -30 -31
leaf_value=-0.010357584325978102 -0.0017572771295624595 0.012451438123181004 0.046142379618492539 -0.031677090752749382 -0.022184283735366944 -0.0052226291888333859 0.049534398793280525 0.023469150708488162 -0.0070038990911815147 -0.002834094300871063 -0.014412915879845969 -0.0019606889315560631 -0.008359686514052592 0.040192329857493853 0.0098942023801810546 0.054745091416004373 -0.027537519092469983 0.011540956887693909 -0.022682068192260714 0.022260340493327216 0.0052000125606917339 -0.026301675671665605 0.00045012202933372421 0.00012118998952697109 0.012094052066396611 0.00047762035415209008 0.031479786519942841 0.01797034223089565 0.0026857717194098811 -0.0043038529481206535
leaf_weight=157.00203607231379 37.359783267602324 6.8041457161307326 17.118774548172954 64.298433783464134 16.258934892714024 262.89120068214834 20.846263661980633 42.209834210574627 7.4951727613806716 28.282598063349724 6.7917774468660346 9.331033952534197 112.7782848700881 29.23369762301445 59.664618968963623 12.345299407839777 21.121271818876266 17.033787578344345 20.472104549407959 25.774079158902168 193.39718259125948 34.038097955286503 20.789859980344772 78292.395887630526 54.269829981029034 1140.7902495115995 25.067677110433578 66.102705404162407 252.79688695818186 772.99818847328424
leaf_count=964 392 58 148 739 187 2239 142 264 61 217 73 103 457 49 212 75 84 95 40 71 826 315 125 499210 288 6835 129 257 1054 4389
internal_value=0.000106137 -0.00377937 -0.0120499 -0.0208493 0.0059262 -0.000638777 0.00791949 0.000877192 0.0345603 0.0129043 0.0200793 0.0293562 0.000132733 0.00469038 0.0152724 0.00835445 0 0.0308975 0.000459773 0.00195912 0.000173789 -0.0195623 0.000104852 0.000155404 -0.00176234 -0.00213339 0.0178112 0.000144834 0.00591295 -0.001451
internal_weight=81827.8 553.726 151.159 101.658 49.5005 402.567 139.676 111.335 28.3414 70.4924 33.2416 26.4498 81274 491.82 139.399 110.165 80.7859 29.3791 352.422 331.95 306.175 40.8422 80782.2 78657.2 2125.06 2070.79 45.8575 78611.3 318.9 1913.79
internal_count=520098 4938 1642 1131 511 3296 1057 854 203 481 324 251 515160 1909 515 466 296 170 1394 1354 1283 373 513251 500775 12476 12188 254 500521 1311 11224
is_linear=0
shrinkage=0.035


Tree=187
num_leaves=31
num_cat=0
split_feature=10 5 7 11 2 2 2 5 2 5 7 11 7 9 12 4 2 4 2 2 6 4 6 10 7 9 2 5 11 2
split_gain=6.34536 28.6716 20.7553 33.3886 31.5773 56.6937 51.4022 20.4665 84.8501 21.5883 17.8071 17.2286 52.4713 20.3092 16.907 19.4978 29.6689 33.2493 15.3481 47.0595 79.2574 50.0112 28.2179 31.3515 25.5012 250.59 78.0275 70.1681 45.1585 154.888
threshold=-0.80657023191452015 44.901058197021491 27.158969879150394 36.383949279785163 53.537023544311531 53.507390975952156 53.865806579589851 46.057298660278327 53.865806579589851 46.474193572998054 27.393962860107425 38.906049728393562 42.491350173950202 1.140049993991852 3.3203631639480595 56.022642135620124 52.56477355957032 45.686548233032234 49.666902542114265 49.977699279785163 61.108633041381843 48.616361618041999 73.686916351318374 -12.683357715606688 62.413892745971687 1.0000000180025095e-35 50.051361083984382 46.284826278686531 55.808250427246101 51.659938812255866
decision_type=2 2 2 2 2 2 2 2 2 2 2 2 2 2 2 2 2 2 2 2 2 2 2 2 2 2 2 2 2 2
left_child=18 14 3 7 5 -5 -6 8 -3 -9 -4 12 -12 -13 -2 16 -16 -18 22 20 -20 -22 -1 -24 28 27 -27 -26 -21 -30
right_child=1 2 10 4 6 -7 -8 9 -10 -11 11 13 -14 -15 15 -17 17 -19 19 24 21 -23 23 -25 25 26 -28 -29 29 -31
leaf_value=-0.0010512674185311497 -0.0098392201597600412 0.083269961500224768 -0.015420090764429781 0.011668483692531519 -0.015246957675354165 0.055365044851700088 0.010211289981573141 -0.012568823270133108 0.0018204098385288076 0.00043407459739650824 -0.00031437593335464827 -0.00075309319789526206 0.010427982507754395 0.00077796653384028247 0.051468019126003337 -0.0054878279927253141 0.067882153213378815 -0.0020261399601297922 0.00071866378615813482 -0.0012561913586841352 -0.034776427167147871 0.039701429239975133 0.02877360573329028 -0.0092653372291101824 0.022700524757260788 -0.017090908817830475 -0.00043065322394516783 -0.0012286799259487702 -0.0046013812904073101 0.018449992059780637
leaf_weight=3838.1851197481155 25.196569360792637 16.95725005865097 91.319163378328085 320.4956910116598 134.95548982173204 40.519965708255768 340.22101234458387 201.7300094589591 135.24142227554694 682.67811744241044 2010.5306335417554 28407.068460391834 769.0136174634099 16939.523147409782 39.443623065948486 25.393290787935257 9.4493283033370954 43.470983892679214 276.69756545126438 20711.280819088221 11.396271772682665 125.17707167379558 26.567319720983505 835.56500404002145 762.21476102992892 387.94471599161625 3025.9952542758547 186.09886185079813 846.83370884507895 615.90531486272812
leaf_count=19476 134 41 783 2061 510 67 1875 863 873 4487 12520 194540 3874 98745 88 73 63 325 1366 132393 50 739 102 5119 3703 1256 23962 1528 5563 3046
internal_value=-0.000105676 0.000138777 9.38405e-05 0.00370812 0.00890823 0.0167039 0.00295268 -0.000483501 0.0113288 -0.00253261 -4.64547e-05 -1.6882e-05 0.00265733 -0.000180998 0.0157476 0.0213109 0.0287376 0.0111512 -0.000493876 -0.000171685 0.0115361 0.0332694 -0.00233935 -0.00805944 -0.000354625 0.0020909 -0.00232946 0.0180002 -0.000836102 0.0051047
internal_weight=81883.1 50233.2 50090.3 1872.8 836.192 361.016 475.177 1036.61 152.199 884.408 48217.5 48126.1 2779.54 45346.6 142.954 117.757 92.3639 52.9203 31649.9 26949.5 413.271 136.573 4700.32 862.132 26536.3 4362.25 3413.94 948.314 22174 1462.74
internal_count=520225 321922 321239 10777 4513 2128 2385 6264 914 5350 310462 309679 16394 293285 683 549 476 388 198303 173606 2155 789 24697 5221 171451 30449 25218 5231 141002 8609
is_linear=0
shrinkage=0.035


Tree=188
num_leaves=31
num_cat=0
split_feature=5 13 13 6 6 1 5 13 13 13 4 7 2 6 7 0 5 10 7 10 6 7 1 4 6 2 4 7 2 2
split_gain=5.45088 10.6993 15.9157 27.7853 14.8651 13.6679 12.4406 12.3692 15.0076 11.6281 11.609 13.2716 11.2549 10.7179 10.7275 9.77404 8.7654 14.1079 26.37 12.6154 11.4132 11.2477 10.4145 11.1642 9.74548 22.1603 43.8494 127.319 64.9422 40.0997
threshold=95.092845916748061 1.0362972021102907 1.1428944468498232 72.128566741943374 86.215801239013686 58.173748016357429 99.081165313720717 1.5268065333366396 1.6530054211616518 1.0471491217613222 18.004511833190922 33.509216308593757 51.794879913330085 43.764425277709968 70.530574798583999 42.399999618530281 50.079999923706062 -8.9486303329467756 18.460414886474613 10.569621562957765 48.081212997436531 69.86682510375978 54.856134414672859 27.500529289245609 50.022300720214851 51.59552192687989 51.882596969604499 59.565095901489265 51.641031265258796 50.078802108764656
decision_type=2 2 2 2 2 2 2 2 2 2 2 2 2 2 2 2 2 2 2 2 2 2 2 2 2 2 2 2 2 2
left_child=16 4 3 5 15 9 -7 13 12 -3 -6 -12 -9 -4 -15 -2 24 21 20 -20 -19 22 -18 -24 -1 29 28 -28 -27 -26
right_child=1 2 7 -5 10 6 -8 8 -10 -11 11 -13 -14 14 -16 -17 17 18 19 -21 -22 -23 23 -25 25 26 27 -29 -30 -31
leaf_value=0.00033527320232678025 -0.0053583101395861003 -0.017801848513668391 -0.024421290218837821 -0.0067802818188449519 -0.022818567297801663 0.019385626231388037 0.055915119997458067 0.025922520705462058 -6.8532874107800682e-05 0.016771657550564156 0.048028177300415274 0.0081254829136042234 0.0016714551917433927 -0.0066378430856763714 0.0090305055314542984 0.0059234183651587736 -0.012471861559075264 0.011374816536958278 0.0013767314334069069 -0.018405268668908074 0.047519599969401562 0.028592171741903132 -0.015002182433005697 0.032262193162940052 0.00038777856452997639 0.012832624733737709 0.0089708049668122663 -0.0080334981947075296 -0.00088424465505294858 -0.0029837283872604353
leaf_weight=37912.852483294904 1287.1973701268435 14.111758969724177 34.321224845945835 76.353320397436619 11.370117604732512 32.6240059658885 19.000781551003456 48.620660483837128 1280.8498924002051 57.297724217176437 11.168897822499273 79.628327392041683 46.072414845228195 340.5514132976532 62.42869345843792 100.25377689301968 176.77848213445395 25.198253393173218 7559.2771439254284 38.855581417679787 19.710115492343903 9.0917446538805944 9.9145983457565325 13.35425992310047 8388.3123255851679 437.38271363219246 2035.5643958551809 732.66192792076617 12033.350516267121 8905.1974132382311
leaf_count=218117 7459 76 198 464 63 181 86 223 6777 313 53 430 186 1794 361 402 1576 184 61999 260 151 62 40 47 59999 2756 10828 6146 76518 62450
internal_value=1.70826e-05 -0.00133364 0.000327858 0.00969553 -0.00358171 0.0199545 0.0336121 -0.000702419 0.000923911 0.00972086 0.00923262 0.0134869 0.0143094 -0.0058264 -0.00418012 -0.00453513 7.75958e-05 0.00118677 0.00143327 0.00127272 0.0279458 -0.00775941 -0.00955367 0.0120033 -4.59509e-05 -0.000490436 0.000482322 0.00446676 -0.000401803 -0.00134801
internal_weight=81799.4 3501.85 2012.23 199.388 1489.62 123.034 51.6248 1812.84 1375.54 71.4095 102.167 90.7972 94.6931 437.301 402.98 1387.45 78297.5 7852.18 7643.04 7598.13 44.9084 209.139 200.047 23.2689 70445.3 32532.5 15239 2768.23 12470.7 17293.5
internal_count=520199 19066 10659 1120 8407 656 267 9539 7186 389 546 483 409 2353 2155 7861 501133 64319 62594 62259 335 1725 1663 87 436814 218697 96248 16974 79274 122449
is_linear=0
shrinkage=0.035


Tree=189
num_leaves=31
num_cat=0
split_feature=9 7 7 7 10 5 2 4 11 10 10 7 10 2 2 7 12 2 9 5 4 10 1 10 13 13 13 12 2 1
split_gain=6.45117 12.6087 15.9961 11.7569 11.5576 10.1889 10.2503 33.2162 15.1855 12.4762 9.72994 8.89297 8.68969 6.52014 6.97772 5.45039 5.24464 15.6411 11.7586 9.50966 14.1252 10.9276 8.9838 8.63893 7.71404 11.7959 9.42045 6.81018 19.5553 11.1113
threshold=7.6709501743316659 90.347183227539077 65.00513076782228 83.923740386962905 22.41047286987305 50.079681396484382 50.079050064086921 67.195690155029311 77.268501281738295 16.556191444396976 -8.9486303329467756 54.481985092163093 16.556191444396976 51.023017883300788 49.107086181640632 47.849605560302741 59.917381286621101 98.526855468750014 -0.33615000545978541 92.483322143554702 64.45630264282228 -6.6548156738281241 82.460113525390639 -7.5363545417785636 2.353266835212708 2.9857397079467778 2.2474747896194462 79.466030120849624 98.293304443359389 91.019119262695327
decision_type=2 2 2 2 2 2 2 2 2 2 2 2 2 2 2 2 2 2 2 2 2 2 2 2 2 2 2 2 2 2
left_child=3 2 11 16 -3 6 7 -5 12 -9 -7 15 -8 14 -4 -2 17 24 -19 27 23 -22 -20 -21 26 -26 -1 28 -18 -29
right_child=1 4 13 5 -6 10 8 9 -10 -11 -12 -13 -14 -15 -16 -17 19 18 22 20 21 -23 -24 -25 25 -27 -28 29 -30 -31
leaf_value=-4.553569063340326e-05 0.00076959960996246014 -0.035892566928977368 0.004847819951937068 -0.034170630744412026 -9.4447477722811409e-05 0.016801826316522561 0.046698519707754682 0.021288396246826449 -0.0040872553211025921 -0.018157068148778193 -0.02684283287833103 -0.014560904594825503 0.0032647107156610405 -0.0098022157473889957 0.025530947158840096 0.029097087432076577 0.03523177411233392 0.039074895768484365 -0.0017783177855759647 0.022833279970242083 -0.026224143687132381 -0.00065433410562643025 0.022853443943114889 -0.011513357382531175 0.014349308007314833 0.0015827480335061574 -0.015303446149796519 -0.014850073259921246 -0.013215721216575198 0.015183264075121472
leaf_weight=79105.678836531471 29.802615001797676 11.331741608679293 27.769740335643291 42.543305702507496 128.26505458168685 6.4448413327336302 12.832904919981958 30.218008659780025 66.838090479373932 13.490528956055639 46.925503038801253 36.004797898232937 10.475519694387911 8.5872916281223279 85.020290642976761 11.070816591382025 28.431893937289715 18.142954736948013 45.404990740120411 8.450550474226473 20.109055832028389 1048.4184384346008 28.791622914373875 249.15334975719452 108.49323153495789 480.69404011964798 48.80426549166441 29.157738760113716 14.894091553986071 29.592839628458023
leaf_count=504961 111 107 117 488 1081 50 113 198 634 91 466 137 98 42 430 33 167 78 221 31 98 5213 139 1281 521 2703 286 187 94 168
internal_value=-4.86188e-05 0.00477178 0.0104373 -6.87354e-05 -0.00323817 -0.00796112 -0.0038162 -0.0124089 0.00436513 0.00884885 -0.0212729 -0.00196906 0.0282245 0.018314 0.0205702 0.00902153 -4.6256e-05 -8.5502e-06 0.0143258 -0.0021479 -0.00294548 -0.00116135 0.0078284 -0.0102923 -2.538e-05 0.00396172 -5.51863e-05 0.00808805 0.0184808 0.000161004
internal_weight=81831.8 337.852 198.256 81494 139.597 229.769 176.398 86.2518 90.1465 43.7085 53.3703 76.8782 23.3084 121.377 112.79 40.8734 81264.2 79836 92.3396 1428.21 1326.13 1068.53 74.1966 257.604 79743.7 589.187 79154.5 102.077 43.326 58.7506
internal_count=520344 2058 870 518286 1188 2138 1622 777 845 289 516 281 211 589 547 144 516148 508909 438 7239 6623 5311 360 1312 508471 3224 505247 616 261 355
is_linear=0
shrinkage=0.035


Tree=190
num_leaves=31
num_cat=0
split_feature=0 8 7 9 1 8 7 12 1 7 7 10 9 12 12 7 1 1 1 1 12 12 9 11 6 0 6 9 6 12
split_gain=4.77942 10.3672 17.1617 18.5751 10.2197 9.7869 9.56418 20.7622 13.1674 9.77913 9.01104 12.3417 12.5309 7.7406 10.3419 12.5578 8.58172 17.8358 17.617 7.574 7.43057 7.26581 9.78191 7.03113 7.12705 7.00343 8.38241 6.89337 5.59306 5.37766
threshold=20.800000190734867 -1.4999999999999998 49.986120223999031 -2.3281500339508052 93.573421478271499 -11.499999999999998 27.69983005523682 3.3203631639480595 75.282817840576186 26.097272872924808 34.419713973999031 -9.6117405891418439 0.63064998388290416 60.432214736938484 56.230590820312507 71.03153228759767 89.148601531982436 90.385066986083999 67.913909912109389 90.385066986083999 59.188383102416999 68.107746124267592 0.35144999623298651 28.875400543212894 38.663455963134773 35.20000076293946 49.267099380493171 0.35144999623298651 25.079114913940433 15.143278598785402
decision_type=2 2 2 2 2 2 2 2 2 2 2 2 2 2 2 2 2 2 2 2 2 2 2 2 2 2 2 2 2 2
left_child=1 2 10 -4 5 -5 7 9 25 23 27 -12 -13 14 16 20 18 -18 -3 -10 -16 -15 -23 24 -2 26 -9 28 -1 -8
right_child=6 13 3 4 -6 -7 29 8 19 -11 11 12 -14 21 15 -17 17 -19 -20 -21 -22 22 -24 -25 -26 -27 -28 -29 -30 -31
leaf_value=-0.013765920507044322 0.025791886504268093 0.00012447997817635181 0.057535205076209968 0.040086463535949364 -0.01224163322834047 0.0021854135318058032 0.0034423593187030981 0.010590579947834787 -0.022537918455242018 0.01809917279473159 0.022021376627841985 -0.013365949820759598 0.01783034752879736 -0.0165069501373321 0.02194297827035175 0.058780380226530121 0.048266698180362465 0.0040646829534696713 -0.0098202560575783911 0.011759807908015882 -0.018801844028615799 0.025285078123359134 -0.0044792622966901658 -0.021407228348709551 -0.0068928960986685515 0.0081323571028184306 0.037884539385616839 -0.03541351649671292 -0.00078683977840122011 3.4944659257775686e-05
leaf_weight=45.179062373936176 9.3255906626582128 76399.716335069388 6.4483100548386565 7.7425821721553794 61.053794518113136 437.36935417354107 759.55666279792786 21.359418965876102 12.384746193885805 19.872359327971935 12.861856639385222 320.35038524121046 15.726740665733812 58.087081469595432 13.566315956413751 7.0983248949050894 10.809869624674318 346.74366324394941 218.02510286122561 18.701273180544376 7.9776080623269072 13.499276846647261 237.2272654697299 31.904694989323616 41.397361427545547 26.847150392830372 48.456395901739597 7.0658497214317313 367.96923011541367 2252.5994868278503
leaf_count=280 36 490256 26 46 432 2908 4236 85 47 113 48 1998 94 341 81 49 66 2244 1250 76 46 79 1419 160 192 84 175 42 2365 10867
internal_value=0.000109653 5.52258e-05 -0.00306553 0.00188321 0.00107075 0.00293112 0.00142644 0.00829296 0.0176722 -0.0033753 -0.00637131 -0.0105306 -0.0118465 0.000107087 0.000129381 0.0208704 0.000121355 0.00552534 9.59874e-05 -0.00190759 0.0064091 -0.00541538 -0.00277358 -0.00874795 -0.000440657 0.0240047 0.0298479 -0.00288747 -0.00224691 0.00089718
internal_weight=81836.9 78594.5 1281.77 512.614 506.166 445.112 3242.41 230.249 127.749 102.5 769.153 348.939 336.077 77312.8 77003.9 28.6422 76975.3 357.554 76617.7 31.086 21.5439 308.814 250.727 82.6276 50.723 96.663 69.8158 420.214 413.148 3012.16
internal_count=520141 504070 8239 3412 3386 2954 16071 968 467 501 4827 2140 2092 495831 493992 176 493816 2310 491506 123 127 1839 1498 388 228 344 260 2687 2645 15103
is_linear=0
shrinkage=0.035


Tree=191
num_leaves=31
num_cat=0
split_feature=2 10 2 5 11 5 5 2 6 2 10 6 10 7 5 9 7 7 5 9 4 10 7 7 7 11 5 6 7 9
split_gain=5.57415 28.6123 99.2584 81.6046 60.0977 91.4464 80.9509 76.4892 37.3353 37.2151 31.805 33.3008 29.0323 34.5848 87.2526 31.9586 29.7696 23.4023 22.8143 20.64 19.6684 16.5892 58.3824 93.932 53.8483 51.4762 55.795 43.8179 54.4113 37.656
threshold=53.468648910522468 3.8308068513870244 53.471158981323249 45.679006576538093 41.24964904785157 45.656616210937507 45.661050796508796 53.706521987915046 42.58998107910157 53.883504867553718 6.3144264221191415 52.364688873291023 -4.4307115077972403 20.186177253723148 46.584453582763679 -1.3484500050544737 49.302305221557624 31.598712921142582 47.320657730102546 -3.2763500213623042 35.864292144775398 -6.0641770362853995 40.876146316528327 33.602645874023445 46.043565750122077 42.611850738525398 45.764883041381843 59.510698318481452 39.356723785400398 -1.1216500401496885
decision_type=2 2 2 2 2 2 2 2 2 2 2 2 2 2 2 2 2 2 2 2 2 2 2 2 2 2 2 2 2 2
left_child=21 3 8 4 5 20 17 -7 -3 10 -4 -12 15 14 -14 18 -17 -6 -5 -15 -2 22 23 -1 29 26 -26 -25 -29 -24
right_child=1 2 9 12 6 7 -8 -9 -10 -11 11 -13 13 19 -16 16 -18 -19 -20 -21 -22 -23 24 27 25 -27 -28 28 -30 -31
leaf_value=-0.0012768891010119868 0.037603191809709099 0.015600944345845908 0.0013135742325379178 -0.0068308463684209385 0.0045976976918895521 0.0093044259563033384 -0.034729852497099305 0.066943678601587842 0.064765073265079853 -0.0021095600332948412 0.0045847646513654276 0.030219756395262035 -0.034871791901343735 0.0069678232253145124 0.022404323864442806 0.019346419251262251 -0.0084878194102393049 -0.011801609485322596 0.0034309191474875709 -0.00011358486950780793 -0.0092334811843054129 -9.3642525076087721e-05 -0.029901637132545802 0.0081920613322753345 0.0020960720591062286 -0.0028654079011321649 0.030060222935978726 0.032315091587338758 0.0045976777358762788 0.0015988114974311803
leaf_weight=1008.2546266010031 10.420243233442305 37.003385484218597 307.81310071237385 1530.2755947876722 125.43970898538828 128.36322058551013 188.22425799677148 35.626546263694763 40.480005770921707 1157.3236669520847 118.95371949672699 131.50945501960814 37.492213182151318 565.33239735476673 217.10433456301689 132.12595503777266 71.88942389190197 674.9959819605574 319.551867345348 4593.6617424436845 463.54727662634104 66763.334769586101 132.40868589282036 674.46549125015736 271.00877187401056 1602.5557376225479 128.74087246507406 257.56919485889375 132.02456708066165 70.658960476517677
leaf_count=7070 74 72 1726 7835 1068 677 725 160 81 7078 538 575 311 2859 649 615 345 5067 1629 27699 3537 433869 607 2671 985 9535 484 759 739 588
internal_value=-7.12762e-05 -0.000808737 0.00322982 -0.00160601 -0.00870776 -0.000319853 -0.0141086 0.0221331 0.0417748 0.00146624 0.00888392 0.018126 -5.73421e-05 0.00128593 0.0138595 -0.00360052 0.00950938 -0.00922084 -0.00505366 0.000662013 -0.0081274 4.165e-05 0.00215447 0.00637219 -0.00180648 -5.81646e-05 0.0111616 0.0136222 0.0229689 -0.0189432
internal_weight=81928.2 10887.1 1793.08 9094.05 1626.62 637.957 988.66 163.99 77.4834 1715.6 558.276 250.463 7467.43 5413.59 254.597 2053.84 204.015 800.436 1849.83 5158.99 473.968 71041 4277.69 2072.31 2205.37 2002.31 399.75 1064.06 389.594 203.068
internal_count=520627 63320 10070 53250 11308 4448 6860 837 153 9917 2839 1113 41942 31518 960 10424 960 6135 9464 30558 3611 457307 23438 11239 12199 11004 1469 4169 1498 1195
is_linear=0
shrinkage=0.035


Tree=192
num_leaves=31
num_cat=0
split_feature=0 0 5 1 1 1 7 5 10 10 7 4 7 10 5 4 1 6 4 10 10 10 4 9 9 10 5 7 9 9
split_gain=6.22102 8.76447 8.53613 8.79244 14.6825 7.02495 6.4155 6.41194 12.0779 6.64682 7.06137 7.3668 6.37746 5.97624 8.75885 7.37497 5.9159 5.10155 9.13225 7.93228 7.13946 6.57125 7.85534 6.85978 6.23376 5.02557 29.7005 28.3003 25.6928 15.0107
threshold=42.399999618530281 49.600000381469734 97.240673065185561 61.286808013916023 91.511581420898452 47.930479049682624 29.059847831726078 92.552654266357436 2.7313859462738042 -1.7742630839347837 40.876146316528327 60.342906951904304 36.108549118041999 2.3216542005538945 96.675193786621108 72.505500793457045 38.751201629638679 98.976982116699233 38.841281890869148 7.0411381721496591 -7.5363545417785636 -6.0641770362853995 48.447837829589851 2.1640499830245976 0.48905000090599066 -15.079775810241697 46.484361648559577 13.469102859497072 -6.0219500064849845 -7.7415499687194815
decision_type=2 2 2 2 2 2 2 2 2 2 2 2 2 2 2 2 2 2 2 2 2 2 2 2 2 2 2 2 2 2
left_child=17 2 6 5 -5 16 -2 8 -3 -9 12 -12 -11 15 -15 -8 -4 25 20 21 -19 22 -20 -23 -21 26 28 29 -1 -28
right_child=1 7 3 4 -6 -7 13 9 -10 10 11 -13 -14 14 -16 -17 -18 18 19 24 -22 23 -24 -25 -26 -27 27 -29 -30 -31
leaf_value=0.034522819208615135 0.026315897323145404 0.035464437483773988 0.0048875693687031605 0.039764548154450026 0.0045951093855156229 -0.013017163097581174 -0.015786723527416426 0.024658096166670449 -0.016123375944243307 -0.0049473189876567299 0.013622389916570506 -0.0062080587243249774 -0.033520728642290637 0.014182488364606132 -0.018545013010152805 0.01264235465495574 0.034973628660099516 -0.00699673065830448 0.029283009042663583 0.041988944815341524 0.039356312553714877 -0.0088398424837186473 -0.01858129369700013 0.0068541399643314051 0.0033726647277781065 -1.2632677523337737e-06 -0.0055681230733417323 -0.023989844325561751 -0.0012556919389783965 0.030943701706252366
leaf_weight=33.659935787320137 11.334350004792212 13.705581530928614 31.492135837674141 33.487393081188202 26.511102020740509 17.002582862973213 42.498128175735474 8.621213920414446 8.1935814842581731 22.121208220720291 29.769958093762398 90.600376591086388 17.546942561864853 46.899836145341396 11.791377417743204 14.131045319139956 10.464982360601423 5.9601671965792766 12.222598328255119 5.9845107551664141 9.6307881344109756 330.78292222321033 5.3629490332677952 36.9313281821087 23.661169731989503 80632.501144509763 48.907108150422573 114.11417282372713 84.435712553560734 18.223729684948921
leaf_count=90 47 70 133 119 122 63 193 29 37 76 121 361 58 202 42 69 36 56 74 47 75 4819 64 333 179 510636 517 919 378 172
internal_value=-1.60434e-05 0.00414875 0.00851229 0.0152222 0.0246046 0.00535592 0.00209917 -0.00145094 0.0159665 -0.00381846 -0.00551102 -0.00118827 -0.0181724 -0.000385608 0.00732873 -0.00849345 0.0130693 -3.84969e-05 -0.00383484 -0.00485231 0.0217326 -0.00621264 0.014132 -0.00723317 0.0122964 -1.81771e-05 -0.00453874 -0.0134301 0.00904679 0.00448823
internal_weight=81798.6 436.172 245.613 118.958 59.9985 58.9597 126.655 190.559 21.8992 168.66 160.038 120.37 39.6682 115.32 58.6912 56.6292 41.9571 81362.4 430.536 414.945 15.591 385.3 17.5855 367.714 29.6457 80931.8 299.341 181.245 118.096 67.1308
internal_count=520137 1778 1026 473 241 232 553 752 107 645 616 482 134 506 244 262 169 518359 5647 5516 131 5290 138 5152 226 512712 2076 1608 468 689
is_linear=0
shrinkage=0.035


Tree=193
num_leaves=31
num_cat=0
split_feature=6 2 5 6 2 10 10 2 2 2 7 2 7 2 7 10 2 6 2 10 2 7 4 5 2 7 7 5 5 5
split_gain=9.92343 21.4844 21.4543 13.8262 11.8 23.8762 17.0622 15.4665 26.3928 28.9801 18.7557 13.2439 37.235 16.6583 10.1045 10.0797 9.72508 8.09327 7.82433 7.73349 30.9437 41.8606 57.1269 33.9605 43.7909 16.1442 14.8875 8.81552 21.6532 19.3157
threshold=3.2703125476837163 48.029621124267585 45.45686340332032 0.43134848773479467 50.051361083984382 -0.61513367295265187 -6.2426600456237784 51.558494567871101 52.478269577026374 52.659847259521491 39.775512695312507 50.475614547729499 57.632680892944343 50.408788681030281 58.867916107177741 -7.9400031566619864 49.738378524780281 99.693408966064467 49.977699279785163 -6.2426600456237784 49.021945953369148 69.86682510375978 47.69026184082032 43.508358001708991 50.078926086425788 73.038913726806655 1.0000000180025095e-35 46.450481414794929 45.558958053588874 46.620765686035163
decision_type=2 2 2 2 2 2 2 2 2 2 2 2 2 2 2 2 2 2 2 2 2 2 2 2 2 2 2 2 2 2
left_child=1 2 3 -1 5 6 15 11 10 -10 -9 13 -13 -6 -7 -3 -16 19 -8 20 21 22 -2 -22 -25 -23 -21 28 -28 -29
right_child=17 4 -4 -5 7 14 18 8 9 -11 -12 12 -14 -15 16 -17 -18 -19 -20 26 23 25 -24 24 -26 -27 27 29 -30 -31
leaf_value=0.043045635251642914 -0.0043221137473555349 -0.0094471925534352907 0.031037672349313834 -0.0036836819890003632 0.0033914299848232733 -0.032046721592217532 -0.016603374564364292 -0.021600561002328957 0.019448842656702537 0.00059369088252083811 -0.0037149881797383598 0.021679800573157628 0.001802657210455625 -0.018435834058948958 0.0090568075468826989 0.035218951298271219 -0.0075142865807840548 -0.021157833876673946 -0.041817976150431042 0.036659549626953732 -0.034733886324847245 0.015428683359600032 -0.033592155556152088 0.011739890009560387 0.0012011993176574891 -0.0021787980273297912 0.00013445395637331204 0.005964165745044144 -0.0013103799556361188 0.00020553107216304126
leaf_weight=8.0841733217239362 272.25833814591169 12.301686339080335 60.040864072740078 59.523245111107826 661.14806676656008 8.9487561732530576 105.68366491794586 90.094763740897179 114.21850743889809 764.92291361093521 352.2169294655323 187.77641601860523 300.35717735439539 44.936338722705841 151.82777311652899 10.832195326685904 59.487430304288864 21.57477368041873 18.1066679880023 12.623498424887655 29.299949370324612 105.51982650905848 116.51330772787333 553.99173022061586 3753.9097061902285 157.68267884850502 31967.284853950143 739.31632278859615 21079.734267424792 19994.968018036336
leaf_count=48 1199 43 140 340 5075 29 500 279 540 4124 1917 725 1504 205 713 49 304 1765 56 76 80 315 413 3216 21216 1013 214775 3105 96389 160014
internal_value=-3.39088e-05 0.00193784 0.0159486 0.00223972 0.00131078 -0.00453775 -0.0154323 0.00216839 -0.000435811 0.00306677 -0.00740633 0.00505427 0.00948632 0.00197311 0.00272721 0.0116529 0.00434812 -0.000109342 -0.0205925 -0.000103274 0.00123005 -0.00587174 -0.0131632 0.00230011 0.00256002 0.00487902 -0.000193527 -0.000200324 -0.000439571 0.000411425
internal_weight=81815.2 3010.51 127.648 67.6074 2882.86 367.188 146.924 2515.67 1321.45 879.141 442.312 1194.22 488.134 706.084 220.264 23.1339 211.315 78804.7 123.79 78783.1 4989.18 651.974 388.772 4337.2 4307.9 263.203 73793.9 73781.3 53047 20734.3
internal_count=520167 16591 528 388 16063 1694 648 14369 6860 4664 2196 7509 2229 5280 1046 92 1017 503576 556 501811 27452 2940 1612 24512 24432 1328 474359 474283 311164 163119
is_linear=0
shrinkage=0.035


Tree=194
num_leaves=31
num_cat=0
split_feature=5 9 7 7 7 7 2 7 9 7 11 7 7 9 7 2 4 7 5 4 2 7 7 7 5 5 9 2 4 11
split_gain=6.0688 7.57427 28.8236 25.2112 54.9223 25.3473 23.8436 25.4732 23.6488 23.588 20.4471 20.3634 48.1007 22.9734 20.185 14.0261 15.3958 13.3904 13.0708 11.5464 10.7336 9.60966 8.92671 8.68398 5.85344 13.4784 91.0136 74.5337 20.3112 18.3718
threshold=45.452220916748054 -0.10384999960660933 34.419713973999031 48.710355758666999 43.479909896850593 41.438684463500984 51.356193542480476 66.836872100830092 -3.2763500213623042 67.934066772460952 42.766550064086921 43.856449127197273 47.443729400634773 1.572149991989136 37.797212600708015 49.107086181640632 39.790378570556648 52.885164260864265 45.424163818359382 49.095163345336921 52.659847259521491 37.797212600708015 71.03153228759767 32.421426773071296 46.395015716552741 46.284826278686531 1.8438000082969668 52.404092788696296 54.724212646484382 28.875400543212894
decision_type=2 2 2 2 2 2 2 2 2 2 2 2 2 2 2 2 2 2 2 2 2 2 2 2 2 2 2 2 2 2
left_child=1 3 23 4 5 21 15 18 -6 -9 -7 14 13 -13 -4 22 -17 -14 -8 -10 -16 -1 -5 -3 25 29 27 28 -27 -2
right_child=24 2 11 6 8 10 7 9 19 -11 -12 12 17 -15 20 16 -18 -19 -20 -21 -22 -23 -24 -25 -26 26 -28 -29 -30 -31
leaf_value=-0.0011744654503522366 0.0029369770274767799 0.0065875616172392584 0.0060870206642255663 0.020303593229248292 0.038813946476087179 0.031955619584139019 -0.0024966133165871466 0.040647389320972178 -0.012236942814827378 0 0.0057328430770784804 0.0087352026354739678 -0.0045431258812116187 0.032619692117504193 -0.022868490293619134 -0.026693360434697576 -0.0003192037601074092 0.00018381729762047459 0.0079687604865779412 0.00071610187524112623 -0.0080345621966618104 0.0058533704925214638 0.0023635174472797769 0.035899693229555114 0.00024649451364776981 -0.033485354587452179 0.015826685295706539 -0.0034175951000322848 0.0011026803116639262 -0.00051477685701197017
leaf_weight=659.79397219885141 1981.5891472864896 20.814618453383446 96.687786608934402 64.002703458070755 11.445768490433691 62.23296707868576 171.18658090755343 51.376509465277195 541.8739902600646 25.917624868452549 89.282421838492155 327.18522610282525 792.45226019481197 57.986295141279697 83.586432223208249 27.220399741083384 860.90886334516108 9829.0891064740717 951.46583649516106 98.510620966088027 220.16646200418472 371.20934259193018 74.042509347200394 34.234843209385872 23612.864538549911 170.16026338934898 199.63203650712967 459.10647879354656 23.177609592676163 39871.692931770347
leaf_count=5255 8546 177 705 361 76 568 1544 372 4644 217 857 2708 6168 373 763 128 6378 83165 7775 896 1793 3127 570 254 182730 472 365 1593 60 197599
internal_value=-4.9621e-05 0.000573217 0.000112365 0.00187214 -0.00116279 0.00332907 0.00437563 0.00772401 -0.00931653 0.0270901 0.0166607 -9.82489e-06 0.000271875 0.0124092 -0.00775532 0.000450449 -0.00115872 -0.000168507 0.00636609 -0.010235 -0.0121889 0.00135168 0.0108007 0.025195 -0.000195515 -0.000440078 -0.0047965 -0.0111291 -0.0293154 -0.00035113
internal_weight=81840.9 15522.7 11462.2 4060.47 1834.35 1182.52 2226.12 1199.95 651.83 77.2941 151.515 11407.2 11006.7 385.172 400.441 1026.17 888.129 10621.5 1122.65 640.385 303.753 1031 138.045 55.0495 66318.2 42705.4 852.076 652.444 193.338 41853.3
internal_count=520239 128874 96106 32768 15423 9807 17345 9908 5616 589 1425 95675 92414 3081 3261 7437 6506 89333 9319 5540 2556 8382 931 431 391365 208635 2490 2125 532 206145
is_linear=0
shrinkage=0.035


Tree=195
num_leaves=31
num_cat=0
split_feature=6 2 2 10 10 2 2 7 7 2 2 5 7 7 7 2 5 5 4 7 10 5 12 9 9 7 7 9 7 7
split_gain=6.78673 15.4916 23.8269 51.3572 24.7159 24.1541 15.2585 44.0411 31.8461 51.6942 31.4889 31.4142 25.1984 14.6171 36.5742 20.8412 11.867 11.796 14.5144 15.1961 41.3672 18.5566 11.0292 10.3615 8.36259 160.5 132.284 86.7626 84.8656 55.7312
threshold=23.482285499572757 48.208747863769538 50.078802108764656 3.3891690969467168 9.343633174896242 49.021945953369148 51.228878021240241 67.020252227783217 34.419713973999031 52.993835449218757 50.079175949096687 45.606363296508796 65.11395645141603 71.03153228759767 61.86366271972657 50.051361083984382 45.565744400024421 45.424163818359382 46.440656661987312 70.107513427734389 -4.1648397445678702 46.023597717285163 35.997646331787116 -3.0320500135421748 0.11975000053644182 57.000656127929695 57.865306854248054 -0.69014999270439137 56.244001388549812 48.710355758666999
decision_type=2 2 2 2 2 2 2 2 2 2 2 2 2 2 2 2 2 2 2 2 2 2 2 2 2 2 2 2 2 2
left_child=1 17 3 13 5 -5 7 11 9 -8 -9 -4 -10 14 -3 -15 -6 -1 22 20 -20 -21 23 -19 25 28 27 -27 -2 -26
right_child=24 2 6 4 16 -7 8 10 12 -11 -12 -13 -14 15 -16 -17 -18 18 19 21 -22 -23 -24 -25 29 26 -28 -29 -30 -31
leaf_value=-0.0059994650182321327 -0.00055918746043526115 -0.00094089523797376653 0.0076995916333719881 0.018566588918427319 -0.00049546206016269319 0.0041269655993561045 0.015004004039405909 0.01107307766513215 -0.0018025560268180377 0.0013860091229006923 -0.005354443311613691 0.0016118615631848458 0.0058451459466656508 0.0029774786608644478 -0.0094324513600504197 -0.010635408408599998 -0.024690816861130213 0.029599027272728503 -0.027251410249943455 0.0020048640711576504 0.029977415727061914 0.013947652981041475 -0.027939780525691859 -0.0012286966683147775 0.0027030114020179389 0.047319863372921024 0.0046106919528678073 0.013214720265257307 -0.019467675830729992 -0.0012592979161225267
leaf_weight=119.57992169260979 25634.962885810062 1212.549775980413 1766.3151710107923 200.2180408462882 65.924757309257984 491.49970855563879 385.95760578662157 162.79802393168211 6495.3056294471025 2934.5878409147263 1122.5354217290878 2528.424732401967 573.33153396099806 646.79648521542549 1278.3511309698224 174.19151452928782 39.674079310148954 13.312539286911486 17.92581982165575 481.41684614121914 88.688498221337795 239.01516584306955 17.142750509083271 246.21554459631443 5256.1750448504463 145.65424122661352 3759.8906842549331 247.70807484351099 293.34148331452161 25145.016194399912
leaf_count=910 170459 9088 8953 832 465 2898 1308 1360 34915 15211 8190 17126 3521 3867 6400 1488 123 63 57 2583 331 523 67 1476 29726 774 23763 1842 1430 170354
internal_value=2.46131e-05 0.000561919 0.000328481 -0.00204757 0.00591959 0.00833325 0.000940397 0.00241656 0.000146745 0.00297421 -0.00326273 0.00411818 -0.00118068 -0.0039687 -0.00530327 7.31314e-05 -0.00976888 0.00438498 0.00551993 0.00784079 0.0201587 0.00598786 -0.00139512 0.000411827 -0.000164513 0.000249053 0.0066363 0.0259313 -0.000773974 -0.000573956
internal_weight=81784.5 21301.8 20078.5 4109.21 797.317 691.718 15969.3 5580.07 10389.2 3320.55 1285.33 4294.74 7068.64 3311.89 2490.9 820.988 105.599 1223.3 1103.72 827.046 106.614 720.432 276.671 259.528 60482.7 30081.6 4153.25 393.362 25928.3 30401.2
internal_count=520103 121755 115745 25161 4318 3730 90584 35629 54955 16519 9550 26079 38436 20843 15488 5355 588 6010 5100 3494 388 3106 1606 1539 398348 198268 26379 2616 171889 200080
is_linear=0
shrinkage=0.035


Tree=196
num_leaves=31
num_cat=0
split_feature=6 2 2 10 5 5 5 5 2 2 10 7 5 13 13 12 12 5 10 13 6 1 1 1 5 4 10 3 10 10
split_gain=7.95712 13.2879 23.4582 15.754 13.8339 12.3524 31.4375 24.0733 22.9335 17.6292 11.6946 11.3367 8.66449 8.00944 14.7557 12.5093 11.1287 15.0792 10.2725 7.9531 9.65891 7.69202 7.55812 15.0137 12.6354 7.52244 7.56008 7.4123 6.88546 6.19741
threshold=6.8068408966064462 48.029621124267585 48.799194335937507 1.0116817355155947 45.395757675170906 45.565744400024421 45.558958053588874 45.596515655517585 52.91411209106446 49.565883636474616 1.6308878064155581 35.319665908813484 45.449871063232429 2.353266835212708 3.1754032373428349 85.753021240234389 27.801815032958988 95.190334320068374 7.502749204635621 2.020408153533936 44.137369155883796 11.601765155792238 98.301441192626967 51.161386489868171 99.283889770507827 56.144704818725593 2.3216542005538945 15.000000000000002 2.8901690244674687 4.5968675613403329
decision_type=2 2 2 2 2 2 2 2 2 2 2 2 2 2 2 2 2 2 2 2 2 2 2 2 2 2 2 2 2 2
left_child=1 3 12 -1 -5 6 9 -7 -8 -4 -6 -9 -3 19 15 16 27 -18 22 -2 -21 -22 23 -16 -24 26 -14 -15 -12 -17
right_child=13 2 5 4 10 7 8 11 -10 -11 28 -13 25 14 18 29 17 -19 -20 20 21 -23 24 -25 -26 -27 -28 -29 -30 -31
leaf_value=0.001317731374197709 -0.00015979838772554566 0.00037404214303384691 0.011071192562735126 -0.020105331022026152 0.044792402445404299 -0.030986383796766156 0.019551299564693547 0.0025744213972818094 -0.002310217172278532 0.00068256802724604888 0.0031570424516159288 -0.0018472916246622469 -0.030223187576726738 0.01039831489318928 0.0051414555926471974 0.0020816638267075584 0.05677434566232907 0.014632128074460193 -0.010946526375706667 -0.018220553448560925 0.015803272550918922 -0.0055379605484905982 0.012775028129860871 -0.0084924245261133978 -0.024014857752268217 -0.0042093226892124559 -0.00079982416487826803 -0.010034094801315766 0.023620123593953372 -0.022612938677568608
leaf_weight=156.47832837700844 74301.166699866764 41.495516017079353 217.77127319574356 9.7358573749661428 21.586285300552845 30.436283558607101 214.60042661428452 1174.136882007122 79.876807361841202 2398.4630552008748 34.072239570319653 1794.8884003683925 57.55660717189312 53.312154643237591 235.71251795440912 37.514649070799351 10.615157954394816 163.8774991184473 90.036617986857891 64.070957213640213 24.016418620944023 121.71145897358656 115.85500734299421 169.18619244545698 11.823298931121824 33.299690790474415 13.756235018372534 35.38780976831913 52.859323784708977 17.445409342646599
leaf_count=709 478609 335 1175 85 76 152 505 6712 220 14017 125 10344 319 284 1318 176 53 730 458 344 150 738 628 884 68 138 72 207 176 69
internal_value=-3.84328e-05 0.0011532 0.000809816 0.00867301 0.0182728 0.00115416 0.00277845 -0.000420056 0.0136075 0.0015531 0.0219019 -9.60924e-05 -0.0130019 -0.000138524 0.00306894 0.00919074 0.0123649 0.0174832 -5.58176e-05 -0.000179148 -0.00697187 -0.00190601 0.00178588 -0.000543695 0.0091854 -0.0183365 -0.0247163 0.00215155 0.0157815 -0.00584332
internal_weight=81782.7 6331.01 6056.28 274.732 118.254 5910.17 2910.71 2999.46 294.477 2616.23 108.518 2969.03 146.108 75451.7 940.766 318.153 263.193 174.493 622.614 74511 209.799 145.728 532.577 404.899 127.678 104.613 71.3128 88.7 86.9316 54.9601
internal_count=519876 35160 33989 1171 462 33125 15917 17208 725 15192 377 17056 864 484716 4875 1519 1274 783 3356 479841 1232 888 2898 2202 696 529 391 491 301 245
is_linear=0
shrinkage=0.035


Tree=197
num_leaves=31
num_cat=0
split_feature=1 9 10 5 5 10 0 13 9 13 10 9 11 6 10 12 2 0 6 1 13 1 9 1 10 5 5 8 6 12
split_gain=6.38908 14.0446 11.3757 12.0149 11.4296 9.83008 8.73226 8.92299 9.46724 9.63897 8.68961 7.87008 12.5098 8.03955 7.34024 7.07308 15.8666 14.7545 13.8716 11.1084 10.354 10.2452 11.7703 10.9298 9.97067 8.70315 7.10731 8.62545 6.97643 6.35047
threshold=88.607372283935561 0.20564999431371692 -3.2385629415512081 92.483322143554702 95.092845916748061 -4.083268165588378 26.400000572204593 4.8809523582458505 2.6875499486923222 5.4093565940856942 0.86936265230178844 -1.0000000180025095e-35 45.023349761962898 70.618785858154311 -4.4307115077972403 2.2429984807968144 3.1099752187728886 1.0000000180025095e-35 72.128566741943374 1.0000000180025095e-35 6.4583332538604745 60.516014099121101 -1.9461500048637388 58.564083099365241 -2.8878698348999019 92.846138000488295 95.092845916748061 -10.499999999999998 59.896903991699226 44.814170837402351
decision_type=2 2 2 2 2 2 2 2 2 2 2 2 2 2 2 2 2 2 2 2 2 2 2 2 2 2 2 2 2 2
left_child=15 2 3 14 -5 -6 7 -3 9 -9 -4 12 -12 -13 -2 20 17 -17 19 -19 26 23 28 -18 -25 -20 27 -1 -23 -8
right_child=1 6 10 4 5 -7 29 8 -10 -11 11 13 -14 -15 -16 16 21 18 25 -21 -22 22 -24 24 -26 -27 -28 -29 -30 -31
leaf_value=0.03327474316786188 -0.0131073990878751 -0.0049072108314016987 -0.00025789295946787301 0.036232275176036818 0.0010774175498770306 0.034564168757757925 -0.012372817790519674 0.055343298866325594 -0.0096465718280856483 0.00062432294404718349 0.020220471519725784 0.036112986786347771 -0.0025104869520757938 -0.0065740231684265661 0.019974270269946515 -0.017080986350298536 8.5782927252023278e-05 6.6650603550353976e-05 0.026536495437001678 0.012248591703076475 0.027033829908017719 0.023466396051917193 -0.0047864286322473922 0.045127198373991935 0.0078403552930252658 -0.0031930478029921975 -0.0059977793369810316 -0.0011122804870967974 -0.0079291892809126418 0.0041103394723480714
leaf_weight=8.2295041605830175 22.572673425078392 422.10993252694607 228.97624865174294 41.500374972820282 36.800453178584576 14.67287354916334 29.56823143362999 8.7133498936891574 10.13799975812435 7.2164084240794173 47.957048915326595 22.882470317184929 74.201651401817799 6.3775260373949996 11.83050963282585 33.920641459524632 77286.521550675388 121.59360110014677 12.029007419943808 387.28712373971939 13.574918001890181 28.815882332623005 782.80523553490639 10.426899239420889 46.417131766676903 195.66736903786659 515.80399910360575 789.68422935903072 11.386348396539686 462.85125566273928
leaf_count=39 103 2749 1382 185 165 74 154 47 41 48 256 148 440 33 64 207 494884 614 64 1809 72 111 4087 46 255 1004 3382 4852 43 2278
internal_value=0.000103515 0.00240689 0.00709298 0.0161331 0.0226285 0.0111399 -0.000119284 -0.0036579 0.0158551 0.0321885 0.00401999 0.0105024 0.0064298 0.0266487 -0.00133709 6.18297e-05 0.000104542 0.00516669 0.00624746 0.00935621 -0.00247095 5.57964e-05 -0.00382653 9.72377e-05 0.0153327 -0.00134243 -0.00279742 -0.000715883 0.0144224 0.00308792
internal_weight=81692.5 1448.37 507.772 127.377 92.9737 51.4733 940.597 448.178 26.0678 15.9298 380.395 151.419 122.159 29.26 34.4032 80244.2 78916.9 750.498 716.577 508.881 1327.29 78166.4 823.007 77343.4 56.844 207.696 1313.72 797.914 40.2022 492.419
internal_count=519636 8167 2850 591 424 239 5317 2885 136 95 2259 877 696 181 167 511469 503124 3698 3491 2423 8345 499426 4241 495185 301 1068 8273 4891 154 2432
is_linear=0
shrinkage=0.035


Tree=198
num_leaves=31
num_cat=0
split_feature=7 9 7 2 2 7 5 2 4 7 2 10 7 7 2 2 2 10 5 2 2 10 6 9 6 4 2 10 7 7
split_gain=6.46751 15.8634 62.164 55.8656 62.5957 47.6532 31.7697 26.9788 25.0987 24.1915 31.8013 53.3715 26.583 66.1003 22.346 51.7845 31.6515 21.5 19.4736 23.9514 16.2964 36.2714 15.5097 15.1323 14.3524 8.95066 66.6835 83.8406 53.8474 50.9664
threshold=68.997974395751967 2.4200500249862675 69.762519836425795 50.459417343139656 50.434299468994148 69.762519836425795 45.442907333374031 50.060390472412116 52.522047042846687 70.733211517333999 48.747468948364265 -2.3218139410018916 71.315780639648452 71.191276550292983 48.996879577636726 49.738378524780281 47.838615417480476 1.7464545965194704 97.240673065185561 50.459417343139656 49.204040527343757 -2.3218139410018916 16.700766563415531 -0.54905000329017628 59.896903991699226 52.57843208312989 50.051361083984382 1.8637498617172243 58.867916107177741 64.699142456054702
decision_type=2 2 2 2 2 2 2 2 2 2 2 2 2 2 2 2 2 2 2 2 2 2 2 2 2 2 2 2 2 2
left_child=25 2 3 4 7 6 -3 -2 14 10 11 -7 13 -11 16 -16 -4 -14 19 -8 21 -10 -22 -5 -12 29 27 -27 -29 -1
right_child=1 5 8 23 -6 9 18 -9 20 12 24 -13 17 -15 15 -17 -18 -19 -20 -21 22 -23 -24 -25 -26 26 -28 28 -30 -31
leaf_value=-0.00041500412673459278 -0.012244504485292119 -0.035887982414054539 0.0052886930947623175 0.027313981815877311 -0.032239572460624984 -0.040054402472851379 0.014488412046447218 0.00019566932488101129 -0.0077559869428445345 0.0010846606899122147 -0.0081032977912376247 0.019576028517348177 0.0031294065025116264 0.040203294506069152 0.014012915606394906 0.0006916864454988526 -0.0061582797966916363 -0.0022156438260935575 0.041058983189060934 -0.0070703507603137438 0.0020564162087299762 0.0024220869984981639 -0.0040993195493631406 0.00033739944856873131 -0.023387095992696248 -0.012148636804825343 0.0017012128171515013 -0.021344270810364368 0.0091864204566176125 0.0037798863704381598
leaf_weight=47387.854611793999 725.96457028435543 16.187537096440792 527.67697424441576 25.990616291761398 158.15194586664438 21.84790800511837 387.02892925590277 300.82227462623268 527.2491076476872 206.51978731900454 274.23136319965124 96.446582436561584 1546.8094977783039 70.548349194228649 540.13255171850324 1057.884878622368 671.00277652963996 2279.0682847797871 27.565222173929214 74.425193220376968 601.61026530712843 2281.9268960352056 2956.4861795380712 531.43616726994514 105.23993591219187 984.12129789032042 13005.163326772396 81.965955212712288 484.84794343682006 3834.2000630758703
leaf_count=308532 3786 113 2695 163 504 69 1081 2946 3006 972 932 214 10432 301 3199 8215 3749 15812 79 354 4171 13740 23706 4381 441 4204 75106 293 2452 24607
internal_value=-3.67501e-05 -0.000667609 -0.0014216 -0.00748011 -0.011777 0.000941527 0.0111365 -0.00859572 -0.000268366 -0.000178211 -0.00745954 0.00830898 0.00070473 0.0111575 0.00249406 0.00520342 -0.00111315 -5.25983e-05 0.0127635 0.01099 -0.00148297 0.000507628 -0.0030563 0.00164509 -0.0124007 0.000116719 0.000882623 -0.00597439 0.00473524 -0.000100807
internal_weight=81790.4 16012.3 10906.3 1742.37 1184.94 5105.92 505.207 1026.79 9163.97 4600.71 497.766 118.294 4102.95 277.068 2796.7 1598.02 1198.68 3825.88 489.019 461.454 6367.27 2809.18 3558.1 557.427 379.471 65778.2 14556.1 1550.94 566.814 51222.1
internal_count=520255 105061 74261 11780 7236 30800 1627 6732 62481 29173 1656 283 27517 1273 17858 11414 6444 26244 1514 1435 44623 16746 27877 4544 1373 415194 82055 6949 2745 333139
is_linear=0
shrinkage=0.035


Tree=199
num_leaves=31
num_cat=0
split_feature=1 2 5 0 9 9 1 4 1 4 13 3 5 10 10 2 9 5 4 2 2 11 2 10 4 4 11 13 5 5
split_gain=5.48722 11.1335 8.39708 17.1055 11.7987 17.3797 12.2488 9.96283 18.3626 11.2121 9.50672 8.65142 8.34649 24.7351 23.3404 23.4576 28.2958 17.2903 50.5634 16.4008 16.3057 14.4382 12.0866 74.5811 16.5526 9.61699 9.61611 8.30931 8.02417 14.9901
threshold=99.998081207275405 99.30505752563478 91.413898468017592 10.000000000000002 -0.44795000553131098 -3.0320500135421748 52.533315658569343 57.322332382202156 57.095132827758796 59.670026779174812 6.4583332538604745 87.000000000000014 46.484361648559577 -15.079775810241697 -12.683357715606688 49.204040527343757 0.20564999431371692 46.284826278686531 56.993158340454109 48.799194335937507 50.079809188842781 28.875400543212894 49.021945953369148 -0.20881332457065579 52.57843208312989 46.81897163391114 1.0000000180025095e-35 1.0152545571327212 96.167602539062514 95.819477081298842
decision_type=2 2 2 2 2 2 2 2 2 2 2 2 2 2 2 2 2 2 2 2 2 2 2 2 2 2 2 2 2 2
left_child=2 28 12 4 5 6 -4 8 10 -9 -5 -10 14 20 15 19 -17 21 -19 -1 26 -16 23 -15 -24 -22 -14 -11 29 -2
right_child=1 -3 3 7 -6 -7 -8 9 11 27 -12 -13 13 22 17 16 -18 18 -20 -21 25 -23 24 -25 -26 -27 -28 -29 -30 -31
leaf_value=0.005271772099244198 0.0028356566022527219 -0.0054426290674804353 -0.0017017285194389868 -0.0010916075551673946 -0.0019652070286484582 -0.011340860720876051 0.030658180963203552 -0.014514922150163865 0.0048921200486106301 -0.0054436628916504307 0.025636551288293733 0.023265908337736726 0.045150218748967456 -0.0046122243978011911 0.0028580089235807891 -0.00017636610039777856 0.039006083582653027 -0.0063881987028617995 0.013177227787486066 0.03944243999282708 -0.012035825650982318 -0.00013718407049843133 9.8729987438743737e-05 0.023033272872907139 0.0026126781586771181 -0.036120857735378147 -0.0073835249939496932 0.0010992031837469109 0.0079334224747710375 -0.020834974147564904
leaf_weight=28.595081135630608 509.32658693194389 179.09868112951517 50.092814885079861 1795.2423960268497 712.75752518698573 460.35075246542692 19.034128628671169 94.001114875078201 688.78271047025919 434.56569910049438 15.634758859872816 32.437331028282642 8.1551799997687322 301.60281855426729 2043.8571279654279 209.55581238865852 24.456628330051899 1269.1606039842591 184.48615545034409 45.63173896074295 126.22070799954236 55078.512636023574 11964.071982212365 196.68499973788857 4386.5364350471646 24.437435962259769 7.4155855402350417 520.45163307338953 383.74540681391954 34.188771985471249
leaf_count=168 3034 868 312 9826 4931 2876 83 476 3602 2340 62 120 57 1224 9241 871 140 5119 336 92 1203 324650 103682 766 39037 250 41 2431 2158 199
internal_value=6.55645e-05 0.00251291 3.19107e-05 -0.0013839 -0.00492155 -0.00887907 0.00735729 -0.000153962 0.00103225 -0.00302248 -0.000845759 0.00575305 0.00012199 0.000804789 -7.51999e-05 0.00951791 0.00400772 -0.00012593 -0.0038944 0.0265684 -0.012595 -2.9854e-05 0.000937997 0.00630546 0.000773694 -0.0161589 0.0205652 -0.00187277 0.00406042 0.00130541
internal_weight=81829.1 1106.36 80722.7 4823.35 1242.24 529.478 69.1269 3581.12 2532.1 1049.02 1810.88 721.22 75899.4 17015.1 58884.3 308.239 234.012 58576 1453.65 74.2268 166.229 57122.4 16848.9 498.288 16350.6 150.658 15.5708 955.017 927.261 543.515
internal_count=520195 6259 513936 27059 8202 3271 395 18857 13610 5247 9888 3722 486877 146260 340617 1271 1011 339346 5455 260 1551 333891 144709 1990 142719 1453 98 4771 5391 3233
is_linear=0
shrinkage=0.035


Tree=200
num_leaves=31
num_cat=0
split_feature=7 9 7 10 2 2 10 7 2 7 2 2 10 6 10 6 5 10 5 7 9 6 4 10 11 7 7 5 11 10
split_gain=4.86021 8.42264 24.0212 34.1929 21.0054 31.1852 151.403 47.6091 48.7437 31.9487 29.7481 29.276 25.604 16.397 13.1146 13.1042 12.223 11.8775 24.7018 11.7599 11.0788 10.8631 10.8061 9.45715 7.98992 22.4816 19.3766 21.2758 12.1134 14.2358
threshold=83.923740386962905 3.1096500158309941 78.280700683593764 8.8588023185729998 50.664962768554695 50.619283676147468 7.2648968696594247 65.378646850585952 50.079681396484382 62.469350814819343 51.225116729736335 51.432224273681648 -11.258804321289061 60.306907653808601 22.41047286987305 77.198532104492202 45.764883041381843 14.079446315765383 45.419452667236335 64.163467407226577 -0.9023500084877013 59.896903991699226 61.659725189208991 6.3144264221191415 90.86985015869142 85.718479156494155 85.718479156494155 50.079681396484382 77.268501281738295 16.556191444396976
decision_type=2 2 2 2 2 2 2 2 2 2 2 2 2 2 2 2 2 2 2 2 2 2 2 2 2 2 2 2 2 2
left_child=1 2 14 20 5 7 13 9 -9 -3 16 15 -13 -7 17 -12 19 -1 -19 -6 -4 -5 -18 -22 26 -26 -2 28 29 -28
right_child=24 4 3 21 10 6 -8 8 -10 -11 11 12 -14 -15 -16 -17 22 18 -20 -21 23 -23 -24 -25 25 -27 27 -29 -30 -31
leaf_value=-3.2458570356053687e-05 -0.025906657775055811 -0.0012885665552378536 0.029566989834185424 0.011368134510285991 0.0024419292656292463 0.029788389822721532 -0.032416077864503977 0.0019562176633399785 0.014316625302527145 -0.020358550101211438 0.012104670044841918 0.045571334656896903 -0.0020474033659052099 0.063980178804268706 -0.019313125979105433 0.045244869675469028 -0.0027175562114186633 -0.020565048444816766 0.0089151753320954735 -0.015832617932431608 -0.012411820497044864 0.065851571600395828 -0.035569486384126603 0.0043822381581228344 0.025917627418584901 -0.0042687758550483713 0.051667982561679489 -0.027910823611166629 -0.0027854936436012816 -0.00040645080332163853
leaf_weight=75761.086746589281 57.811530567705631 311.972093783319 7.6985065191984168 10.494001358747484 70.799711912870407 34.001634150743484 42.096926763653755 2298.9941110005602 470.71292655728757 164.30022285878658 68.841938547790051 13.207582972943781 1054.1367410346866 43.160761594772339 42.299279551953077 18.544465973973274 17.587035074830055 37.691191462799907 357.16326639801264 106.55899051576853 396.43304533651099 8.2136104851961118 45.046845555305481 44.756201311945915 33.958848893642426 230.54015695117414 14.522545002400877 21.366229292005301 28.199623689986765 10.605677619576452
leaf_count=486882 615 1356 24 87 328 69 80 12265 2759 557 297 77 4599 70 410 99 54 346 1798 545 3364 74 142 441 204 1943 123 243 293 98
internal_value=9.21665e-06 2.8156e-05 -6.04604e-05 -0.00796233 0.00145669 0.00295418 0.0204795 0.00230325 0.00406293 -0.00790494 -0.00215113 0.000176277 -0.00141791 0.0494636 -1.17951e-05 0.0195635 -0.013342 -7.79845e-07 0.00604753 -0.00852011 -0.00993016 0.0373676 -0.0266059 -0.0106875 -0.0038499 -0.000300312 -0.0108385 0.000882098 0.0127896 0.0300849
internal_weight=81822.8 81425.8 76665.8 467.595 4759.96 3365.24 119.259 3245.98 2769.71 476.272 1394.72 1154.73 1067.34 77.1624 76198.2 87.3864 239.993 76155.9 394.854 177.359 448.888 18.7076 62.6339 441.189 397.005 264.499 132.506 74.6941 53.3278 25.1282
internal_count=520242 516723 493426 3990 23297 17156 219 16937 15024 1913 6141 5072 4676 139 489436 396 1069 489026 2144 873 3829 161 196 3805 3519 2147 1372 757 514 221
is_linear=0
shrinkage=0.035


Tree=201
num_leaves=31
num_cat=0
split_feature=7 6 9 5 7 5 9 7 2 7 5 5 7 2 4 7 4 7 2 2 4 7 7 10 5 7 7 7 2 6
split_gain=5.36568 15.1971 13.6265 36.1895 30.3638 20.5435 13.5078 49.5815 56.999 48.5982 30.2181 20.7974 20.1007 13.1332 11.453 10.0246 20.0076 9.74326 9.56155 10.0678 7.92069 7.49679 7.14816 7.13916 35.7769 35.9583 77.3375 59.2789 43.3872 36.7145
threshold=68.997974395751967 96.317134857177749 -1.75585001707077 46.028558731079109 70.019687652587905 50.051519393920906 2.4200500249862675 69.762519836425795 50.459417343139656 69.762519836425795 45.442907333374031 45.554418563842781 70.733211517333999 48.641092300415046 54.321641921997077 70.107513427734389 50.771276473999031 73.50925445556642 50.562084197998054 49.977699279785163 67.195690155029311 72.086982727050795 70.019687652587905 8.8588023185729998 45.447542190551765 64.163467407226577 57.292371749877937 67.520690917968764 51.303001403808601 83.469596862792983
decision_type=2 2 2 2 2 2 2 2 2 2 2 2 2 2 2 2 2 2 2 2 2 2 2 2 2 2 2 2 2 2
left_child=23 2 3 4 -2 -5 7 8 -4 10 -8 -11 -9 -6 15 16 -3 18 19 -16 -19 -7 -18 -1 -25 26 -26 29 -29 -27
right_child=1 14 6 5 13 21 9 12 -10 11 -12 -13 -14 -15 17 -17 22 20 -20 -21 -22 -23 -24 24 25 27 -28 28 -30 -31
leaf_value=8.4564926922581359e-05 -0.03170220839775062 0.059967489465621138 -0.011222539050830224 0.07360757006663049 -0.010071800135718754 0.036916928238023616 -0.035284342398261552 0.0026219608718044429 0.0026027872171802131 0.0021587739429517897 0.013183744724462772 -0.0026024463891614145 -0.0011563545870665736 0.023013215443204955 -0.0016404582430603369 -0.024575867989038602 -0.02195139693606107 -0.013931416130768391 -0.028391175210004473 0.018596179066071316 0.012259637997933233 -0.009572474208320322 0.015000566667360682 -0.0091158270882220217 0.0052319901694983153 0.019454913068973824 -0.015974761611114597 0.0070741655147832892 -0.042118482756845384 0.062502184199249328
leaf_weight=63702.44025793625 25.375128552317619 4.6669529825448981 1125.128017552197 14.259777933359148 20.518851786851883 7.8370230197906476 15.481734573841093 2343.7382006421685 539.2791089490056 2347.6009896695614 467.1209477186203 2154.2122157588601 6522.7798547931015 46.062330409884453 85.449597660917789 72.115782456938177 23.649944098200653 110.39328618068248 10.310785309877245 45.172693906817585 15.294520213268695 7.4981580227613449 7.8247073041275135 296.60872165113688 1265.9787766672671 184.87084767222404 251.80778635293245 79.670787431299686 29.363970853388309 27.739095158874989
leaf_count=405412 81 33 6871 25 77 43 108 11519 4326 15606 1438 12589 48300 171 710 847 326 1244 138 402 125 49 92 2467 4940 619 996 552 115 95
internal_value=1.15968e-05 -0.000562928 -0.000395305 0.011237 0.000214803 0.0443472 -0.000487461 -0.00119822 -0.00673974 0.00101276 0.0115586 -0.000118073 -0.000156675 0.0127147 -0.0075204 -0.0170962 -0.00177295 -0.00356662 0.00270917 0.00537525 -0.0106316 0.0144045 -0.012404 0.000151431 0.00214151 0.00396374 0.00170252 0.0145816 -0.00632038 0.0253173
internal_weight=81850.3 16011.8 15636.9 121.551 91.9563 29.595 15515.3 10530.9 1664.41 4984.42 482.603 4501.81 8866.52 66.5812 374.878 108.257 36.1416 266.621 140.933 130.622 125.688 15.3352 31.4747 65838.5 2136.04 1839.43 1517.79 321.645 109.035 212.61
internal_count=520316 105120 101203 446 329 117 100757 71016 11197 29741 1546 28195 59819 248 3917 1298 451 2619 1250 1112 1369 92 418 415196 9784 7317 5936 1381 667 714
is_linear=0
shrinkage=0.035


Tree=202
num_leaves=31
num_cat=0
split_feature=0 4 7 7 9 7 2 5 10 10 10 10 5 11 7 2 7 7 10 10 6 10 2 2 0 5 4 10 6 12
split_gain=6.66445 12.5876 8.9934 6.67615 56.7787 27.5871 42.4198 15.6132 36.802 19.4962 18.3459 25.2191 12.3446 8.65964 28.3608 54.9503 30.7079 28.4438 37.7988 14.2463 8.18549 6.62535 58.8954 72.9362 31.9108 21.767 26.8484 14.7051 5.74822 2.90034
threshold=59.20000076293946 61.659725189208991 51.203086853027351 20.186177253723148 -1.1965499520301817 18.460414886474613 54.368049621582038 46.859218597412116 -4.3425676822662345 7.775179624557496 14.079446315765383 3.447013378143311 50.079809188842781 21.875050544738773 40.298776626586921 53.468648910522468 64.699142456054702 36.283739089965827 -12.683357715606688 -12.683357715606688 40.634757995605476 -3.7780909538269039 49.794338226318366 49.856487274169929 13.59999990463257 43.508358001708991 42.131437301635749 -1.3104421496391294 38.663455963134773 56.584367752075202
decision_type=2 2 2 2 2 2 2 2 2 2 2 2 2 2 2 2 2 2 2 2 2 2 2 2 2 2 2 2 2 2
left_child=3 29 -3 4 7 12 -7 8 -1 -10 11 -9 -6 14 17 16 -16 18 -5 -19 -8 22 24 -24 -15 26 -23 -27 -12 -2
right_child=1 2 -4 13 5 6 20 10 9 -11 28 -13 -14 21 15 -17 -18 19 -20 -21 -22 25 23 -25 -26 27 -28 -29 -30 -31
leaf_value=-0.025313541024276187 -0.0016449846932519276 -0.039116968280303754 -0.0080528985501536077 0.025058579958490718 -0.035545475101549824 0.055632025212555121 -0.029210186587253342 -0.0023455426702155562 -0.0057539568845500688 0.025650182286419774 -0.0048925284245516561 0.020133390816852632 0.016619745434419499 -0.0069782929821240111 -0.020036715349943286 0.051869481925086613 0.012939476896435402 -0.0072775552924068364 0.0014352232977121787 0.028936464792771635 0.014849229348883934 -0.0078704318370426164 0.064633891380109998 0.0018659218448230314 0.0047370465976824712 -0.0010550166579539513 0.022555497603008921 0.00020451606281918715 -0.029658538624527241 0.022729709564893577
leaf_weight=129.58806725777686 10.556307628750803 18.538549475371838 31.092888966202736 89.776153609156609 10.16565013676882 43.582024797797203 9.1363464444875735 734.18509599752724 184.72732137329876 27.024074926972389 18.466951079666615 65.870545037090778 10.375082924962042 1519.7093507554382 168.2789810821414 16.306802079081535 42.625960394740105 15.18766503036022 1002.1300412341952 81.461335904896259 9.8317048847675306 51.496908243745565 21.941250994801521 9324.2501061842777 349.12666572630405 14435.152838218492 109.49215906113386 53189.294448601548 35.233466299250722 11.410425513982771
leaf_count=499 37 70 132 261 51 75 49 5404 814 172 170 473 65 7476 642 43 123 36 5263 259 43 244 155 55070 1613 96183 272 343885 368 46
internal_value=9.60617e-05 -0.0105174 -0.0202313 0.000105552 -0.00240297 0.0254216 0.0368854 -0.00435908 -0.010681 -0.00163172 -0.00181568 -0.000467793 -0.00923362 0.000145535 0.00285802 -0.00844061 -0.0133151 0.00502805 0.00340086 0.0231608 -0.00634205 9.68071e-05 0.000884797 0.00201955 -0.00478486 -3.34706e-05 0.0127888 -6.42503e-05 -0.0214671 0.0110626
internal_weight=81766 71.5982 49.6314 81694.4 1278.19 83.0908 62.5501 1195.1 341.339 211.751 853.756 800.056 20.5407 80416.2 1415.77 227.212 210.905 1188.56 1091.91 96.649 18.9681 79000.5 11215 9346.19 1868.84 67785.4 160.989 67624.4 53.7004 21.9667
internal_count=519993 285 202 519708 8183 283 167 7900 1485 986 6415 5877 116 511525 6627 808 765 5819 5524 295 92 504898 64314 55225 9089 440584 516 440068 538 83
is_linear=0
shrinkage=0.035


Tree=203
num_leaves=31
num_cat=0
split_feature=11 7 7 9 7 7 2 7 10 7 5 5 5 2 6 7 5 10 5 2 11 9 7 10 7 7 7 7 9 2
split_gain=5.68675 104.14 112.877 68.1081 62.6162 61.2475 58.1728 52.9248 68.3108 55.9181 61.4035 53.4783 112.343 64.3781 52.0193 51.3536 50.5693 49.5125 45.1211 39.1731 34.1838 41.6651 29.9971 69.9721 184.827 41.1078 29.596 83.8158 45.6746 35.1689
threshold=51.263149261474616 57.000656127929695 57.865306854248054 -0.3685500025749206 48.710355758666999 56.244001388549812 51.225116729736335 44.850858688354499 -1.6860778927803037 43.856449127197273 45.554418563842781 45.692289352416999 45.764883041381843 50.051733016967781 31.934988975524906 49.822107315063484 45.764883041381843 -4.4307115077972403 45.452220916748054 50.078926086425788 53.345649719238288 2.6875499486923222 64.699142456054702 -2.62231433391571 65.378646850585952 65.865749359130874 57.000656127929695 57.865306854248054 0.77705001831054699 51.636827468872077
decision_type=2 2 2 2 2 2 2 2 2 2 2 2 2 2 2 2 2 2 2 2 2 2 2 2 2 2 2 2 2 2
left_child=1 5 3 16 7 -1 -7 8 9 10 -2 13 -13 -10 -8 -6 -3 -9 -11 -18 -19 -22 -4 24 -24 -25 28 -28 -17 -30
right_child=4 2 22 -5 15 6 14 17 11 18 -12 12 -14 -15 -16 26 19 20 -20 -21 21 -23 23 25 -26 -27 27 -29 29 -31
leaf_value=-0.00034693707070644457 -0.010929814163123627 0.009773268497257688 0.00030297246540463859 0.0050298382661748504 -0.012661052692063888 -0.031168102883425787 0.014706164603739401 -0.017315509741654123 -0.042109900453580554 0.042387727992616815 0.017663739903628989 0.023037998652502674 0.00011468130224863322 -0.0033568451450098633 -0.016562119463841368 -0.0020992690841862231 0.011351343676460127 0.00024632259532657004 -0.031894164725845074 0.04544930964537533 0.01585062202358788 -0.004041605964217247 0.042417326460988294 -0.0072474022945157798 0.0042634920425830966 0.0043378744704533692 -0.012808485657478601 -0.00090001358540758164 0.0011038284669734055 0.0096541053216413521
leaf_weight=35356.806448874529 107.21149410307407 121.84981283545494 3108.0322106168605 272.87858529854566 452.88144522439688 150.37559900479391 108.04880906641483 84.6866843001917 52.998065501451492 11.285894434433429 617.43791850656271 305.19496666966006 1821.6854130700231 2286.2559452978894 161.37329170107841 1924.679008948151 54.8599514067173 331.66624735714868 57.895552858710289 182.54547247290611 933.67422101367265 148.68413846939802 207.64483508095145 463.45506707578897 615.67313592880964 1949.5549222938716 743.43482426833361 26829.433836763725 1246.2806986547075 1121.0447334814817
leaf_count=227562 771 970 20297 2001 2763 662 527 441 144 106 3186 1908 10496 11353 870 13514 375 2306 250 540 5341 595 686 2802 3084 11992 5202 176565 7288 5844
internal_value=-2.12904e-05 0.000257561 0.00416919 0.0182657 -0.000326557 -0.000505093 -0.0137829 0.00273666 0.00108138 0.0105371 0.0134163 -0.000599339 0.00341476 -0.00425192 -0.00399 -0.000967441 0.0282663 0.00853778 -0.0193302 0.0376639 0.0101 0.0131106 0.00276142 0.00511959 0.0139264 0.00210818 -0.000800712 -0.00122171 0.00190199 0.00515765
internal_weight=81829.5 42753.1 6976.49 632.134 39076.4 35776.6 419.798 6758.68 5259.97 793.831 724.649 4466.13 2126.88 2339.25 269.422 32317.8 359.255 1498.71 69.1814 237.405 1414.02 1082.36 6344.36 3236.33 823.318 2413.01 31864.9 27572.9 4292 2367.33
internal_count=520441 272368 42747 3886 248073 229621 2059 36897 28214 4313 3957 23901 12404 11497 1397 211176 1885 8683 356 915 8242 5936 38861 18564 3770 14794 208413 181767 26646 13132
is_linear=0
shrinkage=0.035


Tree=204
num_leaves=31
num_cat=0
split_feature=9 10 5 10 5 5 4 10 5 10 6 10 4 11 5 5 6 5 6 10 10 5 5 6 5 6 10 10 5 9
split_gain=6.43548 7.32638 8.33079 10.7631 6.39933 23.6305 68.319 173.505 78.2252 76.3974 49.4625 21.8656 20.6614 19.7005 66.7984 75.7664 17.355 15.1284 33.4897 23.1199 12.1949 14.5904 10.8019 10.4925 9.55289 17.724 10.5772 8.52919 6.61179 4.46959
threshold=7.6709501743316659 1.2255741357803347 50.079301834106452 -3.8525112867355342 46.395015716552741 46.284826278686531 56.993158340454109 5.1680891513824472 46.324718475341804 4.2651145458221444 61.108633041381843 7.0411381721496591 54.724212646484382 28.875400543212894 45.910017013549812 45.990827560424812 0.43134848773479467 45.967329025268562 25.916258811950687 6.3144264221191415 -15.079775810241697 46.484361648559577 45.558958053588874 82.301330566406264 91.413898468017592 44.552886962890632 -1.395673334598541 1.1894266605377199 50.051519393920906 -0.43045000731945032
decision_type=2 2 2 2 2 2 2 2 2 2 2 2 2 2 2 2 2 2 2 2 2 2 2 2 2 2 2 2 2 2
left_child=4 2 3 -2 5 13 8 10 12 -10 -8 -9 -7 14 22 -16 27 19 -19 -15 21 -18 -1 -23 26 -26 -22 28 -6 -30
right_child=1 -3 -4 -5 16 6 7 11 9 -11 -12 -13 -14 17 15 -17 20 18 -20 -21 24 23 -24 -25 25 -27 -28 -29 29 -31
leaf_value=0.0029754284312480299 -0.021224656642558456 0.0026188375816652916 0.033349949179244963 0.02255546748111046 0.049605193232983805 -0.034566532745829069 0.018229192004925444 0.0029122121967102769 -0.01201752510303368 0.019404047878880525 0.07448800157290518 -0.032672547599896844 -0.0080041739889423775 -0.00033736003282501461 0.030352959220590264 0.0047732046263032103 0.04136114118933569 0.0019012992019855032 -0.003610401674514993 0.00242766416564081 -0.00017076926513001585 -0.0068795345048300706 -0.0033800782095353703 -0.030782708785264002 -0.0032851025050304118 0.00070072309000676289 0.0015719970189881959 -0.0033661676469404576 0.004063344085292105 0.027554345632875961
leaf_weight=496.39689660072327 11.161194711923601 286.92444677278399 21.223591968417168 15.269586414098738 10.201076731085776 164.00245320796967 34.288917154073715 32.708834648132324 329.20934763550758 132.11815116927028 45.791989333927631 56.760065048933029 47.526735417544842 44537.317252291832 196.19536547549069 511.38432254269719 6.038980931043624 1943.7386092469096 4410.8874091035686 4039.4944468550384 7367.2121834293939 147.42834105342627 956.20776566118002 26.303757397457957 2191.1021465398371 3624.4192992821336 10111.586583571974 16.891401737928391 18.498619325459003 23.759670428931713
leaf_count=2526 65 1782 139 59 40 469 58 58 1359 247 77 107 118 280900 662 1996 12 5538 14991 22349 59725 1302 4393 272 12633 20088 87970 128 148 191
internal_value=-5.66572e-05 0.00478138 0.0173993 0.00373051 -7.66568e-05 -0.000274464 -0.00609112 0.013702 -0.0110994 -0.00298564 0.0509043 -0.0196751 -0.0286841 -0.00018843 0.00308922 0.011902 0.000409789 -0.000317495 -0.00192337 -0.000107249 0.000357525 -0.00870129 -0.00120296 -0.0106632 0.000428032 -0.00080005 0.000837056 0.0177945 0.0246877 0.0177003
internal_weight=81812 334.579 47.6544 26.4308 81477.5 57934 842.406 169.55 672.857 461.327 80.0809 89.4689 211.529 57091.6 2160.18 707.58 23543.4 54931.4 6354.63 48576.8 23474.1 179.771 1452.6 173.732 23294.3 5815.52 17478.8 69.3508 52.4594 42.2583
internal_count=520402 2045 263 124 518357 335848 2493 300 2193 1606 135 165 587 333355 9577 2658 182509 323778 20529 303249 182002 1586 6919 1574 180416 32721 147695 507 379 339
is_linear=0
shrinkage=0.035


Tree=205
num_leaves=31
num_cat=0
split_feature=2 6 2 6 0 4 7 7 10 10 10 7 10 9 0 13 9 12 5 10 10 7 8 7 9 10 2 2 5 6
split_gain=5.99956 10.6639 16.4801 15.011 9.84247 14.9761 9.25409 17.6799 11.7729 8.85668 7.30591 8.40576 10.8331 7.83993 6.63078 13.2419 13.885 15.5201 13.076 16.552 12.8112 12.1149 12.0689 10.9954 10.6916 8.05926 8.04917 6.888 6.66204 10.9532
threshold=54.515148162841804 41.432065963745124 54.571245193481452 9.1350073814392108 33.600000381469734 52.145467758178718 44.991647720336921 48.045326232910163 -1.8638429045677183 2.9398885965347294 -5.5668718814849845 71.901817321777358 16.556191444396976 1.3744500279426577 20.800000190734867 2.353266835212708 -0.14995000511407849 3.3203631639480595 95.359210968017592 10.569621562957765 -0.31956167519092554 23.790318489074711 -2.4999999999999996 25.586957931518558 -1.1216500401496885 0.35295455157756811 1.6912993788719179 2.7374348640441899 92.225063323974624 48.874351501464851
decision_type=2 2 2 2 2 2 2 2 2 2 2 2 2 2 2 2 2 2 2 2 2 2 2 2 2 2 2 2 2 2
left_child=14 2 -2 9 10 -6 8 -8 -7 -4 -3 12 -12 -13 28 16 17 23 25 -20 22 -19 -17 -16 -24 -18 -22 -28 -1 -30
right_child=1 4 3 -5 5 6 7 -9 -10 -11 11 13 -14 -15 15 20 18 21 19 -21 26 -23 24 -25 -26 -27 27 -29 29 -31
leaf_value=5.6494369214509584e-05 -0.027431538178669713 -0.019216907226221262 0.04310887701050517 -0.0058443476616523117 0.028076529714522656 0.01764820902778683 0.031991301642614378 0.0020805375549463904 -0.010215949295376392 0 -0.0031911316792734858 0.032646396411812488 -0.026491092324614062 0.0028830704762230178 -0.013409823795573948 -0.0059082212274519106 0.010702137379817935 0.025911340036029549 -0.0097467569734617614 0.02234155544611055 -0.013439095555157822 0.0061992008902192692 0.0070651630089981401 0.0012862426863731822 0.050049575469049326 -0.0017858553087707616 0.025281569396923751 0.0051735299456323498 -0.0040309132386776103 0.0010261439634356231
leaf_weight=75734.007223995868 40.856934674084187 33.416274435818195 11.629452638328077 437.05418162047863 25.940213143825531 20.72694356739521 24.551919393241405 568.34916230291128 130.88633539527655 11.101751394569872 535.47569039929658 11.666721768677233 24.962230136618018 91.405156716704369 70.788637965917587 9.9741476848721486 95.019085787236691 41.198073856532574 316.7299814298749 20.12738261371851 22.056722521781921 476.31099714338779 11.09210831671953 481.00638633966446 23.018106907606125 184.12721938639879 25.138650290668011 119.1290186047554 1254.1500079035759 898.04398174956441
leaf_count=485793 315 165 94 2496 94 69 108 2595 546 83 3325 99 280 624 342 47 550 134 1715 69 109 2033 40 2735 106 1051 110 572 7800 6191
internal_value=4.52148e-06 -0.00190406 -0.00631141 -0.00437507 -0.000392962 0.00232681 0.00139108 0.00337237 -0.00628809 0.0228156 -0.00340893 -0.00258007 -0.00427768 0.00654487 5.17077e-05 0.0020965 0.00105601 0.00346944 -0.00312113 -0.00776034 0.0103618 0.00781953 0.0270127 -0.000603102 0.0367545 0.00245838 0.00579839 0.00884571 1.82751e-06 -0.00191791
internal_weight=81749.9 1968.02 500.642 459.785 1467.38 770.455 744.514 592.901 151.613 22.7312 696.926 663.51 560.438 103.072 79781.9 1895.72 1685.31 1069.3 616.004 336.857 210.409 517.509 44.0844 551.795 34.1102 279.146 166.324 144.268 77886.2 2152.19
internal_count=520290 10893 2988 2673 7905 3412 3318 2703 615 177 4493 4328 3605 723 509397 9613 8629 5244 3385 1784 984 2167 193 3077 146 1601 791 682 499784 13991
is_linear=0
shrinkage=0.035


Tree=206
num_leaves=31
num_cat=0
split_feature=12 3 4 2 7 6 10 12 7 1 1 7 12 6 7 1 6 5 5 7 9 4 6 7 1 7 6 7 7 1
split_gain=6.45452 14.1596 12.053 11.3701 11.8022 12.2705 10.8778 14.7964 11.7299 7.62225 5.9967 10.2755 13.637 10.4139 8.85588 8.05859 6.04206 6.77148 12.0216 5.71647 8.38284 8.06456 5.37314 4.6932 8.48066 10.7165 12.9032 7.78691 14.5743 13.2253
threshold=1.0000000180025095e-35 15.000000000000002 47.16578674316407 3.1099752187728886 38.85840034484864 17.09495830535889 -6.6548156738281241 35.341863632202156 23.790318489074711 6.2105202674865732 24.834519386291507 44.850858688354499 97.216259002685561 63.500877380371101 49.302305221557624 14.571192741394045 99.358459472656264 50.080192565917976 50.079809188842781 80.857158660888686 7.6709501743316659 64.45630264282228 16.32509803771973 69.072742462158217 49.424125671386726 71.087303161621108 47.28900337219239 60.900808334350593 56.680021286010749 48.565559387207038
decision_type=2 2 2 2 2 2 2 2 2 2 2 2 2 2 2 2 2 2 2 2 2 2 2 2 2 2 2 2 2 2
left_child=23 2 3 6 5 -5 7 -2 -8 -6 11 15 14 -14 -13 22 19 18 -18 20 -12 -21 -3 27 25 26 -25 28 -1 -30
right_child=1 10 -4 4 9 -7 8 -9 -10 -11 16 12 13 -15 -16 -17 17 -19 -20 21 -22 -23 -24 24 -26 -27 -28 -29 29 -31
leaf_value=-0.0027429374310315386 -0.013705351207763372 0.017898858170849064 0.044178411047404012 0.030319909549262395 0.0072691225499417591 0.0029756548242541869 0.045812374780257133 0.027501659403466151 0.0088960207473200419 -0.0076649954671693518 0.0001176424502051415 0.013636030796836802 0.006118849226757957 0.048021815864400852 -0.0036414100778787107 -0.0272611829342152 -0.0058668081989156759 -0.032985803078701956 0.043046983487148492 -0.010581222120048044 0.0082165220363055631 -0.00088888760411730402 -0.009416059196892609 0.059448066337276485 -0.011935087894088483 -0.0020785712972038119 0.0041188431251497036 -0.010451213521591667 0.026612640335249096 -0.0029794599480074398
leaf_weight=1146.6827470958233 52.253399796783924 8.8223981633782369 8.2531514018774015 20.359628565609455 50.282072983682156 445.28830076754093 10.199726104736326 12.515024922788141 396.15089984983206 224.60392765700817 77533.137998782098 38.189304046332836 22.518671475350857 10.497770473361014 513.98728411644697 31.183000825345516 194.31169592216611 9.9681670097634179 5.5352966012433162 142.97971453517675 156.10453946143389 399.43606185168028 94.922848053276539 10.392037101089956 18.15233076363802 19.526593588292599 10.36512681096792 141.1317728087306 40.070269823074341 32.831276781857014
leaf_count=7223 176 54 36 97 287 2270 30 29 1766 1284 491973 196 126 58 3143 164 3370 273 105 1572 610 3281 493 54 121 151 58 872 267 233
internal_value=8.00455e-05 0.000121449 0.00386235 0.003553 0.000835743 0.00423619 0.00780065 -0.00539788 0.00992804 -0.00489469 6.36733e-05 -0.00311361 -0.00108648 0.02047 -0.00241582 -0.0117956 9.29626e-05 -0.00582657 -0.00431089 0.000108988 0.00013409 -0.00346847 -0.00690708 -0.00225887 0.00735843 0.0162858 0.0333222 -0.00268111 -0.00176994 0.0133032
internal_weight=81800.7 80381.5 1219.91 1211.65 740.534 465.648 471.119 64.7684 406.351 274.886 79161.6 720.121 585.193 33.0164 552.177 134.928 78441.5 209.815 199.847 78231.7 77689.2 542.416 103.745 1419.15 58.4361 40.2838 20.7572 1360.72 1219.58 72.9015
internal_count=520372 511393 5975 5939 3938 2367 2001 205 1796 1571 505418 4234 3523 184 3339 711 501184 3748 3475 497436 492583 4853 547 8979 384 263 112 8595 7723 500
is_linear=0
shrinkage=0.035


Tree=207
num_leaves=31
num_cat=0
split_feature=9 7 7 7 6 7 2 2 7 10 6 6 6 7 7 7 10 10 7 7 2 10 7 10 9 6 9 10 2 2
split_gain=7.18338 35.6209 110.291 60.2565 51.5555 40.7424 72.9427 116.459 67.4947 62.633 70.1627 46.4173 39.0277 33.7161 49.0709 51.8184 33.4674 33.4309 87.6179 78.4013 32.2118 27.2388 27.0673 26.83 42.805 27.6555 21.0388 20.8087 20.5483 26.5418
threshold=-1.7202499508857725 35.942852020263679 38.011922836303718 42.491350173950202 59.142272949218757 31.036768913269047 53.706521987915046 53.865806579589851 28.807779312133793 -6.9107091426849356 48.874351501464851 57.937923431396491 41.822921752929695 25.586957931518558 24.034657478332523 22.878716468811039 3.3891690969467168 -1.225976228713989 44.850858688354499 47.443729400634773 53.408464431762702 -0.46739223599433893 40.876146316528327 5.504620075225831 -0.46455000340938563 64.702835083007827 -4.3752000331878653 -2.8324424028396602 54.398979187011726 50.079809188842781
decision_type=2 2 2 2 2 2 2 2 2 2 2 2 2 2 2 2 2 2 2 2 2 2 2 2 2 2 2 2 2 2
left_child=1 5 4 20 -3 8 9 -8 -1 11 -11 -7 -10 14 15 28 -17 19 -19 -5 27 -14 -22 24 -16 -26 -9 -4 29 -2
right_child=13 2 3 17 -6 6 7 26 12 10 -12 -13 21 -15 23 16 -18 18 -20 -21 22 -23 -24 -25 25 -27 -28 -29 -30 -31
leaf_value=-0.00030048738301861698 -0.010126063897750438 0.0079544179539301658 -0.0021075218300043402 -0.014908241155957834 0.027106498826543056 -0.0017639257139331016 0.072133134035786819 0.04493597172362248 0.00201294265503261 -0.0020201268608809014 -0.016157253819832618 0.026736303875895956 0.02299669678325536 -0.00024900608192527935 0.010051003744413997 -0.013560620581902537 0.022409521284644331 0.032841094572669573 0.0033783403475484627 0.0071658574064906652 0.03299116385141472 0.0054851867652630911 -0.021905834118200292 -0.019703795906592401 0.02396041680292962 0.062815085243253174 -0.0049575312380447335 -0.014249537854506692 -0.0079269780782176228 0.018278703554493465
leaf_weight=6431.8674597591162 47.673784174025059 405.48007724434137 286.90762435644865 296.07031931728125 301.59878532774746 194.30431334674358 37.237185776233673 10.832870304584501 407.54615358263254 900.36500089615583 825.20755613595247 108.19263423979282 307.43427642388269 67989.666118899826 311.0503898113966 303.68599209934473 34.508913934230804 158.30616836249828 559.07564520835876 585.64341914840043 39.888661794364452 170.98627351038158 14.286440812051294 25.240089267492294 83.19339369982481 31.658599600195885 93.072651073336601 441.31443990767002 67.137604668736458 236.24460361897945
leaf_count=40440 370 1985 1327 1369 1470 573 168 53 2806 4394 4708 318 2377 441512 2031 1433 108 629 2895 2332 290 1250 122 93 421 150 522 2138 497 1036
internal_value=-8.71224e-06 0.00076061 0.00402494 0.000416337 0.0161549 -0.000301626 -0.00451402 0.019734 0.000946446 -0.00621212 -0.00878923 0.00845017 0.00999883 -0.00014877 0.00581711 -4.96828e-05 -0.00982541 0.00431292 0.00991904 -0.000245259 -0.007535 0.0167723 0.0182789 0.01478 0.0168732 0.0350915 0.000480946 -0.00948295 0.00934894 0.0134695
internal_weight=81705.7 12575.6 3088.57 2381.49 707.079 9487.05 2169.21 141.143 7317.83 2028.07 1725.57 302.497 885.967 69130.1 1140.39 689.251 338.195 1599.1 717.382 881.714 782.397 478.421 54.1751 451.142 425.902 114.852 103.906 728.222 351.056 283.918
internal_count=519817 72166 14557 11102 3455 57609 10736 743 46873 9993 9102 891 6433 447651 6139 3444 1541 7225 3524 3701 3877 3627 412 2695 2602 571 575 3465 1903 1406
is_linear=0
shrinkage=0.035


Tree=208
num_leaves=31
num_cat=0
split_feature=9 7 10 2 10 6 7 11 7 10 2 7 10 10 7 7 7 6 6 2 10 6 2 7 10 10 13 6 2 6
split_gain=4.98695 9.53607 5.97182 10.9734 8.99739 5.50126 4.6653 48.1922 32.727 68.8062 23.8012 26.9239 20.9757 13.1473 47.7963 43.588 29.7187 9.23794 7.01029 8.97154 6.52964 4.04325 6.01431 5.49273 14.1298 11.3441 5.38915 4.30737 1.95505 1.75578
threshold=7.6709501743316659 96.418178558349624 1.2255741357803347 50.079681396484382 -3.8525112867355342 37.858283996582038 20.186177253723148 35.485849380493171 18.460414886474613 -5.889366388320922 54.515148162841804 18.460414886474613 14.079446315765383 -8.4042339324951154 39.775512695312507 34.582567214965827 75.833541870117202 49.267099380493171 2.0562301874160771 51.558494567871101 14.079446315765383 17.09495830535889 52.858602523803718 65.00513076782228 14.079446315765383 9.343633174896242 1.9433962106704714 52.364688873291023 50.079809188842781 10.328038692474367
decision_type=2 2 2 2 2 2 2 2 2 2 2 2 2 2 2 2 2 2 2 2 2 2 2 2 2 2 2 2 2 2
left_child=1 6 3 4 -2 -5 7 8 12 -10 11 -9 -1 14 15 -8 -16 -12 19 -15 -20 22 29 25 28 -23 -26 -27 -25 -4
right_child=2 -3 21 5 -6 -7 13 10 9 -11 17 -13 -14 18 16 -17 -18 -19 20 -21 -22 23 -24 24 26 27 -28 -29 -30 -31
leaf_value=0.0018073991911293605 -0.023223827049927575 -0.038345435170511172 -0.0060250807412149587 0.0042748145686649624 0.019134833720786927 0.040626244649471954 0.0028853321652937817 -0.0052318437126407892 -0.03014962510948991 -0.00090254423731256708 -0.043265619299464209 0.031731976230871588 -0.020772162015967606 0.0042828902907734168 -0.0043121581232553009 0.018367150015689126 0.019708541979993787 0.0029824385259914262 -0.00010269430132630168 -0.00067585083707226705 0.0032768714383563913 -0.032894397484106851 0.01635320450754944 0.032111238759394617 0.0037206121988968039 0.012231038734312529 -0.028133034196013363 -0.01130411817980021 0.01148167974520385 -0.021657370034930706
leaf_weight=643.64693902339786 11.567650921642782 7.1382054463028899 23.966817989945412 7.8192823156714466 11.347344383597372 18.53166688978672 634.87038503121585 31.680140145123005 161.54127208981663 252.15837936848402 8.8203033059835452 94.168670564889908 53.873592261224985 1027.4667725116014 898.99720527324826 343.86898083519191 66.990256853401661 10.972776576876639 75612.095348454081 786.46705427020788 705.99020426906645 13.060959860682486 10.118885725736616 25.203660018742085 140.74697686731815 25.678763091564178 5.9901777058839789 13.89699539542198 10.329750493168829 16.080667838454247
leaf_count=4908 69 66 154 52 45 109 3728 188 852 1261 62 231 553 5854 4755 1129 454 61 485780 4115 3824 46 71 104 1074 82 55 52 36 93
internal_value=3.10903e-05 1.3449e-05 0.00429185 0.0154682 -0.00201504 0.0305411 1.72788e-05 -0.00209775 -0.00458692 -0.012376 0.0167677 0.0223975 3.16247e-05 5.05836e-05 0.00289263 0.0083424 -0.00262418 -0.0181671 -2.00949e-05 0.00212972 -7.13055e-05 0.00229799 -0.00659757 0.00424335 0.00713064 -0.00558084 0.00222732 0.00373309 0.0266916 -0.0127747
internal_weight=81675.1 81340.7 334.34 49.2659 22.915 26.3509 81333.6 1256.86 1111.22 413.7 145.642 125.849 697.521 80076.7 1944.73 978.739 965.987 19.7931 78132 1813.93 76318.1 285.074 50.1664 234.907 182.271 52.6367 146.737 39.5758 35.5334 40.0475
internal_count=519863 517821 2042 275 114 161 517755 8116 7574 2113 542 419 5461 509639 10066 4857 5209 123 499573 9969 489604 1767 318 1449 1269 180 1129 134 140 247
is_linear=0
shrinkage=0.035


Tree=209
num_leaves=31
num_cat=0
split_feature=9 7 7 5 5 10 10 10 7 7 7 10 7 7 2 2 2 7 5 2 10 7 5 5 4 7 7 7 7 10
split_gain=6.11846 17.9793 58.9516 37.2056 21.7104 19.6084 22.7352 16.4164 28.0901 48.6431 25.5506 19.5787 58.9452 26.3446 13.8386 19.3611 31.4149 15.0345 18.4221 12.5793 11.9109 40.6741 25.7528 41.6746 37.0168 23.8388 22.1152 13.4124 45.6322 54.4101
threshold=1.5452499985694887 38.011922836303718 39.775512695312507 45.610874176025398 45.498958587646491 -0.035080650821328156 5.7537951469421396 -2.2287216186523433 66.615390777587905 67.379653930664077 64.499298095703139 5.2747633457183847 64.03334236145021 78.280700683593764 50.051733016967781 51.59552192687989 51.443305969238288 36.283739089965827 45.554418563842781 52.258813858032234 7.2648968696594247 73.481372833251967 45.449871063232429 45.758811950683601 41.681951522827156 67.648265838623061 54.955003738403327 74.670307159423842 74.768222808837905 -2.5170540809631343
decision_type=2 2 2 2 2 2 2 2 2 2 2 2 2 2 2 2 2 2 2 2 2 2 2 2 2 2 2 2 2 2
left_child=20 14 3 4 -3 -5 -7 8 10 -10 -4 12 -9 -13 -2 16 -16 19 -19 -17 27 22 25 24 -24 -22 -25 -1 29 -29
right_child=1 2 7 5 -6 6 -8 11 9 -11 -12 13 -14 -15 15 17 -18 18 -20 -21 21 -23 23 26 -26 -27 -28 28 -30 -31
leaf_value=-0.00032534167339671159 -0.027062063928016092 0.023434775455018431 -0.0043893744750241057 0.050128205024710958 -0.01954596344176977 0.0019449073488753145 0.034071403097090475 0.0069627820057534418 0.052187989971428587 -0.00058069458264041831 -0.021156687485743841 -0.0018662932575767165 0.00031686259337188809 0.0059685080926495243 -0.00084417085332320039 0.018302156180912164 0.039131281943688548 0.010124001500610056 -0.025267417506098556 -0.0052234884027802528 -0.0086529867339212273 -0.020518467143090968 -0.017371016611688266 -0.0031175748002821809 0.012866902293596359 0.017570500266764072 0.0074889881440212041 0.0021867353902906323 0.00050425343092527048 0.053087168844715288
leaf_weight=62658.842900285497 31.805050067603588 21.800881743431091 415.70543794240803 38.298137836158276 38.685472220182419 46.916230596601963 64.632772020995617 2202.6851250454783 20.89395347237587 1572.5094643053599 152.39344837516546 3920.877117307391 6344.8971756901592 606.09649605210871 106.680231153965 28.832762062549591 30.171969473361969 21.827242791652679 87.792199231684208 440.52446755021811 323.62221455946565 91.414824098348618 52.218309968709946 730.04423642531037 752.28777677193284 47.962946139276028 358.24927359446883 55.552497655153275 498.3447494097054 47.721936360001564
leaf_count=411470 92 44 2126 126 211 214 189 11400 167 10745 754 19664 38010 4984 806 77 59 105 335 1691 2765 711 207 3231 3214 421 2004 239 4094 214
internal_value=-3.37112e-05 0.000575442 0.00083249 0.019201 -0.00383666 0.0285177 0.0207317 0.000577459 -0.00224655 0.0001327 -0.00892296 0.00104497 0.00203081 -0.000814911 -0.00472112 -0.00368962 0.00809461 -0.00649444 -0.0181346 -0.00373473 -0.000184162 0.0022587 0.00318824 0.00484389 0.0108802 -0.00521888 0.00037045 -0.000275271 0.00492152 0.0260018
internal_weight=81810.3 16194 15446.4 210.333 60.4864 149.847 111.549 15236.1 2161.5 1593.4 568.099 13074.6 8547.58 4526.97 747.634 715.829 136.852 578.977 109.619 469.357 65616.3 2355.8 2264.38 1892.8 804.506 371.585 1088.29 63260.5 601.619 103.274
internal_count=520369 91799 88634 784 255 529 403 87850 13792 10912 2880 74058 49410 24648 3165 3073 865 2208 440 1768 428570 12553 11842 8656 3421 3186 5235 416017 4547 453
is_linear=0
shrinkage=0.035


Tree=210
num_leaves=31
num_cat=0
split_feature=7 11 2 7 10 10 10 10 2 4 6 9 11 7 2 6 10 2 5 7 2 7 10 9 11 2 10 5 6 5
split_gain=5.60402 7.67981 22.4343 17.9858 14.7682 8.05485 7.01569 6.59549 15.3995 8.7073 6.37541 5.98174 5.75462 22.7806 39.2028 29.2958 28.8566 25.0033 22.8385 27.5146 21.0098 18.4815 56.6656 19.5509 15.7056 14.945 14.4078 13.5988 9.57455 9.57227
threshold=83.923740386962905 90.86985015869142 54.216073989868171 85.718479156494155 22.41047286987305 16.556191444396976 -6.2426600456237784 3.6285141706466679 50.079681396484382 63.522392272949226 36.276556015014656 7.6709501743316659 77.268501281738295 78.280700683593764 49.107086181640632 38.245452880859382 6.6462218761444101 47.838615417480476 45.409994125366218 63.42186355590821 47.838615417480476 78.860435485839858 8.4382386207580584 -0.49824999272823328 82.75894927978517 46.684959411621101 5.885000705718995 45.45686340332032 75.640373229980483 45.449871063232429
decision_type=2 2 2 2 2 2 2 2 2 2 2 2 2 2 2 2 2 2 2 2 2 2 2 2 2 2 2 2 2 2
left_child=12 2 7 5 10 -3 -5 8 9 -2 -4 -8 21 14 15 29 20 -18 -16 -20 26 -1 23 -23 -22 -24 -15 -17 -25 -14
right_child=1 3 4 6 -6 -7 11 -9 -10 -11 -12 -13 13 16 18 27 17 -19 19 -21 24 22 25 28 -26 -27 -28 -29 -30 -31
leaf_value=5.6525651305495137e-06 0.032073564149993732 0.037373826264588079 0.0157228715016598 0.012201921591295253 -0.0076113411892569085 0.0029638491923462034 -0.016530756266298685 -0.025801065394601488 -0.033337578764322973 -0.0082652121247569765 0.068457583220048038 -0.0028963291321057573 -0.014928015395460639 -0.009461566574148551 -0.019939518300367023 -0.0082348791126676205 0.045288324019215863 0.011527518830822229 -0.0023268222172531591 0.0070075332092332243 0.002489428746737203 0.044834644903333012 0.081185865327060819 -0.008011815388594629 0.022673679339608763 0.02261681447320436 0.027073096386144267 -0.025617684592557744 -0.02029049744891093 0.0047396858981139699
leaf_weight=78206.424576207064 10.99468754976988 18.977363377809525 6.6921550258994102 26.96177351474762 13.567784925922751 15.475892215967177 53.255705984309316 61.538262018933892 15.894169905222951 13.768936660140751 5.8657446131110191 154.25745898112655 37.168643347918987 141.90141105744988 52.980930782854557 102.01485971733928 41.097747296094894 79.52665588259697 647.36032722145319 956.08220182359219 112.01033045817167 7.1537026539444915 5.9832360967993727 413.24398010969162 82.287211682647467 35.340561427175999 13.722670522518454 126.14645808935165 97.332361722830683 148.93268375098705
leaf_count=499700 104 113 57 200 142 93 479 674 182 142 46 1291 256 825 413 650 196 555 2497 3955 853 25 46 3757 498 308 55 356 1016 404
internal_value=-7.00438e-06 -0.00414981 -0.01117 -0.000750893 0.0172609 0.0225339 -0.00426706 -0.0185838 -0.00720397 0.00981404 0.0435038 -0.00647909 1.31912e-05 0.00165229 6.80725e-05 -0.0095476 0.00859701 0.0233104 0.00248057 0.00323532 0.00346349 -3.9619e-05 -0.00637615 -0.00954968 0.0111315 0.032644 -0.00607327 -0.017932 -0.0103943 0.000727065
internal_weight=81704 397.25 128.322 268.928 26.1257 34.4533 234.475 102.196 40.6578 24.7636 12.5579 207.513 81306.7 2541.23 2070.69 414.263 470.546 120.624 1656.42 1603.44 349.922 78765.5 559.054 517.73 194.298 41.3238 155.624 228.161 510.576 186.101
internal_count=519888 3523 1347 2176 245 206 1970 1102 428 246 103 1770 516365 11513 8531 1666 2982 751 6865 6452 2231 504852 5152 4798 1351 354 880 1006 4773 660
is_linear=0
shrinkage=0.035


Tree=211
num_leaves=31
num_cat=0
split_feature=5 10 5 2 9 5 10 2 5 11 2 5 10 2 2 2 4 2 10 10 2 2 9 4 11 5 5 9 5 10
split_gain=5.34919 21.4633 32.0018 28.7613 35.9427 25.4012 20.7661 16.3631 13.2243 67.4594 49.1058 84.1411 32.093 27.8727 25.5284 24.5195 77.5715 89.8025 81.1602 25.2864 42.9984 19.6778 19.6597 13.1944 12.8565 17.7044 23.1216 12.1941 6.47412 107.09
threshold=46.484361648559577 -12.683357715606688 46.415723800659187 49.204040527343757 -0.4002500027418136 45.661050796508796 -15.079775810241697 48.996879577636726 45.558958053588874 42.290550231933601 50.717582702636726 45.45686340332032 -6.9107091426849356 54.276174545288093 52.04185867309571 49.856487274169929 55.900106430053718 49.107086181640632 9.9290294647216815 11.422029972076418 52.73198318481446 52.654415130615241 -1.0742500424385069 52.357618331909187 13.683300018310549 47.499412536621101 50.079809188842781 -7.7415499687194815 46.536520004272468 2.542758703231812
decision_type=2 2 2 2 2 2 2 2 2 2 2 2 2 2 2 2 2 2 2 2 2 2 2 2 2 2 2 2 2 2
left_child=1 2 3 7 5 -5 24 23 9 10 11 -3 14 -14 -11 16 17 -10 -18 22 -21 -12 -17 -1 25 -2 -27 -28 29 -8
right_child=6 8 -4 4 -6 -7 28 -9 15 12 21 -13 13 -15 -16 19 18 -19 -20 20 -22 -23 -24 -25 -26 26 27 -29 -30 -31
leaf_value=-0.029215540934041797 -0.036503136625554933 0.0023648611324988884 0.045315953245526591 -0.019532937929390353 0.030150705613138776 0.007279945283329101 0.00023703024365189252 0.039725160132868149 -0.00095878710009813183 -0.011362007556995849 -9.7287702553744231e-05 0.028934788921802471 -0.00014340368049947115 -0.028291971941583352 0.0093487884538256197 -0.0019267865211319744 0.0052487422405492349 -0.018651479446631248 -0.035354615402875336 -0.002890643674469842 0.018758259282540643 0.0055143353229879883 0.00023649450290770798 0.02008196852131295 -0.021742317479153353 0.046993491691433076 -0.015252460134280608 0.014378803737034145 0.00045485925867035153 0.085655137622142635
leaf_weight=8.7495953366160411 15.229630842804907 338.24984562024474 26.419689372181892 96.802875153720379 36.591781988739967 76.696900844573975 290.25673246383667 38.927175372838974 722.25721648987383 508.58363163936883 1433.8906815079972 257.15127994120121 30136.249971352983 42.35759607469663 84.090305984020233 8870.2565805534832 1023.717652621679 685.46811960823834 63.254077687859535 228.06319856643677 219.53182883560658 1635.3623713473789 12244.422035947442 20.889661371707916 80.461556360125542 11.985731258988379 44.359900895506136 26.368010954931385 22443.173632735852 18.379508078098297
leaf_count=49 74 1903 56 516 202 245 816 81 2186 3145 8162 848 203338 352 605 44783 2780 2190 130 559 607 11583 56030 131 759 76 482 239 177086 37
internal_value=-2.25292e-05 -0.000199438 0.00904715 0.00546355 -0.000952665 -0.00766093 0.000430788 0.0250084 -0.000247907 0.000191788 0.00468028 0.0138755 -0.000342641 -0.000183893 -0.00840306 -0.000877578 -0.00416244 -0.00958462 0.00285521 -0.000497064 0.0077264 0.00289108 -0.000672005 0.00491387 -0.0114353 -0.00278947 0.00362444 -0.00407052 0.00052454 0.00555466
internal_weight=81728.2 58798 305.078 278.658 210.092 173.5 22930.2 68.5664 58492.9 34435.9 3664.65 595.401 30771.3 30178.6 592.674 24057 2494.7 1407.73 1086.97 21562.3 447.595 3069.25 21114.7 29.6393 178.405 97.9433 82.7136 70.7279 22751.8 308.636
internal_count=520050 340481 1280 1224 963 761 179569 261 339201 229936 22496 2751 207440 203690 3750 109265 7286 4376 2910 101979 1166 19745 100813 180 1630 871 797 721 177939 853
is_linear=0
shrinkage=0.035


Tree=212
num_leaves=31
num_cat=0
split_feature=6 4 4 2 10 2 2 6 10 5 6 6 10 4 9 2 2 11 5 10 5 4 2 10 11 5 2 5 2 5
split_gain=6.92562 8.21779 9.52514 7.01093 6.32399 20.1138 44.4203 57.9941 29.1301 56.8626 27.9705 26.1478 28.7301 25.0063 20.1713 19.9443 71.6695 131.011 44.2313 26.4793 24.6459 35.6087 21.543 68.6305 17.2276 39.7663 26.1349 16.2712 15.2189 55.9346
threshold=99.358459472656264 41.681951522827156 55.264753341674812 50.306278228759773 -1.3104421496391294 49.666902542114265 49.977699279785163 35.110204696655281 -3.1773324012756343 43.508358001708991 85.464485168457045 76.021450042724624 -10.341341495513914 37.592622756958015 -2.58554995059967 49.107086181640632 48.996879577636726 57.991550445556648 46.181444168090827 1.8229469060897829 43.508358001708991 56.144704818725593 50.051361083984382 1.1542325615882876 58.403850555419929 45.452220916748054 48.696319580078132 45.452220916748054 48.849718093872077 45.656616210937507
decision_type=2 2 2 2 2 2 2 2 2 2 2 2 2 2 2 2 2 2 2 2 2 2 2 2 2 2 2 2 2 2
left_child=4 -2 -3 -4 5 11 7 -7 9 -8 -9 28 14 -10 -13 16 24 18 -18 -19 21 -17 23 -22 26 -26 -6 -14 -1 -30
right_child=1 2 3 -5 15 6 8 10 13 -11 -12 12 27 -15 -16 20 17 19 -20 -21 22 -23 -24 -25 25 -27 -28 -29 29 -31
leaf_value=0.00021910516689223293 0.016434790216268671 -0.012569880169052937 -0.0058302229135231204 0.023048893873908297 0.00063962554682115032 -0.003724396651265035 -0.029980159128633166 0.018153089626079338 0.011795201621486995 0.0010966575608205287 0.051312443843533416 0.04022183345974023 0.00024874890345551821 -0.0018094695003840653 -0.0067121768071297617 0.038725718927367363 0.013772359765108412 0.0047408228902234709 0.042804387951764285 -0.01919143546820461 -0.0091985857510912192 -0.014858376479934243 0.00022581114480744555 0.00065628519379207629 -0.0015229474416261284 0.0062949013758063013 -0.0077719244950107767 -0.014049358972367304 0.0015985721957570411 -0.014116432251971515
leaf_weight=2304.3844815418124 16.826863502152264 148.65878149634227 23.236205816734582 17.008540650829673 2696.7767229750752 151.33044455200434 71.71215133368969 154.72443644702435 167.42404492944479 13097.921537388116 39.389183908700943 22.813619948923588 121.35911594331264 9835.4715986438096 20.580319058150053 45.090918637812138 109.1669017188251 150.6454470641911 162.57186363637447 89.464174687862396 1264.9363136216998 21.956787824630737 42864.935312386602 2734.9548048190773 1425.2300678566098 1803.3979628570378 542.67094396427274 475.44076060503721 690.30424702912569 462.20458337664604
leaf_count=12467 176 3075 359 117 16315 708 206 794 941 78713 230 58 1309 67602 137 99 967 776 409 536 6765 50 284681 14188 11569 6484 2872 2376 3546 1476
internal_value=4.98685e-05 -0.0063509 -0.00847822 0.0064157 6.61687e-05 -0.00036442 2.95742e-05 0.0124735 -0.000156055 0.000925094 0.0251006 -0.00262729 -0.00912211 -0.00158014 0.0180856 0.00028686 0.00203236 0.0146303 0.0312416 -0.00418133 2.70822e-05 0.0211065 -3.28573e-06 -0.00245971 0.00103265 0.00284214 -0.000768884 -0.0111337 -0.00142063 -0.00470316
internal_weight=81732.6 205.73 188.904 40.2447 81526.9 27615.1 23518 345.444 23172.5 13169.6 194.114 4097.09 640.194 10002.9 43.3939 53911.8 6979.92 511.848 271.739 240.11 46931.9 67.0477 46864.8 3999.89 6468.08 3228.63 3239.45 596.8 3456.89 1152.51
internal_count=520001 3727 3551 476 516274 170563 149194 1732 147462 78919 1024 21369 3880 68543 195 345711 39928 2688 1376 1312 305783 149 305634 20953 37240 18053 19187 3685 17489 5022
is_linear=0
shrinkage=0.035


Tree=213
num_leaves=31
num_cat=0
split_feature=9 7 5 5 6 5 7 5 2 4 11 9 5 6 2 2 9 7 7 6 6 2 2 2 5 5 6 5 6 1
split_gain=6.41201 8.50918 6.6127 9.54126 7.70527 6.23181 5.17855 9.15313 6.25948 34.7768 15.7768 5.02286 4.96706 9.02256 16.3144 6.64717 4.90643 38.5418 6.3826 3.59909 8.14504 5.40733 7.73866 6.42411 13.3675 6.74459 3.86252 3.45379 2.85005 2.43937
threshold=7.6709501743316659 96.418178558349624 50.079681396484382 50.080322265625007 29.513146400451664 97.447677612304702 83.923740386962905 50.079681396484382 50.079050064086921 67.195690155029311 77.268501281738295 6.0667500495910653 45.452220916748054 95.916282653808608 51.432224273681648 53.672307968139656 4.7590000629425058 74.040325164794936 79.115924835205092 26.306232452392582 17.09495830535889 50.971370697021491 51.970317840576179 49.107086181640632 45.45686340332032 46.284826278686531 2.4552437067031865 45.452220916748054 20.727281570434574 50.852563858032234
decision_type=2 2 2 2 2 2 2 2 2 2 2 2 2 2 2 2 2 2 2 2 2 2 2 2 2 2 2 2 2 2
left_child=1 6 19 4 -4 -5 12 8 9 -8 -10 -9 13 15 -15 -1 18 -18 -14 20 26 23 -23 24 -21 -25 -2 28 -22 -7
right_child=2 -3 3 5 -6 29 7 11 10 -11 -12 -13 16 14 -16 -17 17 -19 -20 21 27 22 -24 25 -26 -27 -28 -29 -30 -31
leaf_value=0.00091026725804484068 0.019815566665682363 -0.037626500529276817 -0.0002703744367451711 -0.020442225529026758 0.043163766620617043 0.026021973686337348 -0.032110060887587347 -0.028703882742532657 0.027842826457244021 0.014892141415223999 -0.0040431246141721345 -0.0061893812321869813 -6.1286082950918645e-05 -0.010251127197761105 0.0033619361197149405 -0.0040094315432208753 -0.0018432218415368237 0.015042330904555564 -0.0047883809856627121 0.003450400596076925 0.027380423534611491 -0.03485154307803829 -0.0023908304814364584 0.019507517776557553 -0.036682872293826441 -0.009202216403850683 -0.0036243892920491206 0.035773945449182783 -0.00050002859981368355 0
leaf_weight=14455.561466891319 9.728738993406294 6.5375513285398474 6.3696477860212353 9.2475972846150416 18.0089410841465 8.7383062988519686 37.983655292540789 26.238453947938979 25.363554790616035 37.443822007626295 68.08197003044188 24.777295611798763 64767.595640664455 245.94594440143555 190.00133208325133 343.18661823868752 629.66624628007412 223.57681360095739 351.05680337967351 71.232934810221195 6.6142848357558313 10.392365649342535 49.69676460698247 43.57732205092907 11.014947935938833 12.055266439914702 46.043110944330692 13.859942346811293 10.126582086086271 7.4539077505469313
leaf_count=117806 57 62 42 79 116 57 464 307 218 233 648 203 383964 3231 2483 2884 1980 1024 2779 555 52 43 348 165 33 67 280 39 79 29
internal_value=8.10272e-05 6.10617e-05 0.00491385 0.0166021 0.0318892 0.00116035 6.45432e-05 -0.00528917 -0.0012898 -0.00877391 0.00470016 -0.0181685 7.9178e-05 0.000648814 -0.00430675 0.000795495 -5.22665e-05 0.00258308 -8.6936e-05 0.00280061 0.00872799 0.000154603 -0.00850399 0.00400583 -0.0021417 0.01312 0.000563094 0.0229926 0.0108628 0.0142914
internal_weight=81767.2 81433 334.161 49.8184 24.3786 25.4398 81426.5 219.889 168.873 75.4275 93.4455 51.0157 81206.6 15234.7 435.947 14798.7 65971.9 853.243 65118.7 284.342 86.3727 197.97 60.0891 137.88 82.2479 55.6326 55.7718 30.6008 16.7409 16.1922
internal_count=520327 518286 2041 323 158 165 518224 2073 1563 697 866 510 516151 126404 5714 120690 389747 3004 386743 1718 507 1211 391 820 588 232 337 170 131 86
is_linear=0
shrinkage=0.035


Tree=214
num_leaves=31
num_cat=0
split_feature=1 2 0 0 7 5 1 0 12 2 1 12 10 9 10 7 8 0 7 9 7 9 12 10 5 5 7 11 7 7
split_gain=6.06541 9.78689 9.8234 8.44919 8.38011 7.30327 6.94481 6.53024 6.19113 11.5097 16.9517 9.30278 8.41183 8.72544 7.79927 6.11754 5.62653 5.92024 7.13981 16.4553 8.83435 5.98241 7.30946 5.41954 5.25227 9.71796 8.47441 6.39654 9.21789 5.07136
threshold=88.097713470458999 99.30505752563478 26.400000572204593 46.399999618530281 73.038913726806655 92.327365875244155 77.495319366455092 62.399999618530281 3.3203631639480595 1.3056819438934328 11.093581199645998 5.7967255115509042 -5.3034546375274649 -0.96314999461174 -6.6548156738281241 69.578166961669936 -3.4999999999999996 40.799999237060554 36.454193115234382 -1.1216500401496885 71.992401123046889 1.0234499573707583 76.373752593994155 -0.7679135501384734 96.423095703125014 95.359210968017592 67.301731109619155 50.565250396728523 44.850858688354499 64.699142456054702
decision_type=2 2 2 2 2 2 2 2 2 2 2 2 2 2 2 2 2 2 2 2 2 2 2 2 2 2 2 2 2 2
left_child=6 3 -3 24 15 -4 7 8 12 10 -10 -11 14 -14 -1 29 23 18 19 -18 -20 -19 -23 -8 25 26 -2 -26 -29 -5
right_child=1 2 5 4 -6 -7 16 -9 9 11 -12 -13 13 -15 -16 -17 17 21 20 -21 -22 22 -24 -25 27 -27 -28 28 -30 -31
leaf_value=-0.0035832153739515506 0.0055452788447260442 -0.021448560795476659 0.027016325749788919 0.02178518387330533 -0.011466991524850824 -0.0030619696490106303 0.018010560186231039 -0.023318187353583951 -0.0082478624357322297 0.012384176097926389 0.017710230858890504 -9.9768452997909594e-05 0.0010278323780668378 -0.0052124994881933406 -0.020166931605955504 0.04043240399798604 -0.013174161588362718 -0.0088576742096774172 -0.01230686583122516 0.019914893348042077 0.006054452072127149 -0.0021285451095351521 0.035994180841173617 -0.018076445169267846 0.012401395751288641 -0.0074393110453463175 -0.0035978658520782452 -0.010642671578921431 0.0054702834289943802 -0.0045207872820690912
leaf_weight=86.892792098224163 408.94257585704327 34.950798094272614 9.6488529071211797 26.594346076250076 10.770754419267176 177.11605102568865 22.389266192913059 14.056688934564589 43.392793245613575 72.381999589502811 100.05567966401577 78321.996391586959 675.73598719760776 459.66874972730875 59.071496374905109 14.548372335731981 37.99967997521162 16.254205793142319 237.01221907883883 34.137514367699623 36.070010252296925 10.960461162030699 12.16234455257654 5.6594612821936598 122.8728289604187 140.72231817245483 176.57777532190084 50.190470233559608 288.81588184833527 12.410476021468638
leaf_count=453 2437 189 53 119 55 834 135 64 210 411 444 500587 4188 3153 327 57 176 69 1282 153 231 42 51 45 676 825 1069 262 1694 49
internal_value=-9.62111e-05 0.00212759 -0.00462568 0.00333088 0.0156311 -0.00136211 -0.000137172 -0.000113649 -0.000109241 -6.97639e-05 0.00980725 -8.80264e-05 -0.00252188 -0.0014943 -0.0104157 0.0212985 -0.00466207 -0.00578209 -0.00725934 0.0024353 -0.00984546 0.00688144 0.0181641 0.0101872 0.002649 0.000780046 0.00277486 0.00556611 0.00304469 0.0133167
internal_weight=81720.1 1474.16 221.716 1252.45 64.3239 186.765 80245.9 79833.3 79819.2 78537.8 143.448 78394.4 1281.37 1135.4 145.964 53.5532 412.645 384.596 345.219 72.1372 273.082 39.377 23.1228 28.0487 1188.12 726.243 585.52 461.879 339.006 39.0048
internal_count=520340 8319 1076 7243 280 887 512021 509837 509773 501652 654 500998 8121 7341 780 225 2184 2004 1842 329 1513 162 93 180 6963 4331 3506 2632 1956 168
is_linear=0
shrinkage=0.035


Tree=215
num_leaves=31
num_cat=0
split_feature=10 10 2 2 5 5 7 4 7 5 7 4 7 7 2 2 11 2 10 5 12 2 7 11 10 11 5 2 7 2
split_gain=4.38702 24.0846 25.4156 50.0724 46.9789 94.8027 32.8747 71.0687 50.8659 28.365 27.8769 243.098 29.0791 24.0568 23.9701 45.8874 127.434 33.875 69.0014 25.2911 23.6671 22.0768 106.718 77.6804 21.8748 18.3902 37.0142 51.2329 33.0076 30.7548
threshold=-1.3104421496391294 -1.5203504562377927 49.666902542114265 49.977699279785163 45.501287460327156 45.554418563842781 71.004535675048842 42.131437301635749 72.570858001708999 45.449871063232429 64.03334236145021 50.249008178710945 63.478757858276374 75.94882965087892 49.107086181640632 48.996879577636726 57.991550445556648 49.021945953369148 2.277327418327332 43.508358001708991 23.775902748107914 49.856487274169929 61.535604476928718 71.000350952148452 0.28190851211547857 58.403850555419929 45.452220916748054 46.85585021972657 71.191276550292983 48.696319580078132
decision_type=2 2 2 2 2 2 2 2 2 2 2 2 2 2 2 2 2 2 2 2 2 2 2 2 2 2 2 2 2 2
left_child=1 2 6 4 -4 -6 7 20 -8 -9 12 -12 -5 -10 15 25 17 18 -17 -16 -1 22 -21 -24 -19 29 28 -28 -27 -2
right_child=14 -3 3 10 5 -7 8 9 13 -11 11 -13 -14 -15 19 16 -18 24 -20 21 -22 -23 23 -25 -26 26 27 -29 -30 -31
leaf_value=-0.0023184869948431543 0.00087249359155690633 -0.0046586059858732881 -0.014997474832176722 -0.00035496638194511265 0.063922390499727075 0.010058200195052217 0.010651023029699017 0.039710211687475176 -0.0075374051454195736 -0.011755312188912324 0.02177711855782067 -0.0021355445476703354 -0.026946029690313067 0.0049667992389534074 0.02071057498210685 0.027690030487463196 -0.0065082046138099448 0.041629270750366196 0.088224935375604954 -0.038579664464754276 0.0083100639456750933 -1.7109707914803409e-05 -0.0045761536097736763 0.01088622850002992 0.0046379433881564109 -0.013065809651705668 -0.0014897287268309856 0.010769168890227648 0.0012246364628790167 -0.0082545901481315756
leaf_weight=955.68849427998066 2688.4485577386804 1561.3047429756261 55.621464960277081 18876.630787552334 48.630450826138258 215.51483692601323 486.66742857033387 12.44015660881996 582.4965321929194 1212.794386590831 669.70392981544137 2330.3001616159454 49.722093758638948 277.10838191304356 70.081108810380101 139.79629718139768 243.7171890521422 24.674740068614483 27.452986001968384 99.903249323368073 349.84288082271814 44087.714482381009 2295.4001874048263 480.52068058401346 88.351888618431985 236.3319980413653 648.52017337083817 1166.5864814547822 1196.2611840208992 542.73628770187497
leaf_count=5251 16233 10584 357 118191 386 861 2977 113 4199 4900 3481 17265 426 1510 156 332 1353 217 61 281 1197 292381 13637 1740 777 1632 2497 4065 10094 2887
internal_value=-7.85638e-05 -0.000436877 -0.000184154 0.000271342 0.0140042 0.0201644 -0.00279907 -0.00514984 0.00161521 -0.0112015 7.0244e-05 0.00320463 -0.000426331 -0.00349745 0.000104885 0.00201525 0.0119711 0.0280377 0.0380408 -0.000179431 0.000527629 -0.000211106 -0.00318189 -0.00189468 0.0130108 0.00120759 0.00306761 0.0063866 -0.00113392 -0.000660064
internal_weight=81721 27684.5 26123.2 22246.1 319.767 264.145 3877.04 2530.77 1346.27 1225.23 21926.4 3000 18926.4 859.605 54036.5 7002.88 523.993 280.276 167.249 47033.6 1305.53 46963.5 2875.82 2775.92 113.027 6478.88 3247.7 1815.11 1432.59 3231.18
internal_count=520041 171698 161114 140967 1604 1247 20147 11461 8686 5013 139363 20746 118617 5709 348343 40148 2740 1387 393 308195 6448 308039 15658 15377 994 37408 18288 6562 11726 19120
is_linear=0
shrinkage=0.035


Tree=216
num_leaves=31
num_cat=0
split_feature=10 5 2 2 2 7 7 6 4 11 6 2 10 7 10 10 5 6 7 6 4 7 5 5 7 2 10 10 5 7
split_gain=5.78229 26.1238 16.7082 25.8576 47.9404 26.7628 14.3987 14.1559 13.3969 11.32 18.2107 12.7777 21.7516 11.092 15.9219 10.5346 10.4396 6.98832 6.69897 6.33123 6.2203 5.933 5.65881 6.32424 4.93832 19.7219 23.0841 6.41007 19.9646 6.80327
threshold=-11.258804321289061 50.079809188842781 53.883504867553718 53.672307968139656 53.507390975952156 39.775512695312507 1.0000000180025095e-35 63.113315582275398 47.498542785644538 33.321449279785163 76.021450042724624 50.079999923706062 -15.079775810241697 39.356723785400398 -15.079775810241697 -8.9486303329467756 97.33469390869142 40.634757995605476 68.741054534912124 99.693408966064467 38.841281890869148 21.560606956481937 46.117029190063484 46.324718475341804 13.469102859497072 50.079809188842781 11.422029972076418 14.079446315765383 45.438236236572273 83.923740386962905
decision_type=2 2 2 2 2 2 2 2 2 2 2 2 2 2 2 2 2 2 2 2 2 2 2 2 2 2 2 2 2 2
left_child=1 2 3 4 5 -1 15 -5 17 10 11 12 -3 -11 18 -2 20 21 -15 24 -12 -4 -21 -24 25 -8 -27 29 -29 -26
right_child=6 9 8 7 -6 -7 19 -9 -10 13 16 -13 -14 14 -16 -17 -18 -19 -20 22 -22 -23 23 -25 27 26 -28 28 -30 -31
leaf_value=0.015330417039036032 -0.0039621211814883928 -0.0014729853700167312 -0.031517082448774804 0.041009561258684227 -0.035266202172801707 -0.00010400432540735581 -0.030660278905300601 0.002990684589385902 0.040619407530942502 -0.028669499938402274 -0.032277542088689194 -0.011889805191780588 0.028881697013795823 0.01153376773560634 0.0044152004717638972 0.030868116064020297 0.028526779414649088 -0.028029022038365978 -0.033408025002047224 -0.03136558438125895 0.010186924468569626 0.0038407621311744009 0.056077146678798387 -0.012663589750677476 -5.7969516708359137e-05 0.013568743428465041 -0.015471450549006621 -0.0048703075074547431 0.0062066000517981279 -0.0072743220556093259
leaf_weight=298.92083334922791 15.261783475056289 70.595567733049393 6.5988564789295188 41.498080670833588 32.014971375465393 252.78746793419123 31.430379949510098 17.505698472261429 4.9296469166874877 40.652072750031948 32.236810845322907 39.815209627151489 47.629256188869476 4.1343564987182644 56.656975198537111 30.893281750380993 3.8753611594438544 27.461721863597631 25.644114047288895 13.860340184532108 4.1933871591463676 25.616412669420242 1.4682346647605289 4.958936610724777 79286.424579299986 70.227189466357231 62.710274692624807 285.18355952948332 654.04595116153359 159.57946721836925
leaf_count=1210 158 680 58 94 147 1171 280 44 37 362 381 401 321 32 421 207 9 254 270 1179 40 192 39 499 502605 594 602 2425 3018 1525
internal_value=-1.1348e-05 0.00258979 0.00636806 0.00808138 0.00581194 0.00825593 -4.47832e-05 0.0300378 -0.0104599 -0.00559636 -0.000323679 0.00501541 0.0108091 -0.0137172 -0.00640622 0.0193307 -0.021119 -0.0152765 -0.026801 -5.61613e-05 -0.0270877 -0.00377799 -0.0192324 0.00654022 -5.10537e-05 -0.00609706 -8.85792e-05 -3.85434e-05 0.00283453 -7.26259e-05
internal_weight=81648.8 1032.77 707.334 642.727 583.723 551.708 80616 59.0038 64.6066 325.433 198.346 158.04 118.225 127.088 86.4354 46.1551 40.3056 59.677 29.7785 80569.9 36.4302 32.2153 20.2875 6.42717 80549.6 164.368 132.937 80385.2 939.23 79446
internal_count=519255 6124 3207 2666 2528 2381 513131 138 541 2917 1832 1402 1001 1085 723 365 430 504 302 512766 421 250 1717 538 511049 1476 1196 509573 5443 504130
is_linear=0
shrinkage=0.035


Tree=217
num_leaves=31
num_cat=0
split_feature=5 5 4 10 2 10 4 4 6 10 6 10 2 11 7 10 7 2 2 7 10 5 5 2 7 7 5 6 7 4
split_gain=7.07587 17.7473 64.6816 179.908 58.1036 53.8808 32.5292 31.5098 28.0951 27.0081 19.4697 12.7782 25.5788 25.3499 19.5173 12.166 16.6295 20.2527 12.103 16.3422 10.8074 46.6596 53.5098 41.5398 31.3324 26.4462 23.6054 10.6763 10.353 8.46856
threshold=46.395015716552741 46.284826278686531 56.993158340454109 6.3144264221191415 52.404092788696296 3.8988591432571416 46.440656661987312 54.724212646484382 61.108633041381843 -1.6860778927803037 45.742458343505866 -12.683357715606688 49.336395263671882 47.16044998168946 39.775512695312507 -15.079775810241697 13.469102859497072 53.672307968139656 48.799194335937507 75.742977142333999 1.0116817355155947 46.028558731079109 46.036748886108406 54.316396713256843 75.94882965087892 76.442924499511733 45.447542190551765 76.793041229248061 58.399545669555671 30.041594505310062
decision_type=2 2 2 2 2 2 2 2 2 2 2 2 2 2 2 2 2 2 2 2 2 2 2 2 2 2 2 2 2 2
left_child=1 11 4 8 7 9 -7 -3 -4 -6 -5 12 18 14 -14 16 27 -18 19 -1 24 23 -23 -22 26 -26 -13 29 -15 -2
right_child=15 2 3 10 5 6 -8 -9 -10 -11 -12 20 13 28 -16 -17 17 -19 -20 -21 21 22 -24 -25 25 -27 -28 -29 -30 -31
leaf_value=-0.033752810833681909 0.0068974819398658653 -0.033015901818253875 0.022212032051208693 -0.0014166614455911263 0.0046042432290016467 -0.016925912249293656 0.022219031310665868 -0.00045427607057721859 0.059867219652669612 -0.018215472422461947 -0.041288879876909268 0.0017049674738248877 0.0057837707834465305 -0.0031524600175511725 -0.018074881272787335 0.00051684545061618612 -0.021677880812925699 0.03090422829399795 0.036877063819331868 0.023048204257112081 0.00066155058220813436 -0.011692891013019435 -0.00034334790713821348 0.023324598129571189 0.069538068256707178 0.0063839336137400471 -0.0011898074005862983 -0.022684502554303827 0.037238369508692234 0.05325830646355361
leaf_weight=7.7810115292668369 50.223553217947483 159.92559798061848 46.185416460037231 22.191769957542419 88.097965261898935 32.37940514087677 118.89146880805492 47.662168897688389 56.139695912599564 220.60898556560278 48.440582185983658 3953.3053005030379 92.676502838730812 10.079954914748667 75.187032125890255 23379.236465062946 100.3680609986186 9.0437564402818662 42.736649975180626 21.37048215419054 23235.371896507218 814.2668702211231 1358.2957111820579 98.721041864249855 7.4734260886907569 587.6705225915648 27028.635700630024 12.952374693937598 27.877024859189987 4.6834874153137198
leaf_count=40 502 468 78 40 749 59 233 118 96 556 92 36072 432 32 281 181189 886 25 92 139 141935 1951 3839 638 68 3270 146102 159 176 43
internal_value=-6.45197e-05 -0.000271741 -0.00531857 0.0136961 -0.010266 -0.00329644 0.0137491 -0.0256038 0.0432432 -0.0116856 -0.0290157 -0.000197594 0.00728034 0.000937841 -0.0048962 0.000447164 -0.00866443 -0.0170753 0.0251329 0.00715679 -0.000234198 0.000301444 -0.00460307 0.000758529 -0.000667085 0.00728101 -0.000820173 0.0048356 0.0264878 0.0116857
internal_weight=81758.5 58202 840.523 172.957 667.566 459.978 151.271 207.588 102.325 308.707 70.6324 57361.4 277.709 205.821 167.864 23556.5 177.271 109.412 71.8881 29.1515 57083.7 25506.7 2172.56 23334.1 31577.1 595.144 30981.9 67.8594 37.957 54.907
internal_count=520360 337556 2489 306 2183 1597 292 586 174 1305 132 335067 1192 921 713 182804 1615 911 271 179 333875 148363 5790 142573 185512 3338 182174 704 208 545
is_linear=0
shrinkage=0.035


Tree=218
num_leaves=20
num_cat=0
split_feature=6 0 4 8 7 4 2 7 0 7 2 5 1 2 5 5 5 5 2
split_gain=7.42251 5.13149 6.03164 5.11904 5.06438 5.0409 28.6554 12.8075 4.76478 7.98354 5.79366 4.25875 2.96504 2.1688 1.04862 4.15179 0.434462 0.196457 0.0840957
threshold=99.693408966064467 62.399999618530281 61.659725189208991 -12.499999999999998 83.923740386962905 67.195690155029311 50.079050064086921 85.718479156494155 40.799999237060554 71.992401123046889 54.515148162841804 50.079809188842781 88.097713470458999 50.080841064453132 46.117029190063484 46.132738113403327 45.395757675170906 50.079050064086921 50.080192565917976
decision_type=2 2 2 2 2 2 2 2 2 2 2 2 2 2 2 2 2 2 2
left_child=1 3 -3 -1 8 6 -6 -7 10 -10 -5 14 -4 18 16 -16 -2 -17 -13
right_child=11 2 12 4 5 7 -8 -9 9 -11 -12 13 -14 -15 15 17 -18 -19 -20
leaf_value=0.020556745058692545 0 0.0070401942373862596 -0.036446685273874346 5.3122508540079808e-05 -0.029791814583821154 0.015175250235283532 0.0057403135833468356 -0.0047621871886567588 0.0047055208443940767 -0.0089062854044955706 -0.0021741179784734201 0.05473202415852698 -0.010388262421907234 -0.011529410285450565 0.043540225909600536 -0.026810407797482862 -0.032741712437898772 0 0.0020333328002305894
leaf_weight=14.065692149102686 0.78504518559203162 11.502061583101748 10.57122865319252 79225.917894165963 49.669641520828009 46.490999206900597 60.875953674316406 236.15676433593035 497.85847781598568 57.981411062180996 1456.1962945908308 0.50201890897005685 13.802831187844276 0.67913370439782739 0.65364029631018539 3.271483595483005 12.650062721688299 0.83071520179510105 0.41186612984165549
leaf_count=76 54 46 49 503483 615 286 621 1996 2042 277 8699 39 56 86 8 284 1144 79 51
internal_value=8.36346e-06 1.37448e-05 -0.0130748 1.97099e-05 1.5884e-05 -0.00394251 -0.0102612 -0.00142453 3.51675e-05 0.0032623 1.28161e-05 -0.0210062 -0.0227672 0.0236825 -0.026121 -0.00800153 -0.0312332 -0.0234073 0.0471013
internal_weight=81700.9 81681.1 35.8761 81645.2 81631.1 393.193 110.546 282.648 81238 555.84 80682.1 19.784 24.3741 1.59302 18.1909 4.75584 13.4351 4.1022 0.913885
internal_count=519991 518246 151 518095 518019 3518 1236 2282 514501 2319 512182 1745 105 176 1569 371 1198 363 90
is_linear=0
shrinkage=0.035


Tree=219
num_leaves=31
num_cat=0
split_feature=5 5 4 11 9 7 2 6 9 5 5 7 5 6 7 9 5 9 5 6 2 11 5 7 6 2 6 5 2 12
split_gain=5.39712 10.3207 26.6588 21.3237 18.6264 79.4896 72.7879 10.5486 8.31305 20.6099 22.309 15.7993 48.502 37.0954 33.601 23.2065 14.5463 18.6692 20.7058 12.0451 10.3352 12.4472 28.9185 23.5165 9.58347 12.1551 7.95486 10.7208 9.47432 7.74829
threshold=46.484361648559577 46.028558731079109 30.041594505310062 90.86985015869142 0.91374999284744274 65.280933380126967 51.659938812255866 99.693408966064467 -3.6045500040054317 46.620765686035163 46.584453582763679 20.186177253723148 46.584453582763679 48.874351501464851 18.460414886474613 -1.1216500401496885 46.859218597412116 -4.0630500316619864 46.681980133056648 19.544479370117191 51.432224273681648 57.173250198364265 46.681980133056648 72.941394805908217 83.072074890136733 50.079809188842781 56.734876632690437 47.163959503173835 53.672307968139656 57.025800704956062
decision_type=2 2 2 2 2 2 2 2 2 2 2 2 2 2 2 2 2 2 2 2 2 2 2 2 2 2 2 2 2 2
left_child=1 7 -3 4 5 -4 -6 -1 9 10 -2 12 -10 15 -15 -14 17 18 -11 -19 21 22 -13 -23 29 -26 27 -22 -28 -18
right_child=8 2 3 -5 6 -7 -8 -9 11 16 -12 20 13 14 -16 -17 24 19 -20 -21 26 23 -24 -25 25 -27 28 -29 -30 -31
leaf_value=4.4640808413904538e-06 0.0050637053401148217 0.020149498181495733 -0.0026470374430799669 0.019439720441546102 -0.0085606060518501476 0.010909296310377417 0.011978886411917978 -0.0309788929184657 -0.027916290021913859 0.0041614337025576605 -0.020654025010311518 0.013898853630513731 -0.004974013582316382 0.00079351256617112996 0.038439189168234938 0.024077682747247808 -0.00074857101498650093 0.029600965330744456 0.038787529724477757 -0.015625474419837509 -0.010789487630234592 0.0044693810666727096 0.00011548149549352308 -0.00071237757736148776 0.0027049312832650957 -0.017772483044761003 -0.0074301030461062234 -0.0019898460520201798 0.0018686003751976685 0.03691106777509473
leaf_weight=52482.693823285401 58.807283964008093 67.992752678692341 3928.4418631945737 56.76121886074543 1310.8186638113111 611.57125918008387 250.98408830165863 12.664248600602148 39.993002514354885 46.996222592890263 133.09728295169771 188.28094317018986 135.78962691128254 43.060027619823813 91.173605777323246 43.851282343268394 985.95633843913674 8.0097570419311506 38.794198840856552 38.148762822151184 192.22783582657576 2720.8139755018055 13604.126356268302 1767.2858685292304 56.20385349355638 92.371866101399064 152.56931452453136 1441.6723179444671 1067.6881805462763 5.9334575682878485
leaf_count=317317 425 211 16290 99 3092 1531 632 1179 313 302 478 453 603 297 349 130 6860 43 105 199 878 21526 116656 15852 457 834 542 7208 5254 12
internal_value=1.44945e-05 -0.000163296 -0.00151049 -0.00175334 -0.00195416 -0.000817763 -0.00525096 -3.34914e-06 0.000469643 -0.00208014 -0.0127484 0.000643793 0.00797114 0.0126254 0.0264911 0.00215417 -0.000458662 0.0104999 0.0201138 -0.0072578 0.000520479 0.000826555 0.000304942 0.00242763 -0.00173914 -0.0100063 -0.00143713 -0.00303418 0.000696141 -0.000486676
internal_weight=81674.8 58721.9 6226.57 6158.58 6101.82 4540.01 1561.8 52495.4 22952.9 1464.32 191.905 21488.5 353.868 313.875 134.234 179.641 1272.41 131.949 85.7904 46.1585 21134.7 18280.5 13792.4 4488.1 1140.47 148.576 2854.16 1633.9 1220.26 991.89
internal_count=520127 340351 21855 21644 21545 17821 3724 318496 179776 9715 903 170061 1692 1379 646 733 8812 649 407 242 168369 154487 117109 37378 8163 1291 13882 8086 5796 6872
is_linear=0
shrinkage=0.035


Tree=220
num_leaves=31
num_cat=0
split_feature=9 7 7 6 7 7 10 7 5 10 7 7 10 6 10 6 4 7 7 7 7 10 6 4 10 11 6 11 10 5
split_gain=4.59146 30.3358 89.0198 49.3253 47.851 44.8164 59.7838 42.2571 33.3755 51.2137 32.4141 64.724 52.1225 38.4158 51.469 37.578 29.7278 26.7016 39.8024 36.1749 28.9382 30.6344 26.8814 23.05 20.5083 24.3104 19.6561 19.2395 17.6841 27.2665
threshold=-1.7202499508857725 35.942852020263679 38.011922836303718 59.142272949218757 42.491350173950202 44.196378707885749 -2.5692464113235469 47.443729400634773 45.554418563842781 -1.1518093347549436 31.036768913269047 28.807779312133793 -12.683357715606688 48.874351501464851 -6.9107091426849356 41.822921752929695 43.237737655639656 25.586957931518558 24.034657478332523 22.878716468811039 23.790318489074711 0.07230719551444055 36.68388748168946 43.671176910400398 9.343633174896242 47.056850433349616 64.702835083007827 32.889549255371101 -1.0384084582328794 45.554418563842781
decision_type=2 2 2 2 2 2 2 2 2 2 2 2 2 2 2 2 2 2 2 2 2 2 2 2 2 2 2 2 2 2
left_child=1 10 3 -3 8 6 -6 -7 9 -4 11 -1 -12 27 -15 -13 -17 18 19 22 -21 -22 -2 -10 25 -20 -27 -14 -5 -30
right_child=17 2 4 28 5 7 -8 -9 23 -11 12 15 13 14 -16 16 -18 -19 24 20 21 -23 -24 -25 -26 26 -28 -29 29 -31
leaf_value=-0.00055854606189180954 -0.0029150491462943927 0.0065425482238671232 0.022168829414568599 0.018998662012825577 -0.0087158908875738864 -0.011128294318380871 0.028374298318466516 0.0043192481307236597 -0.015624739330928923 -0.011400441913354348 0.031196751993264434 0.001651053272972726 -0.0057707627765183553 0.013285627951049334 -0.012914052277080462 0.023858725958131141 0.0063454239020996695 -0.0002762585443818549 0.0092886263092024808 -0.0165137467083246 -0.0095342890728688512 0.026298823549092493 0.016558305660447307 0.00044880987216351192 -0.031369788681123299 0.018642166191432972 0.050655065360325185 0.0034177431904521944 0.0030953576016327497 0.0472637653748222
leaf_weight=6446.3385437615216 159.75248565524817 417.86479417979717 105.90316466242075 199.8818884678185 75.232589658349752 270.57730966806412 176.72496876865625 1078.7551472075284 411.05569060146809 115.42226469516754 48.884915992617607 408.99133199453354 501.3541352301836 101.76612525433302 870.62096567824483 268.16827066242695 216.30852520093322 67962.751143478788 323.34289530431852 206.95537299662828 70.782489895820618 48.48140362650156 187.58103569597006 147.56865426898003 11.523782327771185 87.264223419129848 33.086384363472462 627.25787026435137 22.58615817129612 76.523248374462128
leaf_count=40513 858 2029 620 796 376 1297 703 4835 1928 535 108 2800 2067 323 5009 1925 1718 441647 2069 909 332 269 1013 800 36 432 148 3223 172 475
internal_value=-7.53755e-05 0.000539248 0.00354614 0.014352 0.000286437 0.00375157 0.0172792 0.00121166 -0.00681531 0.00465277 -0.000441888 0.000664448 -0.00422107 -0.00506004 -0.0101562 0.00948873 0.0160772 -0.00018746 0.00514927 -0.00024618 -0.00861498 0.00505193 0.00759551 -0.0113716 0.0131343 0.0143603 0.0277772 -0.000658991 0.0251964 0.0373736
internal_weight=81679.3 12587.8 3098.1 716.856 2381.24 1601.29 251.958 1349.33 779.95 221.325 9489.69 7339.81 2149.88 2101 972.387 893.468 484.477 69091.5 1128.77 673.553 326.219 119.264 347.334 558.624 455.217 443.694 120.351 1128.61 298.991 99.1094
internal_count=519965 72252 14566 3472 11094 7211 1079 6132 3883 1155 57686 46956 10730 10622 5332 6443 3643 447713 6066 3381 1510 601 1871 2728 2685 2649 580 5290 1443 647
is_linear=0
shrinkage=0.035


Tree=221
num_leaves=31
num_cat=0
split_feature=2 6 6 11 2 5 4 7 7 5 13 13 6 8 7 0 1 5 5 0 5 9 9 1 5 7 7 13 2 13
split_gain=4.70235 9.49514 7.57735 12.2287 10.9361 14.7546 10.1358 8.93413 32.167 10.2045 7.31561 6.88565 6.06584 5.83412 5.84617 6.08504 15.2993 9.07326 5.5418 7.38122 6.67183 7.86774 5.61937 6.43621 5.5663 5.35504 8.70417 5.06523 4.98583 4.80072
threshold=54.276174545288093 1.2435246706008913 41.432065963745124 30.261050224304203 54.316396713256843 92.948387145996108 45.86389350891114 23.291272163391117 20.186177253723148 46.859218597412116 2.2991542816162114 4.6536796092987069 12.314051628112795 -4.4999999999999991 24.405713081359867 13.59999990463257 62.080410003662116 91.413898468017592 96.010227203369155 13.59999990463257 97.85385894775392 1.9544499516487124 2.3614000082015996 98.301441192626967 95.604118347167983 34.006141662597663 20.186177253723148 3.1754032373428349 4.4529647827148446 1.0811126828193667
decision_type=2 2 2 2 2 2 2 2 2 2 2 2 2 2 2 2 2 2 2 2 2 2 2 2 2 2 2 2 2 2
left_child=11 -2 7 25 6 -6 -5 8 9 -3 29 13 -10 14 -1 17 -17 -16 24 20 21 -20 23 -21 28 26 -4 -12 -13 -9
right_child=1 2 3 4 5 -7 -8 10 12 -11 27 18 -14 -15 15 16 -18 -19 19 22 -22 -23 -24 -25 -26 -27 -28 -29 -30 -31
leaf_value=-0.015315619211512668 0.028177477132814703 -0.027128089479387042 -0.0026674934701105611 0.0017421445772518253 0.0081801670466726973 -0.00036504678660065652 -0.030312886443383893 -0.0085034584248183769 0.022881474922275824 -0.0053542923910241992 0.010496771587358553 -0.012791366357600316 0.0070832555191573865 0.00014441768510510517 0.01395565350385799 -0.0026974435991809951 0.022887700203210772 -0.0081730510510578964 0.027223206747431776 0.0079172246844006616 -0.014475933681656387 -0.015440556921233294 0.043434541035269218 0.041305064502883147 -0.025157129271197228 0.015099070728494328 -0.016420099241578189 -0.0043564299985753363 0.022005098499894023 -0.024639561955652662
leaf_weight=47.669406183063984 12.431868635118006 38.002419672906399 129.72953172679991 21.574038699269295 308.86521262675524 1226.7504229843616 25.36422442831099 353.71374439448118 43.774210222065449 87.626761980354786 38.327496461570263 8.3736016750335747 99.977642081677914 78578.676117347553 24.318544268608093 136.26128027588129 35.314406514167786 223.19899141043425 15.276225045323374 39.412101395428181 18.482093274593353 7.0412339419126502 10.096333950757979 8.2649256363511068 10.030777074396608 11.198743775486944 101.48151678359136 99.100621663033962 10.181947350502012 24.235579714179039
leaf_count=272 95 299 1097 174 2266 6033 225 2200 363 638 176 43 874 500790 112 856 207 1493 93 194 107 38 33 38 46 62 1076 495 58 128
internal_value=8.5981e-05 -0.00137177 -0.0015238 -0.000282416 0.000836115 0.0013525 -0.0156506 -0.00439852 0.000742684 -0.0121261 -0.00709631 0.000134363 0.0120424 0.000121139 -0.00377637 -0.00242049 0.00260977 -0.00593276 0.00824766 0.0121816 0.000563638 0.0133913 0.0201469 0.0144356 -0.00504164 -0.00759217 -0.00876967 -0.000126585 0.0060611 -0.00960651
internal_weight=81794.8 2622.15 2609.72 1824.96 1582.55 1535.62 46.9383 784.758 269.381 125.629 515.377 79172.6 143.752 79045.4 466.763 419.093 171.576 247.518 127.159 98.5729 40.7996 22.3175 57.7734 47.677 28.5863 242.41 231.211 137.428 18.5555 377.949
internal_count=520581 16201 16106 10933 8698 8299 399 5173 2174 937 2999 504380 1237 503730 2940 2668 1063 1605 650 503 238 131 265 232 147 2235 2173 671 101 2328
is_linear=0
shrinkage=0.035


Tree=222
num_leaves=31
num_cat=0
split_feature=4 2 2 5 10 2 5 5 2 2 2 2 7 2 11 4 10 7 7 7 2 9 10 9 2 7 2 9 7 2
split_gain=6.0104 24.1823 46.0274 63.1373 51.1445 62.909 55.8533 34.221 34.2348 32.7076 61.8937 50.438 39.1402 29.5386 29.0541 21.835 19.3087 16.1547 62.7874 52.6724 29.649 26.8536 37.0919 25.2207 21.4525 20.6415 19.3034 18.5257 26.1162 19.5392
threshold=43.945226669311531 53.865806579589851 53.062788009643562 45.961141586303718 -5.5668718814849845 53.796842575073249 46.218702316284187 45.833354949951179 53.706521987915046 51.641031265258796 51.752593994140632 51.508155822753913 33.602645874023445 51.225116729736335 34.839050292968757 42.916437149047859 -3.5648289918899532 22.878716468811039 23.790318489074711 25.586957931518558 50.079809188842781 -0.46455000340938563 3.1024001836776738 3.9356000423431401 53.672307968139656 26.097272872924808 50.078678131103523 -1.1965499520301817 18.460414886474613 50.079999923706062
decision_type=2 2 2 2 2 2 2 2 2 2 2 2 2 2 2 2 2 2 2 2 2 2 2 2 2 2 2 2 2 2
left_child=1 2 9 7 6 -6 -5 8 -4 11 -11 13 -12 -1 -9 -13 -3 20 -19 21 26 22 -20 -23 27 -21 -2 29 -29 -22
right_child=17 16 3 4 5 -7 -8 14 -10 10 12 15 -14 -15 -16 -17 -18 18 19 25 24 23 -24 -25 -26 -27 -28 28 -30 -31
leaf_value=0.00090896574842166662 0.012085845973418193 -0.0067036306531159558 0.004995985534515128 -0.0194101168065051 0.0030159526848828619 0.031519401209950226 0.00042444850227804767 0.027499254524650286 0.024155087911774481 -0.025526297366931933 -0.013916131943659876 0.025135175886508945 0.00037160163860084711 -0.01214201922449337 0.0017287756205537181 -0.0029785123381050149 0.00019687709428890059 -0.017664116407312268 0.0029312228627097672 -0.011440700880758478 0.03542518541402017 0.025830435599694196 0.040665933293585997 -0.023006446685313677 0.0048558228651533848 -0.00019774300591752459 -0.038503298159132379 -0.0060755973787970903 0.048831799836341831 -0.015992277585934821
leaf_weight=5742.119305270724 13.290553063154219 895.18001885525882 816.47099909093231 256.48488320410252 1252.7796326158568 101.9538541957736 534.58807487599552 225.00945864804089 132.58720790594816 155.19202104583383 289.52081513404846 146.61463676393032 1225.1392753310502 219.76501822471619 71.191631215624511 43.164079692214727 1110.4251848408021 250.43154525011778 463.96688473038375 199.86486326064914 14.171776212751864 153.69773953408003 33.545554764568806 13.376308292150496 253.36701925843954 66977.361027993727 26.253193214535713 13.272100038826464 45.490144155919552 21.993508204817772
leaf_count=38330 111 6389 5118 805 4116 290 1899 1268 838 466 1026 468 5063 768 444 171 8372 1138 3006 1423 98 703 144 40 1494 435686 235 67 121 45
internal_value=-2.63711e-05 0.0006568 0.0012904 0.00469561 0.00105273 0.00518355 -0.00601067 0.0109626 0.00769805 -0.000185383 -0.00452906 0.000992994 -0.00236072 0.000425146 0.0213503 0.0187185 -0.00288105 -0.000158347 -0.000199057 -0.000134275 0.0069567 0.0096645 0.00555079 0.0217877 0.0102407 -0.000231433 -0.0214244 0.0243795 0.0363978 0.00429749
internal_weight=81698.3 13218.2 11212.6 3391.07 2145.81 1354.73 791.073 1245.26 949.058 7821.52 1669.85 6151.66 1514.66 5961.88 296.201 189.779 2005.61 68480.1 68092.2 67841.8 387.838 664.586 497.512 167.074 348.295 67177.2 39.5437 94.9275 58.7622 36.1653
internal_count=520142 75831 61070 14778 7110 4406 2704 7668 5956 46292 6555 39737 6089 39098 1712 639 14761 444311 442140 441002 2171 3893 3150 743 1825 437109 346 331 188 143
is_linear=0
shrinkage=0.035


Tree=223
num_leaves=31
num_cat=0
split_feature=10 5 7 7 11 7 7 5 9 7 7 6 10 11 10 5 7 5 9 9 10 6 5 9 7 7 5 7 7 7
split_gain=5.44761 35.0194 33.4054 63.8528 101.511 73.3432 81.3418 66.8908 51.1792 50.0181 41.4562 37.2977 39.8424 32.5852 31.3287 30.6168 26.1738 21.3129 22.1685 33.4343 43.5478 17.8241 16.5191 16.0165 34.4106 56.4334 180.388 28.1882 72.845 28.3648
threshold=-3.7780909538269039 44.901058197021491 24.84964752197266 40.735153198242195 42.290550231933601 44.850858688354499 43.856449127197273 45.554418563842781 -0.44795000553131098 36.108549118041999 23.291272163391117 15.117679595947267 -5.3034546375274649 28.093850135803226 -5.4341070652008048 47.320657730102546 62.469350814819343 43.508358001708991 2.5488499402999882 -1.3222499489784239 -1.7742630839347837 28.326513290405277 46.057298660278327 -2.6604499816894527 22.878716468811039 23.790318489074711 46.666610717773445 22.878716468811039 23.790318489074711 18.460414886474613
decision_type=2 2 2 2 2 2 2 2 2 2 2 2 2 2 2 2 2 2 2 2 2 2 2 2 2 2 2 2 2 2
left_child=1 16 10 4 9 6 -5 -6 -7 -4 13 22 -13 15 -15 -3 21 18 19 -2 -21 -1 -12 24 -19 26 -26 29 -29 -25
right_child=17 2 3 5 7 8 -8 -9 -10 -11 11 12 -14 14 -16 -17 -18 23 -20 20 -22 -23 -24 27 25 -27 -28 28 -30 -31
leaf_value=0.022274691010579068 -0.0024532802441040052 -0.0090430989826541901 -0.00047744414643171397 -0.0023570044592855681 -0.0058529533465500553 0.0061999540248744815 -0.031413814951955159 0.016244447542817137 -0.0017032007393190311 0.0099450368380874007 -0.011764639116682397 -0.020049822814108876 -0.002721057950295278 0.020389924575825485 0.00045257459655628833 0.0023948577133178499 -0.035298851510448301 -0.0047563819272174179 -0.020705686205829531 -0.00328544437466064 0.047318160947833213 -0.019486033754065584 0.014163517720602292 -0.024225770281635323 0.07780867291710046 0.0020547946770873202 0.0072077924904750332 -0.016555701380676139 -0.00014559117578184821 0.010182274697449997
leaf_weight=22.237922698259354 65.006914427503943 492.67140294611454 2818.6180791095831 306.67938357125968 196.13259663525969 1386.8837914518081 191.79096354544163 1129.6102810748853 3625.8608348025009 704.02818996040151 41.171579636633396 384.43233154341578 283.43319911649451 172.1357416016981 220.33546462422237 682.05892251711339 56.523370459675789 604.41783941909671 21.365862995386124 31.042307808995247 60.452641472220421 26.610632672905922 104.55490104109049 30.420457795262337 50.881282716989517 1721.7747956337407 315.75989328324795 332.27670727903023 65118.20275524212 474.91956435656175
leaf_count=105 300 2778 16080 2407 1415 6582 770 5979 22860 2956 167 1825 1507 1051 1225 5062 163 4892 52 90 149 142 455 191 121 8975 1126 1591 426422 2815
internal_value=9.75728e-05 0.000759222 0.000926507 0.00178609 0.00471557 -0.000790111 -0.0135833 0.0129685 0.000482621 0.00160537 -0.00281021 -0.00921649 -0.0127182 0.000514072 0.00923848 -0.00239905 -0.0192557 -2.58229e-05 0.0120466 0.0166451 0.0301939 -0.000281215 0.00676612 -5.73444e-05 0.00258789 0.00471779 0.0171727 -0.00016548 -0.00022921 0.00806213
internal_weight=81672.3 12845.8 12740.4 10359.6 4848.39 5511.21 498.47 1325.74 5012.74 3522.65 2380.79 813.592 667.866 1567.2 392.471 1174.73 105.372 68826.5 177.868 156.502 91.4949 48.8486 145.726 68648.7 2692.83 2088.42 366.641 65955.8 65450.5 505.34
internal_count=520253 73529 73119 59049 26430 32619 3177 7394 29442 19036 14070 3954 3332 10116 2276 7840 410 446724 591 539 239 247 622 446133 15114 10222 1247 431019 428013 3006
is_linear=0
shrinkage=0.035


Tree=224
num_leaves=31
num_cat=0
split_feature=0 7 10 1 12 4 10 9 6 0 13 1 13 6 7 10 7 12 0 1 7 1 6 12 1 9 2 6 6 10
split_gain=5.06772 7.7151 10.3827 10.5304 9.22388 8.52754 17.5161 12.9906 11.5287 10.9193 9.4991 7.40151 15.5129 9.12649 8.9661 11.7772 10.1482 7.19365 12.4229 7.57134 8.08685 7.35353 8.1069 7.21449 7.35484 6.5021 6.27807 6.13797 7.3232 5.57979
threshold=28.000000000000004 74.040325164794936 1.1894266605377199 93.573421478271499 94.806541442871108 15.239250183105471 -3.4950604438781734 -1.7202499508857725 53.580562591552741 35.20000076293946 1.0000000180025095e-35 48.565559387207038 6.4583332538604745 21.904274940490726 44.991647720336921 2.9932075738906865 34.66917800903321 65.163009643554702 17.19999980926514 59.833858489990241 71.087303161621108 50.49494934082032 35.110204696655281 74.407764434814467 85.395980834960952 2.1182500123977666 97.714717864990249 13.102389335632326 12.314051628112795 2.8394057750701909
decision_type=2 2 2 2 2 2 2 2 2 2 2 2 2 2 2 2 2 2 2 2 2 2 2 2 2 2 2 2 2 2
left_child=11 5 4 -4 -3 6 -2 8 -7 -10 -8 12 13 27 16 -16 -15 18 26 20 25 -20 -23 -21 -25 -19 -13 28 -1 -29
right_child=1 2 3 -5 -6 7 10 -9 9 -11 -12 17 -14 14 15 -17 -18 19 21 23 -22 22 -24 24 -26 -27 -28 29 -30 -31
leaf_value=-0.0047162734420882957 -0.027474264694942213 -0.0040008548022828052 -0.027716708832209874 0.0029566987603748302 0.03596917280097401 0 0.010362077837552587 0.0020075358266820088 0.031284495658580332 0.0053283366938388366 -0.018810175751064015 5.910823760780623e-05 0.023489337220536883 -0.0010831239670398523 0.0031856315221079705 -0.0056131460960069006 -0.0089218249279959579 0.0066207222124447258 -0.018082626060777471 -0.015268314916815188 -0.013303090372536264 0.016933406453032353 0.0043684845922435534 -0.012418948881873166 -6.57382334937156e-05 0.040910300834914738 -0.028947402385478774 -0.0094911460528000896 0.029383860865365753 -0.026751776522035316
leaf_weight=47.8602499589324 34.506460562348366 23.812888920307159 37.703063733875751 20.470417216420174 9.050911106169222 50.542484819889069 51.674314551055431 1625.1501868292689 50.817550852894783 34.070024356245995 17.62238846719265 76878.770133693703 27.813441812992096 509.54260937124491 673.6022317558527 256.45699728280306 337.69064389169216 20.695469610393051 14.720334522426127 81.862352393567562 12.857891663908957 74.358587302267551 415.43802066892385 81.218644395470619 214.9073198735714 10.087507300078867 8.3406886011362058 130.49335141479969 8.3580941557884199 28.526445925235748
leaf_count=309 137 117 212 117 43 203 225 7440 191 114 76 493655 139 3224 4354 1705 1974 118 75 490 79 390 2282 460 1206 45 45 802 47 185
internal_value=5.54756e-05 0.00181548 -0.00807332 -0.0169108 0.00739241 0.00230536 -0.00738796 0.00288394 0.0132758 0.0210956 0.0027136 1.22611e-05 -0.00207867 -0.00244836 -0.00161709 0.000749174 -0.0042212 6.66607e-05 9.16109e-05 -0.00448796 0.00913651 0.0055616 0.0063148 -0.00609544 -0.00350177 0.0188306 5.55694e-05 -0.00924862 0.000571836 -0.0127497
internal_weight=81789 1955.42 91.0373 58.1735 32.8638 1864.38 103.803 1760.58 135.43 84.8876 69.2967 79833.6 2020.34 1992.53 1777.29 930.059 847.233 77813.3 77391.6 421.629 43.6409 504.517 489.797 377.988 296.126 30.783 76887.1 215.238 56.2183 159.02
internal_count=520459 8875 489 329 160 8386 438 7948 508 305 301 511584 12739 12600 11257 6059 5198 498845 496447 2398 242 2747 2672 2156 1666 163 493700 1343 356 987
is_linear=0
shrinkage=0.035


Tree=225
num_leaves=31
num_cat=0
split_feature=6 7 11 2 10 11 10 4 10 10 7 2 5 10 5 2 2 11 7 9 7 7 9 5 7 2 7 6 7 10
split_gain=5.48971 10.402 17.9817 17.1742 8.83025 8.56498 14.7632 8.2063 9.62718 25.6647 24.7115 6.44841 6.25986 6.07943 5.71418 14.4051 6.06536 4.77334 5.88949 4.5867 131.365 106.346 62.7163 51.0455 46.6188 55.9259 41.1595 37.4503 36.9041 66.8449
threshold=98.581562042236342 56.244001388549812 56.912149429321296 51.659938812255866 4.5968675613403329 24.956450462341312 -7.1923861503601065 56.687097549438484 3.3891690969467168 1.263342618942261 71.087303161621108 49.82098579406739 46.369321823120124 -1.0000000180025095e-35 45.45686340332032 50.025510787963874 51.356193542480476 58.129449844360359 68.997974395751967 0.075649999082088484 57.000656127929695 57.865306854248054 -0.43045000731945032 45.596515655517585 56.244001388549812 51.225116729736335 48.710355758666999 31.934988975524906 44.850858688354499 -1.6410641074180601
decision_type=2 2 2 2 2 2 2 2 2 2 2 2 2 2 2 2 2 2 2 2 2 2 2 2 2 2 2 2 2 2
left_child=19 2 4 -4 5 6 -2 13 9 11 -11 -9 -6 14 16 -16 -3 -15 -19 20 24 22 23 -22 -1 -26 28 -27 29 -21
right_child=1 7 3 -5 12 -7 -8 8 -10 10 -12 -13 -14 17 15 -17 -18 18 -20 26 21 -23 -24 -25 25 27 -28 -29 -30 -31
leaf_value=-0.00043882129862745885 -0.013236128302300866 -0.026086893302909409 -0.0055768288842756621 0.05032190757675762 0.022959410967467831 -0.0050126824686882905 0.044001457001799395 -0.029185432768963182 -0.010941528676838043 0.084435264395092371 -0.00061012767078903003 0.0090643508869620807 -0.013349232884076143 -0.023440836190716439 0.03822796315541363 -0.0079577704098112278 0.014131219890541551 0.0030660124186380846 -0.019362985624581473 0.0092178666498797749 0.0071807901302375909 0.0034908096516186762 0.0053960257693065018 0.03708933771145722 -0.03029221243612611 0.014791145478583199 -0.00078568709354579879 -0.013907822154084084 0.0066942909445334301 -0.00088404721221106502
leaf_weight=33828.648612998426 9.47050923202187 18.813954308163378 10.773851473815741 15.709118239581583 26.312612347770482 298.2838586657308 11.138973814435301 10.960207915864887 37.664679225999862 8.4680455978959781 7.3162680217064908 9.0570934046991152 6.5721260737627736 66.766761844977736 10.441025814507155 30.223827423993498 5.1885455390438429 25.398242724128067 30.30103454971686 959.25528334826231 98.605134092271328 5476.8802973777056 242.08160957694054 248.69967628270388 140.04578272998333 92.978105336427689 33350.167349137366 136.17913001775742 1656.4795823991299 4882.1163946464658
leaf_count=215994 77 280 82 65 197 3720 76 120 285 37 86 98 61 1065 87 451 86 259 466 5265 765 32658 1720 981 613 455 217262 728 9742 26676
internal_value=-2.29064e-05 -0.00325261 0.000439191 0.0278278 -0.00166132 -0.00347152 0.0178608 -0.008623 0.00119646 0.0141174 0.0464655 -0.0118593 0.0153505 -0.0125039 -0.00362319 0.00424072 -0.0169355 -0.0170826 -0.00911312 2.47718e-06 0.000267655 0.00501407 0.0191332 0.028654 -0.000574192 -0.012931 -0.000258739 -0.00222213 0.00208401 0.0007747
internal_weight=81751 638.861 378.261 26.483 351.778 318.893 20.6095 260.6 73.4663 35.8016 15.7843 20.0173 32.8847 187.133 64.6674 40.6649 24.0025 122.466 55.6993 81112.1 40264.1 6066.27 589.386 347.305 34197.9 369.203 40848 229.157 7497.85 5841.37
internal_count=520457 7598 4278 147 4131 3873 153 3320 626 341 123 218 258 2694 904 538 366 1790 725 512859 253914 36124 3466 1746 217790 1796 258945 1183 41683 31941
is_linear=0
shrinkage=0.035


Tree=226
num_leaves=31
num_cat=0
split_feature=10 2 7 7 6 7 9 7 10 2 2 2 2 4 9 6 9 10 2 7 2 1 7 7 10 7 6 6 11 6
split_gain=5.07924 40.351 10.2848 13.3868 9.15577 8.03145 19.336 16.9168 7.80366 11.02 21.6849 14.8559 12.9977 8.59573 7.40284 7.1487 4.64897 14.6462 13.4922 8.22234 5.07914 5.85703 4.88825 4.57013 13.593 9.71179 3.55305 3.30209 2.17252 1.22089
threshold=-15.079775810241697 50.079809188842781 69.26322174072267 65.280933380126967 62.313659667968757 13.469102859497072 -7.7415499687194815 35.319665908813484 -12.683357715606688 53.883504867553718 53.672307968139656 53.507390975952156 51.739131927490241 47.297773361206062 -7.7415499687194815 32.703115463256843 7.6709501743316659 0.07230719551444055 50.079301834106452 96.418178558349624 99.795604705810561 99.998081207275405 67.934066772460952 87.417869567871108 22.41047286987305 75.94882965087892 46.119012832641609 37.858283996582038 48.592649459838874 13.498980045318605
decision_type=2 2 2 2 2 2 2 2 2 2 2 2 2 2 2 2 2 2 2 2 2 2 2 2 2 2 2 2 2 2
left_child=1 4 3 5 14 6 -3 -7 9 10 11 12 -2 15 -1 29 19 18 26 20 21 -10 -22 25 -25 -19 -18 -20 -16 -11
right_child=8 2 -4 -5 -6 7 -8 -9 16 13 -12 -13 -14 -15 28 -17 17 23 27 -21 22 -23 -24 24 -26 -27 -28 -29 -30 -31
leaf_value=0.034006957283043496 0.0020137611118539707 -0.011940419752180695 -0.033016984181886151 0.039656314100476625 0.043883304007352769 -0.026787975781285875 0.032673949494485828 -0.0020910519494411737 -4.7130378304777699e-05 -0.0092777622577218319 0.039374020635527272 -0.035660820881144618 0.019662689033725856 0.026044044934392323 -0.0042841623995982315 -0.031191847569801225 0.012871036098647266 0.001389997242331091 0.017471644660212216 -0.037162739813426299 -0.0043904131021996794 0.0025806172278850341 -0.025757799731947605 -0.038003299269137453 0.00011602805915889365 0.024521240617806559 -0.017762414235275296 0.04965957356538736 0.015601037292582168 0.01101245631483691
leaf_weight=12.28063905239105 216.5059781819582 41.408099986612797 23.604652468115091 5.9513061940670005 15.533837415277956 70.632017396390438 15.765099767595528 66.334845475852489 79553.704256460536 5.8703151941299421 23.235140979290009 9.9295546114444715 66.689049266278744 5.3179975226521483 19.934681564569477 20.769400833174586 10.21905190497637 129.6283889785409 7.7405491694808033 6.5033566430211058 105.31532457470894 1051.9979512169957 14.568335868418215 11.751643292605875 127.58078982308507 26.273848466575146 7.2095360234379759 15.840758487582205 9.0268190801143628 6.9650425165891647
leaf_count=58 1285 478 256 13 68 548 156 340 507438 49 52 44 270 29 74 217 40 479 51 64 504 5978 67 113 1082 143 44 97 48 63
internal_value=-3.29912e-06 -0.00469858 -0.0114108 -0.00870572 0.0214168 -0.0103808 0.000522048 -0.0149593 1.28343e-05 0.00518287 0.00736334 0.00470187 0.0062382 -0.0121549 0.0121143 -0.0188684 -9.78798e-06 0.0040921 0.0234908 -2.69992e-05 -2.35525e-05 -1.27231e-05 -0.00719853 0.00131765 -0.0032477 0.00543821 0 0.040301 0.00193128 0.00121937
internal_weight=81704.1 280.472 223.696 200.091 56.776 194.14 57.1732 136.967 81423.6 355.282 316.36 293.125 283.195 38.9228 41.2421 33.6048 81068.3 336.245 41.0099 80732.1 80725.6 80605.7 119.884 295.235 139.332 155.902 17.4286 23.5813 28.9615 12.8354
internal_count=520148 2039 1791 1535 248 1522 634 888 518109 2009 1651 1599 1555 358 180 329 516100 2049 232 514051 513987 513416 571 1817 1195 622 84 148 122 112
is_linear=0
shrinkage=0.035


Tree=227
num_leaves=31
num_cat=0
split_feature=6 5 0 7 7 1 7 1 2 13 13 6 6 13 10 5 10 7 5 6 5 10 10 2 5 9 6 6 9 7
split_gain=9.46879 5.2792 11.6927 11.1996 13.4566 19.0586 11.7142 12.1371 8.78764 8.32326 16.8907 19.279 12.8881 11.7323 8.23189 7.52146 16.0207 20.4905 14.9086 44.97 52.1139 46.773 15.9892 40.4008 22.6938 13.6271 9.60363 11.4693 7.91787 7.06975
threshold=99.693408966064467 95.092845916748061 10.000000000000002 57.000656127929695 58.399545669555671 50.200565338134773 33.509216308593757 98.82376861572267 49.977699279785163 1.0362972021102907 1.1428944468498232 72.523471832275405 91.679241180419936 1.5268065333366396 -0.57594218850135792 46.484361648559577 -15.079775810241697 13.469102859497072 46.023597717285163 54.357910156250007 46.028558731079109 1.7464545965194704 0.90706148743629467 54.316396713256843 45.447542190551765 -7.7415499687194815 24.278181076049808 0.43134848773479467 1.0408499836921694 20.186177253723148
decision_type=2 2 2 2 2 2 2 2 2 2 2 2 2 2 2 2 2 2 2 2 2 2 2 2 2 2 2 2 2 2
left_child=1 15 3 6 5 -5 7 -3 -6 12 11 -11 14 -12 -4 18 17 25 22 21 -21 -20 24 -24 -1 -17 27 -18 -28 -19
right_child=-2 2 9 4 8 -7 -8 -9 -10 10 13 -13 -14 -15 -16 16 26 29 19 20 -22 -23 23 -25 -26 -27 28 -29 -30 -31
leaf_value=0.0018865056469833344 -0.024175354532124948 -0.0033615405054815174 -0.0070936091767156194 0.063992354239257448 0.0029131263371411083 -0.0052608623105129138 -0.012579271944370416 0.035234503523252879 -0.011834657543457937 0.019451869230993606 -0.0055580781861674453 -0.0042387909677265873 0.022002341098021325 0.0018386573333604073 -0.0009260599899958684 -0.0056917341309253326 0.013492919031828273 -0.030250204038618642 0.0038807088736161999 -0.014620339421919114 -0.0027359588326582953 -0.003346114810588633 0.00064267011153993682 0.022391484445017422 -0.00091681010823212281 0.028323381545809007 0.00073614463080146043 -0.00079615230466335081 0.0026912622636513167 -0.010924216796092906
leaf_weight=4148.0541680566967 19.087221223860979 140.54113754630089 408.04263684153557 8.7159653231501597 155.66462638601661 9.3904911056160909 304.59638615697622 9.9327092394232732 71.380314256995916 120.56313040107489 347.89631703495979 63.37769565731287 24.788124918937683 1064.1304942369461 764.09801612049341 45.877768844366074 68.947867259383202 46.490662194788456 2474.578394792974 544.58742003142834 2659.4413239657879 1968.9439595639706 22792.846867281944 104.33520982414484 23967.236514501274 19.994284719228745 11037.289724782109 4919.3067147880793 3301.9204898253083 51.442521143704653
leaf_count=37510 1736 961 2099 68 1073 53 1981 62 533 603 1782 373 84 5164 4179 506 506 414 9024 1602 9958 4589 142832 681 132608 180 93088 37321 27943 478
internal_value=-2.73614e-05 -2.13934e-05 -0.00135251 -0.00539458 0.000609511 0.0290027 -0.0086398 -0.000594698 -0.00171796 -0.000335343 0.0013162 0.0112682 -0.00254274 9.17371e-06 -0.00308243 3.8027e-05 0.00063375 -0.0102365 -0.000159803 -0.00160085 -0.00476127 0.000676871 5.61154e-05 0.000742857 -0.000502926 0.00474392 0.000726659 -0.000595113 0.00118697 -0.0203403
internal_weight=81663.5 81644.4 3493.12 700.222 245.151 18.1065 455.07 150.474 227.045 2792.9 1595.97 183.941 1196.93 1412.03 1172.14 78151.3 19491.3 163.805 58660 7647.55 3204.03 4443.52 51012.5 22897.2 28115.3 65.8721 19327.5 4988.25 14339.2 97.9332
internal_count=519991 518255 19015 4731 1727 121 3004 1023 1606 14284 7922 976 6362 6946 6278 499240 160436 1578 338804 25173 11560 13613 313631 143513 170118 686 158858 37827 121031 892
is_linear=0
shrinkage=0.035


Tree=228
num_leaves=31
num_cat=0
split_feature=13 13 1 8 5 6 9 9 9 5 8 5 1 6 10 2 6 5 6 8 8 4 2 10 0 10 2 10 5 12
split_gain=7.91225 17.3303 25.8389 18.0326 13.0628 14.3087 10.0571 12.8198 13.6272 10.3145 11.9774 9.8917 9.82016 8.022 7.89376 7.71035 7.48235 18.4949 9.99598 7.18031 13.9014 6.95958 8.89881 6.25093 6.14258 6.14036 5.90552 5.64245 5.56403 7.48138
threshold=1.0362972021102907 1.0811126828193667 86.287406921386733 -1.4999999999999998 96.010227203369155 91.679241180419936 -0.78284999728202809 -1.3759999871253965 -2.2700500488281246 96.918334960937514 -3.4999999999999996 99.069286346435561 31.600819587707523 69.837554931640639 3.6910141706466679 0.83801758289337169 78.77896881103517 98.673774719238295 79.946826934814467 -3.4999999999999996 -4.4999999999999991 21.908826828002933 2.7374348640441899 -6.2426600456237784 28.000000000000004 -5.4341070652008048 3.1099752187728886 1.9473839402198794 95.912109375000014 30.403451919555668
decision_type=2 2 2 2 2 2 2 2 2 2 2 2 2 2 2 2 2 2 2 2 2 2 2 2 2 2 2 2 2 2
left_child=4 2 3 26 28 16 7 8 14 12 -11 -5 -9 -4 -3 -8 19 25 -19 20 -6 24 -23 -21 -17 -18 -2 -10 -1 -30
right_child=1 6 13 11 5 -7 15 9 27 10 -12 -13 -14 -15 -16 21 17 18 -20 23 -22 22 -24 -25 -26 -27 -28 -29 29 -31
leaf_value=2.9410719606817752e-05 0.046223625247741477 0.017481555319950548 0.070833109583451653 -0.019966128839055072 -0.0075696128081191522 0.02152479550653575 -0.014329950801256482 -0.01866909938912089 -0.0022388255521584074 -0.0059663952224726056 0.030102372166481307 0.012797352058176267 0.018278688921356354 0.020129471889881231 -0.014101372271599138 -0.0054380175804935715 0.01269686786665822 0.027808795531541232 0.0042227245849448536 -0.020920246983661527 0.018444722761192998 0.0078044875807940367 0.00022896157656078926 -0.0067715082239088427 -0.036521318513176901 -0.011657131352747326 0.0051027730625242953 -0.022522525952642179 0.031571277635915856 -0.0022884503477568585
leaf_weight=78379.215510508046 13.554734006524088 65.405018411576748 11.470244191586973 25.165266364812851 66.672369658946991 25.746331110596657 41.136318899691105 16.025244183838367 83.096482865512371 13.003110468387602 63.726835429668427 19.013018988072872 17.677504867315292 7.4504930004477492 10.492050677537916 38.401054307818413 13.168974094092844 25.674088276922703 140.79160021990538 40.881483323872089 39.232310391962528 218.86928889155388 1421.2599730603397 611.39158484712243 9.3806014135479909 125.62646201997995 6.9854153469204894 20.676425583660603 15.179758355021479 15.082990229129789
leaf_count=502406 84 300 60 127 459 89 235 80 425 78 344 79 79 53 55 277 64 128 807 164 254 1191 7508 3344 50 790 55 109 88 80
internal_value=3.85362e-05 0.00215725 0.0177003 0.00679783 -1.74382e-05 -0.0038227 0.00150319 0.00752585 0.00169336 0.0168717 0.0239012 -0.00573325 0.00048206 0.0528488 0.0129227 0.000485634 -0.00445867 0.000146073 0.00801787 -0.00632008 0.00206781 0.00085747 0.00124747 -0.00769355 -0.0121854 -0.00923675 0.0332826 -0.00648861 3.53699e-05 0.0148459
internal_weight=81601.5 2102.79 83.6392 64.7184 79498.7 1089.19 2019.15 290.103 179.67 110.433 76.7299 44.1783 33.7027 18.9207 75.8971 1729.05 1063.44 305.261 166.466 758.178 105.905 1687.91 1640.13 652.273 47.7817 138.795 20.5401 103.773 78409.5 30.2627
internal_count=519862 11189 458 345 508673 6099 10731 1470 889 581 422 206 159 113 355 9261 6010 1789 935 4221 713 9026 8699 3508 327 854 139 534 502574 168
is_linear=0
shrinkage=0.035


Tree=229
num_leaves=31
num_cat=0
split_feature=9 2 2 7 2 7 7 10 7 10 10 9 9 10 7 7 7 9 7 4 10 6 5 10 9 7 7 10 5 7
split_gain=5.15174 11.2443 12.8221 11.5078 8.21317 8.06321 7.01843 19.0288 6.27424 21.073 21.9243 25.5647 20.5695 19.4291 18.2575 17.6066 23.3557 16.775 10.1647 11.6857 8.62458 6.14453 9.69333 5.99052 5.3424 29.5168 50.8668 33.5785 27.4709 22.0196
threshold=6.0667500495910653 51.023017883300788 49.666902542114265 44.850858688354499 51.228878021240241 51.746061325073249 85.718479156494155 5.885000705718995 75.636428833007827 1.3371118903160097 -0.80657023191452015 0.38075000047683721 3.2103500366210942 16.556191444396976 90.347183227539077 76.706653594970717 76.442924499511733 4.7590000629425058 80.263469696044936 59.670026779174812 0.31776341795921331 75.256149291992202 97.447677612304702 -5.889366388320922 1.5200499892234804 38.011922836303718 39.775512695312507 -2.8324424028396602 45.610874176025398 74.670307159423842
decision_type=2 2 2 2 2 2 2 2 2 2 2 2 2 2 2 2 2 2 2 2 2 2 2 2 2 2 2 2 2 2
left_child=8 2 -2 -3 -5 -4 7 -7 24 10 18 20 -13 14 17 16 -15 -11 19 -10 -12 22 -6 -8 29 -26 28 -28 -27 -1
right_child=1 3 5 4 21 6 23 -9 9 13 11 12 -14 15 -16 -17 -18 -19 -20 -21 -22 -23 -24 -25 25 26 27 -29 -30 -31
leaf_value=-0.00019660705226506222 -0.00040974261661530747 0.0095923924492025189 -0.01569623320808098 -0.039335867280033847 -0.0075503913555659647 0.031327657656707732 0.01427694974249908 0.0080865538169488764 -0.0037105114403999826 -0.0073160462494078716 0.051795222113745619 -4.8424852665626659e-05 0.01731771817315475 -0.011375730308000341 0.051019583645610066 -0.0043611747430610283 0.045443258494594997 0.0035897631166154531 -0.013618843922488463 0.0053126109717004186 0.0081230193920031491 -0.020614814634471811 0.019139508165308905 -0.0060797705243935641 -0.0062595441369702551 -0.0011719433193618459 -0.0047439387289872808 0.0013214366513732178 0.026489236858314422 0.010022855122996785
leaf_weight=64551.901548415422 248.3119195625186 54.541765362024307 13.059938624501227 9.5188936442136747 95.216190941631794 60.220673806965351 28.532886691391468 155.08437998592854 468.47716661309823 1207.0916924839839 20.350124396383766 244.19756144890562 125.57426005322486 12.131848827004431 6.1555687412619582 39.054819723591208 28.116948120296001 200.19501749053597 77.094474162906408 280.22807674668729 8.5146053880453092 30.098190914839506 19.301324993371964 43.508482046425343 723.40347289294004 62.219763651490211 1240.4731994844042 11240.724156885874 144.91948501765728 258.49635104835033
leaf_count=421426 1406 177 56 37 643 242 211 664 3804 10165 82 1619 765 91 45 380 236 1209 796 1811 50 205 75 362 3110 261 7375 60535 529 1889
internal_value=-5.44965e-05 0.00281688 0.00545019 -0.0040684 -0.00897213 0.0103054 0.0115518 0.0147114 -8.14797e-05 -0.00173465 0.00166392 0.0083988 0.00585487 -0.00452644 -0.00547756 0.0122236 0.0282583 -0.0057585 -0.00158371 -0.0003219 0.0397151 -0.00671998 -0.00288968 0.00195492 -2.39473e-05 0.000611771 0.00100445 0.000717789 0.0181743 -0.000155615
internal_weight=81696.7 757.395 548.718 208.676 154.135 300.406 287.346 215.305 80939.3 2717.18 1224.44 398.637 369.772 1492.75 1413.44 79.3036 40.2488 1407.29 825.8 748.705 28.8647 144.616 114.518 72.0414 78222.1 13411.7 12688.3 12481.2 207.139 64810.4
internal_count=520256 4078 2941 1137 960 1535 1479 906 516178 21053 8927 2516 2384 12126 11419 707 327 11374 6411 5615 132 923 718 573 495125 71810 68700 67910 790 423315
is_linear=0
shrinkage=0.035


Tree=230
num_leaves=31
num_cat=0
split_feature=7 9 5 7 10 6 10 10 7 10 10 7 7 6 7 7 7 7 9 7 7 5 7 5 2 6 7 10 10 10
split_gain=5.98834 43.8123 43.1329 42.1091 60.5336 27.3257 20.7668 25.7017 18.1811 16.217 13.0321 29.5716 91.4964 46.3452 62.469 43.6868 103.474 108.342 32.2548 32.1782 50.4531 35.6383 23.9974 19.0967 17.9013 12.4401 11.8163 23.8126 21.8875 11.253
threshold=20.186177253723148 -2.9296500682830806 46.584453582763679 18.460414886474613 7.2648968696594247 68.272686004638686 14.079446315765383 3.447013378143311 18.460414886474613 8.4382386207580584 -6.2426600456237784 40.876146316528327 33.602645874023445 59.510698318481452 39.356723785400398 64.699142456054702 65.378646850585952 65.280933380126967 -2.7423499822616573 23.291272163391117 24.84964752197266 47.320657730102546 69.86682510375978 44.901058197021491 52.222757339477546 76.793041229248061 18.460414886474613 -1.1141470670700071 -3.7780909538269039 -5.7159907817840567
decision_type=2 2 2 2 2 2 2 2 2 2 2 2 2 2 2 2 2 2 2 2 2 2 2 2 2 2 2 2 2 2
left_child=1 3 -3 6 29 26 7 25 -7 -9 11 12 19 -14 -15 18 17 -17 24 21 -21 -2 -18 -20 -13 -1 28 -28 -4 -5
right_child=10 2 5 4 -6 8 -8 9 -10 -11 -12 15 13 14 -16 16 22 -19 23 20 -22 -23 -24 -25 -26 -27 27 -29 -30 -31
leaf_value=0.0013640572743660151 0.00021109032980750494 -0.028337150831061766 0.018361176988540746 -0.027495261439782162 0.032446634805741843 0.0077546736210882391 -0.021742390574297471 0.039426018023060977 0.053080846717926407 0.0035388745729366148 -5.5804535368192022e-05 -0.028629301392823325 0.0066873611258668683 0.032382565730589431 0.0025825119238852248 0.015173532800081723 -0.010659466615060537 0.089938626937470165 -0.03453159814977122 -0.016958332181197529 0.00022671474447667951 0.023058621268919353 0.0029663327760072111 -0.0030176868312951585 0.0042087969497409403 -0.011760603075429378 -0.0027365913335353057 0.028491291303995869 -0.031903906227092799 -0.013692051446730647
leaf_weight=451.35512107610703 263.51188177894801 29.121372528374195 20.339169412851334 146.35713781137019 28.206751473248005 16.705061241984367 51.66853891313076 32.03251601755619 34.250326354056597 30.299063250422478 75906.251900723204 105.48038597404957 642.24277501553297 249.82273239642382 132.36289949249476 103.35287544876337 209.87000898271799 30.345241874456406 23.440395101904869 282.38900558277965 798.79630327038467 122.15788585972041 636.06315118726343 923.79907014966011 24.471290707588196 109.0478389756754 52.477279976010323 67.23887824267149 20.41695398837328 154.70219432935119
leaf_count=3346 1482 221 113 818 179 118 546 239 113 207 488195 335 2496 712 732 404 982 53 69 1254 4938 923 4237 5184 80 982 187 150 136 789
internal_value=1.5792e-05 -0.00239288 0.0109895 -0.0056134 -0.0158577 0.0165257 -0.000588551 0.00118101 0.0387061 0.0223582 5.31522e-05 0.00187283 0.0044372 0.0124596 0.0221071 -0.00123032 0.00411252 0.0326289 -0.00609521 -0.00116451 -0.00426451 0.00749873 -0.000412741 -0.0038334 -0.0224041 -0.0011905 0.00928215 0.0148172 -0.00678032 -0.0204806
internal_weight=81698.6 1244.22 240.549 1003.67 329.266 211.428 674.403 622.735 50.9554 62.3316 80454.4 4548.11 2491.28 1024.43 382.186 2056.82 979.631 133.698 1077.19 1466.86 1081.19 385.67 845.933 947.239 129.952 560.403 160.472 119.716 40.7561 301.059
internal_count=520220 8144 1038 7106 1786 817 5320 4774 231 446 512076 23881 12537 3940 1444 11344 5676 457 5668 8597 6192 2405 5219 5253 415 4328 586 337 249 1607
is_linear=0
shrinkage=0.035


Tree=231
num_leaves=31
num_cat=0
split_feature=7 11 6 7 10 5 10 7 11 7 10 4 2 2 12 5 7 10 7 7 6 7 7 7 7 4 7 11 2 7
split_gain=5.61987 42.3334 41.7645 25.7315 62.2506 24.3919 18.7316 17.1254 14.8941 25.4481 17.1927 14.7465 56.9137 47.6907 22.4753 13.0017 10.684 10.3544 31.7305 88.9913 47.9593 45.322 38.3004 78.5353 88.1795 32.4839 31.7913 27.6497 24.8987 21.1958
threshold=20.186177253723148 29.57714939117432 76.414443969726577 18.460414886474613 7.502749204635621 46.584453582763679 -5.7159907817840567 18.460414886474613 42.127450942993171 18.460414886474613 0.8343983292579652 27.500529289245609 50.079809188842781 50.079809188842781 17.759857177734379 46.859218597412116 13.469102859497072 -6.2426600456237784 40.876146316528327 33.602645874023445 60.697797775268562 39.356723785400398 63.030187606811531 65.378646850585952 65.280933380126967 54.171072006225593 23.291272163391117 30.261050224304203 49.794338226318366 69.86682510375978
decision_type=2 2 2 2 2 2 2 2 2 2 2 2 2 2 2 2 2 2 2 2 2 2 2 2 2 2 2 2 2 2
left_child=1 3 5 11 6 -3 -5 -4 10 -10 -7 13 -13 14 -1 -8 -14 18 19 25 -21 -22 27 24 -24 26 -2 -20 -29 -25
right_child=17 2 7 4 -6 8 15 -9 9 -11 -12 12 16 -15 -16 -17 -18 -19 22 20 21 -23 23 29 -26 -27 -28 28 -30 -31
leaf_value=0.0012561824723592715 0.0069177320576895383 -0.028909680131429586 0.0042813379820030376 -0.027003814794827913 0.036831066972957169 0.0071597397868128649 -0.014312390255635127 0.05049932375779604 -0.015719505691401549 0.036827399290788251 -0.026104491691817649 -0.031760613147951165 0.011129421860757303 -0.0048561615224606324 0.042123678023590495 0.011186731265033991 -0.0028937947370064991 2.9267028777896471e-05 -0.021974161284791384 0.0066048893654778191 0.031085844392256399 0.0049820376957742402 0.013356710820390239 -0.01046603921113894 0.080523797414500192 0.066296188552230711 -0.0046582767575700321 -0.020227530574132832 -0.002052417547164551 0.0023335266393543241
leaf_weight=25.209102395921946 398.26749066915363 24.465513505041599 13.879757486283777 146.88516737986356 26.830612748861313 102.14901101589203 127.3441551765427 37.503462716937065 14.759768567979334 40.793046429753304 22.533351488411427 80.822708658874035 88.967539425007999 171.78062624018639 49.180002793669701 29.341695035807788 255.81992625351995 75920.016762844287 119.14991421997547 652.70800173282623 245.77616054564714 123.24001443386078 129.87082600593567 209.51259068399668 28.813766777515411 7.9046501293778411 1066.6962333712727 103.37206017225981 828.49760134611279 641.26204716647044
leaf_count=176 2449 184 96 835 168 410 607 143 78 91 78 688 808 1689 343 185 1611 488284 387 2559 694 700 510 991 50 26 6156 439 4749 4263
internal_value=9.02322e-05 -0.00222973 0.0104401 -0.00547992 -0.0134669 0.00326392 -0.0180205 0.038406 0.00777835 0.0227171 0.000964142 -0.00152993 -0.00547813 0.00526354 0.0285283 -0.00946029 0.00072183 0.000126615 0.00174729 0.00440227 0.0123355 0.0224165 -0.00146411 0.0033992 0.0259395 -0.00109995 -0.00150437 -0.00614079 -0.0040917 -0.000817158
internal_weight=81733.4 1258.27 256.084 1002.18 330.402 204.701 303.571 51.3832 180.235 55.5528 124.682 671.78 425.61 246.17 74.3891 156.686 344.787 80475.1 4555.07 2494.59 1021.72 369.016 2060.48 1009.46 158.685 1472.87 1464.96 1051.02 931.87 850.775
internal_count=520447 8190 1080 7110 1795 841 1627 239 657 169 488 5315 3107 2208 519 792 2419 512257 23973 12584 3953 1394 11389 5814 560 8631 8605 5575 5188 5254
is_linear=0
shrinkage=0.035


Tree=232
num_leaves=31
num_cat=0
split_feature=7 11 7 5 7 11 10 10 9 6 9 10 12 13 10 7 7 7 9 7 7 5 10 7 7 10 7 7 5 7
split_gain=5.26603 5.6741 16.5878 22.1688 14.5459 9.00046 13.8617 7.38574 5.31142 4.70387 4.52673 9.07876 4.24789 9.40741 8.14119 12.2043 15.5137 9.02998 8.20052 20.6823 8.63168 4.72681 15.7006 15.7722 19.4701 13.7212 14.8654 43.5948 13.4269 13.1803
threshold=83.923740386962905 90.86985015869142 85.718479156494155 50.079681396484382 85.718479156494155 77.268501281738295 16.556191444396976 16.556191444396976 5.2697000503540048 12.692308425903322 7.6709501743316659 -1.0384084582328794 2.2429984807968144 6.4583332538604745 -3.8525112867355342 34.66917800903321 30.715738296508793 36.283739089965827 -1.2959499955177305 42.775737762451179 37.080343246459968 50.079809188842781 -15.079775810241697 44.598613739013679 35.319665908813484 -12.683357715606688 65.280933380126967 39.775512695312507 45.549871444702156 13.469102859497072
decision_type=2 2 2 2 2 2 2 2 2 2 2 2 2 2 2 2 2 2 2 2 2 2 2 2 2 2 2 2 2 2
left_child=12 2 8 5 7 6 -4 -3 -2 -6 -11 -12 13 14 18 16 -16 -17 20 -20 -1 25 23 24 -23 26 27 -14 -28 -27
right_child=1 4 3 -5 9 -7 -8 -9 -10 10 11 -13 21 -15 15 17 -18 -19 19 -21 -22 22 -24 -25 -26 29 28 -29 -30 -31
leaf_value=-0.013427165223459193 -0.032574102424278904 0.033875945065435994 0.048902210797411333 -0.02992824950620852 -0.018409222623801746 -0.0011794026647032221 -0.0014755958135031382 0.00096866780329864872 -0.0085289660396795329 -0.010512573832273279 0.02134009133654478 -0.002848183367876715 0.011475483037343265 0.024445227301305328 -0.0014787442225237383 -0.017176756302355933 0.012361777513595787 -0.0024512634965002775 0.034211619417093359 -0.011295312408340152 0.0041369183096494674 -0.011472864230314735 0.00084736249477734263 -0.03455497556253289 0.028304654127288092 -0.011835937219820847 0.012206973283037612 -0.016205178446592167 0.05288537378473146 -0.00012239494229896643
leaf_weight=191.44391674548388 35.565967615693808 19.097419604659081 14.428281486034395 20.087331205606461 25.215769171714783 27.773135356605053 11.38544489443302 15.262442171573637 18.6478251516819 60.320805186405778 21.611628457903862 123.58193106949329 249.14347593486309 15.589904889464377 252.29531502351165 54.469895258545876 161.7643583342433 710.7445291057229 18.242462247610092 33.231038454920053 40.627819515764713 91.071021960116923 10367.144677799661 27.240301087498665 17.187835030257702 117.09154039621353 36.524227492511272 95.74468607455492 13.647095397114752 68801.133751965128
leaf_count=1068 482 113 115 245 217 293 104 91 139 540 147 1060 1114 80 1708 325 1036 4594 110 196 186 998 78069 285 127 1054 206 442 30 425029
internal_value=-5.43559e-05 -0.00409221 -0.0101296 0.000629686 -0.00113152 0.0124849 0.027043 0.0198125 -0.0246749 -0.00433837 -0.00251332 0.00080143 -3.47107e-05 -0.00189317 -0.00219186 -0.000902672 0.00392499 -0.00352544 -0.00751138 0.00497541 -0.0103186 -1.80666e-07 0.000691639 -0.0111066 -0.00493206 -0.000105116 0.00639205 0.00375106 0.0240656 -0.000142535
internal_weight=81687.3 392.978 127.888 73.6742 265.09 53.5869 25.8137 34.3599 54.2138 230.73 205.514 145.194 81294.3 1478.41 1462.82 1179.27 414.06 765.214 283.545 51.4735 232.072 79815.9 10502.6 135.499 108.259 69313.3 395.059 344.888 50.1713 68918.2
internal_count=520203 3546 1378 757 2168 512 219 204 621 1964 1747 1207 516657 9303 9223 7663 2744 4919 1560 306 1254 507354 79479 1410 1125 427875 1792 1556 236 426083
is_linear=0
shrinkage=0.035


Tree=233
num_leaves=31
num_cat=0
split_feature=6 2 7 11 2 5 10 2 2 7 7 2 11 10 2 10 11 2 5 11 10 5 11 10 2 10 2 7 2 7
split_gain=6.549 17.1576 40.2407 50.0475 24.8445 29.2995 24.4075 24.3243 46.1636 40.5916 37.703 34.2631 80.8959 60.3369 43.3625 25.8934 25.1503 24.5943 22.7457 20.6508 20.6381 37.9034 19.0149 24.3793 23.2759 17.9238 16.0819 15.2843 15.1888 26.7657
threshold=86.215801239013686 52.968273162841804 36.283739089965827 39.956050872802741 53.672307968139656 46.666610717773445 -2.4178758859634395 50.459417343139656 50.510725021362312 34.419713973999031 37.281826019287116 50.306278228759773 45.269750595092781 6.1653606891632089 50.081499099731452 -6.0641770362853995 54.214349746704109 48.029621124267585 45.558958053588874 53.659950256347663 -1.1141470670700071 45.582262039184577 45.893449783325202 7.502749204635621 53.507390975952156 -2.725619792938232 50.102197647094734 38.415365219116218 50.475614547729499 66.137874603271499
decision_type=2 2 2 2 2 2 2 2 2 2 2 2 2 2 2 2 2 2 2 2 2 2 2 2 2 2 2 2 2 2
left_child=-1 7 4 20 22 -6 -7 11 28 16 -11 14 15 -14 17 -13 -10 -2 27 -20 25 -22 23 -3 -24 -4 -16 -5 29 -9
right_child=1 2 3 18 5 6 -8 8 9 10 -12 12 13 -15 26 -17 -18 -19 19 -21 21 -23 24 -25 -26 -27 -28 -29 -30 -31
leaf_value=9.6030887211284881e-05 -0.0084048676391507739 -0.010589172932036674 0.040405996347251776 -0.034972902934675205 0.00016574292332469589 0.0084079314171336961 0.043446705209261825 0.046874064030709171 -0.027151156258883632 0.0083292951428710644 -0.003449121977013382 0.03058591142342133 -0.0057978592246889513 0.039055364493899652 -0.030191209810606631 0.099935597105271945 0.011127735107456868 0.0013173539178310306 0.0044654245706858241 0.025654076236047922 0.01694759087614503 0.089840141448398247 0.00020764365690509933 0.043243492732489647 0.04694706247143484 -0.018505766284895336 -0.0053292473527844853 0.0012729929798133825 -0.028140737123231535 -0.018248198035494257
leaf_weight=72643.629994977266 357.50976018467918 485.39693633792922 13.104731532279404 14.326381007209418 642.87454576184973 80.741922467015684 34.862817069515586 9.1222751876339299 123.71395824570209 377.01963847642764 2787.6902574468404 14.05249932408333 146.79583298834041 48.069545295089483 78.316988423001021 14.477469928562639 24.550703458487988 2882.6701598912477 123.18323933146894 105.23557970114052 16.999109350144863 18.931321550160646 117.51043788064271 9.7066778391599637 13.927924387156962 10.767893113195894 55.341791829559952 243.13103760499507 121.59564599487931 34.014686075504869
leaf_count=448167 2801 3528 110 107 4955 502 211 120 719 1604 21825 34 994 264 591 55 72 27049 857 463 112 92 918 33 98 94 456 2483 474 339
internal_value=-1.4252e-05 -0.000904551 0.00201766 0.0100616 -0.00115048 0.00310257 0.0192606 -0.00170313 -0.00379013 -0.00288567 -0.00204197 0.000312974 0.0135637 0.00534524 -0.000565342 0.0677819 -0.02074 0.000240669 0.00629246 0.0143133 0.0400818 0.0566646 -0.00630769 -0.00945159 0.00546739 0.0138113 -0.0200421 -0.000818915 -0.0218356 -0.00371459
internal_weight=81649.3 9005.64 1930.7 545.679 1385.02 758.479 115.605 7074.94 3477.71 3312.97 3164.71 3597.23 223.395 194.865 3373.84 28.53 148.265 3240.18 485.876 228.419 59.8031 35.9304 626.542 495.104 131.438 23.8726 133.659 257.457 164.733 43.137
internal_count=520127 71960 14563 4318 10245 5668 713 57397 25153 24220 23429 32244 1347 1258 30897 89 791 29850 3910 1320 408 204 4577 3561 1016 204 1047 2590 933 459
is_linear=0
shrinkage=0.035


Tree=234
num_leaves=31
num_cat=0
split_feature=11 10 10 7 5 5 10 5 10 7 7 9 5 10 6 7 7 9 7 7 10 7 7 10 6 6 6 6 6 6
split_gain=4.66492 24.1874 32.1631 14.7939 17.055 19.5424 17.86 12.9252 13.4078 8.83256 9.67554 44.2041 37.0421 33.2478 25.4422 21.1603 18.7752 12.5372 34.6839 79.1221 39.1481 13.748 39.9541 18.875 5.1721 4.21649 3.97895 3.17613 1.99504 1.71019
threshold=1.0000000180025095e-35 11.422029972076418 2.7313859462738042 44.598613739013679 50.079553604125984 45.50590896606446 -8.9486303329467756 47.320657730102546 7.775179624557496 1.0000000180025095e-35 20.186177253723148 -2.9296500682830806 46.584453582763679 7.502749204635621 77.198532104492202 18.460414886474613 18.460414886474613 -3.0320500135421748 22.878716468811039 23.790318489074711 -8.9486303329467756 22.878716468811039 23.790318489074711 -4.6239392757415763 47.28900337219239 26.306232452392582 23.08715915679932 53.984622955322273 13.498980045318605 47.28900337219239
decision_type=2 2 2 2 2 2 2 2 2 2 2 2 2 2 2 2 2 2 2 2 2 2 2 2 2 2 2 2 2 2
left_child=1 2 3 4 5 -1 -6 -4 -9 29 11 13 27 15 -14 -11 -15 18 20 -20 -12 23 -23 -19 25 28 -10 -13 -3 -2
right_child=9 24 7 -5 6 -7 -8 8 26 10 17 12 14 16 -16 -17 -18 21 19 -21 -22 22 -24 -25 -26 -27 -28 -29 -30 -31
leaf_value=-0.025333504660272201 0.010814475984056037 -0.0022556892152888856 -0.0042451277697329688 -0.032033016226685938 -0.011133874121743671 0.020191614444094029 0.023661033267916486 0.062510082563119185 -0.0029660712141092323 -0.0045598974434438583 0.011526866156344715 -0.036865811695329723 0.007806477658044042 -0.019335761999228918 0.037102219784030374 -0.017020582369961818 0.038283001839206701 0.016840837969597736 0.01636176983333924 0.00096828810371201194 -0.0099684980616341866 -0.0081939933330015102 -0.00010198155862114059 0.0017991579881872321 -0.024500191659500285 0.0095788439358340353 0.032818479606713281 -0.010864165777614235 -0.027766523042251415 0.038955967535778811
leaf_weight=12.213687159121035 6.5613458603620511 7.9821221753954905 7.442012056708335 12.790579266846178 89.4162417948246 100.83891929686069 21.740360371768475 20.976334184408188 6.4522833824157697 417.195746649988 130.39165638387203 17.847891330718998 180.00578441470861 8.4313273057341558 45.273426998406649 280.89053259417415 27.615734435617924 131.31794352503493 494.60612619668245 2353.9085953114554 493.53049051808193 754.16845221491531 75502.796037923545 458.60807196609676 34.047059049829841 13.602135986089705 7.1421080231666565 10.934047818183897 7.9686920046806335 7.096421092748642
leaf_count=85 40 66 34 41 991 454 150 145 42 2976 761 136 650 86 202 1555 171 976 1528 10755 4169 3565 486388 3409 339 115 46 84 69 44
internal_value=-6.80841e-05 0.00400217 0.00846097 0.00337299 0.00553063 0.0150684 -0.00414561 0.0364001 0.0452458 -8.53577e-05 -9.03066e-05 -0.00353114 0.00902033 -0.00788944 0.0138353 -0.00959749 0.0244889 -4.78511e-05 0.00200886 0.00364746 -0.00545603 -0.000140898 -0.000182187 0.00517757 -0.0153119 -0.00412909 0.0161269 -0.0277855 -0.0161357 0.0272671
internal_weight=81663.8 342.613 279.013 237 224.209 113.053 111.157 42.0127 34.5707 81321.2 81307.5 988.194 254.061 734.133 225.279 698.086 36.0471 80319.3 3472.44 2848.51 623.922 76846.9 76257 589.926 63.6 29.553 13.5944 28.7819 15.9508 13.6578
internal_count=520072 2577 1988 1721 1680 539 1141 267 233 517495 517411 5860 1072 4788 852 4531 257 511551 17213 12283 4930 494338 489953 4385 589 250 88 220 135 84
is_linear=0
shrinkage=0.035


Tree=235
num_leaves=31
num_cat=0
split_feature=1 13 6 1 11 2 12 10 2 4 10 7 9 10 7 12 13 6 7 10 7 10 1 6 13 6 13 11 6 13
split_gain=3.83264 13.3767 8.90438 8.34853 9.64911 8.44781 11.1595 7.53262 7.4798 5.96464 15.2954 9.59855 9.02375 9.85748 9.15295 8.96128 7.69287 5.60784 5.81193 5.53288 17.7564 9.18837 5.45398 5.09647 5.07154 10.8357 6.53595 6.302 5.71318 4.66059
threshold=49.424125671386726 2.353266835212708 20.727281570434574 4.7503163814544687 69.251052856445327 3.9525544643402104 9.0478386878967303 11.422029972076418 99.632465362548842 30.041594505310062 14.079446315765383 1.0000000180025095e-35 0.47364999353885656 3.5701320171356206 18.460414886474613 16.30668926239014 1.4389234185218813 14.717095375061037 33.602645874023445 -15.079775810241697 75.742977142333999 -8.9486303329467756 10.150385379791262 27.532454490661625 6.4583332538604745 30.331507682800297 3.0776515007019047 80.381748199462905 24.278181076049808 2.1507862806320195
decision_type=2 2 2 2 2 2 2 2 2 2 2 2 2 2 2 2 2 2 2 2 2 2 2 2 2 2 2 2 2 2
left_child=1 2 17 4 23 6 -5 24 -7 10 12 -11 13 16 -15 29 -2 18 -1 20 -17 -21 -20 -4 25 26 -3 -27 -26 -13
right_child=9 7 3 5 -6 8 -8 -9 -10 11 -12 15 -14 14 -16 19 -18 -19 22 21 -22 -23 -24 -25 28 27 -28 -29 -30 -31
leaf_value=0.016905435613090266 0.0017890202909170748 -0.034481707493726359 0.01008326134162724 -0.0044532900314223226 0.033228127804274844 -0.0068035459697469124 0.004369318901472412 -0.013173958020353711 0.009090216909977392 0.033721119258799975 -0.016620588134162746 -0.0085681307917345895 -0.015467700277943974 0.024587066887387408 0.0052736702135370225 -0.008598326237748118 0.013550780056021899 -0.01433244865188887 0.0025211384276504485 0.0027248787079288159 0.043958211222913671 1.3533832241641083e-05 -0.015801370893548793 -6.5758046536033168e-05 0.031559983718138888 0.0090092800051708791 -0.003003862796256686 -0.021890706156846181 0.0021773064890430469 -0.035727864219758883
leaf_weight=14.706795960664747 944.47840833291411 8.6662685647606832 64.187676519155502 392.77205050364137 10.465622119605539 663.87908670678735 316.05383862555027 25.635296326130629 37.322554141283035 9.5702569633722288 48.235717371106148 31.820258684456348 29.610370188951492 49.876960724592209 78.36856734752655 167.95942278951406 72.969059851020575 112.67928484082222 39.169638983905315 1562.0651059462689 7.4379575178027144 75663.029996309895 38.165952928364277 881.58233246952295 18.626451350748539 254.84560199081898 61.901583686470985 7.4814611822366706 15.061553247272967 10.34240587055683
leaf_count=92 5678 41 387 2422 52 3845 1566 123 182 59 483 212 210 344 412 1202 429 678 244 8487 49 485412 230 5378 85 1362 355 29 70 57
internal_value=4.16916e-05 -0.00119366 -0.0021143 -0.00150325 0.00101522 -0.00321576 -0.000509078 0.00481533 -0.00593821 8.83198e-05 0.00251227 4.99119e-05 0.00331423 0.00381621 0.0129451 4.53121e-05 0.00264941 -0.00910966 -0.00257207 5.42719e-05 -0.0061404 6.84957e-05 -0.00650083 0.000623582 0.00611833 0.00475325 -0.00731086 0.00803755 0.0189815 -0.0159345
internal_weight=81639 2963.2 2570.98 2366.26 956.236 1410.03 708.826 392.218 701.202 78675.8 1223.54 77452.2 1175.3 1145.69 128.246 77442.7 1017.45 204.722 92.0424 77400.5 175.397 77225.1 77.3356 945.77 366.583 332.895 70.5679 262.327 33.688 42.1627
internal_count=520175 17141 15076 13832 5817 8015 3988 2065 4027 503034 7556 495478 7073 6863 756 495419 6107 1244 566 495150 1251 493899 474 5765 1942 1787 396 1391 155 269
is_linear=0
shrinkage=0.035


Tree=236
num_leaves=31
num_cat=0
split_feature=6 10 5 4 5 7 4 7 11 7 6 10 7 7 9 7 6 4 6 7 5 5 5 5 4 9 5 10 10 5
split_gain=6.25035 7.59682 21.7559 25.0155 19.2703 87.6462 77.3891 48.4405 132.786 87.3928 17.7568 11.3078 25.4073 86.4182 76.2739 59.8849 58.4715 44.3638 32.4629 21.2568 26.8153 66.9097 43.9116 19.281 24.2508 18.3791 10.8861 9.14312 7.31595 8.95728
threshold=3.2703125476837163 -3.2385629415512081 43.508358001708991 44.320077896118171 45.558958053588874 33.509216308593757 46.520668029785163 42.491350173950202 42.290550231933601 45.356000900268562 28.326513290405277 -1.3104421496391294 48.710355758666999 49.614255905151374 0.44335000216960913 34.419713973999031 44.552886962890632 49.351572036743171 67.45145416259767 27.158969879150394 47.320657730102546 46.584453582763679 47.867774963378913 43.508358001708991 46.440656661987312 -1.7202499508857725 45.489482879638679 -7.5363545417785636 -4.5264384746551505 45.554418563842781
decision_type=2 2 2 2 2 2 2 2 2 2 2 2 2 2 2 2 2 2 2 2 2 2 2 2 2 2 2 2 2 2
left_child=28 2 3 10 5 26 -7 8 -6 -9 -2 12 14 16 15 -3 -14 -15 -16 20 21 -13 -22 24 -21 -25 -4 -12 29 -1
right_child=1 11 4 -5 7 6 -8 9 -10 -11 27 19 13 17 18 -17 -18 -19 -20 23 22 -23 -24 25 -26 -27 -28 -29 -30 -31
leaf_value=-0.010233284388713433 0.020401867648552167 -0.00035013016347814767 -0.028108336254487803 -0.032984165595248575 -0.00081390604275845464 0.014320400336023251 0.0014788306423462322 -0.022412319712278549 0.010510853969943546 -0.0018217049327384472 -0.033344328533483666 0.0029800655548609923 0.0043252437940591443 0.0060676343550964337 0.0053579175347136989 -0.0072102177750735415 0.086142438779208255 -0.0016408878769440772 0.026098695488825971 -0.0099481740208984745 -0.017962648910737466 0.02436878353880341 0.0024528522213439668 0.0026983602916444429 0.028334567776933033 -0.00032739057583696231 -0.0034834140538453737 0 0.0022794025608671715 0.00064323483283905999
leaf_weight=131.05076145380735 28.356618590652943 3262.72249420546 118.76535247638822 49.529519878327847 6195.711627996061 715.72137254569679 2918.1771007934585 277.02671004645526 1593.7122897636145 2787.7247431557626 17.931470550596714 1013.0889117009938 19.711090825498104 1213.5205398374237 349.4701976031065 2988.1984527008608 23.348270744085312 3703.4324709875509 125.85053419321775 29.250514019280672 156.96963778138161 217.24661795981228 707.27593648992479 2592.7533056298271 61.348483175039291 47377.39542937139 28.06976967304945 22.283252999186516 2589.1669633574784 309.04725231975317
leaf_count=713 125 22902 1066 149 35371 3802 18357 1458 9084 16626 83 5438 96 7394 1936 19952 124 25716 663 136 395 869 5663 15290 131 310164 226 95 14467 1442
internal_value=8.90435e-06 -5.11455e-05 0.000664528 -0.0142435 0.000786084 0.00293775 0.00401259 3.58082e-05 0.00150308 -0.00369056 -0.0003819 -0.000216645 -0.00120066 0.000698621 -0.00260216 -0.00363116 0.049611 0.000260855 0.0108988 3.71961e-06 0.00345752 0.00677585 -0.00126023 -0.000140703 0.0159192 -0.000170216 -0.0234927 -0.0153199 0.00156882 -0.00259235
internal_weight=81623.9 78594.6 14753 118.101 14634.9 3780.73 3633.9 10854.2 7789.42 3064.75 68.5713 63841.6 11686.3 4960.01 6726.24 6250.92 43.0594 4916.95 475.321 52155.3 2094.58 1230.34 864.246 50060.7 90.599 49970.1 146.835 40.2147 3029.26 440.098
internal_count=519933 503311 86442 452 85990 23451 22159 62539 44455 18084 303 416869 78783 33330 45453 42854 220 33110 2599 338086 12365 6307 6058 325721 267 325454 1292 178 16622 2155
is_linear=0
shrinkage=0.035


Tree=237
num_leaves=27
num_cat=0
split_feature=0 4 12 12 13 7 4 1 12 2 6 8 1 6 2 7 9 8 7 9 10 10 13 13 13 8
split_gain=5.57326 6.19693 5.3443 6.60808 7.98469 10.8255 15.0077 8.45263 7.39913 6.65252 11.21 17.6376 12.2825 5.74468 15.3161 10.8582 4.46661 4.23316 10.709 4.24074 5.6756 8.10478 5.30636 9.08741 7.3102 4.63983
threshold=62.399999618530281 67.195690155029311 1.0000000180025095e-35 7.6597130298614511 1.0811126828193667 26.989735603332523 20.044356346130375 88.097713470458999 3.3203631639480595 1.3056819438934328 79.18173980712892 -1.4999999999999998 1.6089535355567934 49.642675399780281 48.029621124267585 34.66917800903321 0.029749999754130844 -10.499999999999998 39.775512695312507 0.30685000121593481 6.0274863243103036 8.0838499069213885 1.6001024246215823 1.0000000180025095e-35 1.8350168466567995 -3.4999999999999996
decision_type=2 2 2 2 2 2 2 2 2 2 2 2 2 2 2 2 2 2 2 2 2 2 2 2 2 2
left_child=2 -2 17 4 7 -6 -7 8 -4 10 12 -12 -5 15 -15 -11 -9 18 -1 22 25 -22 23 -19 -24 -21
right_child=1 -3 3 9 5 6 -8 16 -10 13 11 -13 -14 14 -16 -17 -18 19 -20 20 21 -23 24 -25 -26 -27
leaf_value=-0.010927677366452216 0.0015601935066550767 -0.027249273263952972 -0.010249350312315379 -0.019364105516633048 -0.022463433215027476 0.062367078825309244 0.012982286385172001 0.023225537371985506 0.0042291358743505184 0.001361779579602766 0.0038852783754658492 0.060691910678270955 0.00803056960839129 -0.0031177525952674114 -0.00011261444027536195 7.9882055256763783e-06 -0.0083908622848921574 -0.0011863322464022129 0.048924966899289879 0.0034153237371129155 0.038599325759329346 -0.012745409465816225 0.02397355885977312 -0.0092457093253457724 0.0012464085114848378 -0.019524985171103289
leaf_weight=7.1590423509478551 16.37710652500391 18.536828473210335 67.375418961048126 23.946543775498867 7.4586010947823516 8.1982450410723668 56.721831016242504 28.795292735099792 116.91275453567505 9294.7807560637593 17.025516994297504 10.690862804651262 103.61912742257118 2207.8159408555366 35144.568953670561 33150.188770577312 5.9154228419065467 976.8834564127028 5.9739225506782532 12.815075770020483 5.7816244512796384 7.8782317899167538 19.413424924015999 207.96487525850534 128.6968602091074 50.01705925911665
leaf_count=47 66 78 395 106 35 37 358 165 654 55645 96 52 456 13006 243259 196765 41 6056 33 95 38 73 120 1405 795 336
internal_value=1.55456e-05 -0.0138074 2.16761e-05 5.94692e-05 0.00531365 0.0153384 0.0200085 0.00192489 -0.00104777 4.01804e-05 0.00725907 0.0271304 0.0027449 2.59725e-05 -0.000290492 0.000304632 0.0175727 -0.00210405 0.0170416 -0.00229697 -0.0102891 0.00943568 -0.0018272 -0.0026121 0.00438515 -0.014752
internal_weight=81701.5 34.9139 81666.6 80244 291.378 72.3787 64.9201 218.999 184.288 79952.6 155.282 27.7164 127.566 79797.4 37352.4 42445 34.7107 1422.58 13.133 1409.45 76.492 13.6599 1332.96 1184.85 148.11 62.8321
internal_count=520212 144 520068 511070 1685 430 395 1255 1049 509385 710 148 562 508675 256265 252410 206 8998 80 8918 542 111 8376 7461 915 431
is_linear=0
shrinkage=0.035


Tree=238
num_leaves=31
num_cat=0
split_feature=7 4 2 5 7 9 10 10 6 7 9 7 2 7 10 6 10 10 10 5 4 7 7 7 9 2 2 2 5 5
split_gain=5.76082 6.55603 25.0754 13.6959 12.8644 7.32024 5.88952 5.81998 5.13025 5.05076 33.0789 34.7404 24.8745 12.7616 68.4772 41.7403 14.6813 22.6302 9.56343 29.4664 29.7553 39.7852 24.8077 11.4005 9.5755 77.7395 56.0026 33.6248 11.8921 151.36
threshold=83.923740386962905 67.195690155029311 50.079050064086921 50.079681396484382 85.718479156494155 7.6709501743316659 -5.4341070652008048 22.41047286987305 57.937923431396491 20.186177253723148 -1.1712500452995298 18.460414886474613 54.368049621582038 18.460414886474613 -5.7159907817840567 45.742458343505866 14.079446315765383 3.447013378143311 -6.0641770362853995 43.508358001708991 52.57843208312989 33.602645874023445 40.735153198242195 37.797212600708015 -3.2763500213623042 52.968273162841804 53.938619613647468 49.107086181640632 45.565744400024421 45.582262039184577
decision_type=2 2 2 2 2 2 2 2 2 2 2 2 2 2 2 2 2 2 2 2 2 2 2 2 2 2 2 2 2 2
left_child=9 2 -2 -4 -3 -6 8 -8 -7 10 13 -12 -13 16 -15 -16 17 -1 19 23 21 -21 -22 -11 25 27 -27 -20 -26 -30
right_child=1 4 3 -5 5 6 7 -9 -10 18 11 12 -14 14 15 -17 -18 -19 24 20 22 -23 -24 -25 28 26 -28 -29 29 -31
leaf_value=-0.0014111477533091602 -0.030424648522687458 0.014957572546234773 0.011909453706361333 -0.027307880759997454 -0.013511838206106156 -0.00068982790705093269 -0.018206458655343948 0.00053831459298794772 0.041165564584402466 -0.0031024774004133025 -0.01943837458608751 0.048867844822374815 -0.00097455359619899498 -0.027352489938555265 -0.012129526905464549 0.01370484155114705 -0.01877795505715598 0.020554294211641642 0.0086435003970098505 -0.001172858900843861 0.022486742338895773 0.0059915286541379568 -0.0053165939006763006 -0.039696849100721833 0.00037057354593780502 0.013465003912041982 -0.0050039695133881215 -0.01023012677797769 -0.034883340781038663 -0.0003781570003811265
leaf_weight=592.05002812575549 47.337751124054193 48.045334275811911 48.422666799277067 13.175284461118279 77.590042003430426 6.2564831525087339 23.335993804037571 123.27221819758415 6.6439296752214432 17.213765777647495 19.529214970767498 39.48299078643322 17.199425339698792 151.82818678114563 145.92647157609463 159.40874561201781 50.229318358004093 62.7989521920681 144.21561130136251 1578.2755072303116 40.396523088216782 2376.3532614004798 832.77257981430739 28.138007707893848 35526.931864005048 767.26784604601562 271.33944184146821 566.05942632351071 155.58460160903633 37724.016436507925
leaf_count=4555 614 296 462 171 703 42 196 1045 44 73 107 71 85 885 653 792 551 438 647 9254 141 10745 5345 86 227677 2849 2353 3185 465 245633
internal_value=1.4127e-05 -0.00420294 -0.0114821 0.00316644 -0.00137321 -0.00475105 -0.0003997 -0.00248047 0.0215005 3.47037e-05 -0.00218245 0.0200208 0.0338191 -0.00365717 -0.00820775 0.00133573 -0.000690762 0.000707135 6.91233e-05 0.00157156 0.0018387 0.00313082 -0.00400288 -0.0262533 -2.82189e-05 0.00253055 0.00863305 -0.00638273 -8.93028e-05 -0.0005208
internal_weight=81661.1 394.08 108.936 61.598 285.144 237.099 159.509 146.608 12.9004 81267 1238.45 76.2116 56.6824 1162.24 457.163 305.335 705.078 654.849 80028.6 4873.15 4827.8 3954.63 873.169 45.3518 75155.4 1748.88 1038.61 710.275 73406.5 37879.6
internal_count=520163 3573 1247 633 2326 2030 1327 1241 86 516590 8137 263 156 7874 2330 1445 5544 4993 508453 25644 25485 19999 5486 159 482809 9034 5202 3832 473775 246098
is_linear=0
shrinkage=0.035


Tree=239
num_leaves=31
num_cat=0
split_feature=5 12 12 7 10 7 2 10 5 2 7 5 6 10 5 7 5 9 10 2 10 6 9 6 11 2 5 2 7 7
split_gain=8.01165 7.97826 8.75915 6.54588 16.9392 28.4053 17.1031 15.3155 24.601 17.585 6.51479 5.02305 11.5438 10.2541 17.3197 17.3199 8.03823 66.3733 151.203 67.0631 50.3442 31.0608 22.2311 22.0216 10.3922 58.1723 88.7054 64.4108 14.9053 59.4675
threshold=45.452220916748054 3.3203631639480595 32.221870422363288 71.03153228759767 6.4818570613861093 71.315780639648452 49.794338226318366 7.775179624557496 45.447542190551765 53.587911605834968 27.69983005523682 46.395015716552741 0.43134848773479467 -15.079775810241697 46.484361648559577 13.469102859497072 46.284826278686531 1.8105500340461733 6.3144264221191415 52.404092788696296 4.6909906864166269 59.896903991699226 1.4951500296592715 43.764425277709968 28.875400543212894 52.962209701538093 46.028558731079109 53.844207763671882 23.790318489074711 23.291272163391117
decision_type=2 2 2 2 2 2 2 2 2 2 2 2 2 2 2 2 2 2 2 2 2 2 2 2 2 2 2 2 2 2
left_child=1 10 -3 7 6 -6 -5 9 -9 -4 -1 16 -13 14 -14 -16 24 19 21 22 -21 -19 -18 -20 25 26 -2 -27 29 -26
right_child=11 2 3 4 5 -7 -8 8 -10 -11 -12 12 13 -15 15 -17 17 18 23 20 -22 -23 -24 -25 28 27 -28 -29 -30 -31
leaf_value=-0.019617007671700614 -0.0091657951401183952 0.028600168445436312 0.0017344561138407687 -1.4686127967913931e-05 0.023477119334755228 0.0018514831845174295 -0.0056371432602944889 -0.0091076376293850372 0.006404578627948453 -0.0063718704405562173 -0.00061959867289471874 0.014226053487044839 0.044550242301860388 0.00024773047602573114 0.0031954126008213622 -0.019693914100202554 -0.032405096999301615 0.018265895026058836 0.0036179911622009168 -0.0093962715496883342 0.016438176782204408 0.054325695129292209 0.0054000496667770135 -0.03658450655057735 0.0059183569913010704 0.014095496610780809 0.025114558366011369 -0.0028978977764528577 -0.00040442175126019893 -0.024953650644530808
leaf_weight=41.81624661386013 733.68491082265973 13.0473161265254 10340.638446522411 2402.1203927015886 82.041878022253513 744.247996811755 915.82703098002821 405.75109373033047 179.80038526467979 337.43985160766169 47.719682343304157 71.155582927167416 6.4649669229984275 23292.744162037037 66.39485483430326 100.4156430400908 153.12228547036648 55.696012526750565 23.457911342382431 336.92015001550317 126.32849005609751 65.743839651346207 21.15353798866272 53.54959174990654 166.81144656334072 681.81869960296899 104.93242443725467 454.223309148103 39506.421023507137 139.49217633903027
leaf_count=225 2233 47 85510 21040 349 6291 7592 3425 1075 3035 239 516 12 180474 701 917 461 99 43 1375 229 118 56 105 1471 2671 199 3396 195880 492
internal_value=-1.48372e-05 0.000700998 0.000762134 0.000736623 -0.000451411 0.00402778 -0.0015697 0.00117436 -0.00433025 0.00147717 -0.00966466 -0.000182767 0.000227428 0.000184199 -0.00827779 -0.0105698 -0.000409447 -0.00380685 0.013819 -0.0093148 -0.00231991 0.0380726 -0.0277726 -0.0243368 -0.000341242 0.00213597 -0.00484826 0.00729762 -0.000464325 -0.00814649
internal_weight=81671 15510.5 15420.9 15407.9 4144.24 826.29 3317.95 11263.6 585.551 10678.1 89.5359 66160.5 23537.2 23466 173.275 166.81 42623.4 835.972 198.447 637.524 463.249 121.44 174.276 77.0075 41787.4 1974.66 838.617 1136.04 39812.7 306.304
internal_count=520276 128828 128364 128317 35272 6640 28632 93045 4500 88545 464 391448 182620 182104 1630 1618 208828 2486 365 2121 1604 217 517 148 206342 8499 2432 6067 197843 1963
is_linear=0
shrinkage=0.035


end of trees

feature_importances:
Column_7=1845
Column_10=1072
Column_2=1057
Column_5=895
Column_6=641
Column_9=566
Column_4=339
Column_11=309
Column_1=129
Column_0=108
Column_13=88
Column_12=85
Column_8=29
Column_3=5

parameters:
[boosting: gbdt]
[objective: binary]
[metric: binary_logloss]
[tree_learner: serial]
[device_type: cpu]
[data_sample_strategy: bagging]
[data: ]
[valid: ]
[num_iterations: 240]
[learning_rate: 0.035]
[num_leaves: 31]
[num_threads: 10]
[seed: 42]
[deterministic: 0]
[force_col_wise: 0]
[force_row_wise: 0]
[histogram_pool_size: -1]
[max_depth: 6]
[min_data_in_leaf: 40]
[min_sum_hessian_in_leaf: 0.001]
[bagging_fraction: 0.85]
[pos_bagging_fraction: 1]
[neg_bagging_fraction: 1]
[bagging_freq: 1]
[bagging_seed: 400]
[bagging_by_query: 0]
[feature_fraction: 0.85]
[feature_fraction_bynode: 1]
[feature_fraction_seed: 30056]
[extra_trees: 0]
[extra_seed: 12879]
[early_stopping_round: 0]
[early_stopping_min_delta: 0]
[first_metric_only: 0]
[max_delta_step: 0]
[lambda_l1: 0.2]
[lambda_l2: 0.8]
[linear_lambda: 0]
[min_gain_to_split: 0]
[drop_rate: 0.1]
[max_drop: 50]
[skip_drop: 0.5]
[xgboost_dart_mode: 0]
[uniform_drop: 0]
[drop_seed: 17869]
[top_rate: 0.2]
[other_rate: 0.1]
[min_data_per_group: 100]
[max_cat_threshold: 32]
[cat_l2: 10]
[cat_smooth: 10]
[max_cat_to_onehot: 4]
[top_k: 20]
[monotone_constraints: ]
[monotone_constraints_method: basic]
[monotone_penalty: 0]
[feature_contri: ]
[forcedsplits_filename: ]
[refit_decay_rate: 0.9]
[cegb_tradeoff: 1]
[cegb_penalty_split: 0]
[cegb_penalty_feature_lazy: ]
[cegb_penalty_feature_coupled: ]
[path_smooth: 0]
[interaction_constraints: ]
[verbosity: -1]
[saved_feature_importance_type: 0]
[use_quantized_grad: 0]
[num_grad_quant_bins: 4]
[quant_train_renew_leaf: 0]
[stochastic_rounding: 1]
[linear_tree: 0]
[max_bin: 255]
[max_bin_by_feature: ]
[min_data_in_bin: 3]
[bin_construct_sample_cnt: 200000]
[data_random_seed: 175]
[is_enable_sparse: 1]
[enable_bundle: 1]
[use_missing: 1]
[zero_as_missing: 0]
[feature_pre_filter: 1]
[pre_partition: 0]
[two_round: 0]
[header: 0]
[label_column: ]
[weight_column: ]
[group_column: ]
[ignore_column: ]
[categorical_feature: ]
[forcedbins_filename: ]
[precise_float_parser: 0]
[parser_config_file: ]
[objective_seed: 16083]
[num_class: 1]
[is_unbalance: 0]
[scale_pos_weight: 1]
[sigmoid: 1]
[boost_from_average: 1]
[reg_sqrt: 0]
[alpha: 0.9]
[fair_c: 1]
[poisson_max_delta_step: 0.7]
[tweedie_variance_power: 1.5]
[lambdarank_truncation_level: 30]
[lambdarank_norm: 1]
[label_gain: ]
[lambdarank_position_bias_regularization: 0]
[eval_at: ]
[multi_error_top_k: 1]
[auc_mu_weights: ]
[num_machines: 1]
[local_listen_port: 12400]
[time_out: 120]
[machine_list_filename: ]
[machines: ]
[gpu_platform_id: -1]
[gpu_device_id: -1]
[gpu_device_id_list: ]
[gpu_use_dp: 0]
[num_gpu: 1]

end of parameters

pandas_categorical:null
