tree
version=v4
num_class=1
num_tree_per_iteration=1
label_index=0
max_feature_idx=13
objective=binary sigmoid:1
feature_names=Column_0 Column_1 Column_2 Column_3 Column_4 Column_5 Column_6 Column_7 Column_8 Column_9 Column_10 Column_11 Column_12 Column_13
feature_infos=[0:92.800003051757812] [0:100] [0.089206069707870483:100] [10:92] [0:100] [0.085543200373649597:100] [0.089206069707870483:100] [0:100] [-22:8] [-16.965799331665039:22.296699523925781] [-34.279033660888672:94.052436828613281] [0:100] [0:100] [0:20]
tree_sizes=3362 3478 3487 3480 3476 3489 3488 3478 3493 3513 3494 3500 3507 3484 3501 3474 3510 3507 3478 3501 3495 3541 3535 3507 3499 3514 3490 3529 3501 3511 3514 3505 3520 3483 3516 3507 3515 3519 3521 3488 3500 3537 3506 3518 3501 3539 3528 3557 3514 3468 3522 3526 3510 3510 3527 3495 3516 3502 3472 3490 3533 3484 3527 3489 3521 3498 3508 3458 3452 3518 3516 3519 3491 3508 3513 3475 3510 3508 3516 3503 3500 3450 3462 3510 3467 3453 3499 3514 3457 3529 3490 3458 3513 3468 3445 3494 3425 3500 3503 3467 3532 3503 3440 3500 3505 3468 3457 3455 3508 3504 3491 3488 3513 3454 3542 3493 3470 3455 3508 3455 3458 3440 3500 3493 3466 3470 3499 3475 3490 3516 3501 3512 3486 3450 3485 3333 3482 3494 3489 3483 3458 3507 3514 3515 3516 3464 3464 3537 3463 3498 3506 3513 3513 3456 3435 3318 3458 3482 3510 3149 3433 3492 3467 3496 3457 3450 3500 3478 3467 3417 3463 3430 3485 3442 3522 3456 3182 3446 3456 3506 3461 3483 3503 3365 3486 3529 3465 3448 3483 3431 3451 3488 3459 3423 3474 3504 3482 3469 3490 3500 3186 3503 3470 3492 3440 3531 3496 2944 3453 3497 3496 3470 3523 3513 3470 3468 3455 3452 3468 3464 3526 3425 3453 3501 3489 3507 3454 3490 3517 3517 3522 3463 3454 3489 3483 2384 3444 3491 3251 3529

Tree=0
num_leaves=31
num_cat=0
split_feature=6 10 11 6 10 7 11 5 5 6 10 11 11 7 11 7 7 5 5 7 7 7 5 5 5 4 7 2 10 6
split_gain=1311.26 740.302 564.35 482.912 331.742 299.553 253.43 186.888 207.785 182.757 170.586 184.414 182.264 148.907 145.264 122.419 112.594 96.5486 198.596 91.9065 176.252 137.897 73.5806 103.594 86.8896 72.8233 186.581 69.2162 62.1023 58.57
threshold=86.215801239013686 6.3144264221191415 68.734096527099624 20.348541259765629 6.8402321338653573 71.837898254394545 74.006847381591811 45.449871063232429 45.72456359863282 99.693408966064467 1.2255741357803347 43.927850723266609 28.875400543212894 70.530574798583999 78.74444961547853 61.121740341186531 77.622066497802749 46.369321823120124 46.284826278686531 73.779590606689467 63.42186355590821 69.762519836425795 46.023597717285163 45.554418563842781 50.051519393920906 39.790378570556648 21.560606956481937 51.228878021240241 -1.225976228713989 94.375640869140639
decision_type=2 2 2 2 2 2 2 2 2 2 2 2 2 2 2 2 2 2 2 2 2 2 2 2 2 2 2 2 2 2
left_child=1 2 3 -1 6 7 9 -3 15 25 12 -12 -5 -10 16 -9 28 18 -16 20 27 -22 23 -7 -24 26 -2 -8 -4 -27
right_child=4 5 14 10 -6 22 19 8 13 -11 11 -13 -14 -15 17 -17 -18 -19 -20 -21 21 -23 24 -25 -26 29 -28 -29 -30 -31
leaf_value=-1.3785971126931826 -1.4089144800240581 -1.3834611510280483 -1.3807564908216594 -1.3782686518234173 -1.3728072851143045 -1.3790056387104443 -1.4164927931976168 -1.361337719810539 -1.3730299021610186 -1.4252757099008679 -1.3733789202705391 -1.3843154714298798 -1.3879904504322762 -1.3357002460475249 -1.3535396454168178 -1.3418371714099122 -1.3898406394947282 -1.3739482510081302 -1.2431895032281259 -1.3848467472343853 -1.2726055436298349 -1.358478344373683 -1.4209900488219132 -1.2938791960061584 -1.386830978980339 -1.3951655912470098 -1.3661900702063887 -1.324866398772736 -1.3671479499703272 -1.4007315523985024
leaf_weight=15038.564333371818 213.02073603868484 567.33547173440456 553.14147377759218 2563.2852183505893 766.88588563352823 699.71291130781174 41.688819944858551 891.03041961044073 1631.1093470081687 281.94442033022642 2200.8067291602492 13282.908973485231 29960.821260742843 141.81543292105198 595.35903562605381 716.60624238848686 449.4901234805584 303.71069497615099 19.995536357164383 132.78784237802029 45.487522587180138 47.096886694431305 113.52730455994606 17.181608080863953 454.9968863427639 5773.7685136571527 301.35193081945181 12.436902128159998 1615.8819937258959 3895.912196688354
leaf_count=94031 1251 5132 3139 13947 4711 5993 140 4799 8630 1682 14198 85673 186624 482 3108 3468 3261 2257 47 959 185 264 271 70 4010 36441 1559 75 9088 24562
internal_value=-1.38407 -1.38231 -1.38331 -1.38407 -1.39503 -1.36964 -1.39662 -1.36486 -1.36174 -1.3975 -1.38578 -1.38276 -1.38722 -1.37002 -1.36971 -1.35262 -1.37392 -1.35773 -1.34976 -1.36378 -1.34476 -1.31562 -1.38431 -1.37686 -1.39371 -1.39673 -1.38391 -1.39476 -1.37061 -1.39741
internal_weight=83329.7 71817.3 66584 63046.4 11512.4 5233.32 10745.5 3947.9 3380.56 10466 48007.8 15483.7 32524.1 1772.92 3537.58 1607.64 2618.51 919.065 615.355 279.498 146.71 92.5844 1285.42 716.895 568.524 10184.1 514.373 54.1257 2169.02 9669.68
internal_count=520057 448228 415373 394473 71829 32855 67118 22511 17379 65495 300442 99871 200571 9112 20900 8267 15488 5412 3155 1623 664 449 10344 6063 4281 63813 2810 215 12227 61003
is_linear=0
shrinkage=1


Tree=1
num_leaves=31
num_cat=0
split_feature=6 10 9 6 10 7 9 10 7 9 6 5 5 9 7 10 7 7 7 7 7 7 2 4 7 7 10 6 10 7
split_gain=1238.69 664.716 489.407 489.059 341.054 250.99 187.171 180.46 202.003 171.733 169.472 140.16 120.723 112.122 121.445 94.1004 78.2326 156.36 75.0403 279.399 75.1499 74.1357 64.5381 58.5457 157.1 56.5857 53.142 53.0923 52.2626 49.222
threshold=86.215801239013686 6.4818570613861093 2.8396499156951909 20.348541259765629 5.885000705718995 73.447288513183608 3.4526499509811406 1.0472377538681032 61.993902206420906 -3.0320500135421748 99.693408966064467 45.409994125366218 45.72456359863282 4.4084999561309823 77.622066497802749 8.0838499069213885 73.779590606689467 59.565095901489265 63.030187606811531 69.762519836425795 54.481985092163093 69.762519836425795 49.977699279785163 40.180032730102546 21.560606956481937 73.581996917724624 9.9290294647216815 94.375640869140639 -1.3104421496391294 73.481372833251967
decision_type=2 2 2 2 2 2 2 2 2 2 2 2 2 2 2 2 2 2 2 2 2 2 2 2 2 2 2 2 2 2
left_child=1 2 3 -1 6 11 10 9 -9 -5 23 -3 15 14 28 -13 17 -8 20 -20 -15 -19 -14 24 -2 -7 -6 -25 -4 -28
right_child=4 5 13 7 26 25 16 8 -10 -11 -12 12 22 18 -16 -17 -18 21 19 -21 -22 -23 -24 27 -26 -27 29 -29 -30 -31
leaf_value=0.0055944362393707042 -0.025262672503729367 -0.004682986752985 0.0043915055625116167 0.0056251203432557796 0.0030561265593946258 -0.021362436815449956 -0.024219744506636599 0.0045533769749988347 -0.0032111128339944823 -0.0039081775822679835 -0.040428740060211701 0.017338862685815498 0.025656401454807746 0.033043392850141656 -0.0053754299051865873 0.033025917614628884 -0.0030126027178111973 0.092782236974788754 0.084380642444576284 0.020589685059760665 -0.015538125773062791 0.029119704668639841 0.0095640044469823184 -0.01107383207101688 0.012998525343464724 0.002023293533371297 0.028633455175227886 -0.016473280036036236 0.017807545622248108 -0.0022412804747078932
leaf_weight=15250.091607369483 211.35129658132792 305.4842144548893 471.79039170593023 2513.3263788223267 756.02657760679722 147.05478643625975 36.795606836676598 9883.2169544249773 7018.0158082619309 29123.892509877682 275.09295653551817 851.28624614328146 396.93456774950027 67.281083106994629 462.70941762626171 1057.9217430502176 119.04419386386871 44.426007099449635 103.24152393639088 447.13890575617552 90.411411859095097 47.395802766084671 1336.3015127778053 5558.3518003970385 344.73913861811161 885.55290480703115 229.03728870302439 3756.5954263359308 1471.7273577153683 86.557869173586369
leaf_count=95023 1255 2748 2670 13631 4530 713 116 64954 43832 181541 1681 4950 1494 335 3361 6045 855 200 424 3025 372 260 7603 35324 1754 7541 1299 23938 8005 736
internal_value=3.03042e-06 0.00170719 0.000788697 0.000127065 -0.0106801 0.0140417 -0.0126187 -0.00159063 0.00132886 -0.00315049 -0.0133532 0.0180594 0.0199693 0.0143348 0.0107211 0.0260452 0.0173911 0.0362321 0.0265794 0.0326735 0.00520766 0.0605324 0.0132636 -0.0125947 -0.0015461 -0.00131428 0.0081108 -0.0132533 0.0145575 0.0201591
internal_weight=83348.8 71883.4 66902.8 63788.5 11465.4 4980.54 10393.8 48538.5 16901.2 31637.2 10146.1 3947.93 3642.44 3114.3 2406.23 1909.21 247.662 128.617 708.073 550.38 157.692 91.8218 1733.24 9871.04 556.09 1032.61 1071.62 9314.95 1943.52 315.595
internal_count=520215 448267 417173 398981 71948 31094 65383 303958 108786 195172 63952 22840 20092 18192 14036 10995 1431 576 4156 3449 707 460 9097 62271 3009 8254 6565 59262 10675 2035
is_linear=0
shrinkage=0.035


Tree=2
num_leaves=31
num_cat=0
split_feature=6 10 11 6 10 7 6 4 5 5 10 11 11 7 10 7 10 5 5 11 7 7 10 7 4 7 7 7 10 11
split_gain=1173.83 678.425 452.645 450.299 276.396 261.502 165.696 144.529 135.149 177.109 120.843 170.601 115.672 120.315 104.692 100.609 90.7463 86.3639 151.847 74.4774 113.721 108.55 69.4643 66.0458 65.3823 148.935 64.1629 136.85 63.5681 62.7051
threshold=86.606227874755874 6.3144264221191415 68.24444961547853 35.110204696655281 5.6272141933441171 73.447288513183608 99.693408966064467 60.756464004516609 45.449871063232429 45.72456359863282 1.0472377538681032 44.067850112915046 78.74444961547853 77.622066497802749 -12.683357715606688 72.813034057617202 8.4382386207580584 46.369321823120124 46.284826278686531 31.437050819396976 21.560606956481937 22.878716468811039 9.9290294647216815 73.705352783203139 40.180032730102546 21.560606956481937 59.565095901489265 69.762519836425795 14.079446315765383 90.86985015869142
decision_type=2 2 2 2 2 2 2 2 2 2 2 2 2 2 2 2 2 2 2 2 2 2 2 2 2 2 2 2 2 2
left_child=1 2 3 19 6 8 7 24 15 16 14 -12 13 -4 -5 -3 -10 18 -14 21 -21 -1 -17 -7 25 -2 -9 -28 -6 -11
right_child=4 5 12 10 28 23 -8 26 9 29 11 -13 17 -15 -16 22 -18 -19 -20 20 -22 -23 -24 -25 -26 -27 27 -29 -30 -31
leaf_value=-0.0024621676210171907 -0.023815170720509697 -1.9844364709389477e-05 0.012004552885269909 0.016914452542169875 0.0029344853718569512 -0.022407423583731847 -0.039794211836306707 -0.023700825588225415 0.021078786535153726 0.011655099582324895 0.0098587796472769714 -0.0014158982340277688 0.026947678702270061 -0.0073735198037901224 -0.0041795366866897721 0.021504342030341246 0.037330103226590694 0.0075847159501226087 0.12098555571528984 0.032737845830991971 0.0027957894553462593 0.015070999070552716 0.11830443410786913 0.0018320571695488285 -0.013128217209536747 0.014590239674392191 0.070991616661808143 0.0060701190562190647 0.030423789702716721 0.048900143517277825
leaf_weight=612.31752113252878 201.59356921166182 648.00687392801046 2426.0405722036958 290.84687025099993 1032.5529636070132 161.82550972700119 263.88625133782625 45.177758306264877 944.9538312703371 1813.2942955195904 1930.3741421252489 11054.522026643157 627.56505466997623 467.19001475721598 23896.428003899753 26.06589275598526 770.5739708840847 307.34073356539011 21.102339029312134 155.66782356798649 23683.19610568881 1465.7694555819035 13.739774048328398 895.92089190334082 8860.5702766478062 317.28545977920294 51.772992506623268 165.34509219974279 113.83710943162441 56.554939858615398
leaf_count=4092 1216 5829 13557 1954 6138 823 1661 168 4782 9549 12332 71616 3180 3417 147316 233 3735 2239 44 868 149195 7421 122 7597 56875 1605 233 1101 844 224
internal_value=4.95744e-05 0.00167426 0.000717082 5.98305e-06 -0.010573 0.0136899 -0.0124561 -0.0117039 0.0175461 0.0202723 -0.0024629 0.000260195 0.0123678 0.00887185 -0.00392505 0.00331823 0.0283966 0.0229241 0.0301629 0.0035473 0.0029927 0.00990245 0.0567619 -0.00188388 -0.0124211 -0.000331155 0.0138773 0.0217869 0.0056896 0.0128058
internal_weight=83321.3 72269.3 66938.4 63089.1 11052 5330.94 9905.63 9641.75 4273.19 3585.38 37172.2 12984.9 3849.24 2893.23 24187.3 687.813 1715.53 956.008 648.667 25917 23838.9 2078.09 39.8057 1057.75 9379.45 518.879 262.296 217.118 1146.39 1869.85
internal_count=519966 450125 417231 394794 69841 32894 62859 61198 24474 18290 233218 83948 22437 16974 149270 6184 8517 5463 3224 161576 150063 11513 355 8420 59696 2821 1502 1334 6982 9773
is_linear=0
shrinkage=0.035


Tree=3
num_leaves=31
num_cat=0
split_feature=10 9 7 9 7 7 9 9 7 7 7 10 2 7 10 7 10 7 7 10 7 10 2 7 7 2 7 11 7 11
split_gain=832.194 615.827 249.389 222.105 524.79 325.947 308.066 193.612 167.466 199.068 153.69 153.189 185.535 140.746 140.257 214.899 128.756 141.285 127.854 111.033 88.5847 86.5032 86.2485 79.3482 77.7279 83.1415 73.8882 77.0376 76.1077 73.0807
threshold=6.4818570613861093 2.8396499156951909 73.447288513183608 -3.0320500135421748 22.281182289123539 21.560606956481937 -0.8835499882698058 -4.7622499465942374 73.829555511474624 73.50925445556642 72.813034057617202 1.0472377538681032 52.410648345947273 24.405713081359867 3.2757411003112797 73.581996917724624 0.10946147143840791 69.86682510375978 43.856449127197273 9.9290294647216815 13.469102859497072 9.9290294647216815 53.883504867553718 44.598613739013679 18.460414886474613 53.883504867553718 35.942852020263679 76.063098907470717 35.788860321044929 80.381748199462905
decision_type=2 2 2 2 2 2 2 2 2 2 2 2 2 2 2 2 2 2 2 2 2 2 2 2 2 2 2 2 2 2
left_child=1 3 10 4 24 6 -5 18 9 16 19 13 -13 -7 15 -11 -3 -18 -6 26 -21 -12 -8 -22 -1 -26 28 -28 -2 -10
right_child=2 8 -4 5 7 11 22 -9 29 14 21 12 -14 -15 -16 -17 17 -19 -20 20 23 -23 -24 -25 25 -27 27 -29 -30 -31
leaf_value=-4.0343817311408876e-05 0.019486553961788101 0.0035530477774909047 -0.0016251707377772924 0.011984775214751001 0.045674526443134661 -0.013911905531568148 0.099270796477303136 0.011451082435746359 -0.00083403078247165847 0.12479098847205501 0.035960285656003163 -0.0018851863236308249 0.0050759310200962316 -0.0031868207934351847 0.0054240869733788461 0.025879104713262865 0.029503727073706919 0.0045644956535839014 -0.0044852307928079163 -0.012435654517815713 0.039554206089321073 0.11610383715861995 0.023912239501491846 0.020477919300815169 -0.023859156877759413 -0.0024905492919899495 0.0078550490684633021 0.027996957430273431 0.063601260235682036 0.016460856513206983
leaf_weight=605.02703914791346 298.41590895503759 659.25946475565434 1192.846948415041 378.34905698895454 359.19656368345022 1553.4589274376631 75.649384737014771 2211.8300050795078 1074.2173897251487 57.698186479508877 44.956038929522038 18593.283231981099 6271.7305291816592 42491.588914074004 45.331434406340122 51.184633418917656 977.57111973315477 390.3219211474061 74.799872174859047 80.277296662330627 356.16133992373943 26.743278339505196 25.753613106906414 1098.5824591293931 610.95014278590679 352.58464926481247 2503.2296840399504 256.2722405269742 56.926741942763329 413.70004277676344
leaf_count=4529 1860 3005 9553 2363 1689 7797 293 11003 7267 176 369 119357 40865 268089 204 456 4897 2211 269 713 1842 219 204 5910 2654 2968 14288 1306 195 2972
internal_value=1.49057e-05 -0.000953542 0.0126675 -0.00165131 0.006149 -0.00212522 0.0265989 0.0156579 0.0130387 0.0192133 0.0162796 -0.00232561 -0.000128987 -0.0035655 0.0574759 0.0788853 0.0162775 0.0223994 0.037021 0.0154861 0.0231955 0.0669011 0.0805372 0.0251723 -0.00988581 -0.0160556 0.0116797 0.00973572 0.0267005 0.00397619
internal_weight=83187.9 77273.5 5914.41 73604.2 4214.39 69389.8 479.752 2645.83 3669.28 2181.37 4721.56 68910.1 24865 44045 154.214 108.883 2027.15 1367.89 433.996 4649.87 1535.02 71.6993 101.403 1454.74 1568.56 963.535 3114.84 2759.5 355.343 1487.92
internal_count=519523 483268 36255 462080 23112 438968 2860 12961 21188 10949 26702 436108 160222 275886 836 632 10113 7108 1958 26114 8465 588 497 7752 10151 5622 17649 15594 2055 10239
is_linear=0
shrinkage=0.035


Tree=4
num_leaves=31
num_cat=0
split_feature=6 11 6 4 6 7 7 0 9 7 7 11 7 7 7 5 6 9 7 7 7 5 4 7 7 7 2 4 7 5
split_gain=1117.56 521.139 364.281 238.998 170.449 157.278 154.492 128.439 101.042 219.093 163.098 89.0466 82.1911 128.893 87.716 72.6092 69.6356 55.2463 101.654 102.643 66.9849 63.447 46.0822 101.067 89.0279 45.1887 40.7536 37.9239 37.0537 31.803
threshold=85.83111953735353 69.251052856445327 27.532454490661625 56.839122772216804 99.693408966064467 73.829555511474624 73.581996917724624 28.000000000000004 -3.0320500135421748 22.878716468811039 21.560606956481937 78.74444961547853 60.380186080932624 69.762519836425795 57.632680892944343 50.080970764160163 94.375640869140639 2.9244999885559086 60.380186080932624 54.053018569946296 69.762519836425795 45.668912887573249 40.531728744506843 21.560606956481937 22.878716468811039 73.50925445556642 49.738378524780281 64.45630264282228 57.632680892944343 45.498958587646491
decision_type=2 2 2 2 2 2 2 2 2 2 2 2 2 2 2 2 2 2 2 2 2 2 2 2 2 2 2 2 2 2
left_child=1 2 15 4 16 11 17 8 9 -4 -10 25 14 -14 -13 22 -2 21 19 -19 -20 -5 24 -24 -1 -3 -27 -8 -23 -18
right_child=3 5 7 6 -6 -7 27 -9 10 -11 -12 12 13 -15 -16 -17 29 18 20 -21 -22 28 23 -25 -26 26 -28 -29 -30 -31
leaf_value=-0.0014694568869315428 -0.0087284823621106167 0.011888361557024002 -0.0068220143042025654 0.01577224333994864 -0.039943588463418229 0.0045985568667475021 -0.016114765386095749 0.0096349616961636207 0.025093738964032247 0.014216020813802152 -0.0018276462213168043 0.021735043760551933 0.047286539330726116 0.016071412698366327 -0.018580276177444604 -0.0030567316763120212 -0.019377689703531414 0.039235526647199037 0.050718549070440176 -0.029999675291120072 0.014811394730780313 0.017875962049392853 0.031818548680543658 0.0044942866772664696 0.018271101858100398 0.049005105902338669 0.0085563293821927684 0.0069387657622039618 -0.020157575225079313 -0.012556086841259612
leaf_weight=419.58888540416956 6141.831815123558 1974.5749717652798 1026.5577904507518 266.44817462563515 256.19676095992327 1897.2502973824739 398.74892303347588 1373.5223075374961 276.70996295660734 1478.3794006258249 40934.72348049283 293.94838236272335 361.27398501336575 297.08170898258686 84.377529062330723 1404.4623364731669 1233.1291026175022 40.605266205966473 148.25753958523273 70.699249662458897 113.81343583762646 40.025015540421009 166.62245546281338 18713.26769258827 835.16026721149683 78.303469777107239 51.084270544350147 110.91674802452326 134.09254614263773 2683.5659871995449
leaf_count=2837 39204 10326 6946 1608 1649 13883 2928 7018 1636 6989 259734 1394 1658 1538 333 9760 8313 181 634 266 655 212 905 116202 4104 319 422 866 689 16837
internal_value=7.57772e-05 0.00170952 0.000888645 -0.00998335 -0.0117801 0.0125628 0.00401198 -0.000899896 -0.00123122 0.00559213 -0.00164623 0.0173693 0.0257733 0.033248 0.0127049 0.00463299 -0.011059 0.0134729 0.0233692 -0.00457963 0.0352438 0.00504294 0.00516982 0.00473714 0.0116675 0.0132169 0.0332398 -0.011081 -0.0113329 -0.0147091
internal_weight=83305.2 71666.9 66629 11638.3 10314.7 5037.89 1323.61 45089.9 43716.4 2504.94 41211.4 3140.64 1036.68 658.356 378.326 21539.1 10058.5 813.941 373.375 111.305 262.071 440.566 20134.6 18879.9 1254.75 2103.96 129.388 509.666 174.118 3916.7
internal_count=520046 446004 416131 74042 66003 29873 8039 282323 275305 13935 261370 15990 4923 3196 1727 133808 64354 4245 1736 447 1289 2509 124048 117107 6941 11067 741 3794 901 25150
is_linear=0
shrinkage=0.035


Tree=5
num_leaves=31
num_cat=0
split_feature=6 10 6 11 10 7 10 9 5 6 5 10 7 9 7 9 7 7 7 2 5 5 5 9 7 7 9 9 5 9
split_gain=976.298 560.424 415.503 324.346 226.572 220.972 198.333 182.577 165.549 161.53 136.969 102.138 99.2202 102.014 98.6833 97.1091 260.287 164.373 93.215 89.4411 84.296 107.26 93.3463 72.4902 64.1233 63.7495 107.202 62.54 52.5347 51.3968
threshold=86.606227874755874 4.7782890796661386 28.326513290405277 69.787250518798842 6.8402321338653573 71.837898254394545 8.0838499069213885 2.9244999885559086 45.449871063232429 99.693408966064467 45.72456359863282 -0.88167428970336903 35.942852020263679 3.3246500492095952 73.779590606689467 -3.0320500135421748 22.878716468811039 21.560606956481937 59.565095901489265 51.584869384765632 46.023597717285163 50.060390472412116 45.554418563842781 4.4084999561309823 79.546710968017592 38.938592910766609 0.075649999082088484 3.9356000423431401 45.554418563842781 4.4084999561309823
decision_type=2 2 2 2 2 2 2 2 2 2 2 2 2 2 2 2 2 2 2 2 2 2 2 2 2 2 2 2 2 2
left_child=1 2 27 15 7 6 12 9 -8 25 -10 -5 28 -14 18 16 -4 -17 19 -9 22 -22 -7 -20 -13 26 -2 -1 -3 -16
right_child=4 5 3 11 -6 20 8 14 10 -11 -12 24 13 -15 29 17 -18 -19 23 -21 21 -23 -24 -25 -26 -27 -28 -29 -30 -31
leaf_value=0.004150226267528632 -0.009164946403034134 -0.0011107413962799396 -0.0096034234972167381 0.0012622581970121881 0.008715068117053552 0.0036336714001258641 -0.00095895113342256639 -0.034027999080856797 0.035151875322073679 -0.039677043289604502 0.016292329207216034 0.021811652099012396 0.005066276797819182 0.024741022643181832 -0.017233270447208186 0.024112500318346615 0.013678418057469765 -0.0029115842324743549 0.026409304790619318 0.057543337417468067 -0.031164272973032661 -0.002072335606831139 0.058878099685680162 0.081265908575842621 -0.0017146647181859652 -0.013442756464816064 0.01522096924756852 0.019759116718086119 0.026583315344171944 0.021053156637166909
leaf_weight=20880.241910561919 3011.0679082795978 100.27940262109041 972.54427783936262 628.94072999060154 762.18726331740618 997.02717600762844 350.37024849653244 50.056850075721741 896.52581771463156 252.88613083958626 1004.6287346556783 1052.6244755387306 3923.4697548821568 351.36714159697294 161.55094249546528 276.90775600075722 1485.4161889031529 37621.617714345455 152.70284856110811 16.771454118192196 204.86194351315498 636.41926535218954 38.166936352849007 36.566539093852043 163.25806093961 6181.8995975703001 237.38712447136641 318.78141886740923 496.68371988087893 57.528624415397644
leaf_count=129429 19123 783 6386 3722 4573 8262 3098 165 4187 1658 4781 5649 22977 1729 1110 1593 6900 238943 806 69 518 5532 154 146 1085 40479 1393 1733 2814 420
internal_value=7.70945e-05 0.00154863 0.000388278 -0.00161979 -0.00967746 0.00972134 0.0125359 -0.0110587 0.0211278 -0.0120986 0.0252006 0.0127277 0.00856091 0.00668939 0.0101019 -0.00227607 0.00446349 -0.00271344 0.0248274 -0.0105346 -0.000960308 -0.00918776 0.00572115 0.0373418 0.0186479 -0.011355 -0.00737744 0.00438601 0.0219242 -0.00710769
internal_weight=83320.7 72400.1 63400.3 42201.3 10920.6 8999.8 7123.32 10158.4 2251.52 9683.24 1901.15 1844.82 4871.8 4274.84 475.177 40356.5 2457.96 37898.5 256.098 66.8283 1876.48 841.281 1035.19 189.269 1215.88 9430.35 3248.46 21199 596.963 219.08
internal_count=520217 450275 395440 264278 69942 54835 40369 65369 12066 62653 8968 10456 28303 24706 2716 253822 13286 240536 1186 234 14466 6050 8416 952 6734 60995 20516 131162 3597 1530
is_linear=0
shrinkage=0.035


Tree=6
num_leaves=31
num_cat=0
split_feature=6 10 6 9 10 7 6 9 5 10 7 5 7 9 10 7 7 7 7 6 5 5 5 5 9 7 5 5 2 5
split_gain=959.947 487.838 350.156 327.561 269.089 197.079 179.252 166.274 123.357 123.258 159.847 120.579 116.482 104.453 102.852 100.701 84.8095 117.174 75.3811 62.7133 59.6946 54.4982 90.2363 80.3153 48.8535 46.6316 91.1239 63.9272 63.1123 52.6946
threshold=85.83111953735353 6.3144264221191415 25.916258811950687 2.6139500141143803 7.0411381721496591 71.837898254394545 99.693408966064467 4.4084999561309823 45.449871063232429 1.1894266605377199 61.993902206420906 45.72456359863282 70.530574798583999 -3.4302499294281001 -1.395673334598541 69.762519836425795 59.565095901489265 69.762519836425795 61.121740341186531 93.214572906494155 50.080970764160163 46.023597717285163 45.554418563842781 50.069299697875984 4.1519999504089364 44.598613739013679 45.558958053588874 47.867774963378913 51.840492248535163 45.596515655517585
decision_type=2 2 2 2 2 2 2 2 2 2 2 2 2 2 2 2 2 2 2 2 2 2 2 2 2 2 2 2 2 2
left_child=1 2 20 9 6 8 7 19 -3 13 -11 18 -13 -4 -5 -16 -9 -18 -10 -2 24 22 -7 -23 -1 26 -6 -28 29 -27
right_child=4 5 3 14 25 21 -8 16 11 10 -12 12 -14 -15 15 -17 17 -19 -20 -21 -22 23 -24 -25 -26 28 27 -29 -30 -31
leaf_value=0.0046607732464656231 -0.0081464990254135842 0.000249662740810718 0.0051901333709921116 -0.00067003813763717192 -0.025229343116453088 0.0037576491141636361 -0.040053615420637873 -0.032104003949457803 0.017746188197637489 0.0038847707611200499 -0.0036436559073583685 0.0087088170657168163 0.040946281441000362 -0.0037052207012705307 0.023642988654895503 0.0078620761413755527 0.098940264224930463 0.018010128661928259 0.032554147230011085 -0.013613766526293357 -0.00293205243823211 -0.035246198375428806 0.078437298660757243 -0.0019979687638399021 0.019399980965666468 0.02265215195462867 0.059970804583157455 0.0011931630774420731 -0.014084105260912352 -0.00074452676715382334
leaf_weight=18879.308997362852 5509.7872455790639 575.07381217926741 1717.8389002382755 731.36357887089252 29.527522809803486 708.94298440217972 252.13102235645056 21.764901027083397 948.72533129155636 8421.8069699406624 5856.2754813656211 1650.7190054729581 149.25240183621645 27230.283817790449 868.25131438672543 1159.2962777465582 31.025098443031311 72.911733612418175 768.05855944752693 4844.2328967228532 1277.6590867638588 110.72401361912489 19.61057947576046 443.96614357829094 279.16835679113865 271.04270648956299 79.191884398460388 32.018269896507263 140.60387512296438 207.17968641966581
leaf_count=115330 35473 5103 9236 4267 186 5963 1706 67 4789 55370 36740 8500 485 170689 4305 7154 100 500 3412 31598 8891 312 72 3923 1495 1760 370 260 862 1108
internal_value=-0.000106243 0.00139697 0.000576081 -0.00111789 -0.00949812 0.0115381 -0.0109234 -0.0102189 0.0152906 -0.00186438 0.000796402 0.0177475 0.0114028 -0.00317698 0.0105725 0.01463 0.029659 0.0428058 0.0243872 -0.0107059 0.00438807 -0.000424059 0.00586124 -0.00868859 0.00487671 0.0106207 0.028764 0.0432401 0.00645135 0.0125171
internal_weight=83287.7 71796.3 66421.3 45985.1 11491.4 5375.07 10731.9 10479.7 4091.83 43226.2 14278.1 3516.76 1799.97 28948.1 2758.91 2027.55 125.702 103.937 1716.78 10354 20436.1 1283.24 728.554 554.69 19158.5 759.564 140.738 111.21 618.826 478.222
internal_count=520026 446036 413477 287761 73990 32559 69444 67738 22289 272035 92110 17186 8985 179925 15726 11459 667 600 8201 67071 125716 10270 6035 4235 116825 4546 816 630 3730 2868
is_linear=0
shrinkage=0.035


Tree=7
num_leaves=31
num_cat=0
split_feature=6 11 6 4 6 7 7 4 7 0 7 7 7 7 7 11 9 7 7 7 7 9 7 7 7 11 9 7 7 7
split_gain=925.914 433.704 295.3 202.685 150.685 145.315 151.86 166.246 132.124 118.597 97.1265 108.519 93.6726 75.1786 68.7628 79.1558 68.5035 163.126 130.568 61.767 111.648 102.849 81.3479 70.1488 57.195 135.016 76.434 99.8368 57.6013 55.0091
threshold=85.83111953735353 65.778350830078139 33.878387451171882 56.687097549438484 99.693408966064467 69.762519836425795 68.936416625976577 61.659725189208991 73.581996917724624 28.000000000000004 70.733211517333999 71.992401123046889 67.520690917968764 63.42186355590821 54.376531600952156 43.378349304199226 -3.0320500135421748 22.878716468811039 21.560606956481937 60.380186080932624 53.64912414550782 4.4084999561309823 70.669719696044936 53.377611160278327 54.053018569946296 55.343450546264656 -0.17995000630617139 64.699142456054702 39.231353759765632 63.478757858276374
decision_type=2 2 2 2 2 2 2 2 2 2 2 2 2 2 2 2 2 2 2 2 2 2 2 2 2 2 2 2 2 2
left_child=1 2 13 4 24 6 12 -8 19 16 -7 -12 -3 14 -1 -16 17 -4 -18 20 23 -21 -23 -5 25 -2 27 -26 -27 -15
right_child=3 5 9 8 -6 10 7 -9 -10 -11 11 -13 -14 29 15 -17 18 -19 -20 21 -22 22 -24 -25 26 28 -28 -29 -30 -31
leaf_value=0.0035622675087850831 -0.0093985335441534677 0.01418744597721381 -0.0070108047750453263 0.012674465148135522 -0.038465810234561047 -0.0092507603938867325 0.017857796030814395 0.065339712757060325 -0.01066369724476152 0.0091817312152571769 0.023296376302305907 0.0048837231748384896 -0.0077919306810721473 -0.021231569185438285 0.021710362192130846 0.0068603204759536962 0.023317632784312606 0.012097197145215456 -0.0022682860039650705 0.012128892891307483 -0.02565033490297217 0.083180822050177988 0.0051065972392786057 0.10404036112302401 -0.01011549036903106 0.035468766328933608 -0.015022241201611025 0.02859208185308652 0.0039952606786371305 0.00087325590253645006
leaf_weight=14724.68134047091 5345.5621888935566 2652.5730550289154 931.53834298998117 91.466687366366386 237.74992102384567 503.65479879081249 245.19990514963865 143.61666362732649 520.2391399294138 1265.4105017110705 445.95989154279232 3232.5707364305854 259.95515315234661 139.85397803038359 505.62831578403711 3385.624992839992 245.20978930592537 1323.7481601163745 34877.625102266669 569.82522813230753 128.0228978395462 47.001660637557507 25.312501512467861 10.90066549181938 277.87831274420023 99.437343336641788 3686.3445534557104 114.61969367414713 249.25011972337961 7036.6842692643404
leaf_count=89903 34811 13211 6325 470 1655 1851 1243 550 3917 6410 2741 22853 1441 510 2852 22725 1424 6170 222445 3164 547 156 120 37 1705 513 24637 573 1575 43699
internal_value=4.06396e-05 0.00150991 0.000583487 -0.00922449 -0.010965 0.0094849 0.0149748 0.0355122 0.00327992 -0.0013521 0.00514756 0.00712243 0.0122217 0.0034837 0.00465693 0.00879579 -0.00170909 0.00420191 -0.00208893 0.0116039 -0.00390837 0.0171783 0.0563027 0.0232028 -0.0102922 -0.00802094 -0.013459 0.0012055 0.0130514 0.000439191
internal_weight=83323.1 71919.5 64436 11403.6 10010.8 7483.53 3301.34 388.817 1392.77 38643.5 4182.19 3678.53 2912.53 25792.5 18615.9 3891.25 37378.1 2255.29 35122.8 872.53 230.39 642.139 72.3142 102.367 9773.09 5694.25 4078.84 392.498 348.687 7176.54
internal_count=520233 446353 402463 73880 65469 43890 16445 1793 8411 242774 27445 25594 14652 159689 115480 25577 236364 12495 223869 4494 1054 3440 276 507 63814 36899 26915 2278 2088 44209
is_linear=0
shrinkage=0.035


Tree=8
num_leaves=31
num_cat=0
split_feature=6 10 11 6 10 7 10 6 5 7 5 7 6 9 10 10 5 5 5 7 9 5 5 5 9 10 5 7 5 5
split_gain=822.732 461.719 328.482 324.275 220.652 172.556 163.322 163.253 133.532 129.315 122.217 123.931 111.524 107.92 98.3627 65.5684 59.4168 86.7766 79.9443 59.3259 100.595 51.9853 161.995 50.1179 49.7152 48.2527 46.0415 45.8169 63.8246 62.7745
threshold=85.83111953735353 6.1653606891632089 74.977397918701186 20.348541259765629 5.6272141933441171 71.837898254394545 0.90706148743629467 99.358459472656264 45.449871063232429 61.993902206420906 45.72456359863282 70.530574798583999 60.697797775268562 3.4526499509811406 8.0838499069213885 10.569621562957765 46.023597717285163 45.554418563842781 50.060390472412116 38.938592910766609 0.075649999082088484 46.369321823120124 46.284826278686531 47.163959503173835 5.2697000503540048 14.079446315765383 45.424163818359382 53.843322753906257 45.596515655517585 45.554418563842781
decision_type=2 2 2 2 2 2 2 2 2 2 2 2 2 2 2 2 2 2 2 2 2 2 2 2 2 2 2 2 2 2
left_child=1 2 3 -1 7 8 12 13 -3 -8 14 -12 -5 19 -10 24 17 26 -18 20 -2 22 -4 -23 27 -20 -7 29 -29 -6
right_child=4 5 21 6 15 16 9 -9 10 -11 11 -13 -14 -15 -16 -17 18 -19 25 -21 -22 23 -24 -25 -26 -27 -28 28 -30 -31
leaf_value=0.0044531015025282448 -0.0080558493885296584 -0.001076381133311817 0.017996527793185443 -0.001237945717045561 -0.010525988620374644 -0.003049298967056181 0.0038776243285361472 -0.030239732533856277 0.015000404595588396 -0.0021506661348923021 0.0077669246930234942 0.039965727016016049 -0.0055722052705642899 0.013086419383811759 0.031151822613433348 0.020085436664909972 -0.034856384682331154 0.07293325405775955 -0.0083197528769986193 -0.01217207523447008 0.015458670125389361 -0.030304582284603459 0.099087465523937046 0.0099372743104764322 0.051246613638851322 0.018438227920676713 0.014733375516664805 0.0041028548097413681 -0.01819052121887705 0.023866868595813759
leaf_weight=15697.716161094606 2996.1725480780005 606.58629021793604 1086.990501254797 19406.534541025758 101.57038291543722 440.33208826184273 10340.925350338221 490.46571981161833 937.57371544092894 7533.0502103716135 1777.2478501051664 159.04039825499058 11636.105549789965 250.51147510111332 920.01243685185909 279.13500469923019 113.55349118262529 22.385303422808647 358.74357748031616 6139.4326382726431 239.84905762970448 40.617442704737186 30.33770364522934 442.20729144662619 22.514599248766899 106.29978694021702 298.22382973879576 356.88620203733444 279.68404853343964 176.98050543665886
leaf_count=96208 19320 5380 5362 120264 797 3942 67472 3453 4595 47224 9000 517 71633 1384 4134 1754 311 79 3129 40886 1391 100 58 3345 108 958 2232 2386 1378 964
internal_value=-9.05136e-05 0.00128999 0.000464336 7.61921e-05 -0.0088554 0.0108118 -0.0013283 -0.0105493 0.0141594 0.00133661 0.016597 0.0104307 -0.00286294 -0.00954284 0.0230135 0.00521966 -0.000182093 0.00623764 -0.00863403 -0.0101493 -0.00630744 0.0161254 0.0202739 0.00649294 0.0007733 -0.00216722 0.00412993 -0.000504522 -0.00569154 0.0113066
internal_weight=83287.7 71954.5 66214.5 64614.3 11333.2 5740 48916.6 10116.4 4400.46 17874 3793.87 1936.29 31042.6 9625.97 1857.59 1216.77 1339.54 760.941 578.597 9375.45 3236.02 1600.15 1117.33 482.825 937.636 465.043 738.556 915.121 636.57 278.551
internal_count=519764 445943 411666 402801 73821 34277 306593 66434 23626 114696 18246 9517 191897 62981 8729 7387 10651 6253 4398 61597 20711 8865 5420 3445 5633 4087 6174 5525 3764 1761
is_linear=0
shrinkage=0.035


Tree=9
num_leaves=31
num_cat=0
split_feature=6 10 6 10 11 7 6 4 10 10 5 7 7 6 7 5 5 11 5 5 5 10 7 9 7 6 7 5 10 10
split_gain=788.91 385.925 288.194 264.133 228.13 162.417 154.438 142.9 119.12 104.931 102.177 92.5251 90.7349 89.2797 86.9457 85.7681 75.0358 74.7463 70.513 101.877 94.1562 69.215 61.8459 59.37 169.166 51.9958 50.1767 48.6519 41.8428 39.9806
threshold=84.245117187500014 4.7782890796661386 20.727281570434574 6.4818570613861093 67.327449798583999 71.837898254394545 99.693408966064467 59.670026779174812 7.502749204635621 -1.395673334598541 45.449871063232429 63.478757858276374 73.779590606689467 55.578407287597663 35.942852020263679 45.745761871337898 46.484361648559577 31.95575046539307 46.023597717285163 50.060390472412116 45.554418563842781 0.72843012213706981 79.546710968017592 -3.1450001001358028 21.560606956481937 94.375640869140639 70.733211517333999 45.554418563842781 14.079446315765383 11.422029972076418
decision_type=2 2 2 2 2 2 2 2 2 2 2 2 2 2 2 2 2 2 2 2 2 2 2 2 2 2 2 2 2 2
left_child=1 2 -1 6 13 8 7 23 14 26 -10 -12 16 17 27 -16 -9 -4 20 -20 -7 -15 -11 24 -2 -25 -6 -3 -21 -5
right_child=3 5 4 29 9 18 -8 12 10 22 11 -13 -14 21 15 -17 -18 -19 19 28 -22 -23 -24 25 -26 -27 -28 -29 -30 -31
leaf_value=0.0046169607498216239 -0.022052762269638666 -0.0032715503677429271 0.0062359523948518052 0.0049561657645044018 -0.012600607882578309 0.0029338770571959855 -0.037810389765192035 0.033630147717132686 0.00023297455789437983 0.015519862497645349 0.014116483275877528 0.028766490630460832 -0.0076529310586000909 -0.004843570164186301 0.0095664626908952069 -0.001169935748688378 -0.0050373641577672315 -0.00068209670745468986 -0.030500584970481085 -0.0057794836270365435 0.056089735830086744 -0.00045624480805616274 -0.004944779781815972 -0.0085669662741193198 0.017423402782670648 -0.013803242203282468 0.0049516557307579352 0.025227878988242306 0.018369178843171654 0.020859447065833623
leaf_weight=15701.340533994138 222.86954372376204 87.430199772119522 2095.1938784718513 771.06952162086964 308.14651003479958 976.2793912217021 230.93336520344019 202.79203694313765 405.24323286116123 1723.0978144556284 1502.9669295474887 819.45768091827631 223.01443768292665 12358.981197394431 2274.0082891508937 1518.8085418716073 87.3785744830966 21932.807230480015 197.06722439080477 508.72066847234964 41.836764454841614 6850.101748727262 201.1771239861846 6716.4519731774926 327.08539167791605 3570.1519507616758 562.03234985470772 437.20654127001762 105.36895752698183 259.03971936553717
leaf_count=95975 1420 677 11405 4494 1146 8019 1686 847 3587 9427 7267 3473 1551 76563 13675 8046 525 139891 519 4401 155 44985 1354 44313 1629 24115 3864 2430 940 1668
internal_value=6.33705e-05 0.00150367 0.000522416 -0.00799981 -0.000874136 0.00832808 -0.00951087 -0.00893182 0.0107407 0.008816 0.016468 0.0192968 0.00909716 -0.00150073 0.00711824 0.00526596 0.0219804 -7.83777e-05 -0.000960333 -0.0086576 0.00516737 -0.00327947 0.0133755 -0.00978687 0.00140416 -0.0103859 -0.00126175 0.0204674 -0.00160603 0.00897521
internal_weight=83218.1 70607.3 61732.9 12610.8 46031.5 8874.39 11580.7 11349.7 7045.12 2794.45 2727.67 2322.42 513.185 43237.1 4317.45 3792.82 290.171 24028 1829.27 811.157 1018.12 19209.1 1924.27 10836.6 549.955 10286.6 870.179 524.637 614.09 1030.11
internal_count=520047 437799 384610 82248 288635 53189 76086 74400 39155 15791 14327 10740 2923 272844 24828 21721 1372 151296 14034 5860 8174 121548 10781 71477 3049 68428 5010 3107 5341 6162
is_linear=0
shrinkage=0.035


Tree=10
num_leaves=31
num_cat=0
split_feature=6 10 6 10 9 4 7 6 10 5 7 7 5 0 5 7 10 6 7 5 5 5 10 7 7 9 9 5 5 10
split_gain=703.239 372.789 255.961 255.783 227.117 160.373 151.276 144.528 133.205 106.701 93.8973 89.9498 107.114 84.0092 79.9906 78.8008 73.3607 67.9638 61.5631 59.3835 96.4249 66.4095 55.8518 69.137 56.1125 51.5832 45.1519 43.3719 42.196 39.9717
threshold=84.245117187500014 4.7782890796661386 23.482285499572757 6.4818570613861093 2.8396499156951909 59.670026779174812 71.837898254394545 99.693408966064467 8.0838499069213885 45.449871063232429 75.460590362548842 35.942852020263679 45.711332321166999 28.000000000000004 45.72456359863282 59.565095901489265 0.86936265230178844 94.375640869140639 54.053018569946296 46.023597717285163 50.060390472412116 45.554418563842781 -1.395673334598541 79.546710968017592 70.107513427734389 -4.3752000331878653 4.4084999561309823 50.080970764160163 45.554418563842781 11.422029972076418
decision_type=2 2 2 2 2 2 2 2 2 2 2 2 2 2 2 2 2 2 2 2 2 2 2 2 2 2 2 2 2 2
left_child=1 2 27 5 13 7 8 17 11 -10 15 28 -13 16 -11 18 -4 25 -7 21 -21 -8 24 -24 -6 -2 -12 -1 -3 -5
right_child=3 6 4 29 22 10 19 -9 9 14 26 12 -14 -15 -16 -17 -18 -19 -20 20 -22 -23 23 -25 -26 -27 -28 -29 -30 -31
leaf_value=0.0043950149716068462 0.011774266747718164 -0.0011453542928178879 -0.0028560093058829891 0.0050044914693749458 -0.014852686239114912 0.027825549387168979 0.0027448504015781514 -0.037843024792851912 -0.00075131398011167518 0.028043963149184174 -0.02147099059823452 0.0097983461679086344 -0.0015820306578777611 0.0078962092493393768 0.013734464358515578 0.031711154079386593 0.0002927732949373074 -0.013269692184971042 -0.03156703877705145 -0.030102843051968853 -0.0013508698897595971 0.046109165016567949 0.017626118915773724 -0.0056139886643422447 0.0086492072384890817 -0.0078719605555326467 0.014223013947640358 -0.0028975781864977175 0.023901902666203314 0.020800703118197504
leaf_weight=16753.318191684783 166.72266761958599 97.88573532551527 27383.804421052337 774.02449663728476 175.9337090998888 35.489203006029129 985.26879977434874 223.17128236591816 337.40852570533752 918.6036562025547 127.6550747603178 2559.9316369667649 1674.5016074180603 1120.352239869535 1010.5977526903152 238.81110714375973 13542.157431900501 3694.8053132221103 51.135466784238815 185.51014748960733 615.91963049024343 44.494574956595898 1181.6884959116578 179.89757595956326 419.41836248338223 6912.4497752487659 64.666363902390003 1060.6715955659747 500.36357042193413 263.37385604530573
leaf_count=101037 936 759 171164 4504 631 171 8087 1674 2982 4024 881 15197 8843 5717 4640 1234 88543 24996 184 500 5341 159 6041 1203 2866 45540 462 7466 2735 1669
internal_value=3.18009e-05 0.00138648 0.000420653 -0.00760253 -0.0010122 -0.00910252 0.00807056 -0.0099992 0.0103839 0.0173858 0.00991546 0.00709619 0.00529689 -0.00155489 0.0205605 0.0213608 -0.00181394 -0.00941903 -0.0071225 -0.000894909 -0.00803831 0.00465969 0.0106403 0.0145489 0.00168176 -0.007407 -0.00942375 0.0039603 0.0197959 0.0090345
internal_weight=83300 70747.7 61817.2 12552.3 44003.3 11514.9 8930.49 10997.1 7099.29 2266.61 517.757 4832.68 4234.43 42046.3 1929.2 325.436 40926 10774 86.6247 1831.19 801.43 1029.76 1956.94 1361.59 595.352 7079.17 192.321 17814 598.249 1037.4
internal_count=520186 437935 384668 82251 276165 76078 53267 73146 39180 11646 2932 27534 24040 265424 8664 1589 259707 71472 355 14087 5841 8246 10741 7244 3497 46476 1343 108503 3494 6173
is_linear=0
shrinkage=0.035


Tree=11
num_leaves=31
num_cat=0
split_feature=6 9 10 6 10 6 7 9 10 11 10 5 5 2 5 11 5 7 7 9 10 10 7 7 7 7 5 2 5 5
split_gain=686.191 365.192 273.641 282.621 180.522 136.161 125.838 101.429 100.973 183.008 82.967 81.5523 191.348 112.879 89.4275 66.0966 73.0497 80.492 58.0405 90.4476 51.1135 54.2524 50.8376 49.8417 64.2889 45.8368 90.6906 75.9138 68.0438 97.5972
threshold=86.606227874755874 2.6139500141143803 6.4818570613861093 28.326513290405277 5.7537951469421396 99.693408966064467 73.829555511474624 3.4526499509811406 1.2255741357803347 44.35625076293946 -12.683357715606688 46.023597717285163 46.036748886108406 49.977699279785163 45.449871063232429 78.74444961547853 45.433555603027351 63.42186355590821 38.938592910766609 0.075649999082088484 14.079446315765383 22.41047286987305 63.42186355590821 61.993902206420906 54.376531600952156 54.053018569946296 45.554418563842781 50.079427719116218 45.596515655517585 45.549871444702156
decision_type=2 2 2 2 2 2 2 2 2 2 2 2 2 2 2 2 2 2 2 2 2 2 2 2 2 2 2 2 2 2
left_child=1 2 3 23 5 7 15 18 10 -10 -5 14 -13 -14 -4 -3 -17 -18 19 -2 25 -22 -16 24 -1 26 -6 -28 29 -27
right_child=4 6 11 8 20 -7 -8 -9 9 -11 -12 12 13 -15 22 16 17 -19 -20 -21 21 -23 -24 -25 -26 28 27 -29 -30 -31
leaf_value=0.0032158155272100754 -0.0077526351296326674 0.010361068501586477 0.0034284214730022915 0.014535693563225236 -0.01271554228078847 -0.037066835290694253 0.002658580661954609 0.013013869400034827 0.0099879265589917533 -0.0010591901255615067 -0.0031851880569574013 -0.028799843395487294 0.028336970181017402 0.0033345889206523325 0.014468939861576696 -0.015088363557729984 0.011898342417532029 0.031517498760646155 -0.011972897138863287 0.014829882738701072 0.040526507964377984 -0.011067454510847837 0.028553620139049843 0.00063738126295185421 0.0092110375112259835 0.00095394533764310173 -0.025596742465306629 0.037430736303295666 -0.014665129140674268 0.056453704877639344
leaf_weight=12152.498002097011 2873.409117616713 2651.5529942288995 605.13550893962383 326.5578258857131 100.36656817048788 221.27724587917328 2092.2017830610275 241.74442535638809 2176.530613437295 11748.782523043454 27714.950891368091 191.16064327955246 279.0289313569665 1061.5095338150859 870.6413579583168 65.499261640012264 464.28378619253635 579.03478606045246 5851.1093739718199 234.10343565791845 88.651429623365402 33.963522233068943 497.09296139329672 6582.6188712343574 2675.3119620531797 341.45484192669392 26.657883204519749 160.86918065696955 312.77608793973923 43.0386858060956
leaf_count=73266 18935 13498 5365 2172 795 1695 15024 1322 13704 75940 173578 449 1205 6757 4275 535 2017 2380 39888 1366 556 289 2216 40489 17409 2318 231 761 1501 204
internal_value=-4.74867e-05 0.00116137 0.000427577 -9.88173e-05 -0.00839805 -0.00996967 0.00954457 -0.00931403 -0.00176833 0.000667449 -0.00297816 0.00994683 0.00387826 0.00855777 0.0146513 0.0133726 0.0205551 0.0228094 -0.00991843 -0.00604576 0.00495978 0.0261995 0.0196067 0.00317323 0.00429842 0.00229004 0.0140224 0.0283632 -0.0025546 0.00728885
internal_weight=83263.8 72734.4 66881.8 63377.3 10529.4 9421.64 5852.57 9200.37 41966.8 13925.3 28041.5 3504.57 1531.7 1340.54 1972.87 3760.37 1108.82 1043.32 8958.62 3107.51 1107.78 122.615 1367.73 21410.4 14827.8 985.163 287.894 187.527 697.27 384.494
internal_count=520140 450279 416825 396558 69861 63206 33454 61511 265394 89644 175750 20267 8411 7962 11856 18430 4932 4397 60189 20301 6655 845 6491 131164 90675 5810 1787 992 4023 2522
is_linear=0
shrinkage=0.035


Tree=12
num_leaves=31
num_cat=0
split_feature=6 10 10 6 11 4 6 5 5 5 9 5 10 10 10 4 5 6 9 2 9 10 4 10 10 11 2 2 11 5
split_gain=659.795 308.739 284.482 210.127 192.629 174.549 142.856 102.994 253.991 213.521 86.7138 97.814 73.2896 72.6535 72.1994 71.1331 111.597 72.028 56.2241 58.7754 53.9797 53.7174 46.5497 59.2449 46.3359 62.5331 49.59 87.8812 55.8437 42.9876
threshold=79.551410675048842 4.7782890796661386 4.5968675613403329 20.348541259765629 66.488849639892592 59.670026779174812 99.693408966064467 46.023597717285163 46.036748886108406 45.449871063232429 -3.1450001001358028 46.112531661987312 8.0838499069213885 -1.4375951886177061 -1.395673334598541 40.180032730102546 46.036748886108406 94.375640869140639 2.7615000009536748 49.666902542114265 4.7590000629425058 1.263342618942261 50.487148284912116 16.556191444396976 7.502749204635621 85.897052764892592 52.757917404174812 52.689496994018562 57.560350418090827 50.08058166503907
decision_type=2 2 2 2 2 2 2 2 2 2 2 2 2 2 2 2 2 2 2 2 2 2 2 2 2 2 2 2 2 2
left_child=1 3 5 -1 10 6 15 9 18 -3 11 -5 -11 -7 -6 16 -2 -17 -9 -20 -16 -12 -10 -24 25 29 27 28 -26 -4
right_child=2 7 24 4 14 13 -8 8 22 12 21 -13 -14 -15 20 17 -18 -19 19 -21 -22 -23 23 -25 26 -27 -28 -29 -30 -31
leaf_value=0.0041902080373680236 0.020149920016445236 0.00014113015302556447 -0.0019720258465948368 0.014522086837979543 -0.00018262639176618709 -0.0079879929943390895 -0.038213309294672565 -0.025631991675828171 0.013859204773096779 0.012393950717748951 -0.0024511933432122168 -0.0003687965376338153 0.023351285202120518 0.01886383635521852 0.0097813510688596131 -0.0076581292720392675 -0.0070290336361726749 -0.01377275025004745 -0.01958056352122332 0.025198501256074562 0.028602457007461227 0.0004456031003584385 0.0027463057360035195 0.02994492918912901 0.028663768276155584 0.048555954224550862 -0.003620151555737102 0.093890857802041733 0.0070864004379053436 0.020971833455675017
leaf_weight=15544.093173600733 261.54487710446119 1538.6031442210078 1388.7776949852705 885.87848718464375 899.24278429895639 177.35419887304306 201.7790152952075 396.4018050134182 908.03000241518021 2439.452475734055 26569.968763329089 1381.2353875413537 1084.6325068175793 400.23995546251535 1838.7694183364511 8937.5469120889902 627.24930714070797 3215.5400790199637 81.897822856903076 62.65993195772171 207.90913744270802 11119.446085967124 1809.7392531335354 103.03696769475937 201.52870551496744 31.970220096409321 234.26445836573839 16.060396403074265 544.96914134919643 106.98404929041862
leaf_count=94309 1257 13584 8592 4204 5196 1069 1583 951 5490 12681 168627 8003 4829 2186 10291 59021 3800 22355 207 131 1024 72057 11288 622 1105 150 1375 45 3309 823
internal_value=6.59347e-05 0.00160685 -0.00623731 0.000703777 -0.000559292 -0.00821082 -0.00903264 0.00787062 0.00311759 0.0110244 -0.0011963 0.00544982 0.0157729 0.0106071 0.00807633 -0.00857831 0.000971958 -0.00927735 -0.0188298 -9.06371e-05 0.0117071 -0.00159638 0.00733318 0.004227 0.0045635 0.000727061 0.0104309 0.014756 0.0129454 -0.00031596
internal_weight=83216.8 66871 16345.8 58446.5 42902.5 13821.3 13243.7 8424.45 3361.77 5062.69 39956.5 2267.11 3524.08 577.594 2945.92 13041.9 888.794 12153.1 540.96 144.558 2046.68 37689.4 2820.81 1912.78 2524.55 1527.73 996.823 762.558 746.498 1495.76
internal_count=520164 413494 106670 363711 269402 91271 88016 49783 18689 31094 252891 12207 17510 3255 16511 86433 5057 81376 1289 338 11315 240684 17400 11910 15399 9565 5834 4459 4414 9415
is_linear=0
shrinkage=0.035


Tree=13
num_leaves=31
num_cat=0
split_feature=6 10 10 6 9 4 6 7 9 7 7 10 7 7 7 5 6 10 7 5 5 10 5 2 2 7 9 9 5 4
split_gain=630.021 281.635 265.756 186.46 170.03 162.277 141.675 136.995 97.5672 227.217 124.129 93.5961 85.4845 75.8183 87.6483 74.2436 68.2663 62.1283 55.241 124.728 108.42 107.027 102.675 99.2512 84.4637 81.9508 69.6207 69.4859 63.9291 55.1588
threshold=79.551410675048842 4.5968675613403329 5.0591044425964364 20.348541259765629 2.8396499156951909 59.670026779174812 99.693408966064467 71.837898254394545 -3.1450001001358028 22.878716468811039 21.560606956481937 7.502749204635621 73.829555511474624 63.42186355590821 65.186267852783217 45.449871063232429 94.375640869140639 1.1894266605377199 54.053018569946296 45.554418563842781 45.596515655517585 14.079446315765383 45.449871063232429 50.079301834106452 50.36027908325196 48.710355758666999 2.4813500642776494 2.0321500301361088 50.08058166503907 53.882928848266609
decision_type=2 2 2 2 2 2 2 2 2 2 2 2 2 2 2 2 2 2 2 2 2 2 2 2 2 2 2 2 2 2
left_child=2 5 3 -1 8 6 16 11 9 -5 -10 -4 13 17 -15 -13 -2 -7 19 25 22 28 24 -21 -20 -3 -23 -24 -22 -27
right_child=1 18 7 4 -6 12 -8 -9 10 -11 -12 15 -14 14 -16 -17 -18 -19 20 23 21 26 27 -25 -26 29 -28 -29 -30 -31
leaf_value=0.003896649444801704 -0.0070701989172804233 -0.023132184665479765 0.0061686949354808817 -0.0073496227693550537 0.0094373016322540117 -0.02286499869384416 -0.038514245206189041 -0.001568658051390221 0.020261504746628911 0.015022224074745856 -0.0016158225398927133 0.00051457601694474258 -0.0064020748416282565 0.085704009168214218 0.023768625263882417 0.017332789395068736 -0.012872239082425201 0.026591286533778916 0.011492905887092657 -0.011683620690185054 -0.017714367031333281 0.066693507918604802 0.0078039056500158934 0.028622890391663092 -0.021212031987659176 0.030790619197774975 -0.0018735317814157924 0.031701105990612516 0.012639545720448992 -0.034852005610158589
leaf_weight=15779.971335247159 9603.3939062878489 160.58405609428883 3488.7374344840646 933.09752115607262 1993.52445422858 69.368000961840153 195.97761126607656 1600.0636150017381 319.48322378844023 1373.3441470935941 38860.126227267087 376.24504382908344 234.59046411514282 32.519230894744396 188.80766155570745 2248.1696850284934 3359.7660529017448 55.092405490577221 182.94131252914667 89.357041530311108 584.96081721782684 34.430232517421246 381.64975812286139 441.24374126642942 203.25818997621536 76.920353844761848 36.911270424723625 245.69027667492628 98.558129824697971 18.845235452055931
leaf_count=95313 63176 1184 19605 6143 10779 268 1582 12388 1815 6223 247728 3319 1612 90 958 10022 23304 302 1632 722 2820 179 1966 2207 1828 645 241 1244 697 147
internal_value=-6.82331e-05 -0.00624021 0.0014334 0.000637798 -0.00054482 -0.00822471 -0.00902393 0.00754427 -0.00102483 0.00596899 -0.00143684 0.00993054 0.00987164 0.0209216 0.0331761 0.0149252 -0.0085752 -0.000887274 0.00442646 0.0121364 0.000987612 -0.00904449 0.00846743 0.0218144 -0.00571 -0.00787395 0.0314933 0.0172026 -0.0133177 0.0176189
internal_weight=83267.6 16294.9 66972.8 59259.5 43479.6 13739.5 13159.1 7713.22 41486.1 2306.44 39179.6 6113.15 580.378 345.787 221.327 2624.41 12963.2 124.46 2555.35 786.95 1768.4 754.86 1013.54 530.601 386.2 256.35 71.3415 627.34 683.519 95.7656
internal_count=520139 106804 413335 368001 272688 91292 88062 45334 261909 12366 249543 32946 3230 1618 1048 13341 86480 570 15512 4905 10607 3937 6670 2929 3460 1976 420 3210 3517 792
is_linear=0
shrinkage=0.035


Tree=14
num_leaves=31
num_cat=0
split_feature=6 9 6 4 6 7 0 7 7 7 4 7 2 5 2 11 7 7 7 7 7 2 7 7 4 5 11 7 5 2
split_gain=548.748 300.56 199.173 174.856 134.701 121.992 116.921 114.734 116.282 111.944 106.902 95.2749 92.6834 81.2391 74.7392 64.2008 161.012 79.8454 56.1348 60.9807 55.8896 74.6357 53.556 49.8792 128.858 53.807 49.9767 117.395 49.575 45.9904
threshold=85.83111953735353 2.2117999792099003 33.878387451171882 56.687097549438484 99.693408966064467 73.581996917724624 28.000000000000004 69.762519836425795 68.936416625976577 70.733211517333999 61.659725189208991 73.829555511474624 49.336395263671882 45.554418563842781 49.336395263671882 28.093850135803226 22.878716468811039 21.560606956481937 63.42186355590821 63.478757858276374 54.376531600952156 49.463737487792976 48.710355758666999 54.053018569946296 52.197597503662116 45.558958053588874 50.966350555419929 64.699142456054702 45.558958053588874 48.996879577636726
decision_type=2 2 2 2 2 2 2 2 2 2 2 2 2 2 2 2 2 2 2 2 2 2 2 2 2 2 2 2 2 2
left_child=1 2 18 4 23 -5 15 8 12 -9 -10 14 29 -14 -11 16 -4 -17 20 -20 22 -22 -1 24 25 -2 27 -25 -26 -3
right_child=3 7 6 5 -6 -7 -8 9 10 11 -12 -13 13 -15 -16 17 -18 -19 19 -21 21 -23 -24 26 28 -27 -28 -29 -30 -31
leaf_value=0.0035448908518565642 -0.01324251260295756 0.022852806238334057 -0.0069259591319417403 0.012301720450620486 -0.037581942776904208 -0.0092377700217923641 0.0091915175547038017 -0.011272107260648338 0.016065249441609118 0.022140682895129639 0.05264475163501995 0.0018162599339333735 0.0048442481696529963 0.016580167710297272 0.0055172503507159056 0.017564528618607141 0.012536520707196542 -0.0021441376713436391 -0.022796067688812646 0.0005037833699077759 0.02820357751585232 0.0062897985541984849 -0.0025757650125865423 -0.011908951767498361 -0.0020471305590868908 -0.0053597083308056489 -0.013199135134043945 0.020316437818256938 0.023478417929701949 -0.021733106633212426
leaf_weight=12897.962618686259 1503.678415812552 33.728909984230995 904.97434588521719 872.47025612741709 196.60005489736795 509.29325475543737 1261.2080395892262 532.91813689470291 272.06282074004412 630.28336451947689 153.8110860735178 2514.6205110624433 1296.1413543149829 1640.4572958648205 702.0308536440134 252.78662202507257 1223.4065211936831 34670.473502658308 139.55389209836721 7012.0643849074841 200.27890052646399 3693.7211647629738 2024.4204902127385 485.67849580943584 154.56982143968344 3624.4697796925902 3224.1840370967984 192.72666653990746 231.73152328282595 156.68291674554348
leaf_count=77167 10768 173 6183 4491 1629 3895 6300 1929 1339 3506 548 18048 7346 7279 4783 1491 5537 222254 502 43285 862 24354 12795 3324 1022 23841 22468 1111 1361 468
internal_value=3.90665e-06 0.0011131 0.000319725 -0.00727977 -0.00895324 0.00435684 -0.00128409 0.00754045 0.0122142 0.00374598 0.0293669 0.00583018 0.00986905 0.0114053 0.0133952 -0.00164105 0.00425841 -0.00200088 0.00268621 4.56416e-05 0.0036894 0.00742424 0.00271398 -0.00835168 -0.00620444 -0.00767418 -0.0113821 -0.00273066 0.0132637 -0.0137361
internal_weight=83209 72213.6 64280.9 10995.4 9613.64 1381.76 38312.8 7932.74 3552.88 4379.85 425.874 3846.93 3127.01 2936.6 1332.31 37051.6 2128.38 34923.3 25968 7151.62 18816.4 3894 14922.4 9417.04 5514.45 5128.15 3902.59 678.405 386.301 190.412
internal_count=520059 446149 400730 73910 65524 8386 241765 45419 17153 28266 1887 26337 15266 14625 8289 235465 11720 223745 158965 43787 115178 25216 89962 63895 36992 34609 26903 4435 2383 641
is_linear=0
shrinkage=0.035


Tree=15
num_leaves=31
num_cat=0
split_feature=10 11 7 9 7 7 9 9 10 2 7 5 5 5 7 7 7 5 2 2 2 7 7 10 7 7 10 7 2 2
split_gain=421.258 289.833 152.348 113.104 380.826 216.653 295.05 143.82 119.603 150.895 109.774 107.398 106.109 99.1998 122.709 98.6152 94.6473 91.0741 69.3947 204.026 68.8148 105.766 68.675 182.191 113.135 68.1155 63.3517 62.6522 69.0352 61.7096
threshold=6.1653606891632089 78.74444961547853 73.50925445556642 -3.1450001001358028 22.878716468811039 21.560606956481937 -0.8835499882698058 -4.7622499465942374 1.0817691683769228 52.410648345947273 24.405713081359867 45.409994125366218 46.620765686035163 45.72456359863282 72.674533843994155 43.856449127197273 73.705352783203139 45.449871063232429 50.306278228759773 50.664962768554695 54.368049621582038 18.460414886474613 35.942852020263679 16.556191444396976 35.788860321044929 65.665817260742202 9.9290294647216815 69.650360107421889 49.738378524780281 52.297090530395515
decision_type=2 2 2 2 2 2 2 2 2 2 2 2 2 2 2 2 2 2 2 2 2 2 2 2 2 2 2 2 2 2
left_child=1 3 11 4 20 6 -5 15 10 -10 -7 -2 -8 14 17 -6 -4 -13 25 -20 21 -1 24 -24 -15 -3 -16 28 -27 -9
right_child=2 18 16 5 7 8 12 29 9 -11 -12 13 -14 22 26 -17 -18 -19 19 -21 -22 -23 23 -25 -26 27 -28 -29 -30 -31
leaf_value=-0.00051759091395663071 -0.0066424374662614489 -0.016586724186235555 -0.032362371366062785 0.0072675976206493216 0.038939765000219471 -0.01152680124216981 0.091629205578995357 0.0011319104224754928 -0.0011772887842032536 0.0050731034179345132 -0.002296991478000953 5.7157092261555927e-05 0.01706612075511884 0.010427190982053313 0.034239637594008561 -0.0037993715119584363 0.00023357343849933186 0.017833169616227423 0.068026336029095025 0.010130373564345018 0.0083973312232916604 -0.020465454904592055 0.0016261512315455847 0.052556850269635205 0.053347765114059038 0.079547268350668374 0.098348428677804967 0.0116465487301926 0.0030528391354542844 0.014283768717689452
leaf_weight=579.6778806000948 409.80503535270691 95.258522674441338 120.13382488489151 438.92261651158333 373.23225181549788 1637.4322704598308 81.279535017907619 694.65554484724998 19123.793601952493 6285.814964979887 43681.253217808902 417.22785674780607 33.634922824800014 403.5685081332922 54.000076778233051 79.821611441671848 1113.1705700978637 2324.1594427451491 113.3252157792449 217.16068825870752 245.47414222359657 744.3520812317729 1906.7157553657889 89.333514243364334 92.063873611390591 35.429720655083656 30.018065042793751 674.28855973482132 24.479626253247261 1183.8611727282405
leaf_count=4390 3629 397 391 2672 1626 8379 291 3513 122633 40628 278099 3676 209 2630 421 272 9240 10446 320 1004 2027 4061 9069 398 291 107 220 4167 123 5130
internal_value=-4.48401e-05 -0.000796468 0.00819756 -0.0010645 0.0047374 -0.00138217 0.0204066 0.0137088 -0.00155311 0.000368765 -0.00263083 0.0106005 0.0701343 0.0119316 0.0164226 0.0314009 -0.00295478 0.0151311 0.0165591 0.0301206 -0.00858578 -0.0117429 0.00683277 0.00392921 0.0184869 0.0111234 0.0579386 0.0147424 0.0488582 0.00942663
internal_weight=83303.3 76343.1 6960.2 75183.2 3901.07 71282.1 553.837 2331.57 70728.3 25409.6 45318.7 5726.89 114.914 5317.09 2825.41 453.054 1233.3 2741.39 1159.94 330.486 1569.5 1324.03 2491.68 1996.05 495.632 829.456 84.0181 734.198 59.9093 1878.52
internal_count=520459 480048 40411 473930 21019 452911 3172 10541 449739 163261 286478 30780 500 27151 14763 1898 9631 14122 6118 1324 10478 8451 12388 9467 2921 4794 641 4397 230 8643
is_linear=0
shrinkage=0.035


Tree=16
num_leaves=31
num_cat=0
split_feature=6 10 6 9 10 6 7 4 7 5 6 7 7 10 7 7 10 9 7 10 5 13 7 0 10 5 9 9 11 5
split_gain=533.182 255.31 220.696 179.394 154.427 127.582 114.777 94.3066 79.5487 77.8588 71.8905 69.4812 68.0219 66.7219 66.04 82.1144 62.1702 54.2322 150.739 52.2261 46.4887 47.1792 40.4446 39.3967 37.2709 36.9198 35.7924 34.9373 34.6403 36.3144
threshold=86.215801239013686 6.3144264221191415 25.916258811950687 2.6139500141143803 7.0411381721496591 99.358459472656264 73.447288513183608 59.670026779174812 72.813034057617202 45.449871063232429 55.578407287597663 74.670307159423842 73.50925445556642 0.79934075474739086 73.779590606689467 60.380186080932624 -6.2426600456237784 -3.1450001001358028 21.560606956481937 9.9290294647216815 50.080970764160163 6.066176414489747 73.705352783203139 17.19999980926514 8.4382386207580584 50.080711364746101 4.4084999561309823 4.4084999561309823 73.11890029907228 46.181444168090827
decision_type=2 2 2 2 2 2 2 2 2 2 2 2 2 2 2 2 2 2 2 2 2 2 2 2 2 2 2 2 2 2
left_child=1 2 20 10 5 7 8 17 9 -3 16 12 -5 -12 15 -9 -4 18 -2 -11 28 -22 -8 -23 -10 -19 -13 -16 29 -1
right_child=4 6 3 11 -6 -7 22 14 24 19 13 26 -14 -15 27 -17 -18 25 -20 -21 21 23 -24 -25 -26 -27 -28 -29 -30 -31
leaf_value=0.0027985245474605319 -0.021019531597774255 -0.0010754853811667771 0.0070783094895638683 0.0093635873044574953 0.0079566365327804998 -0.026456981545998966 -0.018813467823103093 -0.012019296956995626 0.021173098764964999 0.009176727619499345 -0.0043747299993477824 -0.0034835430911113979 0.03182994314483719 -0.00038962052769146569 -0.017415425096220745 0.031538607370586884 -0.00048206001647718737 -0.0095408749401219711 0.019623137442052359 0.017913168424559478 -0.0041369293281327017 0.0058697745458835557 0.00066462803645062356 0.07545037285319281 0.074686237026816024 0.00065992326399457357 0.011905989741990154 0.014719800752436635 0.012097498763603156 0.0064139740734003936
leaf_weight=14461.582970492542 186.00306629389524 657.95424687862396 1426.5383213832974 1698.2071295827627 755.77620591968298 459.08198811858892 151.18368050456047 72.800851747393608 32.816196084022522 2676.075436167419 13328.507004745305 772.52288511395454 182.71069645136595 8390.624963760376 133.86342782527208 188.97738213837147 20028.268454194069 8050.773276925087 277.43788838386536 1227.3522183895111 1259.5676090344787 25.903657287359238 923.43200436234474 15.816617146134375 32.910428166389465 457.98147674649954 242.57790196686983 58.948242910206318 614.29840783029795 4457.7728092595935
leaf_count=80928 1242 5805 7933 8071 4374 3607 836 304 252 12688 83503 5051 1021 54673 954 837 127761 54659 1366 5350 8767 143 7702 64 236 4277 1673 410 3247 32787
internal_value=3.50253e-05 0.00110748 0.000501439 -0.000850278 -0.00728106 -0.00844724 0.00821653 -0.00756726 0.0106096 0.0100515 -0.00141612 0.00758097 0.0115623 -0.00283558 0.00796668 0.0193987 2.05508e-05 -0.00835573 0.00328792 0.0119286 0.00349059 -0.00291039 -0.00208112 0.0333364 0.0486492 -0.00899099 0.000193672 -0.00753435 0.00391747 0.003651
internal_weight=83248.3 72606.6 66904.9 46070 10641.6 9885.87 5701.72 9426.79 4627.11 4561.38 43173.9 2896.02 1880.92 21719.1 454.59 261.778 21454.8 8972.2 463.441 3903.43 20834.9 1301.29 1074.62 41.7203 65.7266 8508.75 1015.1 192.812 19533.7 18919.4
internal_count=520521 448491 415622 289686 72030 67656 32869 64049 24331 23843 273870 15816 9092 138176 2505 1141 135694 61544 2608 18038 125936 8974 8538 207 488 58936 6724 1364 116962 113715
is_linear=0
shrinkage=0.035


Tree=17
num_leaves=31
num_cat=0
split_feature=6 10 10 6 9 6 4 7 9 7 7 7 7 10 7 7 4 5 6 10 7 5 5 7 5 7 7 2 10 7
split_gain=464.497 219.969 216.305 150.052 139.044 133.797 127.072 119.401 84.62 180.638 82.5105 78.4599 70.3445 68.3181 74.6641 73.1206 159.847 69.1504 64.8933 64.115 49.1596 47.1809 72.5444 46.9078 106.964 102.357 82.3417 82.2627 62.9636 90.1166
threshold=79.551410675048842 4.5968675613403329 4.7782890796661386 20.348541259765629 2.2117999792099003 99.693408966064467 59.670026779174812 71.837898254394545 -3.1450001001358028 22.878716468811039 21.560606956481937 73.779590606689467 73.50925445556642 8.8588023185729998 33.880672454833991 70.530574798583999 51.882596969604499 45.745761871337898 94.375640869140639 -1.395673334598541 79.546710968017592 46.023597717285163 50.060390472412116 54.053018569946296 45.554418563842781 60.103242874145515 48.710355758666999 50.079301834106452 8.0838499069213885 73.481372833251967
decision_type=2 2 2 2 2 2 2 2 2 2 2 2 2 2 2 2 2 2 2 2 2 2 2 2 2 2 2 2 2 2
left_child=2 5 3 -1 8 6 18 13 9 -5 -10 12 -8 14 -4 -15 -17 -16 -2 -6 -21 -9 -23 24 26 -25 -3 -26 -27 -30
right_child=1 23 7 4 19 -7 11 21 10 -11 -12 -13 -14 15 17 16 -18 -19 -20 20 -22 22 -24 25 27 28 -28 -29 29 -31
leaf_value=0.0033506953371854505 -0.0060668518210211502 -0.022515785232004582 0.020580306314050806 -0.006811822245410425 -0.0012000968183060853 -0.037061408306318801 0.013969664106866881 0.0032604258003419428 0.016069760088598183 0.013216656803834173 -0.0017929789142480646 -0.006323249410017451 0.063443763833222214 0.012509999999012747 0.0086290777564459846 0.10290205357817168 0.013538790405331279 -2.8171421786636855e-05 -0.011778164304616879 0.010791152157638201 -0.0072686438688643225 -0.028661397490044833 -0.0025902357430452215 -0.01793716322542559 -0.010600934215752599 -0.00056001678761719671 0.018023229361046583 0.026041124330856043 0.026311312920941465 -0.0048232407388999546
leaf_weight=15708.315698899329 9477.2814058363438 163.27873946726322 417.2983942180872 913.12051718682051 1021.7273152470589 180.86045401543379 308.45568204671144 964.64332048594952 318.65792787075043 1389.9490489959717 36800.136051774025 238.22324941307306 39.232720658183098 1629.5594131276011 2797.9953088462353 34.978439621627331 79.62743765860796 1893.1336486339569 3288.1589145809412 2187.710074596107 200.62635856121778 167.70908823609352 587.7052079513669 296.31531931459904 89.357578799128532 967.61645922064781 97.166009172797203 448.27893739938736 308.15297113358974 179.48472081124783
leaf_count=94464 62986 1225 2515 6077 5860 1587 1434 7655 1766 6169 236250 1647 169 8185 16117 89 282 9547 23323 11806 1340 475 5053 1413 727 6043 799 2196 1635 1422
internal_value=-9.49122e-05 -0.00543736 0.00118521 0.000424671 -0.000648308 -0.00721428 -0.00680725 0.0063774 -0.001235 0.00527312 -0.0016391 0.00911627 0.0197052 0.00844686 0.00640063 0.0144303 0.0413979 0.00513449 -0.00753918 0.0061308 0.00926923 -0.00186321 -0.00841173 0.00399017 0.0110192 0.000779896 -0.00735593 0.0199313 0.00460359 0.0148482
internal_weight=83194.8 16081.9 67112.9 58540.2 42831.9 13532.2 13351.4 8572.65 39421.9 2303.07 37118.8 585.912 347.688 6852.59 5108.43 1744.17 114.606 4691.13 12765.4 3410.06 2388.34 1720.06 755.414 2549.65 798.081 1751.57 260.445 537.637 1455.25 487.638
internal_count=520256 106606 413650 363732 269268 91146 89559 49918 250262 12246 238016 3250 1603 36735 28179 8556 371 25664 86309 19006 13146 13183 5528 15460 4947 10513 2024 2923 9100 3057
is_linear=0
shrinkage=0.035


Tree=18
num_leaves=31
num_cat=0
split_feature=10 11 9 7 7 11 9 7 10 11 7 10 7 7 2 10 2 7 7 7 7 7 2 2 2 7 10 7 2 2
split_gain=321.849 304.482 134.554 326.594 223.792 221.582 129.07 127.636 117.784 143.975 126.592 84.2454 80.5468 69.1201 75.1184 72.1422 66.1799 56.4953 188.486 102.426 60.2586 55.3496 53.4128 52.9235 98.0041 66.5691 66.33 65.5122 50.9382 50.6995
threshold=7.502749204635621 74.977397918701186 -3.0320500135421748 22.281182289123539 21.560606956481937 43.081550598144538 -4.3752000331878653 73.481372833251967 1.0472377538681032 43.927850723266609 24.405713081359867 -3.4950604438781734 44.196378707885749 18.460414886474613 53.883504867553718 3.509514689445496 53.883504867553718 60.380186080932624 69.762519836425795 54.481985092163093 69.49686431884767 73.581996917724624 50.306278228759773 52.76214790344239 52.73198318481446 35.942852020263679 14.079446315765383 35.788860321044929 53.883504867553718 52.91411209106446
decision_type=2 2 2 2 2 2 2 2 2 2 2 2 2 2 2 2 2 2 2 2 2 2 2 2 2 2 2 2 2 2
left_child=1 2 3 13 5 28 12 23 10 -10 -6 -8 -5 15 -15 -1 -7 19 20 -3 22 -9 -19 24 25 27 -27 -2 -4 -25
right_child=7 17 4 6 8 16 11 21 9 -11 -12 -13 -14 14 -16 -17 -18 18 -20 -21 -22 -23 -24 29 -26 26 -28 -29 -30 -31
leaf_value=-0.00099713744060953057 0.020206475530884067 0.016204361368879414 0.017210180487209754 0.030606593702461188 -0.012567162699507601 0.074990164783912586 0.0014883286124948826 -0.033265992241919701 0.0070688196271570984 -0.00066463883877231858 -0.0022823551995720917 0.015483041175614274 -0.0035990468292773463 -0.021446775986022831 -0.0010559048628159475 0.062888019307111909 0.016328817501803587 0.011008335698071579 0.008235282727978294 -0.020186683345054673 0.058962890913386731 -0.0004041158634867807 0.038608568152164693 -0.0093699155596191821 0.062866003953303815 0.0095618391676109086 0.025697779372801221 0.068397001452070991 -0.0093034403751686111 0.009243817138381712
leaf_weight=573.55125789344311 117.70082719624043 212.80426228791475 262.02841511368752 569.1880100518465 1517.7842221036553 98.327024944126606 1150.9813918620348 67.076966241002083 3362.0437389910221 23958.762443087995 42723.908706918359 973.2807819917798 98.36869353055954 590.79958778619766 354.9183399900794 21.696903228759766 32.02552817761898 145.17979346215725 1337.5642460659146 169.4675782546401 95.995400965213776 844.1063060387969 215.72964230924845 235.80039256066084 49.182304836809635 2162.6539966091514 365.34682828187943 49.230528488755226 133.03341280668974 736.43108830600977
leaf_count=4324 642 941 1300 2519 7875 327 5234 205 21176 153663 273415 4989 350 2674 3040 193 225 619 8170 645 298 7124 902 664 166 11093 1905 102 1043 4644
internal_value=-9.62507e-05 -0.000624497 -0.000992294 0.00499725 -0.00135244 0.0213882 0.0121361 0.00887293 -0.00151974 0.000286948 -0.00263557 0.00790704 0.0255574 -0.00793144 -0.013809 0.00140103 0.0608189 0.0122805 0.0148819 4.48557e-05 0.0342759 -0.00285799 0.0275743 0.011751 0.0142381 0.0133297 0.011904 0.0347187 0.00826352 0.00471815
internal_weight=83225 78597.4 76420.7 4332.78 72087.9 525.414 2791.82 4627.53 71562.5 27320.8 44241.7 2124.26 667.557 1540.97 945.718 595.248 130.353 2176.74 1794.47 382.272 456.905 911.183 360.909 3716.35 2744.11 2694.93 2528 166.931 395.062 972.231
internal_count=520467 493922 482347 23323 459024 2895 13092 26545 456129 174839 281290 10223 2869 10231 5714 4517 552 11575 9989 1586 1819 7329 1521 19216 13908 13742 12998 744 2343 5308
is_linear=0
shrinkage=0.035


Tree=19
num_leaves=31
num_cat=0
split_feature=6 10 6 9 10 6 7 9 5 5 5 10 10 0 7 10 7 7 7 10 7 5 5 5 9 7 7 5 7 10
split_gain=494.948 219.578 170.51 143.733 133.968 122.706 114.36 94.4525 84.9445 92.2097 133.512 73.7626 65.7785 63.017 59.7555 52.9091 52.0382 49.9762 47.5236 46.5023 57.3076 45.5526 80.0752 58.5677 43.5828 51.4855 57.5908 43.0215 41.0643 40.5257
threshold=86.606227874755874 4.7782890796661386 35.110204696655281 2.8396499156951909 7.502749204635621 99.693408966064467 71.837898254394545 4.4084999561309823 45.449871063232429 46.023597717285163 46.057298660278327 -12.683357715606688 8.0838499069213885 28.000000000000004 59.565095901489265 -1.395673334598541 79.546710968017592 71.004535675048842 69.762519836425795 -15.079775810241697 35.319665908813484 46.023597717285163 50.060390472412116 45.554418563842781 4.1519999504089364 63.42186355590821 54.053018569946296 50.080711364746101 34.582567214965827 14.079446315765383
decision_type=2 2 2 2 2 2 2 2 2 2 2 2 2 2 2 2 2 2 2 2 2 2 2 2 2 2 2 2 2 2
left_child=1 2 24 11 5 7 8 19 -3 12 -11 28 -10 -13 -9 17 -17 -5 -16 20 -2 23 -23 -8 25 26 -1 -21 -4 -24
right_child=4 6 3 15 -6 -7 21 14 9 10 -12 13 -14 -15 18 16 -18 -19 -20 27 -22 22 29 -25 -26 -27 -28 -29 -30 -31
leaf_value=0.0022596214845496928 -0.0041103843224976535 -0.0017453215196133337 0.0047831892303201399 -0.017309055877976782 0.0082935026993337675 -0.035614250266739145 0.0013144803373853165 -0.033202628494834449 0.0099154058602957899 -0.013892564553710495 0.007738584866051933 -0.002106799664102352 0.02001819029824322 0.0065275940296887838 0.066235262844013307 0.015551893804378122 -0.0061423843935948658 0.0063894225234289188 0.016288206377971376 -0.008730272626115667 0.090177282403469061 -0.028909490293201941 -0.0062362641665184753 0.041314819956539496 0.014846523815370884 -0.00010908825601783277 0.0069369011204223376 0.0018548676175386889 0.031506073711446272 0.016872296576772861
leaf_weight=14587.611554309726 19.276710838079456 959.94357062876225 172.63243613392115 154.00845709443092 645.07729614526033 194.92098659276962 1032.5319909900427 19.581439934670925 2551.0131645277143 405.04849891364574 2513.1402493491769 33607.053781233728 1148.9012562260032 1067.2399028912187 33.731541156768799 1040.3809809237719 154.76522756367922 367.48353332281113 76.211086012423038 8742.6211653649807 12.347619548439978 173.87604259699583 524.19195438176394 46.108519360423088 343.36149732768536 7667.2426733151078 4143.2702974006534 495.69178701192141 119.49798806756735 112.09709917008877
leaf_count=88051 154 8377 1281 538 3681 1731 8343 66 12765 913 13620 216051 4715 5447 96 5102 1012 2515 490 59115 85 500 4529 158 1750 46812 26048 4529 665 966
internal_value=7.21687e-05 0.00108448 0.000342168 -0.00120713 -0.00713297 -0.0081715 0.0060565 -0.00759868 0.007977 0.0093883 0.00473077 -0.0016928 0.0130581 -0.0018407 0.0219826 0.00867765 0.0127345 -0.000611668 0.0320435 -0.00801462 0.0338047 -0.00164513 -0.0079152 0.00306021 0.00246768 0.00230596 0.00329486 -0.00816145 0.0157945 -0.00213809
internal_weight=83130.9 72891.4 63424.5 36683.1 10239.5 9594.38 9466.85 9399.46 7578.05 6618.1 2918.19 34966.4 3699.91 34674.3 129.524 1716.64 1195.15 521.492 109.943 9269.94 31.6243 1888.81 810.165 1078.64 26741.5 26398.1 18730.9 9238.31 292.13 636.289
internal_count=520105 450158 395272 232611 69947 66266 54886 64535 40390 32013 14533 223444 17480 221498 652 9167 6114 3053 586 63883 239 14496 5995 8501 162661 160911 114099 63644 1946 5495
is_linear=0
shrinkage=0.035


Tree=20
num_leaves=31
num_cat=0
split_feature=6 9 10 10 4 6 6 7 10 7 10 5 5 7 4 7 7 5 2 2 2 7 4 5 5 10 5 2 2 9
split_gain=424.784 184.943 171.646 143.938 139.999 120.817 120.066 92.33 76.136 136.632 80.5491 64.5371 71.6533 59.1777 56.3245 136.921 64.3324 47.6997 90.2377 99.2524 46.4829 76.2443 51.2741 39.0074 38.3707 37.5399 44.1171 35.4367 31.9398 31.8456
threshold=79.551410675048842 3.3246500492095952 7.0411381721496591 8.0838499069213885 59.670026779174812 99.693408966064467 20.348541259765629 75.460590362548842 1.0472377538681032 61.993902206420906 -6.2426600456237784 46.484361648559577 45.856775283813484 80.263469696044936 40.180032730102546 21.560606956481937 21.560606956481937 46.620765686035163 49.738378524780281 49.977699279785163 52.757917404174812 39.356723785400398 47.099637985229499 95.702529907226577 50.080970764160163 14.079446315765383 45.596515655517585 50.051361083984382 51.443305969238288 4.7590000629425058
decision_type=2 2 2 2 2 2 2 2 2 2 2 2 2 2 2 2 2 2 2 2 2 2 2 2 2 2 2 2 2 2
left_child=1 3 4 6 5 14 24 11 10 -10 -8 12 -6 29 15 -2 -16 18 -5 -20 21 22 -4 -19 -1 26 -23 -13 -24 -3
right_child=2 13 20 17 7 -7 8 -9 9 -11 -12 27 -14 -15 16 -17 -18 23 19 -21 -22 25 28 -25 -26 -27 -28 -29 -30 -31
leaf_value=0.0035122118907444091 -0.018522831044758603 0.0088037695112544254 -0.0016725887486185417 -0.013560347344186126 0.016875908230079131 -0.035007600147504772 0.0040773145691984864 -0.0087643132262904683 0.0041945933989273858 -0.0021546429551967112 -0.0021158231318195776 -0.040580575152559667 0.05506105683996753 -0.0019499381883612112 0.024663514302885988 0.011075707898759416 -0.0073109548226283792 -0.0036892914727503679 0.052352951866379588 0.01325405197968119 -0.0052013214776931421 0.012565747151461713 0.016647434733012167 0.018794445147873696 -0.0038880395391960791 0.025569315641341232 -0.0051221564927010554 0.0057353587832457463 0.081893524685770866 0.016895227953187698
leaf_weight=15533.786605857313 275.92614445090294 1880.9247842952609 19.11093769967556 142.23153264820576 262.92680897563696 184.33441355824471 2858.6241777539253 255.44947635382414 9674.1865420043468 7270.7450149133801 25598.400186225772 22.534640043973923 78.230295047163963 476.67074180394411 76.688921384513378 620.22296284139156 12871.420617923141 445.76657645404339 84.056575030088425 1339.2210554555058 261.99681074917316 422.95610596239567 13.220405682921408 119.06065944582224 906.97298333793879 133.47002397477627 290.33593039959669 151.45424681156874 36.479810200631618 879.77583169192076
leaf_count=92219 1867 9615 114 644 1237 1688 15944 1789 61972 45034 162385 64 152 4152 524 3333 88298 3633 232 6726 1515 2532 105 555 6395 887 1447 974 85 4012
internal_value=4.26408e-05 0.00126215 -0.00508689 0.00084895 -0.00611055 -0.00690876 0.000540635 0.00840369 -0.000387257 0.00146987 -0.00149335 0.0169309 0.0257609 0.00942284 -0.00653212 0.00194606 -0.00711952 0.00979235 0.0129372 0.0155962 0.00776746 0.0114875 0.0467321 0.00105759 0.00310337 0.00857372 0.00535865 -0.000381605 0.0652151 0.011389
internal_weight=83187.2 67210.4 15976.8 63973.1 14799.2 14028.6 61842.7 770.595 45402 16944.9 28457 515.146 341.157 3237.37 13844.3 896.149 12948.1 2130.34 1565.51 1423.28 1177.57 915.573 68.8112 564.827 16440.8 846.762 713.292 173.989 49.7002 2760.7
internal_count=520129 413518 106611 395739 99926 95710 383949 4216 285335 107006 178329 2427 1389 17779 94022 5200 88822 11790 7602 6958 6685 5170 304 4188 98614 4866 3979 1038 190 13627
is_linear=0
shrinkage=0.035


Tree=21
num_leaves=31
num_cat=0
split_feature=6 10 6 6 7 11 7 10 10 7 7 6 10 11 7 7 9 11 7 6 10 11 2 10 10 7 2 7 7 7
split_gain=408.325 212.33 229.182 113.149 110.831 126.65 199.262 120.369 84.9819 76.6898 76.0064 70.9753 68.3332 67.4909 66.3731 64.2018 60.4971 52.3187 47.2792 46.2583 45.2849 76.8305 52.9756 44.7161 43.5191 63.4188 58.4155 38.1162 58.2677 37.1247
threshold=91.679241180419936 1.4837111234664919 55.578407287597663 99.693408966064467 48.045326232910163 63.66365051269532 69.86682510375978 8.0838499069213885 -6.2426600456237784 70.733211517333999 71.315780639648452 11.133986473083498 -15.079775810241697 65.116851806640639 68.997974395751967 23.790318489074711 3.9356000423431401 13.683300018310549 73.581996917724624 34.289455413818366 -0.72974395751953114 39.130750656127937 50.953025817871101 6.8402321338653573 2.8394057750701909 47.849605560302741 52.554931640625007 28.807779312133793 36.108549118041999 28.417278289794925
decision_type=2 2 2 2 2 2 2 2 2 2 2 2 2 2 2 2 2 2 2 2 2 2 2 2 2 2 2 2 2 2
left_child=1 2 8 13 24 7 14 19 15 -8 -9 -10 27 23 -7 -1 -13 -17 -15 -6 22 -22 -14 -2 25 26 -3 -4 -29 -26
right_child=3 4 12 -5 5 6 9 10 11 -11 -12 16 20 18 -16 17 -18 -19 -20 -21 21 -23 -24 -25 29 -27 -28 28 -30 -31
leaf_value=-0.0024117424522575076 -0.0098990988739205525 -0.0016158850094254681 0.0047026451773969193 -0.035260267112083847 0.0017461544896501431 0.010455497429711748 -0.014659572496912372 0.014917180666196692 0.0039062166616230056 0.0020482666501489559 -0.0074286649985260298 -0.0005723295063220366 -0.002782598196723825 0.0097474234404367355 0.025061186290683757 0.034444163944841247 0.017133940250673906 0.0083607561060310524 -0.0086084076542218713 -0.0027161341130526578 0.0088307718197081584 -0.0030234207574744189 -0.0076138138231433223 0.0041708976415004073 0.017236161727661955 0.08029317691557282 0.0077884399878838939 0.12177675041759485 0.02640768336510739 0.0075860399880470003
leaf_weight=729.74472657591105 5030.0413024201989 1600.6726585179567 58.406040221452713 188.64029517024755 4397.2473451644182 2292.6573746949434 381.33629543334246 951.03089912980795 6034.7997063174844 2819.3193709254265 230.90855296701193 21708.920114561915 5266.6704400703311 425.12243480980396 458.41930383443832 97.80712902545929 238.16841576993465 2269.3844878524542 287.17020042985678 8056.6356098204851 751.4084295630455 6097.6899757385254 5906.4530484750867 291.66102652996778 551.94818551838398 12.310898333787916 1632.8671042919159 9.3865118101239187 38.930604070425034 4339.3553765267134
leaf_count=4233 35814 9714 447 1760 27192 11713 1557 4307 36559 19835 1851 136444 36765 2169 1830 343 1191 12209 2210 52568 4695 41700 31861 1624 3502 49 10259 22 277 25475
internal_value=1.23596e-05 0.000710002 -0.000670064 -0.00861068 0.00315964 0.00173272 0.00599228 -0.000126208 0.00115406 5.22893e-05 0.0105436 0.000544827 -0.00379749 -0.00777181 0.0128984 0.00665486 -0.000379246 0.00945269 0.00233586 -0.00114001 -0.00396364 -0.00172101 -0.00533751 -0.00912615 0.00659312 0.00344621 0.00313168 0.0240143 0.0467591 0.00867906
internal_weight=83155.1 76932.5 49207.8 6222.64 27724.7 19587.6 5951.73 13635.8 31078.8 3200.66 1181.94 27981.9 18128.9 6033.99 2751.08 3096.94 21947.1 2367.19 712.293 12453.9 18022.2 6849.1 11173.1 5321.7 8137.15 3245.85 3233.54 106.723 48.3171 4891.3
internal_count=520175 476598 306746 43577 169852 120853 34935 85918 190979 21392 6158 174194 115767 41817 13543 16785 137635 12552 4379 79760 115021 46395 68626 37438 48999 20022 19973 746 299 28977
is_linear=0
shrinkage=0.035


Tree=22
num_leaves=31
num_cat=0
split_feature=6 10 6 10 6 7 9 7 5 5 7 6 7 4 7 9 9 7 7 7 11 7 10 7 10 7 7 10 5 9
split_gain=379.188 193.894 158.614 118.725 106.324 101.058 158.536 108.444 86.4652 73.1869 68.2569 67.0196 59.1461 58.6125 57.4909 88.0132 54.964 85.999 82.8114 53.4614 51.4767 78.0923 70.3273 170.876 47.9791 40.1281 44.8908 36.9398 54.5471 53.1609
threshold=86.215801239013686 1.6308878064155581 55.578407287597663 5.6272141933441171 99.358459472656264 69.86682510375978 1.7788500189781191 48.045326232910163 45.449871063232429 46.028558731079109 69.26322174072267 11.133986473083498 36.589582443237312 59.670026779174812 38.938592910766609 0.075649999082088484 -3.0320500135421748 22.878716468811039 21.560606956481937 28.417278289794925 54.999750137329109 70.733211517333999 9.343633174896242 71.315780639648452 8.0838499069213885 75.742977142333999 59.565095901489265 -0.72974395751953114 46.681980133056648 2.0738500356674199
decision_type=2 2 2 2 2 2 2 2 2 2 2 2 2 2 2 2 2 2 2 2 2 2 2 2 2 2 2 2 2 2
left_child=1 2 11 4 13 6 7 19 10 -9 -8 -1 -10 14 15 -2 17 -13 -18 -3 22 24 -7 -24 -22 26 -15 28 -4 -29
right_child=3 5 27 -5 -6 20 8 9 12 -11 -12 16 -14 25 -16 -17 18 -19 -20 -21 21 -23 23 -25 -26 -27 -28 29 -30 -31
leaf_value=0.004050635215005381 -0.0052569111068007804 0.01528707240733374 -0.0064439916972601624 0.0039908930930028733 -0.025229333024800713 0.0039543602344716709 -0.0071486832321736755 0.0027893278186814758 -0.0010352320688421504 -0.0038763828263436444 0.054395697551397094 -0.0040992069999969604 0.014575916470931684 -0.01320916451254266 -0.0095966301532726447 0.017473101824345392 0.020636959371232139 0.011631308779281823 -0.00052359805428730307 0.0053435942866094412 -0.013764173105439762 0.00012716192666400905 0.086617752102793447 -0.011460202379129199 0.011563532825661178 -0.0091966214733069269 0.02159347982199963 -0.002117084842771491 -0.00081331376280997672 0.0099602264965813116
leaf_weight=6904.3782823756337 2755.3593500256538 749.38827929645777 6566.0046567544341 1220.3353049680591 401.38619501143694 685.82875167578459 401.52903597056866 6064.0206811800599 329.46705406904221 3022.6432662457228 22.544578887522221 664.25491534918547 2958.2751660943031 57.050613418221474 5400.1753187030554 224.88687036931515 228.01883418112993 1180.6050208285451 22791.101061470807 5750.6694886684418 845.77572356909513 4053.6728393062949 42.519096665084362 43.175302743911743 101.82862067222595 135.92718072235584 209.4929755628109 5722.2069977521896 3108.5355264917016 483.319061383605
leaf_count=41200 18855 4683 35096 7216 3444 4360 3397 38385 1482 17633 186 4374 13464 227 38818 1329 1182 5204 143436 34773 4065 28962 105 329 319 935 1038 38906 24109 2715
internal_value=-1.06773e-05 0.000883425 -0.000427408 -0.00625998 -0.00762303 0.00337489 0.00459024 0.00304124 0.0110908 0.000571089 -0.00376413 0.00100015 0.0130095 -0.00681538 -0.00744242 -0.00353515 0.000152683 0.00596431 -0.000312975 0.00649279 -0.000686864 -0.00198639 0.0077214 0.0374734 -0.0110276 0.00621263 0.014101 -0.0032836 -0.00463573 -0.00117415
internal_weight=83124.4 72719.8 47648.4 10404.6 9184.28 25071.3 19298.5 15586.7 3711.82 9086.66 424.074 31768.4 3287.74 8782.89 8380.42 2980.25 24864 1844.86 23019.1 6500.06 5772.8 5001.28 771.523 85.6944 947.604 402.471 266.544 15880.1 9674.54 6205.53
internal_count=520227 448365 296222 71862 64646 152143 114003 95474 18529 56018 3583 195396 14946 61202 59002 20184 154196 9578 144618 39456 38140 33346 4794 434 4384 2200 1265 100826 59205 41621
is_linear=0
shrinkage=0.035


Tree=23
num_leaves=31
num_cat=0
split_feature=6 11 10 6 6 10 9 9 7 10 7 9 10 2 7 2 7 9 7 7 2 2 7 11 2 7 9 2 2 2
split_gain=375.143 203.572 178.399 157.012 110.872 102.031 105.517 73.5739 67.0264 66.5795 63.4095 54.2186 53.5694 50.5229 78.9149 62.315 48.8932 60.14 46.4853 43.5578 41.163 123.3 68.9754 58.8157 41.9897 40.4205 83.5852 36.6978 35.4405 129.885
threshold=89.275268554687514 74.977397918701186 7.502749204635621 55.578407287597663 99.693408966064467 -0.6548396348953246 -1.0074500441551206 2.1640499830245976 80.263469696044936 -6.2426600456237784 75.742977142333999 -3.0320500135421748 7.502749204635621 52.73198318481446 60.380186080932624 53.062788009643562 38.938592910766609 -0.19534999877214429 24.84964752197266 73.705352783203139 50.664962768554695 50.434299468994148 62.821918487548835 82.75894927978517 51.176471710205085 70.530574798583999 0.84364998340606701 53.468648910522468 49.738378524780281 49.977699279785163
decision_type=2 2 2 2 2 2 2 2 2 2 2 2 2 2 2 2 2 2 2 2 2 2 2 2 2 2 2 2 2 2
left_child=1 2 3 9 7 19 -7 12 20 18 13 -11 16 14 -9 -15 17 -2 -1 -5 21 22 -3 -23 -22 -14 -27 -18 -4 -30
right_child=4 8 28 5 -6 6 -8 10 -10 11 -12 -13 25 15 -16 -17 27 -19 -20 -21 24 23 -24 -25 -26 26 -28 -29 29 -31
leaf_value=-0.00086425720697677166 -0.0065308700166616801 -0.0097971523447889456 -0.0017286579824896725 -0.0044315551079873363 -0.034188723955077154 0.0068020132909400255 -0.0015794956806795615 -0.020716717145100288 -0.0021444572279905203 0.0075289423997641864 -0.012356017024154982 0.00061747299209899225 0.00053716790781269596 0.087445515797826945 0.011214658985946386 -0.0032439259782232445 -0.011203119039818285 0.010985876288080731 0.0089070711665423519 -0.016653063429416255 -0.012152620784523569 0.02054234134608347 0.013582997891932879 0.053281809169077932 0.008874223038458676 0.095896968017607012 0.0028475817430142964 0.017702315944448078 0.045951544662193103 0.0082721927218725958
leaf_weight=816.81885668635368 2109.3063446432352 174.38443027436733 363.41775034368038 10159.455050989985 182.29271417856216 2156.0891900807619 12519.283849984407 113.73834180086851 504.92403489351273 1441.0472646281123 256.96391173452139 39184.874219745398 251.81449846923351 20.218278855085373 547.91310496628284 16.263963513076305 4137.2237638607621 269.93258295208216 2195.5712132975459 370.07734357565641 138.69915752857924 142.19833756238222 1305.4220956414938 131.34124793112278 695.73443063348532 17.054440006613731 35.665011905133724 53.642097406089306 116.40795215964317 2637.3585963472724
leaf_count=4602 14630 830 1780 62509 1757 13727 82507 524 4384 7623 1969 244496 1330 56 3151 83 30199 1739 11623 2603 614 477 6882 370 3319 50 253 314 321 15176
internal_value=-5.43627e-05 0.00071408 0.000336038 -3.47295e-05 -0.00725301 -0.00223415 -0.000347313 -0.00662157 0.00950565 0.00123548 0.00247353 0.000862946 -0.00788632 0.00794978 0.00569668 0.0476259 -0.00855204 -0.00453757 0.0062557 -0.004863 0.0117815 0.0148285 0.0108193 0.0363974 0.00536248 0.00643794 0.0340628 -0.0108282 0.00852462 0.00988041
internal_weight=83065.1 75053.1 71960.4 68843.2 8012.03 25204.9 14675.4 7829.74 3092.7 43638.3 955.098 40625.9 6874.64 698.134 661.651 36.4822 6570.1 2379.24 3012.39 10529.5 2587.78 1753.35 1479.81 273.54 834.434 304.534 52.7195 4190.87 3117.18 2753.77
internal_count=519898 463843 446967 429690 56055 161346 96234 54298 16876 268344 5783 252119 48515 3814 3675 139 46882 16369 16225 65112 12492 8559 7712 847 3933 1633 303 30513 17277 15497
is_linear=0
shrinkage=0.035


Tree=24
num_leaves=31
num_cat=0
split_feature=6 10 6 6 7 5 5 5 5 10 11 9 9 7 9 7 7 11 7 10 9 2 2 10 7 2 7 7 7 2
split_gain=357.764 169.986 132.023 121.94 109.425 117.528 239.107 98.3047 106.129 95.2223 94.3997 79.4464 66.1348 150.765 128.416 85.3503 80.9892 91.9643 85.7556 65.3024 64.8411 51.3063 105.289 42.002 58.6849 40.0919 37.6011 36.6448 73.5229 36.1287
threshold=86.215801239013686 1.4837111234664919 19.544479370117191 99.693408966064467 34.66917800903321 46.023597717285163 46.117029190063484 45.656616210937507 45.692289352416999 4.6909906864166269 68.734096527099624 5.2697000503540048 -3.0320500135421748 21.560606956481937 -4.7622499465942374 21.006519317626957 21.560606956481937 43.081550598144538 24.405713081359867 6.6462218761444101 3.4526499509811406 53.537023544311531 53.468648910522468 -15.079775810241697 35.319665908813484 53.471158981323249 38.938592910766609 59.565095901489265 69.762519836425795 49.463737487792976
decision_type=2 2 2 2 2 2 2 2 2 2 2 2 2 2 2 2 2 2 2 2 2 2 2 2 2 2 2 2 2 2
left_child=1 2 29 9 21 7 10 19 -9 20 -7 -8 13 15 -15 -4 17 -14 -18 -6 23 22 -3 24 -2 -24 -25 -22 -29 -1
right_child=3 4 12 -5 5 6 11 8 -10 -11 -12 -13 16 14 -16 -17 18 -19 -20 -21 27 -23 25 26 -26 -27 -28 28 -30 -31
leaf_value=0.0082163911394866826 -0.0093474461429616951 0.01018946476188998 -0.0020429682366927236 -0.034943699403681368 0.0022485384509450777 -0.018808528724155848 0.0011595615589380438 0.03060068375271675 0.0066971542390648706 0.0021702559628732259 0.0033683676221846395 0.028293175771063436 0.005278260111167477 0.029692396898283128 0.0052404385802361144 -0.027858230486434855 -0.012144853455860451 0.050685536184048439 -0.0017643475581003119 0.0082440873698260437 -0.023423477429207463 0.0041253627422922915 0.055763964408902876 -0.0045818987062242267 0.080531996760639823 0.024593348838221146 -0.0095164371666643516 0.053969417631876487 0.0046227168171978639 0.0021123747063907989
leaf_weight=1342.7053364142776 19.673896007239819 1332.7245407253504 669.65782494097948 175.80323825404048 11380.551230639219 1112.2357600331306 6735.7787954732776 340.27163568139076 688.68141605705023 1622.5113946050406 297.17802864313126 134.07146103680134 230.82850805670023 319.70669341832399 1479.1426613330841 204.438571177423 1006.1210113018751 71.065821744501591 30962.15093640238 2767.949048012495 31.68769421428442 1131.1232766956091 81.44646692276001 2954.7783491685987 15.058944143354891 141.63700792193413 5304.2193686440587 48.143493317067623 153.74387427419424 10343.073452822864
leaf_count=6704 152 8844 4443 1748 72137 2672 43859 1066 3909 9886 666 743 1306 1355 7171 1093 5316 289 199180 16660 104 7065 197 20265 93 765 38571 156 964 62767
internal_value=-3.78719e-06 0.000861206 -0.000405287 -0.00610033 0.00312029 0.00235333 -0.00100029 0.00418314 0.0146264 -0.00559733 -0.0141283 0.00169335 -0.00148241 0.00380659 0.0096014 -0.00810874 -0.0019208 0.016096 -0.00209156 0.00342238 -0.00707618 0.00981046 0.013935 -0.00758913 0.0303599 0.0361634 -0.0077525 0.0110715 0.0165914 0.00281484
internal_weight=83098.2 72772.5 46628.9 10325.6 26143.6 23456.7 8279.26 15177.5 1028.95 10149.8 1409.41 6869.85 34943.1 2672.95 1798.85 874.096 32270.2 301.894 31968.3 14148.5 8527.31 2686.93 1555.81 8293.73 34.7328 223.083 8259 233.575 201.887 11685.8
internal_count=520146 448207 289624 71939 158583 141712 47940 93772 4975 70191 3338 44602 220153 14062 8526 5536 206091 1595 204496 88797 60305 16871 9806 59081 245 962 58836 1224 1120 69471
is_linear=0
shrinkage=0.035


Tree=25
num_leaves=31
num_cat=0
split_feature=6 10 4 10 10 4 11 6 2 6 5 5 5 10 6 5 0 5 4 2 2 2 2 9 9 5 2 2 2 5
split_gain=327.181 159.363 115.713 110.63 105.368 92.3508 85.4747 84.6552 67.8242 64.9693 62.4419 179.636 126.317 61.1869 55.5686 54.5835 53.6223 55.738 51.3839 45.553 54.5594 45.5311 44.8491 43.1328 42.5343 96.405 42.2884 42.2109 40.5817 39.8717
threshold=77.198532104492202 0.4901107400655747 56.687097549438484 4.7782890796661386 8.0838499069213885 45.778842926025398 74.977397918701186 13.498980045318605 52.757917404174812 93.973690032958999 46.023597717285163 46.036748886108406 45.449871063232429 -15.079775810241697 99.693408966064467 45.558958053588874 20.800000190734867 91.718109130859389 61.659725189208991 49.666902542114265 49.95216369628907 49.95216369628907 52.873287200927741 -0.31994999945163721 -3.1450001001358028 46.036748886108406 50.078802108764656 50.079681396484382 51.443305969238288 50.051519393920906
decision_type=2 2 2 2 2 2 2 2 2 2 2 2 2 2 2 2 2 2 2 2 2 2 2 2 2 2 2 2 2 2
left_child=3 13 4 6 5 15 7 -1 21 -7 12 18 -5 28 24 -3 17 -9 -12 -4 -21 -6 -10 26 25 -15 -13 -22 -2 -26
right_child=1 2 19 10 8 9 -8 16 22 -11 11 23 -14 14 -16 -17 -18 -19 -20 20 27 -23 -24 -25 29 -27 -28 -29 -30 -31
leaf_value=0.0032031265555139345 0.043280729365113207 -0.0091303315504574645 -0.0013900042236070853 -0.001193480783044944 -0.010514903658012026 -0.0033255546242823637 0.0093999516085980245 -0.00026810518186052516 -0.032519272614829876 -0.011616763177720426 -0.022577586918194063 0.028541081306592705 0.010822627183589166 0.018827238503573117 -0.034901864742494688 0.013582830455198121 0.0052201983198328838 -0.0058733320215071175 0.0075544752255162035 0.036000414741630578 -0.0042267436801432514 0.025163523051937375 0.0059428556249831455 0.0024896960004070021 -0.0096388894721964116 -0.0088086989310519181 0.0070480377527366847 0.012257152556761373 -0.020228379970169824 -0.0038366235970823869
leaf_weight=10363.200582005084 46.181738302111626 171.40035415440798 531.55819782614708 1521.1574983298779 49.984872706234455 4325.513871461153 1307.5879996195436 40973.959432326257 53.862592622637749 1582.7221733219922 436.40057745575905 160.49102306365967 3616.9244770258665 237.28630147874355 91.294495411217213 521.33335170894861 2054.528580263257 2294.4155898094177 81.599310338497162 96.884527742862701 242.09946215897799 320.41388805955648 114.67103444039822 2267.774050116539 6083.4562236219645 440.18925607204437 375.13230832666159 873.21755219250917 15.997751317918299 1912.9696033522487
leaf_count=61839 368 1121 3089 13189 212 29916 6724 260145 142 12188 1079 914 17047 1133 918 3543 10842 13597 186 397 2133 1712 809 13556 35756 2610 2280 4642 82 18238
internal_value=-3.01147e-05 -0.00425032 -0.000939785 0.00111177 -0.00291463 -0.00413071 0.000557231 0.000349334 0.0119513 -0.00554909 0.00484659 0.00110367 0.0072642 -0.00758079 -0.00782777 0.00794886 -0.000303084 -0.000565601 -0.0178131 0.00713991 0.0108846 0.0203176 -0.00640369 0.00460562 -0.00753881 0.000871277 0.0135341 0.00867229 0.0267803 -0.00825222
internal_weight=83164.2 17711 8883.66 65453.2 7139.9 6600.97 56993.7 55686.1 538.932 5908.24 8459.48 3321.4 5138.08 8827.38 8765.2 692.734 45322.9 43268.4 518 1743.76 1212.2 370.399 168.534 2803.4 8673.9 677.476 535.623 1115.32 62.1795 7996.43
internal_count=520407 119009 59904 401398 49643 46768 353147 346423 2875 42104 48251 18015 30236 59105 58655 4664 284584 273742 1265 10261 7172 1924 951 16750 57737 3743 3194 6775 450 53994
is_linear=0
shrinkage=0.035


Tree=26
num_leaves=31
num_cat=0
split_feature=6 6 9 4 6 0 5 5 5 2 2 6 5 5 5 4 5 9 5 9 5 2 9 5 5 4 5 2 4 1
split_gain=324.19 132.659 129.21 116.025 81.4788 88.6336 53.3695 51.9693 91.2451 59.194 53.5207 43.8571 36.4255 41.5034 60.6099 53.6006 38.3646 33.9699 101.591 32.5006 31.5881 220.122 49.3297 29.539 29.2756 35.539 28.8796 28.5973 28.0684 28.064
threshold=79.551410675048842 99.693408966064467 3.3246500492095952 56.687097549438484 28.326513290405277 28.000000000000004 50.080970764160163 45.668912887573249 45.558958053588874 50.079681396484382 52.73198318481446 93.214572906494155 45.409994125366218 46.369321823120124 46.284826278686531 64.45630264282228 47.163959503173835 -4.3752000331878653 46.036748886108406 1.5200499892234804 46.181444168090827 50.025510787963874 -2.8313499689102168 46.117029190063484 50.069395065307624 39.342920303344734 45.558958053588874 52.199489593505866 49.095163345336921 63.166738510131843
decision_type=2 2 2 2 2 2 2 2 2 2 2 2 2 2 2 2 2 2 2 2 2 2 2 2 2 2 2 2 2 2
left_child=2 3 4 11 6 17 20 8 27 23 -10 -2 -4 14 26 -16 -15 18 -6 -19 22 -22 -1 -9 25 -13 -14 -5 -8 -18
right_child=1 -3 12 7 5 -7 28 9 10 -11 -12 24 13 16 15 -17 29 19 -20 -21 21 -23 -24 -25 -26 -27 -28 -29 -30 -31
leaf_value=0.010550515498229553 -0.0041392514141003547 -0.035479355422452924 -0.0019276992075350262 0.0061709623127252705 0.024864594063445287 0.0084337940231031285 0.00034938209069139002 -0.0013033505359319423 0.023442178026582064 0.0061231087248945961 0.078064746986820796 0.0070935343106384189 0.0078263033591965524 -0.02808533141641744 0.010939438361390243 0.080558910822987898 0.00096593970345975222 -0.0012383530751575191 -0.0012035312889825984 0.001585143883963648 0.04197897027409183 0.0036650620244365563 0.0015360106488166926 -0.019843780023277722 -0.0014108345220332748 -0.010416559492203542 0.016832298814606551 -0.014564041166797076 -0.0091842882877146963 0.017439914504490367
leaf_weight=779.20315334200859 9250.4036630764604 168.1488592736423 416.11463111639023 1005.5497036650777 252.61825136840343 1362.852678976953 808.48268527537584 179.34282994270325 116.95715268701315 419.54621124267578 26.927576117217541 147.152168802917 1335.6432013064623 46.538019135594368 26.238932520151138 28.479332685470581 618.37385725975037 32348.82878228277 658.4665637165308 5903.0882372409105 189.98343317955732 4985.688450679183 16122.495549879968 257.42290246486664 616.58724266290665 3406.260006710887 653.36266662925482 87.729932025074959 707.84404891729355 158.89913122355938
leaf_count=3584 62086 1747 3552 6336 1129 6676 5444 435 523 2397 75 782 6711 123 50 48 4804 207017 4047 35596 453 37297 89698 2009 6411 23135 1803 636 4933 715
internal_value=-9.32303e-05 -0.00462575 0.000961245 -0.00428908 0.000614294 -0.000337538 0.00224947 0.00337145 0.00795889 -0.00324938 0.0340881 -0.00548471 0.0077322 0.00913655 0.0118101 0.0479392 0.00249053 -0.000643121 0.00603222 -0.00080242 0.00268594 0.00507907 0.00195249 -0.0122631 -0.00846633 -0.00968804 0.0107938 0.00449126 -0.00409896 0.00435721
internal_weight=83085.2 15682 67403.2 15513.9 64119.6 40525.9 23593.7 2093.48 1237.16 856.312 143.885 13420.4 3283.65 2867.54 2043.72 54.7183 823.811 39163 911.085 38251.9 22077.4 5175.67 16901.7 436.766 4170 3553.41 1989.01 1093.28 1516.33 777.273
internal_count=520252 106572 413680 104825 395874 254465 141409 12411 7570 4841 598 92414 17806 14254 8612 98 5642 247789 5176 242613 131032 37750 93282 2444 30328 23917 8514 6972 10377 5519
is_linear=0
shrinkage=0.035


Tree=27
num_leaves=31
num_cat=0
split_feature=6 10 6 10 4 4 7 6 5 7 7 5 5 5 7 4 7 10 10 4 6 4 7 2 7 4 10 5 10 5
split_gain=282.929 179.574 142.065 115.179 104.854 112.5 100.086 88.4548 84.1295 79.1856 76.0123 75.0427 70.7439 89.0495 68.559 64.2657 55.439 79.3264 51.4002 52.3588 64.9944 49.6752 43.6179 42.9562 42.7576 40.4912 35.1439 34.2197 32.3883 30.3293
threshold=92.432552337646499 5.504620075225831 51.971612930297859 0.07230719551444055 58.129676818847663 47.23036193847657 73.50925445556642 99.693408966064467 46.681980133056648 69.762519836425795 73.705352783203139 46.057298660278327 45.449871063232429 45.737030029296882 61.121740341186531 49.14776802062989 72.813034057617202 8.0838499069213885 -5.5668718814849845 54.807687759399421 20.348541259765629 56.839122772216804 73.581996917724624 53.321411132812507 64.290679931640639 49.095163345336921 5.7537951469421396 50.069540023803718 -15.079775810241697 45.558958053588874
decision_type=2 2 2 2 2 2 2 2 2 2 2 2 2 2 2 2 2 2 2 2 2 2 2 2 2 2 2 2 2 2
left_child=1 2 18 8 5 -5 12 21 11 -6 -8 -4 16 14 -14 -15 25 -18 23 20 -20 26 -23 27 -21 -3 29 -1 -10 -2
right_child=7 6 3 4 9 -7 10 -9 28 -11 -12 -13 13 15 -16 -17 17 -19 19 24 -22 22 -24 -25 -26 -27 -28 -29 -30 -31
leaf_value=0.0098461791471138108 -0.012232562470901109 0.010958332099377995 -0.0044927850875869819 0.0061255233420594761 0.017787242388621016 -0.0022013119952401954 -0.02871247399932917 -0.032623652967039528 0.022510284601861611 0.001408860845931652 -0.00048116750956133465 -0.013374834992449035 0.0080579483312082263 0.013103692878546191 0.018800973637937472 0.0013448144514488427 -0.010525245189889378 0.067674621986741262 0.0023873405860304025 0.0084898141474674827 -0.0008938428705901006 0.0095217464231825786 -0.0090634911949635313 -0.0010985302427860104 0.0020155442393198766 -0.0071541880262792181 0.0020359231854726848 0.0014094131674954671 -0.00040023622147633233 -0.0062961120424691579
leaf_weight=2046.6568204388022 1913.1423185914755 188.3811035528779 9229.6818423196673 2493.4611838459969 709.80556983500719 9781.5883202403784 128.60377107560635 166.72693766653538 76.012015745043755 738.64217186719179 1208.7794174477458 1334.5239816829562 1583.5353741943836 769.61267951875925 1354.4874170422554 2189.0842544436455 29.867550887167454 32.397267512977123 12446.014879465103 1831.5898708477616 18217.173900447786 396.79984351247549 252.18617480248213 968.81110510230064 3944.6778133064508 749.24962501972914 387.74142450094223 830.01849260926247 4740.4406489878893 2373.0914636403322
leaf_count=9209 14781 1612 53094 16019 3438 66802 455 1783 645 4429 9852 5535 7424 4333 5633 10305 255 232 75722 9957 116967 1970 1963 4895 23001 6496 2276 6493 38005 16898
internal_value=0.000111018 0.000654196 7.41656e-05 -0.0017889 0.000541598 -0.000509002 0.00554086 -0.0075671 -0.00386868 0.00944523 -0.00321668 -0.0056164 0.00724031 0.00870001 0.0130169 0.0044086 -0.00136111 0.0303946 0.00142033 0.0010139 0.00043777 -0.00677618 0.00228676 0.00526883 0.00407057 -0.00350147 -0.00803625 0.00741539 -3.35369e-05 -0.00894924
internal_weight=83112.8 77623.1 69389.1 29104.2 13723.5 12275 8234 5489.69 15380.7 1448.45 1337.38 10564.2 6896.62 5896.72 2938.02 2958.7 999.896 62.2648 40284.9 36439.5 30663.2 5322.96 648.986 3845.49 5776.27 937.631 4673.98 2876.68 4816.45 4286.23
internal_count=520479 480808 434211 187967 90688 82821 46597 39671 97279 7867 10307 58629 36290 27695 13057 14638 8595 487 246244 225647 192689 37888 3933 20597 32958 8108 33955 15702 38650 31679
is_linear=0
shrinkage=0.035


Tree=28
num_leaves=31
num_cat=0
split_feature=6 11 6 6 0 4 7 7 5 5 7 7 2 7 7 11 7 5 5 6 11 11 11 5 6 7 2 2 11 7
split_gain=280.73 125.317 103.261 99.1747 73.1805 70.3006 67.481 51.1083 48.8503 56.536 48.4524 53.8877 69.6389 53.1692 48.213 44.21 134.503 59.5624 42.2219 41.2568 39.8482 39.0046 34.4902 31.7001 31.3477 30.6895 45.1437 40.8775 29.6217 95.7553
threshold=85.05926895141603 68.24444961547853 35.110204696655281 99.693408966064467 28.000000000000004 56.545227050781257 73.581996917724624 73.829555511474624 45.668912887573249 45.419452667236335 63.42186355590821 54.376531600952156 49.463737487792976 63.478757858276374 48.710355758666999 24.956450462341312 21.560606956481937 47.320657730102546 45.419452667236335 94.375640869140639 71.643299102783217 47.500650405883796 61.199649810791023 50.078678131103523 18.322186470031742 73.50925445556642 49.738378524780281 49.204040527343757 26.163600921630863 22.878716468811039
decision_type=2 2 2 2 2 2 2 2 2 2 2 2 2 2 2 2 2 2 2 2 2 2 2 2 2 2 2 2 2 2
left_child=1 2 10 5 28 15 8 18 9 -7 11 14 -13 22 -1 16 -2 -18 24 -17 -10 -15 -12 -21 -3 27 -27 -20 29 -4
right_child=3 7 4 -5 -6 6 -8 -9 20 -11 13 12 -14 21 -16 19 17 -19 25 23 -22 -23 -24 -25 -26 26 -28 -29 -30 -31
leaf_value=0.0026956218429929355 -0.014767322644251407 0.01828331523813756 -0.0055481429702559822 -0.032721502514697083 0.0072223654092477465 -0.026342880022690307 -0.0079939666034120459 0.0012017695316691632 -0.011342985416102482 0.016950177017608696 -0.027453503131427665 0.025173482968310356 0.0052992760316821538 0.007403806653141322 -0.0029431663490316956 -0.0046527170145666359 0.035191207829013048 -0.016793843523883474 -0.00071656250540525878 -0.010968423175268376 0.010537099029441589 -0.00077190426442865184 0.019682430615310418 -0.00085045654692607298 -0.019594136942734746 0.033166909837388119 0.00046717848515005935 0.009497657908305852 -0.0013691661662223172 0.011203652350217223
leaf_weight=13626.406031556427 194.55313275009394 34.355893418192863 782.08585061132908 157.34845904633403 1324.4338395521045 38.806313648819923 521.54329558461905 2112.4428951591253 230.40300005674362 545.73620893061161 131.49511794000864 227.82004160434008 4008.1146347746253 794.0121812671423 2148.8408163785934 5834.1427702009678 159.37078736722469 31.774376146495342 569.54136715829372 2787.7828611060977 181.46650213748217 7101.314375475049 21.441258452832699 440.96642219275236 110.63689029961824 141.49763153493404 81.972804106771946 3005.1613745316863 34784.110142663121 895.4179353043437
leaf_count=80364 1390 237 5370 1749 6531 310 4078 14803 1239 2868 476 949 25908 4317 13457 40817 761 213 2331 19367 601 44005 77 4640 844 519 625 13718 223807 3863
internal_value=-1.90585e-05 0.000781387 0.000338124 -0.00519318 -0.000856135 -0.00479521 0.00219191 0.00559936 0.00753257 0.014032 0.00194659 0.00286896 0.00637437 -0.000345968 0.00192697 -0.00591855 0.0056681 0.0264792 0.00795276 -0.00641288 -0.00168409 5.00857e-05 -0.0207316 -0.00958928 -0.01052 0.00866185 0.0212478 0.00786852 -0.00114992 0.00339054
internal_weight=83025 71901.1 65845.5 11123.9 37786 10966.5 1517.96 6055.61 996.412 584.543 28059.4 20011.2 4235.93 8048.26 15775.2 9448.59 385.698 191.145 3943.17 9062.89 411.87 7895.33 152.936 3228.75 144.993 3798.17 223.47 3574.7 36461.6 1677.5
internal_count=520234 442201 409124 78033 239571 76284 9096 33077 5018 3178 169553 120678 26857 48875 93821 67188 2364 974 18274 64824 1840 48322 553 24007 1081 17193 1144 16049 233040 9233
is_linear=0
shrinkage=0.035


Tree=29
num_leaves=31
num_cat=0
split_feature=6 10 6 7 9 7 9 6 7 4 9 7 7 7 5 4 9 5 10 4 10 7 5 2 7 9 5 7 7 10
split_gain=289.645 150.48 121.664 103.862 138.853 100.028 93.7845 84.1384 81.0708 64.83 63.1654 80.4571 71.9 84.9251 63.1131 62.2079 54.1017 49.3602 46.9909 46.0362 100.868 205.06 72.9644 65.356 44.3299 38.932 37.5076 36.1979 44.2527 34.1721
threshold=91.679241180419936 1.4837111234664919 55.578407287597663 69.86682510375978 2.0738500356674199 69.762519836425795 -0.53145000338554371 99.693408966064467 68.997974395751967 61.183130264282234 -3.0320500135421748 22.878716468811039 21.560606956481937 21.006519317626957 45.449871063232429 56.839122772216804 2.1182500123977666 50.069108963012702 -15.079775810241697 51.778331756591804 8.0838499069213885 70.669719696044936 45.526990890502937 49.977699279785163 73.581996917724624 -4.7622499465942374 45.498958587646491 28.807779312133793 36.108549118041999 -0.72974395751953114
decision_type=2 2 2 2 2 2 2 2 2 2 2 2 2 2 2 2 2 2 2 2 2 2 2 2 2 2 2 2 2 2
left_child=1 2 10 4 5 6 -3 15 14 -10 11 -1 13 -12 -6 26 -14 -7 27 20 -5 -22 -21 -24 -17 -13 -2 -4 -29 -20
right_child=7 3 18 19 8 17 -8 -9 9 -11 12 25 16 -15 -16 24 -18 -19 29 22 21 -23 23 -25 -26 -27 -28 28 -30 -31
leaf_value=-0.0026191124790089435 -0.012676096629855513 0.0066122556104964581 0.00090043825402065286 0.00094437186815954333 -0.0064727802370584632 0.10244735593680381 0.00089529105608813499 -0.032958953244045637 0.012469943903590731 0.039872128130295115 -0.00035111082257329411 0.023048490265803131 -0.00043503130140162317 0.036774873101317877 0.010006309207534519 0.0099297269867175842 0.0054998806607114781 0.0099116790065068936 -0.0043612590541088252 0.0012892474575960336 0.084997569039192603 -0.0052276956647982252 -0.012776573094821145 -0.0017439901513557354 -0.0080855638437158754 0.0083398946156309026 -0.0061848920380151648 0.10000102731579526 0.022426985388134424 -0.001196916108949836
leaf_weight=820.52887822687626 1583.698780067265 4740.3448389470577 59.545243114233017 613.46884477138519 319.92606765031815 17.427469164133075 13609.25459060818 154.73595302924514 245.9110072851181 187.68655411154032 159.52105756103992 269.8733352124691 26596.997302301228 141.80925933271646 2516.1668172255158 428.58624845743179 2023.9913002476096 12.125255450606344 10975.463553592563 2926.1774467229843 55.42955869436264 67.894937105476856 1197.9029406458139 1462.0206336006522 273.06999663263559 1221.6650727391243 3537.8949204534292 11.311224631965159 39.69138989597559 6765.2877507135272
leaf_count=5405 12408 29029 452 3898 2651 44 83727 1767 1066 587 893 1040 166664 632 11025 2132 10876 96 68526 21619 122 484 3565 12126 2168 5488 25140 24 270 46146
internal_value=-0.000115936 0.000459767 -0.000707692 0.00250867 0.00366133 0.0024783 0.00237279 -0.0075371 0.0103068 0.0243989 0.000609443 0.00617532 0.000164103 0.0171487 0.00814361 -0.00685595 -1.49454e-05 0.0659732 -0.0030126 -0.00143674 0.00677929 0.0355551 -0.00252248 -0.00671752 0.00290736 0.0110168 -0.00819513 0.0196463 0.0410449 -0.00315507
internal_weight=83035.4 77057.4 49085.7 27971.7 21648.8 18379.2 18349.6 5977.99 3269.69 433.598 31234.4 2312.07 28922.3 301.33 2836.09 5823.25 28621 29.5527 17851.3 6322.89 736.793 123.324 5586.1 2659.92 701.656 1491.54 5121.59 110.548 51.0026 17740.8
internal_count=520070 476455 306416 170039 128225 112896 112756 43615 15329 1653 190998 11933 179065 1525 13676 41848 177540 140 115418 41814 4504 606 37310 15691 4300 6528 37548 746 294 114672
is_linear=0
shrinkage=0.035


Tree=30
num_leaves=31
num_cat=0
split_feature=6 10 10 6 6 9 7 11 7 5 7 7 5 2 10 11 7 9 5 10 10 2 7 5 10 2 11 7 10 7
split_gain=236.978 116.337 103.016 94.5569 88.9405 80.0754 79.3499 68.7937 62.2876 87.8176 56.5753 101.298 87.3645 89.9915 64.2976 72.4885 63.3239 55.3488 49.7102 48.8282 47.6181 46.7871 44.7745 42.0217 41.4307 45.1144 40.0024 57.7484 102.674 44.6872
threshold=79.551410675048842 3.9650403261184697 1.4837111234664919 99.358459472656264 13.894002437591555 3.1096500158309941 69.86682510375978 61.795349121093757 61.993902206420906 45.656616210937507 54.053018569946296 61.289329528808601 45.554418563842781 50.079301834106452 8.0838499069213885 57.560350418090827 48.710355758666999 -0.33615000545978541 45.449871063232429 -3.3652718067169185 -12.683357715606688 54.594764709472663 28.417278289794925 45.711332321166999 -15.079775810241697 50.079050064086921 53.991750717163093 71.191276550292983 8.4382386207580584 70.733211517333999
decision_type=2 2 2 2 2 2 2 2 2 2 2 2 2 2 2 2 2 2 2 2 2 2 2 2 2 2 2 2 2 2
left_child=2 3 4 5 -1 24 7 8 22 -10 12 -12 16 -14 23 -16 -3 -18 -9 -7 -6 -15 -4 -13 25 -2 27 28 -8 -28
right_child=1 10 6 -5 20 19 26 18 9 -11 11 14 13 21 15 -17 17 -19 -20 -21 -22 -23 -24 -25 -26 -27 29 -29 -30 -31
leaf_value=0.0030144508399882887 0.088618648632773842 -0.018183583030509917 0.012230439920079857 -0.02403406752856797 0.010552617769662858 -0.010620918182768819 0.010548148934019419 -0.0032329078801805432 0.0028428526052112434 -0.0079289395102003675 -0.016850234516749111 0.0028687016357261444 -0.012863995618536871 0.024291717982599527 0.044031153999645557 0.0073313930347404565 0.048850286882101454 -0.0016160514921536946 0.0093394739099054696 0.016484012383801185 -0.001130402354440977 -0.016692884919614723 0.0034111009482026477 -0.010833182320237755 -0.005684909779577473 0.0086896419732343314 -0.0090645790367008382 -0.0022371996067737173 0.072204851690231719 -0.00049877591854411319
leaf_weight=8462.9464540928602 10.081124693155287 200.00511234253645 758.24806109070778 327.55542527511716 431.83768951147795 107.41590015590191 232.4555159881711 433.23674780875444 2544.9213923439384 1457.0943610817194 407.4131054058671 807.28940329700708 109.50629460066557 531.5419790558517 77.722639188170433 419.74647760391235 37.060334667563438 88.690414410084486 3396.7469031587243 326.614163659513 34430.070144489408 35.706817030906677 10114.078918710351 413.92724176868796 11605.804745294154 44.624054275453091 921.37343353033066 338.60167165100574 37.958045475184917 3918.7362606301904
leaf_count=49874 23 1493 4607 3216 2689 696 1364 3658 14884 8267 2305 5317 907 2650 361 2641 307 732 15163 1677 215479 227 62921 2426 81422 358 4332 2286 84 27808
internal_value=-8.0375e-05 -0.00397539 0.000817184 -0.00549473 -0.000203753 -0.0049905 0.00264871 0.00373154 0.00265348 -0.0010781 0.00205474 -0.00117472 0.00890614 0.0160712 0.00254319 0.0131408 -0.00596066 0.0134165 0.00791512 0.00975265 -0.000985244 0.0216796 0.00402767 -0.00177383 -0.0055405 0.0246101 -0.00106689 0.00737867 0.0194162 -0.00213205
internal_weight=83029 15550.7 67478.3 12422.1 43324.9 12094.5 24153.5 18704.3 14874.3 4002.02 3128.61 2126.1 1002.51 676.755 1718.69 497.469 325.756 125.751 3829.98 434.03 34861.9 567.249 10872.3 1221.22 11660.5 54.7052 5449.12 609.015 270.414 4840.11
internal_count=520174 106758 413416 87392 268042 84176 145374 109500 90679 23151 19366 13050 6316 3784 10745 3002 2532 1039 18821 2373 218168 2877 67528 7743 81803 381 35874 3734 1448 32140
is_linear=0
shrinkage=0.035


Tree=31
num_leaves=31
num_cat=0
split_feature=6 10 11 11 7 11 5 5 5 5 6 5 10 11 7 11 7 5 5 5 2 6 7 7 10 2 2 7 7 7
split_gain=235.975 134.145 117.998 130.248 99.7923 80.0269 76.5856 69.369 79.9871 66.3505 65.1103 64.9094 60.7441 58.655 142.371 111 75.9319 75.6224 77.6578 213.528 129.04 54.7677 53.6883 50.8843 49.9741 48.2018 45.6053 45.154 42.9835 51.9993
threshold=66.632598876953139 0.4901107400655747 62.216749191284187 46.130750656127937 69.86682510375978 78.74444961547853 45.428865432739265 45.558958053588874 46.859218597412116 45.452220916748054 93.589080810546889 45.452220916748054 8.8588023185729998 29.57714939117432 21.560606956481937 19.779600143432621 43.682548522949226 50.051519393920906 46.057298660278327 46.023597717285163 53.672307968139656 28.326513290405277 35.846035003662116 21.006519317626957 2.5888655185699467 47.475122451782234 52.04185867309571 60.380186080932624 71.315780639648452 70.312168121337905
decision_type=2 2 2 2 2 2 2 2 2 2 2 2 2 2 2 2 2 2 2 2 2 2 2 2 2 2 2 2 2 2
left_child=5 13 3 7 6 12 -4 11 -9 25 22 -3 21 14 23 16 -16 18 19 -15 -20 -1 -5 -2 -11 -6 -17 -8 29 -14
right_child=1 2 4 10 9 -7 27 8 -10 24 -12 -13 28 17 15 26 -18 -19 20 -21 -22 -23 -24 -25 -26 -27 -28 -29 -30 -31
leaf_value=0.0021644702638169977 -0.007291622348141783 0.010933279265500048 -0.021538864437147812 0.0094715299864474717 -0.012470665520276579 0.0090373155363815735 0.0056192421967406845 0.016375247025963359 -0.00018492453610586372 0.0079672548917973374 -0.011198709260731143 -0.010159759441312042 0.0089848741379300236 -0.0075089365444702795 0.041503535546729017 -0.010053602340805424 -0.021309069293379772 -0.0012565339418759429 -0.026339128314614185 0.025358028709539654 0.00035455774412238098 -9.0227974618119759e-05 -0.0036561727395603314 -0.034732697233485252 -0.011276312864610496 0.01208197459412744 0.0096075497544012393 0.017842763827072589 -0.0032538082828629245 0.03769725855118658
leaf_weight=23498.86726911366 318.83383573591709 267.96637719124556 80.569497428834438 407.93021319806576 118.23941988497972 1599.2118997573853 595.34281980991364 884.88911044225097 597.47288255020976 214.73088780045509 1379.2344710789621 531.8963819667697 1138.7029811441898 7548.8652707636356 172.42062190920115 213.32904040068388 26.628670535981655 3099.5036094225943 629.73965267837048 249.31000380218029 341.43225743249059 30089.753185406327 5711.2932180762291 111.80478720366955 705.84786846861243 548.89476209133863 442.88900664076209 991.32982311025262 330.4551519677043 82.435397066175938
leaf_count=139960 2281 2263 689 2640 1051 8392 2899 4813 4888 1291 10818 3262 5629 47123 858 1253 69 28195 2253 689 1914 188860 38426 656 4326 4488 2134 4620 2691 227
internal_value=5.17704e-05 -0.0026961 -0.000179207 -0.00210076 0.00559173 0.0013203 0.0115702 0.00521772 0.00969937 -0.000684474 -0.00432946 -0.00308066 0.00109624 -0.0051895 0.00190569 0.0101718 0.0330138 -0.00595888 -0.00761985 -0.00645478 -0.0169547 0.000898355 -0.00277876 -0.0144834 -0.00677701 0.00771019 0.00320082 0.0132659 0.00792209 0.0109523
internal_weight=82929.8 26190.4 13035.6 9780.68 3254.96 56739.4 1667.24 2282.22 1482.36 1587.71 7498.46 799.863 55140.2 13154.8 1285.91 855.267 199.049 11868.9 8769.35 7798.18 971.172 53588.6 6119.22 430.639 920.579 667.134 656.218 1586.67 1551.59 1221.14
internal_count=519658 173899 86474 67110 19364 345759 8208 15226 9701 11156 51884 5525 337367 87425 7251 4314 927 80174 51979 47812 4167 328820 41066 2937 5617 5539 3387 7519 8547 5856
is_linear=0
shrinkage=0.035


Tree=32
num_leaves=31
num_cat=0
split_feature=6 10 6 7 6 9 11 7 10 10 7 9 0 7 7 9 2 5 2 7 7 5 2 4 2 10 5 7 4 7
split_gain=230.404 127.795 104.162 89.9334 87.6259 80.5272 83.3762 131.821 75.5249 70.9491 68.527 65.0748 63.0091 59.4569 52.838 77.4135 50.3807 93.9499 49.3949 80.51 46.649 46.2445 121.552 180.332 43.6898 43.6586 42.652 53.9488 45.3729 41.2021
threshold=86.606227874755874 1.0472377538681032 29.924695014953617 34.66917800903321 99.693408966064467 -0.82144999504089344 61.795349121093757 69.86682510375978 7.502749204635621 9.343633174896242 34.419713973999031 4.4084999561309823 28.000000000000004 59.565095901489265 38.938592910766609 -0.10384999960660933 53.078521728515632 45.489482879638679 54.076992034912116 27.158969879150394 69.762519836425795 45.679006576538093 49.666902542114265 39.790378570556648 50.051733016967781 -12.683357715606688 45.558958053588874 63.42186355590821 34.832588195800788 75.742977142333999
decision_type=2 2 2 2 2 2 2 2 2 2 2 2 2 2 2 2 2 2 2 2 2 2 2 2 2 2 2 2 2 2
left_child=1 2 21 10 9 16 8 -8 -7 11 18 14 25 -13 15 -2 -5 -18 19 -3 -15 26 23 -23 -24 -4 27 -1 -28 -16
right_child=4 3 12 5 -6 6 7 -9 -10 -11 -12 13 -14 20 29 -17 17 -19 -20 -21 -22 22 24 -25 -26 -27 28 -29 -30 -31
leaf_value=0.004052661295519332 -0.0037895928016054821 0.019769947356506432 0.010190132397337388 0.0057555914651894243 -0.031932445045999791 -0.0010068656756561435 0.008371962002803714 -0.00069766529054049095 0.0075802586229243825 0.010002932236750065 0.03175514850020604 -0.035083693645942944 0.0088600152006544034 0.05581380176341294 -0.0069308509500196026 0.014356829490582335 -0.0015117791849310815 0.034985264456252094 -0.002958309135359943 0.0053096815867391166 0.011032530644911158 -0.0027848992287825653 -0.020181630531536546 0.031172468529693537 0.0024941245947487862 -0.0023175628445283596 0.034571415740309502 -0.0024018952221506089 -0.0047850794921923704 -0.021892538335683682
leaf_weight=3810.4410201609135 2636.3012154474854 625.17070274800062 345.44216264784336 2024.2271378859878 145.80924592167139 14864.754836916924 4172.3967087566853 3704.1109966412187 1369.4678687304258 387.06544817984104 141.11956674605608 21.418517358601093 651.13326021283865 43.887436866760254 5875.0278021395206 322.40392395108938 145.7176995575428 209.95727284997702 520.42849563062191 1927.3793339431286 81.585941143333912 333.08202446997166 104.85908635705709 448.62747070193291 6766.4493875876069 26008.656082578003 35.628494240343571 2715.2316970899701 2277.7447963505983 234.39595731347799
leaf_count=23931 18695 3148 2268 11156 1735 94641 20656 24476 7219 2221 842 75 3036 120 42557 2017 1000 1292 3956 12130 526 1806 429 1274 44899 166087 108 16043 9695 1899
internal_value=-1.31308e-05 0.000659932 -0.000548434 0.00242957 -0.00506787 0.00175829 0.00115154 0.00410623 -0.000281714 -0.00465657 0.00795831 -0.0052739 -0.00188699 0.017764 -0.00564939 -0.0018065 0.00789982 0.0200432 0.00685523 0.00885912 0.0270057 0.00164297 0.00363465 0.0167064 0.00214476 -0.00215305 -8.08371e-05 0.00136598 -0.00416418 -0.00750881
internal_weight=82949.9 73202 43497.3 29704.7 9747.9 26490.6 24110.7 7876.51 16234.2 9602.09 3214.1 9215.02 27005.2 146.892 9068.13 2958.71 2379.9 355.675 3072.98 2552.55 125.473 16492.1 7653.02 781.709 6871.31 26354.1 8839.05 6525.67 2313.37 6109.42
internal_count=519937 450092 269576 180516 69845 160440 146992 45132 101860 68110 20076 65889 171391 721 65168 20712 13448 2292 19234 15278 646 98185 48408 3080 45328 168355 49777 39974 9803 44456
is_linear=0
shrinkage=0.035


Tree=33
num_leaves=31
num_cat=0
split_feature=6 10 9 6 9 5 5 5 7 4 5 5 2 2 10 6 7 7 7 7 5 2 6 5 2 2 5 4 2 11
split_gain=202.835 120.876 104.063 87.0407 83.4719 61.1974 87.4903 80.3432 113.267 224.103 105.701 73.5287 73.3097 59.9386 59.0528 59.0149 58.826 53.6682 72.4787 68.5125 51.2059 51.1106 50.2063 48.2813 52.4487 70.3015 47.9394 47.1405 45.5726 38.3945
threshold=66.632598876953139 6.0274863243103036 3.1096500158309941 94.375640869140639 2.0321500301361088 45.72456359863282 45.549871444702156 46.369321823120124 70.530574798583999 53.041168212890632 46.620765686035163 50.079050064086921 51.840492248535163 48.849718093872077 8.8588023185729998 99.693408966064467 76.318405151367202 75.460590362548842 59.565095901489265 54.481985092163093 45.558958053588874 52.654415130615241 20.348541259765629 46.681980133056648 49.738378524780281 50.460123062133796 50.080711364746101 60.756464004516609 4.4529647827148446 82.75894927978517
decision_type=2 2 2 2 2 2 2 2 2 2 2 2 2 2 2 2 2 2 2 2 2 2 2 2 2 2 2 2 2 2
left_child=4 2 3 16 14 6 12 8 27 -10 -9 -12 -3 -8 22 -5 26 18 19 -4 -20 -15 -1 24 -16 -26 -2 -7 -25 -19
right_child=1 5 17 15 -6 7 13 10 9 -11 11 -13 -14 21 23 -17 -18 29 20 -21 -22 -23 -24 28 25 -27 -28 -29 -30 -31
leaf_value=0.0020499505672440417 -0.0034228757257816793 0.0093864674173231959 0.021777047359679516 -0.0081572196248162511 0.0046074446007294744 -0.024584103760916604 0.10780750568121079 0.055648508543399894 0.087751487009124787 -0.019248458087550789 -0.017463066067435883 0.010056955184948342 -0.010924432435070307 0.011804128611505871 -0.019922488756424609 -0.031891402493030463 -0.022071934171343659 -0.01017043159078908 0.0087146522947115033 -0.031312030785578648 0.031459107123620121 0.038860474480584231 -0.0003579972750932052 0.030771284513799443 0.043152582567485762 0.011445234763488401 0.0022142793403674725 0.010617847371821356 -0.009908556948730449 0.013897536884070813
leaf_weight=15632.203674390912 16779.081850260496 825.90921422094107 49.029422089457512 3236.3651409447193 7266.2394719272852 360.3901402503252 9.2792241871356946 48.880385249853134 37.718595921993256 62.758531004190445 163.15985608845949 431.73177450895309 294.50822006911039 257.62208903580904 52.648476675152779 133.20704613626003 195.42023715376854 260.22749871015549 244.20445841550827 73.069081351161003 243.89771293103695 129.00408641248941 32983.861308112741 38.780963212251663 99.773542262613773 596.91652265936136 2074.6372446790338 52.747828245162964 226.4470726698637 116.93819822371006
leaf_count=92683 110400 5135 217 24715 40026 1040 30 192 72 154 1441 3008 2373 1071 242 1661 1279 1800 1240 259 1032 541 208212 182 381 2925 15200 115 1763 804
internal_value=-6.75658e-05 -0.00262355 -0.00342908 -0.00391912 0.00110392 0.00442442 0.00904944 -0.00163097 -0.0119501 0.0212255 0.00659562 0.00248402 0.0040374 0.0231792 0.000590773 -0.00910491 -0.0030011 0.00768469 0.0140953 -0.00993383 0.0201269 0.0209116 0.000416141 0.008945 0.0134858 0.0160404 -0.00280213 -0.0200609 -0.00385949 -0.00267615
internal_weight=82976.7 26079.8 23406.1 22418.7 56896.9 2673.71 1516.32 1157.39 513.615 100.477 643.772 594.892 1120.42 395.905 49630.6 3369.57 19049.1 987.366 610.201 122.099 488.102 386.626 48616.1 1014.57 749.339 696.69 18853.7 413.138 265.228 377.166
internal_count=520193 173779 158607 153255 346414 15172 9150 6022 1381 226 4641 4449 7508 1642 306388 26376 126879 5352 2748 476 2272 1612 300895 5493 3548 3306 125600 1155 1945 2604
is_linear=0
shrinkage=0.035


Tree=34
num_leaves=31
num_cat=0
split_feature=6 11 6 6 7 9 7 9 6 11 7 4 7 7 7 7 5 7 0 7 7 5 7 7 11 7 7 9 5 5
split_gain=190.516 124.204 95.3524 74.0591 64.092 64.0276 49.7325 97.3176 55.0298 51.5067 87.4483 49.3819 46.4982 48.1403 95.9707 57.1229 93.7383 55.1306 43.2938 41.3166 40.4051 36.5106 33.8188 27.4326 83.5186 37.6844 27.2198 80.2788 25.176 31.5421
threshold=91.679241180419936 74.977397918701186 55.945737838745124 99.693408966064467 76.318405151367202 2.1182500123977666 63.42186355590821 0.91374999284744274 12.314051628112795 47.500650405883796 64.499298095703139 56.839122772216804 80.263469696044936 60.380186080932624 54.376531600952156 69.762519836425795 45.554418563842781 53.377611160278327 26.400000572204593 73.581996917724624 21.560606956481937 45.498958587646491 70.733211517333999 53.377611160278327 55.343450546264656 60.103242874145515 48.710355758666999 -0.46455000340938563 45.419452667236335 45.596515655517585
decision_type=2 2 2 2 2 2 2 2 2 2 2 2 2 2 2 2 2 2 2 2 2 2 2 2 2 2 2 2 2 2
left_child=1 2 6 11 5 18 7 8 -1 10 -8 21 13 14 17 16 -15 -3 -4 28 -9 26 -17 24 -23 -25 -2 -28 -13 -30
right_child=3 12 4 -5 -6 -7 9 20 -10 -11 -12 19 -14 15 -16 22 -18 -19 -20 -21 -22 23 -24 25 -26 -27 27 -29 29 -31
leaf_value=0.0041341501129739484 -0.019899126930906313 0.0061132746279879031 -0.00189087318719702 -0.031192806396498553 -0.013812739430122761 0.0046471644752481842 -0.013527037114362235 0.060711408170984291 0.00043834825121047243 -0.0011184266446172071 0.010973127354035066 -0.027670676352731145 -0.0022833443033472428 0.008313227804975112 -0.017386709170491666 -0.0083305768279496369 0.033631268140142556 0.045644036356697448 0.0058975409105406782 -0.0074561298558725678 0.0068317509680635687 -0.0040396100039941903 0.0094086364655347615 -0.018871764559245503 0.025322560523313189 -0.0047193306784037237 0.030036683827186283 -0.010705756494109401 0.020713912925274584 0.001502032337427866
leaf_weight=6402.3835568651557 335.21913881599903 394.60917034000158 24130.215948559344 138.45833465456963 494.57107841968536 2177.3884198963642 217.53727898001671 16.369591943919659 21555.47797062248 12861.322343558073 973.56892193853855 20.017992608249187 521.4910279661417 402.12468326091766 228.97718447446823 147.09344138205051 324.70630955696106 47.909579925239086 906.01251063495874 271.32703223079443 4081.9459490254521 2296.9770986065269 1182.3649540916085 340.21325288712978 124.29410491883755 719.80169496685266 61.656844921410084 1137.0251361206174 223.36962749063969 198.22787342220545
leaf_count=37825 2780 1613 158541 1744 3438 12192 908 67 133842 79243 5395 158 4484 1768 914 473 1058 127 4592 2164 23259 16473 6804 2268 777 5539 431 9115 1152 842
internal_value=0.000119475 0.000582423 0.000287491 -0.00596006 -0.00133508 -0.00110766 0.00126271 0.00202379 0.00128504 -0.000472982 0.0064866 -0.00534466 0.00727879 0.00910956 0.000960109 0.011766 0.019658 0.0104835 -0.00160857 0.00326492 0.00706047 -0.00657029 0.00743685 -0.0045828 -0.00252157 -0.00927898 -0.0110717 -0.00858561 0.00986929 0.0117173
internal_weight=82932.7 77066.1 73816.8 5866.59 27708.2 27213.6 46108.6 32056.2 27957.9 14052.4 1191.11 5728.13 3249.28 2727.79 671.496 2056.29 726.831 442.519 25036.2 712.943 4098.32 5015.19 1329.46 3481.29 2421.27 1060.01 1533.9 1198.68 441.615 421.598
internal_count=519986 476543 459302 43443 178763 175325 280539 194993 171667 85546 6303 41699 17241 12757 2654 10103 2826 1740 163133 4316 23326 37383 7277 25057 17250 7807 12326 9546 2152 1994
is_linear=0
shrinkage=0.035


Tree=35
num_leaves=31
num_cat=0
split_feature=6 9 6 10 10 6 10 11 7 7 10 7 7 10 7 7 9 9 7 7 2 5 2 2 9 2 5 2 10 10
split_gain=169.485 94.7281 87.8465 79.3021 78.6222 78.7226 48.2392 46.3708 60.7849 46.4414 46.2628 75.1365 58.4387 46.0458 44.1814 94.6715 63.7474 42.628 148.829 41.3182 53.4526 161.528 51.5773 59.4697 44.2806 37.9283 155.913 44.0232 37.8777 35.6538
threshold=83.469596862792983 2.2117999792099003 99.693408966064467 6.0274863243103036 7.502749204635621 29.924695014953617 -1.7742630839347837 71.643299102783217 75.460590362548842 63.283521652221687 2.8394057750701909 69.762519836425795 68.997974395751967 -12.683357715606688 71.689678192138686 70.312168121337905 0.84364998340606701 -3.1450001001358028 21.560606956481937 70.669719696044936 50.051733016967781 46.023597717285163 50.051733016967781 50.953025817871101 7.6709501743316659 48.996879577636726 46.023597717285163 49.204040527343757 -2.6731227636337276 1.263342618942261
decision_type=2 2 2 2 2 2 2 2 2 2 2 2 2 2 2 2 2 2 2 2 2 2 2 2 2 2 2 2 2 2
left_child=1 4 3 7 5 -1 19 17 9 -9 25 12 -12 -7 15 -6 -17 18 -2 22 21 -21 -3 -24 -22 26 -8 -27 -19 -15
right_child=2 6 -4 -5 14 13 10 8 -10 -11 11 -13 -14 29 -16 16 -18 28 -20 20 24 -23 23 -25 -26 27 -28 -29 -30 -31
leaf_value=0.0014868436609048435 -0.019254877958655228 -0.02158817091590861 -0.031715233054433828 0.0045052685992686354 0.0064804186248695163 0.012425641951918587 0.0055022297798260553 -0.0078078442278336812 -0.010257291200918743 0.023589962683908425 0.0054906221131177692 -0.0015594165946713364 0.02238792640721483 -0.0020088477062408915 -0.0062864203017504424 0.063792817828595916 0.01247967145669036 -0.01010712013074261 0.01796779611972539 0.0027651382416980933 -0.0094349753295679371 0.063959934906078708 0.020927477996477498 -0.012805950409634073 0.048355426858965586 -0.015645851484255496 0.043563654898266753 0.008025071726436836 -0.0045626430086079146 0.00026735389931788043
leaf_weight=22825.679138869047 207.51407522708178 238.95834767818451 136.97176311910152 1315.4568995088339 1801.3327185884118 304.15640434622765 452.93197777122259 76.69803212583065 175.73261950165033 224.82539408653975 1996.9896424934268 2089.5386899933219 286.61143484711647 24571.310677215457 283.12906311452389 60.074178770184517 59.568520359694958 1878.6439903825521 356.2062097415328 403.69707757979631 364.96370729804039 60.064596503973007 106.63616471737623 157.55883973836899 16.177551835775375 101.59398490935564 185.6616088077426 1574.4653227776289 7753.3984177410603 12824.182421907783
leaf_count=136710 1503 713 1757 7555 9247 1930 2816 313 1283 1000 9320 13996 1002 157634 2305 141 183 12519 1726 2212 3013 275 586 681 133 323 443 8593 58490 81626
internal_value=-9.53951e-05 0.000559648 -0.00391865 -0.00359839 0.000101183 -0.0001352 0.00413728 -0.00459809 0.00605087 0.0155807 0.00535494 0.00323369 0.00762154 -0.00111748 0.00659321 0.00849698 0.0385554 -0.00509768 0.00424529 -0.00189801 0.00282413 0.0108024 -0.00983327 0.000805421 -0.00686759 0.00935716 0.0166196 0.00657931 -0.00564552 -0.00122808
internal_weight=82890.7 70765.3 12125.4 11988.5 62729.4 60525.3 8035.85 10673 477.256 301.523 6687.79 4373.14 2283.6 37699.6 2204.1 1920.98 119.643 10195.8 563.72 1348.06 844.903 463.762 503.153 264.195 381.141 2314.65 638.594 1676.06 9632.04 37395.5
internal_count=520028 433882 86146 84389 389776 377900 44106 76834 2596 1313 36493 24318 10322 241190 11876 9571 324 74238 3229 7613 5633 2487 1980 1267 3146 12175 3259 8916 71009 239260
is_linear=0
shrinkage=0.035


Tree=36
num_leaves=31
num_cat=0
split_feature=6 11 6 6 0 4 7 5 5 2 7 9 7 7 11 7 7 9 7 7 9 7 7 11 2 2 5 7 2 5
split_gain=177.533 99.71 86.8484 59.2279 48.0612 43.9946 56.3101 43.4697 41.791 43.6458 41.4802 73.7524 48.468 39.1438 38.6176 81.4592 33.3591 45.4257 31.8067 30.3326 85.6012 58.2664 29.6279 203.828 27.8463 80.855 57.1904 52.7481 44.9841 24.7189
threshold=86.606227874755874 74.977397918701186 99.693408966064467 52.364688873291023 26.400000572204593 56.687097549438484 73.581996917724624 45.515445709228523 45.668912887573249 52.73198318481446 63.42186355590821 1.0600499510765078 54.376531600952156 80.263469696044936 48.482049942016609 64.499298095703139 75.94882965087892 2.1182500123977666 21.560606956481937 53.377611160278327 0.69494998455047619 60.103242874145515 48.710355758666999 47.834550857543952 50.664962768554695 50.357872009277351 45.558958053588874 62.821918487548835 50.998905181884773 45.409994125366218
decision_type=2 2 2 2 2 2 2 2 2 2 2 2 2 2 2 2 2 2 2 2 2 2 2 2 2 2 2 2 2 2
left_child=1 3 5 10 16 7 8 22 9 -7 11 12 -1 24 15 -12 17 -5 -13 20 -9 -21 -2 -24 25 27 -27 -3 -26 -30
right_child=2 13 -4 4 -6 6 -8 19 -10 -11 14 18 -14 -15 -16 -17 -18 -19 -20 21 -22 -23 23 -25 28 26 -28 -29 29 -31
leaf_value=0.00055746396780931024 -0.015239642826247721 -0.010748740182446162 -0.032333346475494421 -0.0014989314643484226 0.0059475938553007002 0.010962655415928052 -0.0079414009215313906 -0.0028994453953834405 -0.0020867702439173251 0.052172713470779175 -0.013151845868390813 0.055134362334176124 0.0043780610511483129 -0.002232855878149457 -0.0011371153306795811 0.0089945787506890869 -0.010182572279358027 0.004106682512970479 0.0065934257105654571 -0.017104020717087273 0.018126799400254079 -0.0027650409406575057 0.029442043221029703 -0.009979168828779689 -0.019096125832189333 0.015160227780646221 0.046587427976132308 0.010019818852872276 -0.019427572939364323 0.007823103583074871
leaf_weight=21887.456054762006 636.93440971523523 168.70471059530973 134.00596982613206 23357.696549922228 1187.2293447032571 464.45965272933245 454.14091782271862 3672.6551892384887 340.15143555402756 33.20153272151947 246.73616571724415 15.878235399723051 4997.0678336769342 491.60392739623785 11754.440646998584 1138.4808795675635 501.75403972715139 1914.8336525633931 3240.0537776574492 504.1487378552556 252.70891866832972 1117.2274534925818 175.02729361504316 1858.2775017544627 96.710842490196228 183.20800941437483 117.30689939856529 1278.0318387746811 42.463452056050301 686.40764597803354
leaf_count=132070 5212 796 1774 151313 5857 2546 3615 25856 1485 111 1057 58 32453 4231 72465 6424 3580 10622 18040 3380 1554 8405 1266 14847 415 723 214 6501 358 2975
internal_value=3.56278e-05 0.000622996 -0.00442853 0.000353237 -0.000934277 -0.00403185 0.00196718 -0.00497603 0.00734898 0.0138054 0.00115546 0.00187092 0.00126797 0.00680229 -0.000485163 0.00503947 -0.00125172 -0.00107382 0.00684578 -0.00320696 -0.00154061 -0.00723414 -0.00864614 -0.0065721 0.00853156 0.0110355 0.0275423 0.00758855 0.00321826 0.00620635
internal_weight=82949 73306.1 9642.94 70241.6 26961.5 9508.93 1291.95 8216.98 837.813 497.661 43280.1 30140.5 26884.5 3064.44 13139.7 1385.22 25774.3 25272.5 3255.93 5546.74 3925.36 1621.38 2670.24 2033.3 2572.83 1747.25 300.515 1446.74 825.582 728.871
internal_count=520203 450152 70051 433939 171372 68277 7757 60520 4142 2657 262567 182621 164523 16213 79946 7481 165515 161935 18098 39195 27410 11785 21325 16113 11982 8234 937 7297 3748 3333
is_linear=0
shrinkage=0.035


Tree=37
num_leaves=31
num_cat=0
split_feature=6 9 10 6 6 10 11 5 10 7 9 7 7 7 7 7 7 5 6 7 9 7 7 4 7 5 6 6 5 9
split_gain=180.269 98.0722 106.487 81.3928 70.4734 50.8904 104.648 57.3173 48.2148 46.3697 56.1211 55.2129 45.9119 45.3485 44.5061 45.8418 134.039 59.7459 65.2601 39.3538 33.1614 32.8391 39.932 31.6279 49.5929 40.7025 28.9638 25.5098 24.8115 23.8253
threshold=91.679241180419936 2.6139500141143803 8.8588023185729998 55.945737838745124 99.693408966064467 -0.72974395751953114 40.72254943847657 46.681980133056648 12.557685852050783 61.993902206420906 -0.27214999496936793 54.376531600952156 13.469102859497072 20.186177253723148 73.829555511474624 60.380186080932624 57.632680892944343 45.419452667236335 46.52508735656739 74.040325164794936 4.4084999561309823 59.565095901489265 69.762519836425795 39.790378570556648 22.281182289123539 45.758811950683601 55.162445068359382 16.700766563415531 45.604118347167976 5.2697000503540048
decision_type=2 2 2 2 2 2 2 2 2 2 2 2 2 2 2 2 2 2 2 2 2 2 2 2 2 2 2 2 2 2
left_child=1 2 3 9 8 7 -7 -5 20 11 -11 -1 -4 -14 15 16 28 -17 -19 -16 23 -22 -23 25 -25 -2 -18 -15 -3 -21
right_child=4 14 12 5 -6 6 -8 -9 -10 10 -12 -13 13 27 19 17 26 18 -20 29 21 22 -24 24 -26 -27 -28 -29 -30 -31
leaf_value=0.00083495290103945878 0.032888056298598242 0.0011221282249241793 -0.016510750442710814 -0.0053894606577023852 -0.03159328935642762 0.0077167725959783641 -0.0014633453770286295 0.00022297601725017243 0.018252003686252318 0.0053433979767437169 -0.0017615263764316951 0.0047368186559228658 0.067751515530257433 -0.0010879789196289933 -0.030154472238861644 -0.014004456561188547 -0.0095302449104617375 0.004500862994590551 0.015123548835936829 -0.00059019138427768335 -0.039309729152258478 0.060057006843402656 0.006593233323198412 0.033147256003676594 -0.0070297861636478016 -0.0014119363854381791 -0.03319362199834227 0.011224027389838171 0.011706160687776329 0.0083575921498177819
leaf_weight=24511.789169751108 53.330938115715981 525.33418950438499 83.371420241892338 7043.1681660339236 127.69472254067659 1713.8860238045454 13470.270215563476 3257.4445095360279 103.06509118527174 1538.8504019007087 11776.940594702959 5427.4126272052526 15.737082257866858 241.15559551119804 49.158466041088104 130.86131394654512 128.22046761959791 1347.9933510795236 1500.2897855713964 1764.2568587660789 11.235494382679461 23.737355530261993 58.585900858044624 37.074017077684402 5191.2932114228606 193.44586224108934 128.39609583467245 1374.1637776792049 564.30078426003456 458.29899178445339
leaf_count=147566 276 2301 662 39206 1740 10793 90645 26257 686 8375 73852 35038 117 1336 264 974 547 6079 6816 12237 40 62 372 318 38860 1221 521 7033 2317 3449
internal_value=3.03163e-06 0.000451043 6.88224e-05 -0.000146015 -0.00594725 -0.00171511 -0.000426342 -0.00361404 -0.00536425 0.000778311 -0.000939643 0.00154263 0.00868285 0.00998237 0.00453142 0.00661462 0.00124752 0.00903664 0.0101013 0.000560951 -0.00580515 0.014753 0.022523 -0.00615983 -0.00673853 0.00605468 -0.0214636 0.00938197 0.00661438 0.00125407
internal_weight=82850.8 77051.3 70454.2 68739.8 5799.46 25484.8 15184.2 10300.6 5671.77 43255 13315.8 29939.2 1714.43 1631.06 6597.11 4325.4 1346.25 2979.14 2848.28 2271.71 5568.7 93.5588 82.3233 5475.14 5228.37 246.777 256.617 1615.32 1089.63 2222.56
internal_count=519960 476385 440880 431732 43575 166901 101438 65463 41835 264831 82227 182604 9148 8486 35505 19555 5686 13869 12895 15950 41149 474 434 40675 39178 1497 1068 8369 4618 15686
is_linear=0
shrinkage=0.035


Tree=38
num_leaves=31
num_cat=0
split_feature=6 10 7 5 5 6 7 5 9 7 4 5 7 10 6 11 7 10 11 5 7 7 7 7 10 7 7 5 4 10
split_gain=151.004 106.346 110.761 132.102 230.495 101.812 96.4752 105.251 96.9784 85.3341 72.6007 72.492 79.603 67.6145 65.7757 55.9253 56.2024 50.2725 56.8042 47.2803 46.0973 41.5758 76.6277 73.0002 41.0868 40.7502 34.1378 35.2608 33.8767 33.3508
threshold=94.375640869140639 3.3891690969467168 39.632768630981452 46.023597717285163 46.117029190063484 55.578407287597663 38.85840034484864 45.549871444702156 0.66284999251365673 38.938592910766609 61.659725189208991 45.449871063232429 43.682548522949226 14.079446315765383 99.693408966064467 72.342250823974624 75.94882965087892 -6.2426600456237784 59.146549224853523 91.718109130859389 79.546710968017592 63.030187606811531 54.481985092163093 64.163467407226577 22.41047286987305 38.938592910766609 23.790318489074711 46.620765686035163 49.095163345336921 -15.079775810241697
decision_type=2 2 2 2 2 2 2 2 2 2 2 2 2 2 2 2 2 2 2 2 2 2 2 2 2 2 2 2 2 2
left_child=1 5 6 11 10 17 7 -3 9 -8 -5 28 -13 -6 -2 16 29 26 19 -19 -20 22 -17 -23 -9 -10 27 -1 -4 -7
right_child=14 2 3 4 13 15 8 24 25 -11 -12 12 -14 -15 -16 21 -18 18 20 -21 -22 23 -24 -25 -26 -27 -28 -29 -30 -31
leaf_value=-0.012015439821188726 -0.0059426892789583878 -0.0093153078109183204 0.0098210328913406666 -0.022988911783931674 -0.00064913275610660947 0.0168047279448439 0.068725585573849265 0.010939857655637852 -0.0072711651690081404 0.00030020991131144201 0.0053682395674375339 -0.0076706930982007723 0.0073615171052538826 0.017560170973580001 -0.031610997571116572 0.033096852735326636 -0.018517853712134665 0.00015369093729482224 0.0042199912095874734 -0.0053976961942764261 -0.01210857615829207 0.078747977834963914 -0.025535745875677716 0.0088631768899824249 -0.026180192650567421 0.061543546335717007 0.0069595696755087649 0.0040808801297326268 -0.0021819996014780293 -0.0023541744897430214
leaf_weight=259.09129931777716 3706.8984888643026 400.95722898840904 327.75229264050722 777.20630699396133 3855.9063974022865 110.97269254177809 25.981612421572208 2015.9760877788067 11.416618078947065 135.52893853187561 128.16442349553108 465.96858420222998 5673.4548491463065 266.27347840368748 125.88008233159781 36.246576361358166 262.83613247424364 27731.525813601911 5487.2995840013027 2015.0823177844286 219.33423633873463 18.130418881773949 102.78949620574713 610.1197649911046 36.35666686296463 98.388554453849792 2451.4328454881907 463.56846755743027 2331.0057342499495 22753.709033511579
leaf_count=1117 27888 2755 2785 1911 23972 754 163 11137 84 533 275 2549 27878 1491 1750 154 1789 174863 31421 11472 1519 34 386 3476 254 310 12653 3115 20444 151392
internal_value=-9.98581e-06 0.000318822 0.00281356 0.00154164 -0.00298306 -0.00034148 0.00926287 0.0070633 0.0290468 0.0116352 -0.0189657 0.00412802 0.00621862 0.000528584 -0.00679396 -0.00213727 -0.002446 0.000769235 0.000391163 -0.000222269 0.00358957 0.00715195 -0.0100983 0.0109887 0.0102689 0.0543246 0.00498877 -0.00168728 -0.000697212 -0.0022603
internal_weight=82905.3 79072.5 16550.3 13825.7 5027.55 62522.1 2724.61 2453.29 271.316 161.511 905.371 8798.18 6139.42 4122.18 3832.78 23894.8 23127.5 38627.3 35453.2 29746.6 5706.63 767.286 139.036 628.25 2052.33 109.805 3174.09 722.66 2658.76 22864.7
internal_count=520324 490686 96541 81305 27649 394145 15236 14146 1090 696 2186 53656 30427 25463 29638 157985 153935 236160 219275 186335 32940 4050 540 3510 11391 394 16885 4232 23229 152146
is_linear=0
shrinkage=0.035


Tree=39
num_leaves=31
num_cat=0
split_feature=10 11 7 5 5 5 5 10 7 10 11 11 5 2 7 9 7 7 7 0 2 2 2 13 7 7 5 7 7 2
split_gain=123.064 104.706 104.324 165.495 152.78 129.38 123.809 103.993 83.6017 70.0467 68.1929 66.8807 65.2041 80.8354 63.26 67.4345 116.043 59.4041 95.1334 57.3349 56.776 54.9251 64.377 54.8836 51.8912 129.012 51.5368 46.9426 42.7356 40.5055
threshold=4.7782890796661386 80.381748199462905 53.64912414550782 45.596515655517585 45.449871063232429 45.554418563842781 46.117029190063484 16.556191444396976 53.377611160278327 -12.683357715606688 76.063098907470717 90.86985015869142 45.549871444702156 51.228878021240241 79.115924835205092 1.6000500321388247 57.632680892944343 35.319665908813484 35.611213684082038 28.000000000000004 52.608695983886726 50.079427719116218 53.883504867553718 1.0050504803657534 63.030187606811531 66.137874603271499 45.501287460327156 72.570858001708999 54.053018569946296 51.149106979370124
decision_type=2 2 2 2 2 2 2 2 2 2 2 2 2 2 2 2 2 2 2 2 2 2 2 2 2 2 2 2 2 2
left_child=1 9 5 4 -4 20 10 11 21 17 -5 -8 26 -14 15 19 -17 -1 -19 -11 -2 -7 -23 -9 28 -26 -6 -12 -3 -20
right_child=2 24 3 6 12 8 7 23 -10 14 27 -13 13 -15 -16 16 -18 18 29 -21 -22 22 -24 -25 25 -27 -28 -29 -30 -31
leaf_value=0.0012944187799521427 0.0066962414915265299 0.016630520979285038 -0.0026844525530321855 -0.020251613593132614 0.010409202454763259 0.0015278403824608262 -0.0031731317326321438 0.038168973559969621 0.058187829567934293 -0.0012224207018663377 0.017430597540220017 0.03710576004402151 0.013677147657317514 0.043968051146075181 -0.014669704125175494 0.011298870763092574 0.00042679040916162274 0.068995745723807442 0.023781365749153339 0.0069429527980401353 -0.0092241411793144417 0.017205135552918156 -0.00017869768575816194 -0.017868105543453947 0.058969176709785236 0.010622832641089677 -0.0053658819916517627 -0.020282057709055491 -0.019439670877083721 -0.0074441730266206641
leaf_weight=344.32455974444747 520.67098954319954 64.573225572705269 1606.4252236224711 737.39458084106445 1737.8170243538916 507.3558340407908 2358.0601105168462 118.81010449677706 47.900092385709286 59729.952433731407 112.93210470676422 50.785545386373997 418.5550754442811 145.85517580062151 396.49196412041783 1435.0170237645507 7415.1215099170804 45.402687638998032 158.81667669117451 1071.3152736201882 578.00658155605197 1652.7956911511719 308.89787382632494 25.392166264355183 75.717535510659218 594.31927324086428 295.90115536749363 61.861656442284584 103.57380272448063 73.819157585501671
leaf_count=2471 3258 236 14051 2696 7464 3720 13469 681 123 387109 302 239 1649 707 2945 7570 44137 92 1145 5405 4320 6906 2020 157 178 3333 2231 165 391 276
internal_value=4.36975e-05 -0.00049229 0.00344032 0.00112849 0.00579613 0.00834111 -0.00453301 -0.000574217 0.0127146 -0.000638302 -0.0155951 -0.00230899 0.0110416 0.0215685 -0.000742319 -0.000662769 0.00219131 0.0110436 0.0230535 -0.00107834 -0.00167361 0.011811 0.0144653 0.0282091 0.0117991 0.0161605 0.00810932 0.00401217 -0.0055331 0.0138514
internal_weight=82793.9 71508.4 11285.4 7669.79 4204.55 3615.63 3465.24 2553.05 2516.95 70670.3 912.188 2408.85 2598.13 564.41 70047.9 69651.4 8850.14 622.363 278.039 60801.3 1098.68 2469.05 1961.69 144.202 838.184 670.037 2033.72 174.794 168.147 232.636
internal_count=519446 455288 64158 43811 26102 20347 17709 14546 12769 451150 3163 13708 12051 2356 447166 444221 51707 3984 1513 392514 7578 12646 8926 838 4138 3511 9695 467 627 1421
is_linear=0
shrinkage=0.035


Tree=40
num_leaves=31
num_cat=0
split_feature=6 10 10 11 7 5 5 6 9 2 6 5 2 2 2 5 10 0 7 11 7 7 11 7 9 2 5 2 5 10
split_gain=139.406 95.955 87.3777 80.8085 85.1577 67.923 161.521 67.0831 63.5982 62.5931 56.302 51.2859 49.3663 48.2594 55.8634 55.0852 44.2909 45.1664 42.5021 49.6308 42.3164 86.5094 76.9138 39.4131 34.3899 32.6683 117.664 59.8264 47.7499 39.7549
threshold=85.05926895141603 7.502749204635621 1.0472377538681032 45.648450851440437 22.281182289123539 46.023597717285163 46.057298660278327 99.693408966064467 4.4084999561309823 53.883504867553718 13.894002437591555 45.86523628234864 54.076992034912116 52.401636123657234 52.120557785034187 47.320657730102546 -6.9107091426849356 28.000000000000004 75.742977142333999 67.773700714111342 21.560606956481937 21.006519317626957 13.683300018310549 59.565095901489265 3.4526499509811406 49.254114151000984 45.711332321166999 48.996879577636726 43.508358001708991 -3.3652718067169185
decision_type=2 2 2 2 2 2 2 2 2 2 2 2 2 2 2 2 2 2 2 2 2 2 2 2 2 2 2 2 2 2
left_child=2 7 10 12 9 11 -7 8 18 -5 25 -6 13 14 -4 -15 20 24 19 -2 21 -12 -22 -10 -18 26 -1 -28 29 -27
right_child=1 -3 3 4 5 6 -8 -9 23 -11 16 -13 -14 15 -16 -17 17 -19 -20 -21 22 -23 -24 -25 -26 28 27 -29 -30 -31
leaf_value=-0.00030767176182431997 -0.0049429033789130886 0.0082395732173349383 0.0056787793213069334 0.07720815245576175 0.0022122640981619211 -0.012325079478935371 0.00066796909901617907 -0.030957044178273368 -0.02502202282024691 -0.007839819446948006 0.0012220181589931006 0.022476549776275782 -0.0060408152069977052 0.011629963610482812 -0.010265272066553822 -0.029412358650050829 -0.0018366673908332464 0.007693195852703884 -0.019474388918358142 0.006538367209328661 0.032231099084605648 -0.031737534171613513 0.0038337962300910404 0.025319763199719701 0.0068745988627311088 0.00021623489117185001 0.0095953607498659339 0.044507137991260451 0.0012064286963222397 0.078582552556945087
leaf_weight=530.58457539975643 9022.9558431953192 756.11653400212526 2118.8467976972461 30.214071169495583 15563.834609858692 1401.5250415205956 7132.3751583769917 116.94468237832189 21.495777659118176 15.682949952781199 551.32033823430538 153.80716556310654 381.3670486882329 2117.7236523404717 307.34667687863111 39.996167629957199 30792.381212487817 641.70974798500538 232.97123768925667 484.8767479583621 123.32512551546097 117.62281320244074 2026.350727647543 130.2481764703989 564.24392093718052 14.534735746681692 109.83515360951424 135.21525643765926 7240.5802203640342 17.152042508125305
leaf_count=3021 66739 4187 13569 102 95706 3381 47178 1710 77 108 3702 726 2966 11628 1389 114 196714 3040 1945 2646 421 574 11126 664 2871 38 433 326 43079 43
internal_value=-5.85505e-05 -0.00377365 0.000495897 0.0019703 0.00113841 0.00104716 -0.00146602 -0.00468242 -0.00436863 0.048361 -0.000510498 0.00241214 0.0060389 0.00704629 0.00365341 0.0108553 -0.00112049 -0.00149115 -0.00472002 -0.00435615 0.00308419 -0.00459392 0.00547757 0.0180487 -0.00167952 0.00212742 0.00895341 0.0289698 0.00139752 0.0437419
internal_weight=82893.2 10765.6 72127.6 29262.7 24297.4 24251.5 8533.9 10009.5 9892.55 45.897 42864.9 15717.6 4965.28 4583.91 2426.19 2157.72 34817 31998.3 9740.8 9507.83 2818.62 668.943 2149.68 151.744 31356.6 8047.9 775.635 245.05 7272.27 31.6868
internal_count=520223 77968 442255 176867 147201 146991 50559 73781 72071 210 265388 96432 29666 26700 14958 11742 218448 202625 71330 69385 15823 4276 11547 741 199585 46940 3780 759 43160 81
is_linear=0
shrinkage=0.035


Tree=41
num_leaves=31
num_cat=0
split_feature=6 10 6 7 4 7 7 5 10 6 7 10 10 5 5 10 7 5 7 2 5 7 7 2 11 7 9 9 2 5
split_gain=145.576 89.567 77.7786 68.097 67.8225 127.986 134.607 66.1915 58.3453 53.5916 47.5603 46.7687 38.9544 41.0486 38.1632 37.9245 57.8562 50.8093 73.5779 47.1015 37.3335 36.8704 35.8868 38.1003 35.503 34.1418 108.685 45.5057 31.583 30.8176
threshold=93.214572906494155 1.0472377538681032 55.578407287597663 48.045326232910163 55.264753341674812 70.107513427734389 70.733211517333999 45.449871063232429 8.0838499069213885 99.693408966064467 71.315780639648452 -5.5668718814849845 -15.079775810241697 45.661050796508796 45.452220916748054 2.8394057750701909 47.849605560302741 45.610874176025398 43.856449127197273 52.521953582763679 47.499412536621101 73.038913726806655 74.275493621826186 50.078926086425788 99.997001647949233 21.560606956481937 -2.2700500488281246 -3.0320500135421748 50.051733016967781 50.078678131103523
decision_type=2 2 2 2 2 2 2 2 2 2 2 2 2 2 2 2 2 2 2 2 2 2 2 2 2 2 2 2 2 2
left_child=1 2 11 15 8 7 -7 -6 14 29 -10 21 13 -4 -5 16 19 28 -19 -3 -15 -1 23 -14 -24 26 -13 -27 -17 -2
right_child=9 3 12 4 5 6 -8 -9 10 -11 -12 25 22 20 -16 17 -18 18 -20 -21 -22 -23 24 -25 -26 27 -28 -29 -30 -31
leaf_value=0.0029269287836871855 -0.0065685343986063988 -0.0019653397446804831 0.05559891532802113 0.0013950314296785431 -0.0042696858712441207 -0.019603399548752148 0.0010247363241979767 0.0091930963082434373 0.010593239457380324 -0.029011911536194743 -0.0083693638248162772 -0.0041329198487524898 0.00041476560528476642 -0.033940520803442578 -0.0026808969138136956 -0.027175426346171681 0.061260132854739975 0.0072216830566292183 0.02458184630693902 0.0050334019581613166 0.018072790973778997 0.014899868142114943 -0.012245852263213957 -0.0033805784448510384 0.035992281188163118 0.0073084458156195097 0.033890213069396977 -0.00055127730901119085 0.0026492207777417966 0.0017814537098765728
leaf_weight=3787.5150959044695 3869.1055068075657 2255.4476817175746 25.910913899540901 4104.5139052271843 508.52083209902048 434.52873481065035 3523.8702304512262 3655.0483198091388 875.44067975133657 120.34608014300466 197.73593840003014 244.07619155198336 4481.6015446186066 21.01351123303175 8934.7334985658526 43.626843668520451 19.263137221336365 2776.4561398029327 335.1714590638876 2462.0981051623821 73.908710949122906 343.41456736624241 618.64306399971247 11664.821690052748 18.445476539433002 937.02892869710922 146.68943846970797 23829.747692272067 2011.0723833888769 627.72477200627327
leaf_count=19613 27085 13867 116 33498 4293 1592 24618 16507 3828 1762 1589 1430 30613 63 51352 124 70 16228 1769 15095 609 2227 4357 75201 151 4658 662 149154 11489 6692
internal_value=1.5573e-05 0.00037167 -0.000615394 0.00179062 0.00071496 0.00326303 -0.00124143 0.00754662 -0.000751111 -0.00602311 0.00708917 0.000475502 -0.00250583 0.0172234 -0.00139733 0.00420473 0.00194012 0.00627909 0.00909973 0.00168607 0.00629773 0.00392666 -0.0026491 -0.00232674 -0.0107949 -9.10145e-05 0.0101628 -0.000253403 0.00200223 -0.00540127
internal_weight=82947.5 78330.3 46192.8 32137.5 22234.4 8121.97 3958.4 4163.57 14112.4 4617.18 1073.18 29288.5 16904.3 120.833 13039.2 9903.14 4736.81 5166.33 3111.63 4717.55 94.9222 4130.93 16783.5 16146.4 637.089 25157.5 390.766 24766.8 2054.7 4496.83
internal_count=520312 484773 288854 195919 137277 47010 26210 20800 90267 35539 5417 177744 111110 788 84850 58642 29032 29610 17997 28962 672 21840 110322 105814 4508 155904 2092 153812 11613 33777
is_linear=0
shrinkage=0.035


Tree=42
num_leaves=31
num_cat=0
split_feature=10 5 5 5 7 10 7 11 9 9 2 2 9 7 7 9 9 5 7 7 10 10 2 2 7 5 5 2 7 10
split_gain=91.7623 83.9998 187.62 125.198 88.0839 97.6441 96.4547 82.9541 78.5445 71.3759 103.924 92.2302 70.5446 225.456 155.164 194.074 100.199 88.1019 81.489 68.788 66.8772 59.2588 56.1571 84.7236 59.5207 56.1258 75.1313 53.2925 49.8429 47.5196
threshold=4.6909906864166269 46.023597717285163 46.036748886108406 45.449871063232429 35.942852020263679 14.079446315765383 35.319665908813484 71.000350952148452 0.22004999965429309 2.7615000009536748 49.666902542114265 49.856487274169929 -3.0320500135421748 22.281182289123539 21.560606956481937 -0.8835499882698058 -4.3752000331878653 46.620765686035163 24.405713081359867 43.856449127197273 -4.0052795410156241 16.556191444396976 49.021945953369148 49.738378524780281 61.121740341186531 46.859218597412116 46.415723800659187 53.468648910522468 78.280700683593764 -11.258804321289061
decision_type=2 2 2 2 2 2 2 2 2 2 2 2 2 2 2 2 2 2 2 2 2 2 2 2 2 2 2 2 2 2
left_child=7 3 9 -2 6 -6 21 12 -8 -3 -11 -12 13 25 15 -14 19 -17 27 -15 -18 -4 -5 -24 -25 26 -1 -16 -20 -27
right_child=1 2 4 22 5 -7 8 -9 -10 10 11 -13 14 16 18 17 20 -19 28 -21 -22 -23 23 24 -26 29 -28 -29 -30 -31
leaf_value=0.002893682137848492 -0.0019633610848369619 -0.025726067872919488 0.011165308394307473 0.022620718891832491 -0.0021620868552841037 0.018890568915030971 0.051050540628647008 0.0054142673103730124 -0.0073703551180137328 -0.024568103520121794 0.046290465716039786 -0.028932157953732638 0.0061865817245702311 0.025692492332288076 0.00087081726521439945 0.075177610278327325 -0.0006505627257389927 0.0089995477937737014 -0.00081712115833353365 -0.0041716568490263927 0.011816106514761233 -0.024490852889257841 -0.011583049703932107 0.005209413016970886 0.013423258226383839 0.010664753556643911 -0.023102962332002767 -0.012845563467990291 -0.013513635454790099 -0.0071894684226643055
leaf_weight=195.12661556527019 2083.3253769949079 456.33773458003998 402.23296232149005 310.80199342593551 2899.9535920321941 296.75522276759148 122.09526178240776 2875.2168201878667 36.082999758422375 106.82735952734947 70.208886355161667 27.030717551708221 399.87634088099003 591.79383932054043 492.88247022032738 87.25586574524641 1036.4505024813116 34.900650896131992 61491.521037403494 111.69446711987257 1069.5850048996508 65.66261051595211 274.34713759273291 2781.1788451261818 1773.3476636111736 269.56464328616858 445.35595898330212 1163.3447265289724 380.39578279480338 561.2846972681582
leaf_count=1782 18146 1184 2563 1473 17477 1633 364 14767 98 284 129 54 2322 2445 3135 276 4581 196 402133 366 5369 498 1510 13400 7594 2125 1736 5663 2752 4280
internal_value=6.36544e-05 0.00293533 -0.000826525 0.00527105 0.00214893 -0.000201311 0.0141453 -0.000408374 0.0377097 -0.0180424 -0.000792555 0.0252432 -0.000653541 0.00369568 -0.000944377 0.0180439 0.00950848 0.0565088 -0.00110075 0.0209416 0.0056796 0.00611327 0.00820468 0.00727177 0.00841088 -0.00739831 -0.0151783 -0.00876098 -0.000895468 -0.00138366
internal_weight=82912.4 11706.2 4483.19 7223 3822.78 3196.71 626.074 71206.2 158.178 660.405 204.067 97.2396 68331 4280.86 64050.2 522.033 2809.52 122.157 63528.1 703.488 2106.04 467.896 5139.68 4828.87 4554.53 1471.33 640.483 1656.23 61871.9 830.849
internal_count=520335 66407 24284 42123 22633 19110 3523 453928 462 1651 467 183 439161 22684 416477 2794 12761 472 413683 2811 9950 3061 23977 22504 20994 9923 3518 8798 404885 6405
is_linear=0
shrinkage=0.035


Tree=43
num_leaves=31
num_cat=0
split_feature=6 9 10 10 7 9 9 7 7 6 6 9 7 4 5 7 7 10 5 2 9 7 7 5 10 2 2 7 5 5
split_gain=124.095 72.3744 77.2213 70.1174 69.7262 108.103 105.725 129.717 88.3506 67.8221 62.1964 44.8013 47.3425 50.4001 35.9566 33.9613 36.2638 32.6064 40.6918 35.7935 29.7372 35.701 31.1549 28.0422 25.2594 24.2886 52.0285 31.1669 67.9066 83.7271
threshold=84.245117187500014 2.2117999792099003 9.343633174896242 6.4818570613861093 61.993902206420906 0.93075001239776622 -0.25744999945163721 64.699142456054702 57.292371749877937 16.700766563415531 99.358459472656264 4.4084999561309823 75.742977142333999 58.129676818847663 45.419452667236335 13.469102859497072 20.186177253723148 -1.2689077258110044 45.424163818359382 48.996879577636726 4.7590000629425058 78.860435485839858 85.718479156494155 50.051733016967781 12.557685852050783 50.36027908325196 50.079809188842781 53.843322753906257 45.596515655517585 45.452220916748054
decision_type=2 2 2 2 2 2 2 2 2 2 2 2 2 2 2 2 2 2 2 2 2 2 2 2 2 2 2 2 2 2
left_child=1 2 4 10 5 9 7 -6 -7 -1 11 12 13 -2 -3 24 -17 18 -16 -20 21 -19 -22 -8 -4 26 -5 -27 29 -29
right_child=3 14 15 25 6 8 23 -9 -10 -11 -12 -13 -14 -15 17 16 -18 20 19 -21 22 -23 -24 -25 -26 27 -28 28 -30 -31
leaf_value=0.0028781159922896152 -0.0043796794968995389 -0.0036067198803922005 0.031018032578658442 0.0059977390314199571 -0.0075153219048798596 0.0092137515105460196 -0.0037407196528520055 0.011590567917750686 -0.0024599678904182387 -0.00066279999069369477 -0.019484302689876928 0.015685561037538584 -0.019980844010485638 0.0072511147418010957 0.038485496095890519 0.066754134587004035 0.0095593695661593658 0.0051936448462330011 0.0079823088497660982 -0.0046553303478353994 0.012491877983089299 -0.0065917878309709865 -0.025821318412520257 -0.00039071151786869825 -0.022739035057214783 0.009889728607368746 0.039281299016052228 -0.014701318782666971 -0.024454473228576475 0.024747432379708011
leaf_weight=8396.2917823418975 9091.2855455726385 775.52606838941574 12.029359832406042 341.44977706670761 632.9374111816287 2963.7012773379683 12018.536936581135 1387.9942446351051 1083.2596016153693 31420.743389025331 323.01785012707114 140.27866658568382 226.12276938557625 479.38381572812796 31.395889349281788 13.015549644827841 1134.9739204198122 4726.5003549009562 372.38817995041609 1036.2978985235095 865.93280274420977 336.15227641910315 25.963117979466915 4113.5995320901275 63.42929495126009 278.76020818948746 68.712993778288364 128.84414983540773 144.81800040602684 133.12218591570854
leaf_count=49286 67241 6557 95 2283 3382 17131 69929 7739 7207 198796 3536 687 1885 2627 261 92 5751 23784 1717 5786 3681 2513 214 33125 511 1504 369 1020 467 549
internal_value=-8.4953e-05 0.00045541 5.47846e-05 -0.00348342 -0.000116939 0.000637915 -0.00194126 0.00560271 0.00608742 8.37465e-05 -0.00438258 -0.00388944 -0.0041717 -0.00379582 0.00355525 0.00875963 0.01026 0.00430763 -0.000413674 -0.00130695 0.00545054 0.00440881 0.0113466 -0.00288698 -0.013842 0.00492686 0.0116563 0.000881559 -0.00528166 0.00533284
internal_weight=82766.5 71410.7 63240.5 11355.8 62017.1 43864 18153.1 2020.93 4046.96 39817 10260.1 9937.07 9796.79 9570.67 8170.16 1223.45 1147.99 7394.63 1440.08 1408.69 5954.55 5062.65 891.896 16132.1 75.4587 1095.71 410.163 685.545 406.784 261.966
internal_count=519725 437557 393044 82168 386595 272420 114175 11121 24338 248082 75976 72440 71753 69868 44513 6449 5843 37956 7764 7503 30192 26297 3895 103054 606 6192 2652 3540 2036 1569
is_linear=0
shrinkage=0.035


Tree=44
num_leaves=31
num_cat=0
split_feature=6 11 10 6 6 11 10 0 7 7 7 7 7 5 10 7 6 9 10 7 9 7 5 7 7 10 7 10 9 10
split_gain=119.238 77.6558 75.6546 68.5723 59.7158 52.4436 53.5975 50.5765 38.5204 45.273 33.1475 33.9078 81.6279 63.2912 37.3042 33.533 32.9391 29.817 30.822 33.7582 29.8889 41.111 29.8193 28.6023 46.2573 36.3357 24.2904 22.6731 35.8746 19.4947
threshold=93.214572906494155 78.74444961547853 9.9290294647216815 35.110204696655281 99.693408966064467 1.0000000180025095e-35 -3.6329846382141109 28.000000000000004 13.469102859497072 21.006519317626957 85.718479156494155 63.42186355590821 69.762519836425795 45.558958053588874 -7.5363545417785636 76.318405151367202 15.930356025695803 2.2597500085830693 10.569621562957765 62.469350814819343 -3.2763500213623042 21.560606956481937 50.069395065307624 63.42186355590821 54.053018569946296 -7.5363545417785636 25.243726730346683 -4.838106393814086 7.6709501743316659 12.557685852050783
decision_type=2 2 2 2 2 2 2 2 2 2 2 2 2 2 2 2 2 2 2 2 2 2 2 2 2 2 2 2 2 2
left_child=1 2 3 23 17 6 -5 -7 29 -10 11 14 13 -13 -3 -14 -11 18 20 -20 21 -2 -22 24 -1 -25 -16 28 -12 -4
right_child=4 10 8 5 -6 7 -8 -9 9 16 27 12 15 -15 26 -17 -18 -19 19 -21 22 -23 -24 25 -26 -27 -28 -29 -30 -31
leaf_value=0.0010253733335888512 -0.011617784643400401 -0.036825741829277461 0.029379696625773701 0.0096670916103540425 -0.030094704164770718 -0.0012575693405456577 0.063653928395177972 0.0052827378430844278 0.071342102215286876 -0.0055610431494494041 -0.0014760699245690892 0.010326683560631251 -0.00030093591501233788 0.038450731355309152 -0.043857914360455309 0.012296748465630157 0.0098514564537075487 0.002970479583680644 -0.0020528581069123066 0.048812171401997735 -0.0083497860799555072 0.021713778218469544 0.00045496472685739603 0.014011481681368107 0.0049994297323092286 -0.00078215374423824347 0.0042424441062489156 -0.010561936260613129 0.063463812109796111 -0.022263097883059215
leaf_weight=15745.946923308074 78.495880804955959 29.485388152301311 9.4001011401414853 129.50443695485592 117.70985462516546 43271.665743775666 26.717707790434361 1497.4166502282023 13.187181174755095 191.98795590549707 41.089759521186352 195.59636790305376 527.58020738512278 199.09835386276245 12.362500488758085 505.27604477107525 1409.8611493930221 518.83156465739012 40.734391458332539 25.1836077272892 3145.3960374742746 104.73185580968857 552.34248646348715 207.38475742191076 4649.1380167081952 8770.1840383633971 532.7583087310195 202.6097369864583 13.057748973369597 72.022233478724957
leaf_count=93011 593 90 73 911 1790 280423 172 7284 91 1126 336 799 2757 516 46 3235 7163 3197 220 130 23111 542 6045 1128 28195 52717 2143 1751 103 587
internal_value=-7.20471e-05 0.000249263 5.90452e-05 -0.000107769 -0.00555842 -0.000967615 0.019222 -0.00103857 0.00736556 0.0085546 0.00664319 0.00816267 0.0110515 0.0245803 0.000968063 0.00585986 0.00799799 -0.00490484 -0.00594224 0.0176272 -0.00634792 0.00740787 -0.00703289 0.00120711 0.00193178 -0.000438418 0.00307611 -0.00516688 0.0147529 -0.015988
internal_weight=82836.8 78253.3 75994.4 74298 4583.43 44925.3 156.222 44769.1 1696.46 1615.04 2258.91 2002.16 1427.55 394.695 574.606 1032.86 1601.85 4465.72 3946.88 65.918 3880.97 183.228 3697.74 29372.7 20395.1 8977.57 545.121 256.757 54.1475 81.4223
internal_count=520285 484657 472881 463841 35628 288790 1083 287707 9040 8380 11776 9586 7307 1315 2279 5992 8289 33838 30641 350 30291 1135 29156 175051 121206 53845 2189 2190 439 660
is_linear=0
shrinkage=0.035


Tree=45
num_leaves=31
num_cat=0
split_feature=6 10 9 2 2 10 10 2 2 5 6 5 10 10 5 2 5 5 5 5 11 5 5 5 4 2 4 5 2 2
split_gain=112.796 77.8602 62.4972 59.3658 202.623 52.6488 61.0797 50.5012 69.8486 65.2986 44.8753 43.8841 44.5046 41.0207 39.2538 183.808 59.7588 38.9721 72.3771 97.0943 76.7526 64.3578 38.8833 49.4916 34.3352 31.7673 30.0603 29.9094 59.784 35.0451
threshold=79.551410675048842 0.037306053563952453 1.6862500309944155 53.078521728515632 53.113834381103523 1.4837111234664919 -6.9107091426849356 51.789367675781257 51.508155822753913 46.028558731079109 11.133986473083498 50.080970764160163 7.0411381721496591 -15.079775810241697 46.023597717285163 50.510725021362312 45.656616210937507 46.415723800659187 46.023597717285163 46.036748886108406 13.683300018310549 46.474193572998054 45.784391403198249 46.057298660278327 44.899047851562507 53.883504867553718 57.916738510131843 45.554418563842781 52.04185867309571 52.554931640625007
decision_type=2 2 2 2 2 2 2 2 2 2 2 2 2 2 2 2 2 2 2 2 2 2 2 2 2 2 2 2 2 2
left_child=5 13 3 11 -5 6 17 8 14 -10 -8 12 -3 -2 16 -16 -7 18 20 -20 -1 -19 24 -24 -12 -6 -23 -9 -29 -30
right_child=1 2 -4 4 25 7 10 27 9 -11 22 -13 -14 -15 15 -17 -18 21 19 -21 -22 26 23 -25 -26 -27 -28 28 29 -31
leaf_value=0.03503873572155055 0.023705732493084039 -0.0057011891661093647 0.0046178379915599753 0.14404640885059619 0.0073735100117163317 0.0023563309837278212 0.0021483527486520731 0.0016685778552611194 -0.0042863465855867136 -0.029052861366959885 0.0018958970912246415 0.0094861043425417835 0.0057597486505165767 -0.0058590149591919325 0.0011565336418130092 -0.019753437261862787 0.016476160116178543 -0.029819770074744758 0.065595889009686784 0.014132914915577414 0.0024688419098514145 0.0035580345620785394 0.0048594379493405769 -0.0006170359609670113 -0.0026847615778200478 -0.0061447177941613054 -0.014145964001817678 0.046170435904342604 0.00018725108793309086 0.0072073018845593669
leaf_weight=93.571556396782398 57.129967920482159 4442.4102968983352 2141.2059289067984 11.9306573420763 750.21600623428822 7595.0826174244285 6327.4918410480022 3663.2382211387157 1115.4261180311441 147.15807580947876 2280.6436126753688 284.42892050370574 456.57454542070627 6636.884648129344 6169.3077195808291 561.0599342212081 385.30764649808407 82.734738759696484 52.59972670674324 292.45858301222324 1476.8944295570254 1213.3924612998962 2412.1971772834659 12452.500432312489 16432.027871266007 296.00630932301283 129.18186245858669 43.947249561548233 1154.9423798918724 3570.6978088915348
leaf_count=345 399 33745 13099 42 5154 45820 37232 25804 6475 430 12269 2310 2306 47059 41468 1550 1325 240 110 1210 7481 8134 11360 89464 99387 2479 759 157 4322 18051
internal_value=-5.07365e-05 -0.00278834 -0.000539678 -0.00231048 0.0052388 0.000559284 -0.000174074 0.00185898 0.000701579 -0.00719507 -0.000554853 -0.00385353 -0.00463086 -0.00560285 0.00138016 -0.000587673 0.00304052 0.00437112 0.00763089 0.0221316 0.00443073 -6.70826e-06 -0.00106451 0.000271412 -0.00212605 0.00354036 0.00184194 0.00405022 0.00587736 0.00549341
internal_weight=82728.6 15076.8 8382.77 6241.57 1058.15 67651.9 43245.7 24406.2 15973.3 1262.58 39904.9 5183.41 4898.98 6694.01 14710.8 6730.37 7980.39 3340.83 1915.52 345.058 1570.47 1425.31 33577.4 14864.7 18712.7 1046.22 1342.57 8432.83 4769.59 4725.64
internal_count=519986 106593 59135 46036 7675 413393 267991 145402 97068 6905 249712 38361 36051 47458 90163 43018 47145 18279 9146 1320 7826 9133 212480 100824 111656 7633 8893 48334 22530 22373
is_linear=0
shrinkage=0.035


Tree=46
num_leaves=31
num_cat=0
split_feature=6 10 6 6 10 5 5 5 5 10 4 4 5 11 5 10 0 10 4 9 10 5 11 10 11 5 10 9 13 9
split_gain=117.91 66.8706 55.6875 54.443 53.6653 48.3906 173.619 125.348 92.8752 92.0271 127.19 54.5793 42.7489 40.6611 46.7407 38.883 33.5036 33.5389 33.0621 30.9713 29.4891 27.9678 27.323 26.6996 29.7311 27.966 41.2224 27.9244 25.9908 23.9617
threshold=91.679241180419936 1.1542325615882876 99.693408966064467 55.578407287597663 -5.5668718814849845 46.023597717285163 46.036748886108406 46.117029190063484 45.897418975830085 2.9932075738906865 57.497629165649421 61.659725189208991 46.016338348388679 61.795349121093757 45.449871063232429 4.7782890796661386 13.59999990463257 -15.079775810241697 38.262470245361335 5.2697000503540048 -0.72974395751953114 46.057298660278327 60.816049575805671 12.557685852050783 80.381748199462905 50.080711364746101 2.9398885965347294 -3.2763500213623042 1.3072453737258913 -2.6604499816894527
decision_type=2 2 2 2 2 2 2 2 2 2 2 2 2 2 2 2 2 2 2 2 2 2 2 2 2 2 2 2 2 2
left_child=1 3 23 4 28 8 9 18 13 10 -7 -11 -10 15 -15 -3 17 21 -8 -9 -19 -5 29 24 25 27 -27 -2 -1 -6
right_child=2 5 -4 16 22 6 7 19 12 11 -12 -13 -14 14 -16 -17 -18 20 -20 -21 -22 -23 -24 -25 -26 26 -28 -29 -30 -31
leaf_value=0.0037935911081406703 0.0064265173047919127 0.00033358300958438595 -0.02933623599741025 0.04487094096486488 0.0034786607933197833 -0.0073276024147708166 0.081591638864773428 0.00077529987422259895 0.017836941477704368 -0.020408250607486449 0.037591281455569406 0.0037806969962887226 0.060374568168129333 1.1054678156891045e-05 0.0070667152068164844 0.0046054139636090606 0.003977614983380888 -0.0037573563956739297 0.028255620351955335 0.016109712903413453 -0.00053782870838445034 0.005707437370577665 0.0030901996027745651 0.013183959324494421 0.014276792582649436 -0.0014961013643031375 0.031583654414571595 -0.0061857936295264858 0.02891975929866095 -0.00089943404439200663
leaf_weight=4094.7078310027719 223.78622333705425 10641.439963132143 111.04384640604258 30.071398548781872 1649.1033749803901 423.62043473124504 16.08092887699604 9092.8340296372771 226.35673821717501 884.20299735665321 93.586801558732986 130.4044477045536 32.923024713993073 1648.9770470112562 3816.5421162843704 3459.593885935843 1042.3923252373934 10056.008192390203 116.45082414150238 163.53000930696726 5342.0986860319972 83.879496857523918 2780.2805162295699 103.12955958396196 98.244593106210232 197.7333425655961 59.235084481537342 4881.3228927254677 50.375622190535069 21237.831537291408
leaf_count=21553 1356 68554 1755 131 8753 1042 37 60399 1099 2233 202 279 95 14122 17094 19981 5559 65263 390 831 37454 620 15472 675 494 2079 519 36750 242 135147
internal_value=-1.30349e-06 0.000356943 -0.00487027 -0.000482237 0.000411278 0.00162266 -0.000247607 0.00153455 0.00265318 -0.0111706 0.000832298 -0.0172919 0.0234343 0.00237651 0.00493958 0.00138235 -0.0020917 -0.00250019 0.0352304 0.00104833 -0.00264094 0.0163444 -0.000185258 -0.00437654 -0.00471137 -0.00506265 0.00617648 -0.00563063 0.00410616 -0.000583557
internal_weight=82787.8 77113.3 5674.5 46366.7 29812.3 30746.5 10920.7 9388.9 19825.8 1531.81 517.207 1014.61 259.28 19566.6 5465.52 14101 16554.5 15512.1 132.532 9256.36 15398.1 113.951 25667.2 5563.45 5460.32 5362.08 256.968 5105.11 4145.08 22886.9
internal_count=520180 476552 43628 290194 181167 186358 65413 61657 120945 3756 1244 2512 1194 119751 31216 88535 109027 103468 427 61230 102717 751 159372 41873 41198 40704 2598 38106 21795 143900
is_linear=0
shrinkage=0.035


Tree=47
num_leaves=31
num_cat=0
split_feature=6 10 9 7 5 5 9 6 6 10 2 2 5 2 5 5 10 9 7 5 5 5 5 9 2 7 7 7 7 5
split_gain=100.797 77.4911 65.6852 62.2692 62.265 168.228 60.2001 54.7891 52.6086 48.0055 43.7097 59.7334 66.4653 36.0218 33.8713 52.1206 31.9402 47.7611 46.0953 40.4563 57.1436 39.9537 29.9236 29.5643 29.2175 28.5798 26.1029 42.6731 24.7859 24.6284
threshold=92.84403228759767 1.0472377538681032 -0.56514999270439137 22.281182289123539 46.023597717285163 46.057298660278327 1.0600499510765078 60.306907653808601 99.693408966064467 -5.5668718814849845 54.076992034912116 52.506393432617195 45.554418563842781 52.120557785034187 45.745761871337898 50.080711364746101 -0.69140237569808949 -1.3484500050544737 27.69983005523682 46.681980133056648 46.057298660278327 43.508358001708991 50.069540023803718 2.1640499830245976 53.883504867553718 63.42186355590821 23.790318489074711 24.034657478332523 75.742977142333999 45.498958587646491
decision_type=2 2 2 2 2 2 2 2 2 2 2 2 2 2 2 2 2 2 2 2 2 2 2 2 2 2 2 2 2 2
left_child=1 7 10 24 6 -6 -5 9 23 26 11 13 -13 -3 25 -16 19 18 -18 20 -9 -19 -21 29 -4 -11 -1 -28 -25 -2
right_child=8 2 3 4 5 -7 -8 16 -10 14 -12 12 -14 -15 15 -17 17 21 -20 22 -22 -23 -24 28 -26 -27 27 -29 -30 -31
leaf_value=-0.0018681500196443641 -0.0096158015383451204 0.0044858504891213125 0.059318556760255631 -0.00013243459281354403 -0.012562722591621086 0.00044220973621086787 0.0040070299761503182 -0.0039070176039805128 -0.029062433518681714 -0.0005420493835847903 -0.0058898697812177605 0.0019852657799267377 0.014547980702621213 -0.0050109171277050481 0.0022512112555365935 -0.0028365100384468702 -0.0044259645100182057 0.076398825997332012 0.0146436924537072 0.0057082082750716254 -0.013445523371344885 -0.0017664370019551587 -0.0023068185440520569 0.0072064035642402354 0.00015176295499997762 -0.0038665597416685485 0.029951919434222214 0.0042159266187313154 -0.0089310316632216866 -0.0037205199512701866
leaf_weight=897.78118821978569 1249.8869845718145 2432.4756516516209 31.865104727447033 8598.4049202725291 1451.5380491316319 7561.6802981868386 8609.3006115183234 5816.8531199768186 108.3147299438715 9878.5401381552219 423.44272227585316 801.31182583421469 1456.1426025852561 611.07761041820049 9118.7638028487563 3379.4561287462711 231.5435554087162 7.2231842875480643 465.81110912561417 759.49988428503275 887.21163546293974 4030.8308998569846 2285.2236531078815 431.64384160190821 15.234458252787588 4666.7154451534152 80.089959524571896 3480.7871854007244 158.59121336042881 2868.3321078047156
leaf_count=5205 10568 15665 102 55290 3600 50467 50769 34125 1755 57583 3317 5861 6842 2707 59560 23688 1491 21 3024 5857 3877 28608 19022 2396 102 27694 211 18158 1289 21567
internal_value=-0.000108688 0.000194761 0.00151762 0.000776893 0.000703767 -0.00165233 0.00193829 -0.000725403 -0.00502189 9.35741e-05 0.0049148 0.00577996 0.0100941 0.002576 -0.000460999 0.000874863 -0.00250701 -0.000147184 0.00830413 -0.00365246 -0.00517184 -0.00160978 -0.000304214 -0.00446253 0.0406492 -0.00160932 0.00345832 0.00480333 0.00285235 -0.00551297
internal_weight=82795.6 77978.8 31992.5 26268 26220.9 9013.22 17207.7 45986.3 4816.77 31502.1 5724.45 5301.01 2257.45 3043.55 27043.5 12498.2 14484.2 4735.41 697.355 9748.79 6704.06 4038.05 3044.72 4708.45 47.0996 14545.3 4458.66 3560.88 590.235 4118.22
internal_count=520421 482846 194722 160330 160126 54067 106059 288124 37575 192099 34392 31075 12703 18372 168525 83248 96025 33144 4515 62881 38002 28629 24879 35820 204 85277 23574 18369 3685 32135
is_linear=0
shrinkage=0.035


Tree=48
num_leaves=31
num_cat=0
split_feature=6 6 10 9 7 7 10 5 5 5 10 11 7 11 7 5 5 2 10 7 5 5 11 2 5 2 9 7 7 7
split_gain=98.6909 63.2378 59.1084 65.4128 111.217 66.9823 62.246 56.0883 52.1202 51.3882 43.9392 43.3786 39.2811 47.693 41.8203 38.6038 39.3748 32.8095 32.5532 85.2384 42.3342 68.611 36.1436 72.693 58.4003 48.3727 40.729 181.37 112.402 28.0184
threshold=66.632598876953139 99.693408966064467 0.037306053563952453 1.7465500235557558 54.053018569946296 69.86682510375978 16.556191444396976 45.558958053588874 45.428865432739265 45.452220916748054 -11.258804321289061 85.897052764892592 73.779590606689467 99.997001647949233 72.941394805908217 46.036748886108406 47.499412536621101 48.924234390258796 2.7836290597915654 69.86682510375978 45.526990890502937 46.117029190063484 65.778350830078139 49.565883636474616 46.023597717285163 50.079999923706062 -0.78284999728202809 54.481985092163093 27.69983005523682 28.417278289794925
decision_type=2 2 2 2 2 2 2 2 2 2 2 2 2 2 2 2 2 2 2 2 2 2 2 2 2 2 2 2 2 2
left_child=11 2 10 4 7 8 -6 -4 -5 -7 15 18 14 -14 -12 17 -17 -2 22 29 -21 -22 26 24 -24 -25 27 -1 -28 -20
right_child=1 -3 3 5 6 9 -8 -9 -10 -11 12 -13 13 -15 -16 16 -18 -19 19 20 21 -23 23 25 -26 -27 28 -29 -30 -31
leaf_value=0.00016649674140195334 -0.035712678973094297 -0.028512442173119896 -0.002456583900907069 -0.017981248396589645 -0.0054513934997604575 0.0062161667018865354 0.054390332578062819 0.0047826581869160577 0.010107460536284741 -0.0062916141722068582 -0.0037564965440712371 0.0086257136689510735 -0.016155206985277983 0.043442275328036947 0.012629198277506318 -0.027164160163317786 0.010218557578046334 0.034888213702301024 0.012361239216844932 0.0012096295878111154 -0.018325397807708744 -0.002154616150243603 0.0062078013297064884 -0.0088111022893395501 0.024474465182192911 0.0041530408932477295 0.016272777443731068 0.0131705759771135 -0.0012240637031976562 0.0033796820103245595
leaf_weight=14105.068078629673 8.1554664596915227 107.33287483453751 2153.5398507416248 84.108253918588161 5147.5779827237129 693.25536195188761 20.567143678665161 3345.5664935112 1689.2943107783794 956.20301862061024 10562.038595370948 856.91426026076078 440.118707254529 16.274186708033085 193.36644172668457 45.336165368556976 136.11417354643345 85.39290875941515 445.23057421296835 1550.3009966462851 457.83029863983393 1079.374334461987 826.55837835371494 572.72559785097837 289.96451564878225 913.92068120092154 457.33259826153517 1448.1334837004542 24527.366692319512 9622.7254694029689
leaf_count=82948 78 1768 15425 717 36587 5725 85 22184 7790 5842 70780 4500 3301 133 1712 173 1155 491 2549 11090 1601 7523 4365 3909 725 4756 2675 7536 159009 53267
internal_value=3.24176e-06 -0.00179875 -0.00168548 -0.000165737 -0.0015171 0.00404306 -0.00520351 0.00194644 0.00876383 -0.00102998 -0.0035489 0.000813176 -0.00388862 -0.0139425 -0.00346034 0.010247 0.000761673 0.0284085 0.000694012 0.00221813 -0.00286749 -0.00698239 0.000229053 0.00422619 0.0109721 -0.000838699 -2.75312e-05 0.00137835 -0.000903002 0.00377852
internal_weight=82837.7 25684.2 25576.9 14090.1 10667.3 3422.86 5168.15 5499.11 1773.4 1649.46 11486.8 57153.4 11211.8 456.393 10755.4 274.999 181.45 93.5484 56296.5 13155.5 3087.51 1537.2 43141.1 2603.17 1116.52 1486.65 40537.9 15553.2 24984.7 10068
internal_count=520399 173946 172178 94355 74281 20074 36672 37609 8507 11567 77823 346453 75926 3434 72492 1897 1328 569 341953 76030 20214 9124 265923 13755 5090 8665 252168 90484 161684 55816
is_linear=0
shrinkage=0.035


Tree=49
num_leaves=31
num_cat=0
split_feature=9 10 7 11 0 2 10 5 7 7 7 2 5 10 5 5 2 2 7 10 5 9 5 5 2 5 5 2 10 7
split_gain=73.0614 81.2196 99.4919 56.9705 54.3511 50.9536 49.3143 43.4026 49.3209 42.6673 106.362 40.3373 38.7293 31.9847 30.9136 43.6192 30.7763 23.5394 38.6013 23.3983 21.8118 22.9864 27.6294 25.7252 21.2646 20.4899 20.5327 19.5134 18.8731 18.0515
threshold=4.7590000629425058 14.079446315765383 18.460414886474613 1.0000000180025095e-35 20.800000190734867 50.079809188842781 22.41047286987305 50.399023056030281 78.280700683593764 63.42186355590821 66.137874603271499 49.463737487792976 45.558958053588874 -5.889366388320922 45.582262039184577 45.745761871337898 48.696319580078132 47.903882980346687 69.762519836425795 -1.5203504562377927 45.45686340332032 -0.27214999496936793 45.604118347167976 45.643249511718757 47.838615417480476 98.366512298583999 92.948387145996108 49.539876937866218 -5.7159907817840567 73.779590606689467
decision_type=2 2 2 2 2 2 2 2 2 2 2 2 2 2 2 2 2 2 2 2 2 2 2 2 2 2 2 2 2 2
left_child=1 3 -3 5 7 16 9 8 -5 11 12 -2 -11 -7 -13 -16 -1 24 -19 -15 -4 23 -23 -22 -12 26 -6 -18 -9 -27
right_child=6 2 20 4 25 13 -8 28 -10 10 17 14 -14 19 15 -17 27 18 -20 -21 21 22 -24 -25 -26 29 -28 -29 -30 -31
leaf_value=0.0012620688132169147 -0.035353220106876519 -0.027311474192504216 0.0059469698291315645 -0.00014224633594441891 0.0086455093048997678 -0.00066064373000942849 -0.00944988678546522 0.0042006138976271581 -0.007736002363069731 0.013377529097755969 0.015535871705571531 -0.0067728470813404589 0.059467485175112231 0.065840139152619215 0.041170003434155181 0.0024897083577428919 0.096942392996235263 0.022356885021550674 0.0017352235255035488 0.015523284408990035 0.002216673662200156 0.039338414528557429 0.013210976005320329 0.054065524550843437 0.050657699014819244 0.010618403454724935 0.0009160068503400368 0.041778074273492567 -0.0053815398537439508 -0.018893452240904159
leaf_weight=18.636278957128525 35.2264653891325 67.851371683180332 152.88885921984911 73162.632494919002 551.96585754305124 176.53675283491611 182.51990033686161 275.5252243950963 1062.2266697585583 32.661221779882908 199.90383189544082 173.66954456269741 77.326659366488457 14.826008222997187 50.495150834321976 119.39677257835865 10.301824122667311 141.5374316200614 513.29575102031231 46.260404221713543 16.047373205423355 60.337413884699345 283.63551397621632 46.601069271564484 23.380084604024887 688.64707766473293 1778.4703913405538 42.856243766844273 2772.5392049998045 25.485203854739666
leaf_count=121 102 559 1115 464426 3080 1236 1439 1356 8037 123 1027 718 163 82 189 453 19 481 3332 287 62 200 1429 179 180 3307 9061 349 17096 148
internal_value=6.06863e-05 -8.28287e-05 0.0124535 -0.000180584 -0.000238488 0.0147891 0.00758757 -0.000419313 -0.000251097 0.00987188 0.0136979 -9.80818e-05 0.0460396 0.00688773 0.00357015 0.0141663 0.0404803 0.0096008 0.00622496 0.0285418 0.0173204 0.0215596 0.017895 0.0410902 0.0194124 0.00434758 0.00275209 0.0538772 -0.0045122 0.00953546
internal_weight=82803.7 81254.3 627.362 80626.9 80317.5 309.418 1549.41 77272.9 74224.9 1366.89 988.105 378.788 109.988 237.623 343.561 169.892 71.7943 878.117 654.833 61.0864 559.51 406.621 343.973 62.6484 223.284 3044.57 2330.44 53.1581 3048.06 714.132
internal_count=520356 512149 3544 508605 506511 2094 8207 490915 472463 6768 5306 1462 286 1605 1360 642 489 5020 3813 369 2985 1870 1629 241 1207 15596 12141 368 18452 3455
is_linear=0
shrinkage=0.035


Tree=50
num_leaves=31
num_cat=0
split_feature=6 10 6 9 7 5 5 5 2 2 2 6 2 2 10 11 4 7 7 2 10 7 6 5 6 7 4 1 5 11
split_gain=92.0546 52.4242 59.8183 58.7999 66.4703 67.0563 112.552 89.5675 58.8102 184.307 51.7577 48.7788 35.0789 57.5634 94.8826 57.3768 41.8489 205.044 34.1755 51.0163 33.6381 28.3908 28.318 33.7978 27.3024 27.2401 25.0653 24.9796 24.295 22.133
threshold=92.84403228759767 1.4837111234664919 48.874351501464851 -0.82144999504089344 34.66917800903321 45.70252990722657 46.117029190063484 45.661050796508796 53.471158981323249 53.468648910522468 52.401636123657234 99.693408966064467 50.078926086425788 49.856487274169929 -5.4341070652008048 71.000350952148452 53.411922454833991 48.710355758666999 22.281182289123539 53.883504867553718 -6.2426600456237784 23.790318489074711 11.133986473083498 44.901058197021491 44.137369155883796 34.419713973999031 39.790378570556648 96.214260101318374 46.859218597412116 1.0000000180025095e-35
decision_type=2 2 2 2 2 2 2 2 2 2 2 2 2 2 2 2 2 2 2 2 2 2 2 2 2 2 2 2 2 2
left_child=1 2 20 8 18 7 -7 -6 9 10 -3 -2 13 15 -15 -4 26 -18 19 -5 21 28 23 -22 -11 -20 -14 -23 -1 -24
right_child=11 3 12 4 5 6 -8 -9 -10 24 -12 -13 16 14 -16 -17 17 -19 25 -21 22 27 29 -25 -26 -27 -28 -29 -30 -31
leaf_value=-0.0101131754279892 -0.0041936799297614541 0.0026532981856851666 -0.0037213407170946537 0.0616256296784237 0.0015313796162886274 -0.009209060105223774 0.00017177404442150911 0.024526025322446545 -0.0020035545348018476 0.03436050159716747 0.0127577081929337 -0.028493418107116562 0.0013465923778898656 0.027727605397876526 0.0024917634255929347 0.011606031078221524 0.025331400754277748 -0.0033302766067159844 0.005776344181304763 -0.016683685377542137 0.037432234757643436 0.0057771836261004822 0.044089579246883129 0.0021025309372928744 0.069828030024495391 0.024282472716634116 -0.0039284753507111258 0.044368517840040402 0.0035818351726173668 -0.0004631633412605914
leaf_weight=272.85954388976097 4674.6871106699109 1763.1873060762882 3395.3771041706204 32.125593468546867 14431.662875086069 2039.0414678156376 6749.7937774062157 209.79023866355419 947.95487178862095 60.381795972585678 960.34530314058065 102.78347688913345 1213.9061550870538 197.27518974989653 2341.8418268188834 327.13853272795677 374.1857241615653 1654.566009759903 1241.1289371699095 14.163758508861063 32.578028552234173 2189.1992115229368 12.86625014990568 6190.5472216904163 53.72340527176857 105.42234060168266 11883.000268682837 20.020784966647625 376.07925979048014 18775.683824211359
leaf_count=1134 35663 10756 18791 101 90196 6888 44158 552 6041 133 5277 1755 6619 1526 20659 1521 1896 11311 7323 99 119 11076 58 36525 124 550 78682 109 2607 117263
internal_value=-7.08433e-06 0.000282194 -0.000409806 0.00147387 0.000853799 0.000411764 -0.00200446 0.00186266 0.00553694 0.00805827 0.00622149 -0.00472262 -0.00180218 0.000399875 0.00446332 -0.00237027 -0.00271421 0.00196057 0.00828015 0.0376393 0.000658472 0.0042551 0.000247072 0.00229339 0.0514903 0.00724395 -0.00343896 0.00614601 -0.0021711 -0.000430406
internal_weight=82643.3 77865.8 49257.1 28608.7 24823.1 23430.3 8788.84 14641.5 3785.59 2837.64 2723.53 4777.47 21387.3 6261.63 2539.12 3722.52 15125.7 2028.75 1392.84 46.2894 27869.8 2858.16 25011.7 6223.13 114.105 1346.55 13096.9 2209.22 648.939 18788.6
internal_count=519512 482094 309896 172198 149867 141794 51046 90748 22331 16290 16033 37418 141005 42497 22185 20312 98508 13207 8073 200 168891 14926 153965 36644 257 7873 85301 11185 3741 117321
is_linear=0
shrinkage=0.035


Tree=51
num_leaves=31
num_cat=0
split_feature=6 11 7 10 7 7 7 7 7 10 6 7 11 7 7 7 10 5 7 6 5 5 7 5 5 4 11 7 11 10
split_gain=78.3804 51.6664 64.6205 56.651 84.82 53.4682 53.3312 51.7549 121.307 48.948 48.6904 48.6447 47.1159 210.94 175.936 166.463 98.1823 42.3086 40.6779 40.3244 35.7107 79.9571 56.7445 34.5333 44.7579 93.3827 52.7216 42.3643 74.8355 45.6333
threshold=89.675109863281264 61.795349121093757 54.481985092163093 -1.2689077258110044 71.004535675048842 53.377611160278327 73.581996917724624 69.86682510375978 70.733211517333999 7.502749204635621 99.693408966064467 60.380186080932624 46.012449264526374 56.680021286010749 27.69983005523682 57.865306854248054 -1.0000000180025095e-35 45.452220916748054 21.560606956481937 29.924695014953617 47.163959503173835 46.369321823120124 67.228866577148452 45.558958053588874 45.596515655517585 36.839929580688484 65.778350830078139 48.710355758666999 47.834550857543952 4.5968675613403329
decision_type=2 2 2 2 2 2 2 2 2 2 2 2 2 2 2 2 2 2 2 2 2 2 2 2 2 2 2 2 2 2
left_child=1 9 5 4 -4 -3 -6 11 -9 12 23 -5 13 16 18 -15 -1 -7 -14 -16 21 22 -11 27 25 -25 -27 -2 -29 -30
right_child=10 2 3 7 6 17 -8 8 -10 20 -12 -13 14 15 19 -17 -18 -19 -20 -21 -22 -23 -24 24 -26 26 -28 28 29 -31
leaf_value=-0.0015667239619451309 -0.012998793791583394 0.0059839439982162261 -0.011347826673075044 -0.0027187622735728627 0.012019641614671586 -0.0025900457229496758 -0.0026734249512698704 -0.014166505343214493 0.0023144282925582974 0.0026859773301579079 -0.02756633323700072 0.0074092914779815685 0.041825995952970943 0.033744881919755103 0.0002239502660661177 0.0070931411812243392 0.0034695039464446198 0.031348706263385061 0.014904552150292932 -0.0022778241995680582 -0.0028063390737613297 0.047995948849062477 0.019361942593911854 0.099319739622159703 -0.002143487054529155 0.0019639409642998639 0.043174444321902476 0.019373529613620512 -0.0079654842006425253 0.0038274852356426636
leaf_weight=16498.506013400853 771.75851880013943 1688.400290466845 985.16745875030756 707.32940655201674 447.15627051889896 58.240354552865028 930.77008472383022 628.00663247704506 4208.5090995505452 1159.1206094175577 100.99857054650784 3217.0916548743844 82.325275637209415 337.41843551397324 12135.87297411263 1913.6420893520117 6653.5633154660463 190.04403822124004 424.68703397363424 22543.992450147867 506.95220416784286 57.852491453289986 318.5288295596838 13.261478185653685 3445.9648151621222 301.06548748165369 42.819154910743237 161.51713195443153 1729.7041510418057 522.13257952034473
leaf_count=98691 6251 8106 4232 3623 2958 424 6371 2563 28814 5443 1754 15745 316 1673 75433 10558 41229 576 2636 151686 3592 221 1524 31 25593 1143 133 1209 14266 3582
internal_value=-5.43409e-06 0.000324085 0.00232648 0.00129821 -0.00350895 0.00822607 0.00209381 0.00259586 0.000170994 -9.33855e-05 -0.0035244 0.00558187 -0.000273169 0.000875338 -0.00110253 0.0111017 -0.000119014 0.0233768 0.0193487 -0.00140217 0.00523454 0.00789391 0.00629399 -0.00317282 -0.000918643 0.0108582 0.00720391 -0.00586126 -0.00357232 -0.00522756
internal_weight=82782.4 75693.2 13060.7 11124 2363.09 1936.68 1377.93 8760.94 4836.52 62632.5 7089.22 3924.42 60590 25403.1 35186.9 2251.06 23152.1 248.284 507.012 34679.9 2042.45 1535.5 1477.65 6988.22 3803.11 357.146 343.885 3185.11 2413.35 2251.84
internal_count=520376 466414 73412 64306 13561 9106 9329 50745 31377 393002 53962 19368 382222 152151 230071 12231 139920 1000 2952 227119 10780 7188 6967 52208 26900 1307 1276 25308 19057 17848
is_linear=0
shrinkage=0.035


Tree=52
num_leaves=31
num_cat=0
split_feature=6 6 10 9 7 9 7 9 4 7 7 7 4 7 7 2 9 7 7 2 9 2 7 2 7 10 7 11 10 9
split_gain=85.7546 62.079 57.5914 53.1449 141.149 90.4253 70.2946 50.3103 80.4697 65.5505 49.8805 47.7891 44.9884 40.2509 117.855 38.3518 34.3979 110.298 62.8823 83.7104 73.4065 63.2924 61.2878 48.2722 40.0997 39.7234 62.5866 39.5695 37.1269 31.6405
threshold=66.632598876953139 99.693408966064467 0.4901107400655747 -2.9296500682830806 21.560606956481937 -4.3752000331878653 21.560606956481937 -0.9023500084877013 52.693721771240241 56.680021286010749 24.84964752197266 21.006519317626957 44.189352035522468 43.682548522949226 44.850858688354499 52.786775588989265 -3.0320500135421748 22.878716468811039 21.560606956481937 53.883504867553718 -0.76295000314712513 53.507390975952156 24.405713081359867 53.537023544311531 20.186177253723148 8.8588023185729998 71.315780639648452 85.897052764892592 -0.035080650821328156 -4.7622499465942374
decision_type=2 2 2 2 2 2 2 2 2 2 2 2 2 2 2 2 2 2 2 2 2 2 2 2 2 2 2 2 2 2
left_child=16 2 3 4 11 -6 12 13 -9 -10 -8 -2 -5 15 -15 -4 17 -1 19 20 -18 -22 23 28 -21 27 -27 -24 -20 -19
right_child=1 -3 7 6 5 -7 10 8 9 -11 -12 -13 -14 14 -16 -17 18 29 22 24 21 -23 25 -25 -26 26 -28 -29 -30 -31
leaf_value=-0.0044006516877326506 -0.0062852825988887924 -0.0294960983342814 -0.0037280105898500407 0.0030896069907820818 0.032276359451439751 0.0053629776713281273 -0.015575897521339437 -0.0038771995175617712 0.0094505831235494869 0.00024181864810443374 -0.0037520197996648015 -0.034024137068500562 0.050204050731221077 0.059234747985010244 0.0062992738264180054 0.0084799566757925958 0.013874599037075788 0.018111189542756864 -0.0053211681355004609 -0.031819358636338099 -0.00076274873505192335 0.07234155719727331 0.00036327699816891042 -0.013256751529325369 0.0073319793784765381 0.0092925966362435702 -0.0041458124056683613 0.010695262792652762 0.015348378500672834 0.0070327833492995874
leaf_weight=1144.5268577188253 304.8915066421032 96.914785880595446 559.97833704948425 53.709797397255898 200.93258466571569 637.9411704018712 455.22290772944689 5257.1795773133636 1178.5269696712494 4813.7906312644482 10826.130842857063 101.24622141569853 46.102766841650009 63.890866786241531 256.37297081947327 717.889378644526 225.53548105061054 390.71737037599087 349.56998536735773 55.654839813709259 19.200338453054428 56.073868989944458 49825.524754181504 701.56907525658607 73.111352153122425 1468.525191500783 595.68182626366615 457.51562794297934 152.05438474565744 1675.6908743157983
leaf_count=7749 2247 1751 3851 359 892 3328 2816 37345 6519 31211 76081 626 243 284 1638 4747 1012 1459 1902 363 106 103 308409 3592 574 6256 4775 2178 644 7408
internal_value=3.68005e-05 -0.00164798 -0.00154084 -0.00321948 0.00364129 0.0118424 -0.00397082 0.000108431 -0.000716661 0.00205512 -0.00423083 -0.0132708 0.0251472 0.00591821 0.0170027 0.00312581 0.00079022 0.00430953 0.000580688 0.0139064 0.0240026 0.0537908 0.000473454 -0.00733346 -0.00962782 0.000653138 0.00541109 0.000457594 0.000944798 0.00913708
internal_weight=82761.7 25570.7 25473.8 12626.2 1245.01 838.874 11381.2 12847.6 11249.5 5992.32 11281.4 406.138 99.8126 1598.13 320.264 1277.87 57191 3210.94 53980 429.576 300.81 75.2742 53550.4 1203.19 128.766 52347.2 2064.21 50283 501.624 2066.41
internal_count=520468 173938 172187 86592 7093 4220 79499 85595 75075 37730 78897 2873 602 10520 1922 8598 346530 16616 329914 2158 1221 209 327756 6138 937 321618 11031 310587 2546 8867
is_linear=0
shrinkage=0.035


Tree=53
num_leaves=31
num_cat=0
split_feature=6 10 5 5 5 7 7 2 5 6 9 7 7 7 2 2 6 7 11 7 7 7 7 10 5 5 2 5 5 2
split_gain=76.8816 49.5599 65.4242 146.469 97.5293 82.7329 93.7347 55.6339 64.0281 48.4453 56.3274 156.646 92.2795 68.8679 46.0206 64.553 45.415 45.0901 44.2946 204.296 148.589 41.1872 89.7668 61.1226 30.4531 29.2043 25.2482 21.2984 28.4671 100.277
threshold=93.214572906494155 4.7782890796661386 46.023597717285163 46.036748886108406 45.549871444702156 64.03334236145021 57.632680892944343 52.608695983886726 45.447542190551765 20.348541259765629 1.5200499892234804 57.632680892944343 59.565095901489265 26.097272872924808 50.894683837890632 49.666902542114265 99.693408966064467 67.648265838623061 44.35625076293946 56.680021286010749 27.158969879150394 35.942852020263679 35.319665908813484 14.079446315765383 45.447542190551765 50.079553604125984 51.59552192687989 50.080970764160163 45.679006576538093 49.666902542114265
decision_type=2 2 2 2 2 2 2 2 2 2 2 2 2 2 2 2 2 2 2 2 2 2 2 2 2 2 2 2 2 2
left_child=1 9 4 14 7 6 -6 8 -3 27 18 13 -13 -12 15 -4 25 -7 19 -11 -20 22 -5 -23 -9 -2 -16 28 -1 -30
right_child=16 2 3 21 5 17 -8 24 -10 10 11 12 -14 -15 26 -17 -18 -19 20 -21 -22 23 -24 -25 -26 -27 -28 -29 29 -31
leaf_value=0.00065267858246921811 -0.0048052330343656266 -0.002309406508582607 -0.023885421361221709 0.0021199952580844132 0.010550881315943665 0.037528470183443935 -0.013625608448707138 7.5144535404652861e-05 0.0070601562791623943 -0.0006904556730140273 0.064316381093731501 -0.019235258732850667 0.00085497328358877754 0.012226430155984725 -0.041930284002073374 0.0032823049284112968 -0.02829510455297898 0.012742943463401326 0.018781847350543512 0.015651772373658369 -0.0023264445702769628 -0.0016597324175295373 0.033426356370001534 0.015439323386051099 -0.014401099233798667 0.005415690038612927 -0.0099020617299985913 -0.00371880677136755 0.021349103799609324 0.0025853095052377571
leaf_weight=9240.1443338692188 4030.1027831658721 1482.257197342813 228.55727279186249 441.94602926820517 1605.0530057772994 191.91419470310211 222.89750616252422 345.48618452250957 2243.7702409997582 15334.593124225736 31.257958613336086 291.88307163864374 6499.6741255670786 1188.4551870897412 114.54036545753479 199.98852416872978 95.144880868494511 172.94357760250568 414.04833395034075 997.24246767163277 26554.434817105532 2664.9863977730274 149.8895862326026 282.50592193007469 364.33247992396355 372.96124105900526 42.478402882814407 881.07007046043873 371.30453237891197 5640.05997659266
leaf_count=52105 29980 12704 681 2796 6397 663 1332 2991 10313 94396 132 1311 39537 6266 290 447 1748 683 2377 5203 181006 15937 407 1506 2511 3917 99 6144 864 35098
internal_value=-9.56786e-06 0.000246319 0.0024529 -0.00100634 0.00460644 0.0106438 0.00759434 0.00161896 0.00333126 -0.000105427 -0.000631501 0.00206402 -9.58473e-06 0.0136084 -0.0172095 -0.0112083 -0.00445876 0.0258528 -0.00113041 0.000307711 -0.00200156 0.0016757 0.0100949 -1.47341e-05 -0.00735315 -0.00393705 -0.0334041 0.00156733 0.00187334 0.00374815
internal_weight=82695.9 78197.7 10753.5 4124.89 6628.65 2192.81 1827.95 4435.85 3726.03 67444.2 51311.6 8011.27 6791.56 1219.71 585.565 428.546 4498.21 364.858 43300.3 16331.8 26968.5 3539.33 591.836 2947.49 709.819 4403.06 157.019 16132.6 15251.5 6011.36
internal_count=519841 484196 59757 22163 37594 9075 7729 28519 23017 424439 330228 47246 40848 6398 1517 1128 35645 1346 282982 99599 183383 20646 3203 17443 5502 33897 389 94211 88067 35962
is_linear=0
shrinkage=0.035


Tree=54
num_leaves=31
num_cat=0
split_feature=6 9 10 7 9 7 11 7 7 5 5 6 7 5 10 6 7 7 10 7 11 7 5 0 11 7 7 7 7 5
split_gain=85.1429 55.385 64.6651 60.7341 98.1699 142.252 98.0788 92.1855 56.0306 52.9553 92.6619 43.8855 43.2899 42.8125 34.0435 41.5347 39.1344 92.2425 108.045 65.6669 66.0941 65.1221 51.4556 31.0653 27.6212 35.1385 28.9738 23.6489 29.4841 18.6236
threshold=94.375640869140639 2.1182500123977666 7.775179624557496 61.993902206420906 -0.31994999945163721 64.499298095703139 56.295450210571296 56.680021286010749 57.632680892944343 46.620765686035163 46.369321823120124 99.693408966064467 66.615390777587905 50.051733016967781 -1.2689077258110044 37.463397979736335 69.762519836425795 70.733211517333999 1.9473839402198794 68.997974395751967 77.268501281738295 67.648265838623061 45.554418563842781 20.800000190734867 74.977397918701186 59.142082214355476 40.36732482910157 69.86682510375978 67.379653930664077 50.051519393920906
decision_type=2 2 2 2 2 2 2 2 2 2 2 2 2 2 2 2 2 2 2 2 2 2 2 2 2 2 2 2 2 2
left_child=1 2 3 6 5 -5 8 -8 -1 10 12 -2 -4 -6 15 27 19 22 -19 21 -21 -16 -18 -11 26 -26 -17 28 -3 -29
right_child=11 14 9 4 13 -7 7 -9 -10 23 -12 -13 -14 -15 16 24 17 18 -20 20 -22 -23 -24 -25 25 -27 -28 29 -30 -31
leaf_value=-0.00056541502894355371 -0.0046499496835617831 0.0021640691655534718 0.0037476812500051313 -0.008798674203749024 -0.0039011547055593028 0.01167575776206253 0.0086233366992189055 -0.0023346714090232146 0.0041800673118373198 -0.0081628413083825856 0.050109712204919422 -0.029021323907036933 0.016652627541460741 0.00014811181268443256 0.0058046269326496149 0.030564391114172508 0.0053265302723561779 0.013189114539199102 -0.00064482729220361303 0.0093561797468060103 0.036851440060373268 -0.010985703302224164 -0.020600904354761102 0.010755264692430596 -0.025095338526938422 0.0080439379056170927 -0.010522952099379871 0.014066428911939785 -0.027025653248339065 -0.00036982535808315899
leaf_weight=40026.982416860759 3568.270867228508 203.53186979144812 1250.2593355551362 598.63666843622923 12785.356923095882 1353.9916658774018 3068.8371583521366 1354.1481572017074 3298.1641826704144 438.83599215000868 62.836955994367599 92.235228700563312 427.84292063862085 4261.1753283292055 3269.0430521965027 20.772850789129734 128.64159848541021 946.5888480246067 2558.045433588326 350.53361795097589 154.6424268335104 308.78794841468334 338.57032280415297 139.25715455412865 45.378461673855782 257.00777308642864 773.89567902684212 325.21030578017235 52.607179649174213 163.34561049938202
leaf_count=251190 27876 865 5729 3091 76681 7452 18034 9120 23225 3558 219 1745 2082 35076 14744 90 724 5788 17752 1481 417 1655 1074 543 147 1633 4618 1602 207 1274
internal_value=-5.43624e-05 0.000187483 -0.000163315 -0.000363064 -0.00203677 0.00539409 0.000302787 0.00526702 -0.000203929 0.00558105 0.00862898 -0.00527216 0.00704842 -0.00288858 0.00263615 -0.00165362 0.00361795 0.0011419 0.00309183 0.00602418 0.0178317 0.00435143 -0.0134502 -0.00358499 -0.00598513 0.00299461 -0.00941046 0.00471756 -0.00386931 0.00923274
internal_weight=82623.4 78962.9 69066.3 66747.3 18999.2 1952.63 47748.1 4422.99 43325.1 2319.03 1740.94 3660.51 1678.1 17046.5 9896.6 1841.75 8054.85 3971.85 3504.63 4083.01 505.176 3577.83 467.212 578.093 1097.05 302.386 794.669 744.695 256.139 488.556
internal_count=519692 490071 436000 423869 122300 10543 301569 27154 274415 12131 8030 29621 7811 111757 54071 10436 43635 25338 23540 18297 1898 16399 1798 4101 6488 1780 4708 3948 1072 2876
is_linear=0
shrinkage=0.035


Tree=55
num_leaves=31
num_cat=0
split_feature=6 10 7 7 5 5 10 5 10 2 7 6 5 5 5 10 9 7 5 5 6 4 7 4 7 9 5 4 7 5
split_gain=83.7187 49.3438 52.1172 89.1301 66.9349 111.328 86.6021 77.7105 57.8328 55.4938 51.3152 47.9629 45.7126 41.8983 258.178 170.243 93.4495 57.1267 46.743 40.2814 39.1891 38.8113 53.7641 28.0336 28.4997 24.4164 23.9465 32.4341 90.7852 39.152
threshold=92.84403228759767 1.0472377538681032 28.417278289794925 24.034657478332523 46.023597717285163 46.090986251831062 3.3292797803878789 46.016338348388679 14.079446315765383 53.917564392089851 24.405713081359867 77.61740875244142 45.610874176025398 46.023597717285163 46.036748886108406 -2.9991496801376338 -4.7622499465942374 35.788860321044929 46.181444168090827 45.967329025268562 99.693408966064467 46.895202636718757 22.281182289123539 56.839122772216804 73.581996917724624 -4.7622499465942374 45.496656417846687 50.000158309936531 64.699142456054702 45.45686340332032
decision_type=2 2 2 2 2 2 2 2 2 2 2 2 2 2 2 2 2 2 2 2 2 2 2 2 2 2 2 2 2 2
left_child=1 11 3 21 7 6 -6 12 -7 10 -5 13 -4 16 15 -15 17 -1 -16 -18 23 25 -23 -2 -25 -3 27 28 -13 -29
right_child=20 2 4 9 5 8 -8 -9 -10 -11 -12 26 -14 14 18 -17 19 -19 -20 -21 -22 22 -24 24 -26 -27 -28 29 -30 -31
leaf_value=0.034159706124762268 -0.0050160207493342782 0.0045594275108604733 0.0015857408396274114 0.045671004935292941 0 -0.00013278508235922522 -0.016773998083020547 0.055288728978407149 0.015676940178530125 -0.00073792971723249769 0.01767976012612452 -0.0051987275919424146 0.0064622042980028204 0.057236573012516556 -0.007436200387205368 0.013706297064501738 -0.00083493618466780556 -0.0006984387970512025 0.0010164513562563532 -0.01075651780234144 -0.027064583336833085 0.039287950429708902 -0.008999963497702863 0.0092229340521154373 -0.0064924453700216612 -0.012189058118703008 -0.0019067993395280138 -0.0067529029320006944 0.038079986411173841 -0.022758255603082041
leaf_weight=148.92412161827087 4039.1995130479336 173.68292343616486 17788.670518584549 109.11325248330832 647.09739995002747 8624.9996787905693 902.75267538428307 33.086060583591461 292.24787053465843 134.50864500552416 311.71688436716795 466.79874969273806 2715.2842595800757 137.02029937505722 849.03176491707563 554.98191663622856 23062.912780731916 92.912332743406296 14039.971494868398 511.78133618086576 91.158540399745107 61.066375009715557 51.171081274747849 363.40186631679535 229.84298517554998 272.1185662522912 4775.5740650519729 879.15717843174934 67.207927465438843 238.44528000801802
leaf_count=699 32073 1289 110626 255 1576 57511 2315 93 1523 824 1984 3651 14341 298 3662 1304 134688 304 100533 1890 1771 260 227 1810 1887 1758 32513 6932 424 961
internal_value=0.000100312 0.000374613 0.00142654 0.00886484 0.00115898 -0.00111844 -0.00977423 0.00232005 0.000385927 0.0187817 0.0250268 -0.000362522 0.00223209 9.4676e-05 0.00150594 0.0223918 -0.000828314 0.0207804 0.000533603 -0.00105098 -0.00442362 -0.00100425 0.0173028 -0.00397198 0.00312194 -0.00565175 -0.00316582 -0.00679931 0.000283883 -0.0101878
internal_weight=82665.8 77942.2 32117.5 1113.38 31004.1 10467.1 1549.85 20537 8917.25 555.339 420.83 45824.7 20504 39397.5 15581 692.002 23816.5 241.836 14889 23574.7 4723.6 558.039 112.237 4632.44 593.245 445.801 6427.18 1651.61 534.007 1117.6
internal_count=519982 482441 194582 6597 187985 62925 3891 125060 59034 3063 2239 287859 124967 243378 105797 1602 137581 1003 104195 136578 37541 3534 487 35770 3697 3047 44481 11968 4075 7893
is_linear=0
shrinkage=0.035


Tree=56
num_leaves=31
num_cat=0
split_feature=6 5 10 11 5 5 4 5 7 10 7 2 4 5 10 10 4 7 9 10 7 11 6 9 7 2 2 2 7 5
split_gain=62.9862 67.3177 44.077 60.9164 89.1596 134.789 71.3862 87.853 62.671 39.3578 44.4163 67.3647 50.4631 34.9966 71.2001 85.0661 95.2669 80.191 49.7246 29.978 39.7526 35.5116 36.6754 37.7312 95.1701 32.0997 51.4751 46.2733 44.6311 106.8
threshold=68.672176361083999 50.080711364746101 -0.72974395751953114 39.130750656127937 46.181444168090827 45.558958053588874 55.264753341674812 45.70252990722657 54.053018569946296 -11.258804321289061 74.040325164794936 47.838615417480476 72.498649597167983 50.081499099731452 -2.725619792938232 3.8988591432571416 43.237737655639656 30.715738296508793 0.36595000326633459 4.7782890796661386 71.837898254394545 66.488849639892592 19.544479370117191 -3.4302499294281001 22.878716468811039 49.565883636474616 50.079999923706062 50.664962768554695 70.733211517333999 46.023597717285163
decision_type=2 2 2 2 2 2 2 2 2 2 2 2 2 2 2 2 2 2 2 2 2 2 2 2 2 2 2 2 2 2
left_child=19 2 9 4 5 -4 8 -8 -5 -2 11 -11 -12 14 17 16 -16 -3 -19 21 -21 22 -1 24 -24 28 -27 -28 -23 -30
right_child=1 13 3 6 -6 -7 7 -9 -10 10 12 -13 -14 -15 15 -17 -18 18 -20 20 -22 25 23 -25 -26 26 27 -29 29 -31
leaf_value=0.0015437953856982831 0.010220664832718836 -0.0039772362928898039 -0.0047293170247776108 -0.00024264920426614436 -0.0069416758736498959 0.026840847231933043 0.0068212988182068304 -0.0055886509967508751 -0.0059858622135350575 0.028581597236359054 -0.020408739591133877 -0.0043952982934349532 0.044220654178588677 0.00084059607142300985 0.10790786851751628 0.03119583278896659 -0.0014619685545670311 0.073417468510408895 0.0085424846785653666 0.0038932712217570132 -0.0024641754451758344 -0.0040851603540804794 -0.0053737426631766888 -0.00083259599188703496 0.011974971102890307 -0.0059073945209973215 0.014231798743565637 0.00044004356047302795 0.0054266611301485362 0.031842424019217982
leaf_weight=14515.863699734211 224.60859494656324 41.228466838598251 271.12874457612634 4629.3866629283875 359.54332174360752 422.92446153238416 2212.3965851552784 1019.9810776114464 4685.6888539046049 75.843363996595144 307.27670136839151 7268.4976442679763 14.745735578238962 1448.392616417259 9.1147084906697255 131.71700419485569 608.3834571428597 55.147615451365709 20.17718518525362 6250.8782021179795 1490.5011772215366 309.87931513786316 666.23152226209641 31463.508317358792 922.10220336169004 823.59422333538532 456.97275834530592 857.21000923961401 915.67382515966892 235.46983802318573
leaf_count=85410 1558 431 1721 32396 2811 2309 13526 5674 34167 406 2392 49024 119 8674 90 1152 6150 566 214 31203 11322 921 4464 202304 3727 5627 2334 4178 5109 578
internal_value=2.42518e-05 -0.00149493 -0.0021059 -0.000897849 0.00718107 0.0145068 -0.0015772 0.00290274 -0.00313263 -0.00418693 -0.00461098 -0.00405072 -0.0173254 0.00417502 0.00973936 0.00575088 0.000278616 0.035104 0.0564038 0.000638322 0.0026682 0.000331033 7.72354e-05 -0.000566665 0.00469455 0.00368293 0.000945708 0.00524683 0.00768056 0.0108545
internal_weight=82714.1 23806.2 21492 13601 1053.6 694.053 12547.5 3232.38 9315.08 7890.97 7666.36 7344.34 322.022 2314.16 865.768 749.215 617.498 116.553 75.3248 58907.9 7741.38 51166.5 47567.7 33051.8 1588.33 3598.8 2137.78 1314.18 1461.02 1151.14
internal_count=520557 163380 146103 92604 6841 4030 85763 19200 66563 53499 51941 49430 2511 17277 8603 7392 6240 1211 780 357177 42525 314652 295905 210495 8191 18747 12139 6512 6608 5687
is_linear=0
shrinkage=0.035


Tree=57
num_leaves=31
num_cat=0
split_feature=6 6 10 7 11 9 2 11 7 2 2 4 10 7 11 11 2 2 10 6 11 7 7 7 10 10 7 7 10 10
split_gain=68.4842 52.303 54.9197 53.8604 97.2707 81.2638 48.0216 46.7692 43.4751 60.1102 306.738 64.7646 42.2748 39.2788 38.7933 26.6397 42.1633 78.1281 27.8855 27.1144 26.1063 25.3387 65.7922 23.7049 23.1474 20.2736 18.9586 18.4959 15.0154 12.7228
threshold=99.358459472656264 66.632598876953139 -0.6548396348953246 54.053018569946296 61.795349121093757 0.56814998388290416 50.08058166503907 40.72254943847657 73.705352783203139 50.953025817871101 50.894683837890632 40.531728744506843 1.4478771686553957 69.762519836425795 99.997001647949233 85.897052764892592 50.664962768554695 50.434299468994148 9.9290294647216815 28.732686042785648 1.0000000180025095e-35 71.315780639648452 70.530574798583999 79.546710968017592 -15.079775810241697 -5.889366388320922 90.347183227539077 63.030187606811531 -5.4341070652008048 8.4382386207580584
decision_type=2 2 2 2 2 2 2 2 2 2 2 2 2 2 2 2 2 2 2 2 2 2 2 2 2 2 2 2 2 2
left_child=1 15 8 5 6 7 -5 -4 9 10 -3 -11 -7 -6 24 18 17 27 20 -19 25 22 -20 -22 -10 -1 -23 -17 -16 -2
right_child=29 2 3 4 13 12 -8 -9 14 11 -12 -13 -14 -15 28 16 -18 19 21 -21 23 26 -24 -25 -26 -27 -28 -29 -30 -31
leaf_value=0.0068123981183273712 -0.017670631584551757 -0.00033305589761186403 0.0060447460902850088 -0.00022464190634720422 0.0071896682566556349 0.021088531657247667 -0.0070171591235571543 -0.0012814229005295161 0.027854632980058171 0.0038294400198265474 0.1175234089280718 -0.0070607883689638535 0.0066216265076639441 -0.00044451668802369211 0.064367549596946336 -0.012163334841186521 -0.0044166804152112448 0.0097340836779591967 0.0059627870842663289 0.054618787638172246 0.00059902827662512009 -0.0053097179672536967 0.041024091878923308 -0.0077297267112665796 -0.018125513475744499 0.032760560411376372 0.02941410576647727 0.0092279860827823787 0 0.016793497217773904
leaf_weight=158.47678998112679 299.54211938194931 3951.1540871411562 1430.311221472919 2012.024238742888 1520.3021206781268 326.86300459504128 3490.4122066348791 4197.4440929815173 13.086838506162165 796.10843680053949 26.437807165086269 4148.8149282336235 1027.8752070143819 1801.9322653487325 9.2259150370955485 54.791311986744404 272.38105414807796 23.298348352313042 933.99662639945745 63.142549604177475 54375.514459162951 289.49894015491009 69.872078694403172 420.95548883825541 386.48868913948536 47.997025437653065 19.797020308673382 441.74478254467249 8.2161533758044225 12.905213784426449
leaf_count=1030 3588 30210 9368 14612 7460 2020 25102 30066 109 3978 80 25470 5825 12579 72 239 1341 67 4315 146 330157 2334 164 3097 3074 271 173 2662 65 95
internal_value=0.000148259 0.000210497 -0.00111961 0.000137256 -0.00167953 0.0024343 -0.00453507 0.000579896 -0.00324744 -0.00272948 0.000472014 -0.00530576 0.0101277 0.00304778 -0.0142866 0.000795672 0.00692408 0.0122335 0.000702369 0.0428015 0.000581843 0.00574193 0.00844084 0.000534806 -0.0165494 0.0129813 -0.00299444 0.00683767 0.03562 -0.0161855
internal_weight=82630.6 82318.2 25146.7 15807.2 8824.67 6982.49 5502.44 5627.76 9339.53 8922.52 3977.59 4944.92 1354.74 3322.23 417.018 57171.5 855.358 582.977 56316.1 86.4409 55002.9 1313.16 1003.87 54796.5 399.576 206.474 309.296 496.536 17.4421 312.447
internal_count=519769 516086 170090 107032 59753 47279 39714 39434 63058 59738 30290 29448 7845 20039 3320 345996 4455 3114 341541 213 334555 6986 4479 333254 3183 1301 2507 2901 137 3683
is_linear=0
shrinkage=0.035


Tree=58
num_leaves=31
num_cat=0
split_feature=6 0 11 10 7 6 7 5 10 5 5 5 5 6 7 7 10 7 10 5 5 10 10 6 6 5 5 4 6 7
split_gain=61.3138 54.6353 47.22 59.7777 91.0476 54.3027 68.195 44.5156 39.1273 37.4537 88.7128 32.3419 24.5294 22.6445 21.0502 20.756 19.7223 9.87731 13.1386 9.74886 15.3868 24.3263 14.4191 12.3457 8.62134 13.0348 37.6021 10.2662 8.17479 7.92771
threshold=99.358459472656264 28.000000000000004 78.74444961547853 14.079446315765383 18.460414886474613 72.523471832275405 75.94882965087892 91.718109130859389 8.4382386207580584 46.369321823120124 46.284826278686531 47.163959503173835 45.438236236572273 90.491043090820327 80.626018524169936 28.017315864562992 8.0838499069213885 76.706653594970717 -0.50378695130348194 92.483322143554702 97.33469390869142 -6.6548156738281241 -0.035080650821328156 12.692308425903322 99.693408966064467 46.284826278686531 46.474193572998054 43.237737655639656 15.526998519897463 33.602645874023445
decision_type=2 2 2 2 2 2 2 2 2 2 2 2 2 2 2 2 2 2 2 2 2 2 2 2 2 2 2 2 2 2
left_child=1 2 3 5 -5 7 -7 -1 9 10 -4 -11 14 -6 -10 -14 24 19 -19 23 22 -22 -21 -3 27 -26 -27 29 -25 -2
right_child=16 17 8 4 13 6 -8 -9 12 11 -12 -13 15 -15 -16 -17 -18 18 -20 20 21 -23 -24 28 25 26 -28 -29 -30 -31
leaf_value=0.00042545655223928029 -0.003366477763957397 -0.023004302300990893 0.0094252175184749293 -0.02702966248922592 0.013790685742627573 -0.0016503634032319784 -0.015965096013589818 -0.0037236692132293827 -0.024336045432291793 -0.031834589932070854 0.059033553273371363 0.002181983601658066 -0.041903410988281889 0.038845476775959523 -0.0034937640359187809 0.0042155141809229399 0.022742827107391124 0.02807692487176186 -0.019479971135577315 0.0090297992748513741 -0.025995363219766195 0.01006052653335876 -0.00082449233369535728 0.0455545835873713 -0.034194447650011839 0.12865067851445897 -0.018558135479858691 -0.016065864064346694 0.013254002797584931 0.04317238977612721
leaf_weight=55063.878608353436 15.70849519222975 10.234640687704085 1049.9636651054025 66.472049005329609 441.65529251098633 18671.747539401054 416.13837193697691 3360.0107453614473 81.398967713117599 37.152134761214256 45.413991093635559 347.80432140827179 11.405706346035002 49.164676629006863 218.82758843153715 541.53182822465897 14.948537725955246 7.986311972141265 35.927642308175564 258.19604285806417 22.804642245173454 739.54960212111473 607.21327957510948 9.665604539215563 65.990066753700376 1.6135024111717964 16.983868263661861 194.15604997426271 208.04713740944862 5.3028127998113623
leaf_count=339220 126 63 4432 555 2336 129914 3253 19654 686 112 70 2612 47 267 1908 2322 104 26 159 1180 67 3299 2939 60 1219 19 480 1770 1108 22
internal_value=-3.41257e-05 2.48238e-05 -0.000113729 -0.000260479 0.0111529 -0.000342743 -0.00196346 0.000186669 0.0047913 0.00823106 0.0115299 -0.00114202 -0.00117098 0.0163738 -0.00921754 0.00319239 -0.0154339 0.00589041 -0.010327 0.00628224 0.00532069 0.00894668 0.00211309 0.0130754 -0.0174165 -0.0269757 -0.00064631 -0.0135402 0.0148816 0.00921071
internal_weight=82616.9 82302.2 80402.6 78069.1 557.292 77511.8 19087.9 58423.9 2333.5 1480.33 1095.38 384.956 853.164 490.82 300.227 552.938 314.703 1899.62 43.914 1855.71 1627.76 762.354 865.409 227.947 299.755 84.5874 18.5974 215.167 217.713 21.0113
internal_count=520029 516289 507388 495199 3158 492041 133167 358874 12189 7226 4502 2724 4963 2603 2594 2369 3740 8901 185 8716 7485 3366 4119 1231 3636 1718 499 1918 1168 148
is_linear=0
shrinkage=0.035


Tree=59
num_leaves=31
num_cat=0
split_feature=6 0 10 6 5 5 10 5 5 5 6 5 11 7 5 6 10 5 5 5 2 5 6 4 7 7 2 9 9 5
split_gain=60.755 51.4326 43.6066 53.7376 50.7182 110.296 102.383 87.7116 78.4482 52.2106 39.1911 33.621 32.2533 176.397 42.9183 31.1098 28.677 26.746 20.7385 20.2008 24.9466 19.1466 18.4433 18.2101 27.0341 22.448 19.3087 30.9932 19.1064 16.9965
threshold=94.375640869140639 28.000000000000004 0.79934075474739086 13.894002437591555 46.023597717285163 46.036748886108406 3.1607775688171391 46.016338348388679 46.117029190063484 45.610874176025398 59.896903991699226 43.508358001708991 21.875050544738773 21.560606956481937 46.023597717285163 99.693408966064467 -3.8525112867355342 45.679006576538093 50.079553604125984 50.080192565917976 50.080711364746101 46.028558731079109 96.696147918701186 56.839122772216804 73.581996917724624 72.813034057617202 47.838615417480476 1.2834500074386599 -3.2763500213623042 46.395015716552741
decision_type=2 2 2 2 2 2 2 2 2 2 2 2 2 2 2 2 2 2 2 2 2 2 2 2 2 2 2 2 2 2
left_child=1 2 3 11 7 6 -6 9 -7 -4 -9 16 13 -5 -14 18 -1 -13 23 -20 -21 -17 -22 26 25 -25 27 -2 -28 -23
right_child=15 -3 4 12 5 8 -8 10 -10 -11 -12 17 14 -15 -16 21 -18 -19 19 20 22 29 -24 24 -26 -27 28 -29 -30 -31
leaf_value=-0.0025974484200913571 0.048514078926079396 0.0057999988039546231 0.0010800168751150699 -0.0084722808868369359 0.0010655624931796832 0.024717993339390069 -0.016747388160714981 0.024933526268557452 5.7896563060837067e-06 0.0058680203409197948 0.099729873930065466 -0.00014515993335399661 -0.0025321964474710281 0.015366705079693883 8.1593149598035646e-06 -0.035849903690149919 0.057564003588303325 0.0039938122255045432 0.018368603272925822 -0.020723010301269867 0.019499076632476211 0.039978038751576593 -0.0047180394738646292 0.0048774828040253574 -0.010087977083557641 0.03609140436530088 0.0065950858252543229 -0.012401680155703587 -0.0068418943578864985 -0.018699553302737888
leaf_weight=15.633688494563101 19.665062919259071 1895.3426817879081 19227.793293587863 746.42158724367619 669.53248307108879 159.32773568481207 961.34046886861324 22.850852131843567 9139.2968042641878 3264.2003871947527 14.104355067014692 4262.6361143440008 21163.373310096562 773.10402929037809 13236.611189775169 60.593356613069773 23.635361857712269 3463.510856680572 91.641614727675915 57.621840849518776 68.81335274130106 8.0316118430346268 84.985366933047771 230.886952675879 143.39385574311018 31.58315347880125 135.15947963297367 19.671318255364895 2648.1094086244702 18.376919250935316
leaf_count=46 88 8870 120595 4850 1631 499 2481 63 63293 17492 40 23447 127219 3304 95327 1187 68 21241 952 616 725 77 941 1095 1179 155 769 146 21200 510
internal_value=-9.77958e-05 0.00010517 -3.47144e-05 -0.000763048 0.000916019 -0.00103996 -0.0094333 0.00186524 0.000432065 0.00177538 0.0551741 0.00187657 -0.00133393 0.00365361 -0.00155452 -0.00453211 0.0338643 0.00170959 -0.00401711 0.00471597 -0.00121581 -0.0251302 0.00611685 -0.00484003 0.00207586 0.00875832 -0.00583725 0.0182369 -0.00618515 0
internal_weight=82657.2 79038.7 77143.4 43684.9 33458.4 10929.5 1630.87 22528.9 9298.62 22492 36.9552 7765.42 35919.5 1519.53 34400 3618.53 39.2691 7726.15 3531.53 303.062 211.421 87.0019 153.799 3228.47 405.864 262.47 2822.61 39.3364 2783.27 26.4085
internal_count=520106 490466 481596 275502 206094 67904 4112 138190 63792 138087 103 44802 230700 8154 222546 29640 114 44688 27866 3234 2282 1774 1666 24632 2429 1250 22203 234 21969 587
is_linear=0
shrinkage=0.035


Tree=60
num_leaves=31
num_cat=0
split_feature=6 9 6 5 0 5 6 11 7 7 2 5 2 7 7 7 2 6 5 5 7 4 13 5 5 2 9 9 5 5
split_gain=58.2937 35.5127 42.0336 35.67 32.3387 30.7506 30.5395 30.3122 212.26 158.783 29.7589 27.8805 144.831 27.6804 65.9525 102.127 66.5585 38.6053 29.5812 25.0434 23.4706 23.4401 20.1867 18.9947 29.5028 48.3211 34.8976 33.4485 29.1606 17.4482
threshold=94.375640869140639 2.2117999792099003 27.532454490661625 50.080970764160163 28.000000000000004 45.419452667236335 99.693408966064467 46.012449264526374 48.710355758666999 27.69983005523682 50.562658309936531 46.057298660278327 49.95216369628907 73.829555511474624 71.087303161621108 69.762519836425795 49.336395263671882 38.663455963134773 50.079301834106452 45.549871444702156 79.115924835205092 49.095163345336921 4.8809523582458505 50.069395065307624 46.057298660278327 53.507390975952156 -1.0988499522209165 -3.6045500040054317 46.016338348388679 46.028558731079109
decision_type=2 2 2 2 2 2 2 2 2 2 2 2 2 2 2 2 2 2 2 2 2 2 2 2 2 2 2 2 2 2
left_child=1 2 3 11 7 10 23 8 -4 -9 -3 19 -13 14 15 -7 -16 20 -19 -1 -15 -5 -23 24 27 -26 -27 -2 -29 -8
right_child=6 5 4 21 -6 13 29 9 -10 -11 -12 12 -14 17 16 -17 -18 18 -20 -21 -22 22 -24 -25 25 26 -28 28 -30 -31
leaf_value=0.0021779887497265799 0.027802254062844901 -0.00016302241998251746 -0.0012011888359424519 -0.00014041676573257983 0.0045212202803783441 0.0042844980594471454 -0.035741523241692837 0.02135786005656445 0.01000588210233349 -0.0018313187129381425 -0.014749780143014243 0.035729176666981582 0.0026740988038251061 0.0092874619547177305 0.019422686976452191 -0.0099642617410273925 0.0036725598127242132 -0.0075938652902197016 0.0035667309141526817 -0.00068229017053569386 -0.0035921101457061897 -0.010581500793979832 0.021069306660009078 0.0021918542928984065 -0.021219357260310493 -0.0030654817821950398 0.049659124971510316 -0.0049071742396691641 0.011526745821254 -0.00041903758389080846
leaf_weight=7607.6430005803704 40.385916002094746 660.04476413875818 15402.450539939106 769.59326761215925 1425.0294080153108 4179.3061573058367 57.769836155697703 365.56820419430733 2390.8367148116231 28271.613497197628 231.07950381934643 166.74106758087873 5326.5906834676862 579.82654981315136 613.98818074911833 721.75743968039751 710.13395138829947 940.01223393529654 419.60873689502478 7388.2643137872219 245.6364293769002 597.84123525768518 24.880346961319447 535.68435144424438 304.04526559263468 140.0803369358182 16.448163479566574 2353.6336801499128 139.16030231118202 24.810870099812746
leaf_count=49377 213 5523 97292 5132 6818 17871 1172 2188 14104 190463 1999 366 36309 3455 3345 2810 4488 5794 3341 33762 1729 4253 132 5913 2040 865 114 18349 426 567
internal_value=-1.66172e-05 0.000182024 -8.88354e-05 0.00118178 -0.000669969 0.00221337 -0.0043643 -0.000829522 0.000304664 -0.00153446 -0.00396323 0.00155045 0.00368376 0.00286897 0.00405858 0.00218344 0.0109884 -0.000517226 -0.00414424 0.000768343 0.0054466 -0.00423629 -0.00928028 -0.00386641 -0.00495307 -0.0130999 0.00265472 -0.00346541 -0.00398354 -0.0253189
internal_weight=82650.5 79038.4 69737.1 21881.6 47855.5 9301.39 3612.02 46430.5 17793.3 28637.2 891.124 20489.2 5493.33 8410.27 6225.19 4901.06 1324.12 2185.08 1359.62 14995.9 825.463 1392.31 622.722 3529.44 2993.75 460.574 156.529 2533.18 2492.79 82.5807
internal_count=520210 490551 440196 129331 310865 50355 29659 304047 111396 192651 7522 119814 36675 42833 28514 20681 7833 14319 9135 83139 5184 9517 4385 27920 22007 3019 979 18988 18775 1739
is_linear=0
shrinkage=0.035


Tree=61
num_leaves=31
num_cat=0
split_feature=6 10 0 5 4 5 7 7 5 7 6 7 10 5 10 4 2 2 10 7 7 0 7 7 7 4 7 4 2 7
split_gain=64.8239 42.3943 39.3298 35.8987 69.6499 54.0403 40.9791 48.9753 40.5882 64.6626 35.805 35.2426 34.0099 32.1821 37.3144 32.9964 36.7937 83.9793 34.4689 44.351 34.6002 29.3684 28.9807 62.079 40.7099 23.7898 28.6583 85.9235 22.5739 22.1494
threshold=83.469596862792983 4.5968675613403329 28.000000000000004 46.023597717285163 50.534082412719734 50.079301834106452 69.650360107421889 46.043565750122077 45.549871444702156 48.710355758666999 99.693408966064467 49.986120223999031 14.079446315765383 91.718109130859389 -5.889366388320922 62.830423355102546 50.664962768554695 50.434299468994148 14.079446315765383 18.460414886474613 79.115924835205092 20.800000190734867 64.03334236145021 55.979778289794929 67.648265838623061 59.670026779174812 38.938592910766609 50.249008178710945 51.176471710205085 40.735153198242195
decision_type=2 2 2 2 2 2 2 2 2 2 2 2 2 2 2 2 2 2 2 2 2 2 2 2 2 2 2 2 2 2
left_child=2 10 13 8 6 12 7 -5 9 -3 25 -11 -6 15 -15 18 17 -17 20 -20 -1 -16 23 -10 -24 26 27 -2 -18 -28
right_child=1 3 -4 4 5 -7 -8 -9 22 11 -12 -13 -14 14 21 16 28 -19 19 -21 -22 -23 24 -25 -26 -27 29 -29 -30 -31
leaf_value=0.00040387602501724886 -0.0025643408730812575 -0.022501545384177729 0.0056030937366432759 0.021569560614734327 -0.021106384489237115 0.0051066998487841377 0.061679458236546685 -0.018417636282574874 0.017858034575742119 0.043632011643388043 -0.027725450112860959 0.0035858260646945842 0.032720761356368214 0.0093724062001080983 -0.0057758918372024593 0.0045036730528655797 -0.01900482742721557 0.029091017031837824 -0.021500155958089958 0.014061284277220677 -0.0091202620915555623 0.001166087343364558 0.055870702729188641 -0.016997776205963294 0.0032723764194335886 0.0047144399860094104 -0.013622690394379763 0.018340556399747573 0.00030885008980519957 -0.0044583508224346462
leaf_weight=62475.219308838248 3089.3608964011073 119.76050169020891 1794.6381597369909 112.88026655837893 329.88993859291077 173.62219794094563 19.095418527722359 55.12054443731904 283.49485573917627 27.170547232031822 72.273069621995091 758.48555143550038 14.24026247859001 287.01183499395847 2521.0749296024442 1259.4398513734341 89.068882055580616 196.28726390749216 47.390473499894142 391.17935595661402 469.93536636978388 1057.9341077655554 43.220718450844288 79.385246992111206 31.202796839177608 451.25613287836313 344.13308670371771 260.37890131771564 419.49514973908663 5377.2689437717199
leaf_count=386741 22750 961 8299 740 1489 1348 60 333 1177 228 1617 5288 37 1373 15542 7113 374 519 403 2055 3756 5903 169 503 132 2487 2472 1623 2146 42642
internal_value=9.15867e-05 -0.00232896 0.000488569 0.00224026 -0.00414735 -0.0107662 0.0140995 0.00838331 0.00559906 0.0013576 -0.0033049 0.00502263 -0.018788 0.000355791 -0.00274645 0.000539459 0.00500641 0.00783794 0.000400854 0.0101705 0.000332545 -0.00372213 0.0143463 0.010193 0.0341807 -0.00311651 -0.00350722 -0.0009333 -0.0030845 -0.00501262
internal_weight=82650.9 11642.2 71008.7 2047.57 704.849 517.752 187.096 168.001 1342.72 905.417 9594.67 785.656 344.13 69214 3866.02 65348 1964.29 1455.73 63383.7 438.57 62945.2 3579.01 437.304 362.88 74.4235 9522.4 9071.14 3349.74 508.564 5721.4
internal_count=520280 86056 434224 12465 4007 2874 1133 1073 8458 6477 73591 5516 1526 425925 22818 403107 10152 7632 392955 2458 390497 21445 1981 1680 301 71974 69487 24373 2520 45114
is_linear=0
shrinkage=0.035


Tree=62
num_leaves=31
num_cat=0
split_feature=6 6 10 4 4 2 10 2 2 10 0 1 10 2 4 6 10 6 10 6 10 6 2 1 13 6 6 2 2 9
split_gain=49.2526 43.4391 40.3457 39.3154 59.382 40.4612 39.1978 33.8884 49.0974 31.2853 29.4125 43.6534 29.2874 37.5129 21.9583 18.9509 19.9211 19.5109 16.795 18.6209 15.2391 26.2073 15.5101 13.2273 12.7917 35.0118 11.2267 10.6467 14.9852 10.5895
threshold=99.693408966064467 72.523471832275405 1.0000000180025095e-35 47.032857894897468 52.693721771240241 50.998905181884773 7.0411381721496591 53.883504867553718 52.813299179077156 -1.0000000180025095e-35 20.800000190734867 50.200565338134773 -12.683357715606688 53.48540115356446 51.829992294311531 6.0266718864440927 -7.1923861503601065 0.43134848773479467 -4.838106393814086 58.735633850097663 -2.5692464113235469 28.326513290405277 0.83801758289337169 2.7069789171218877 6.066176414489747 26.709086418151859 45.742458343505866 50.717582702636726 49.107086181640632 -1.3484500050544737
decision_type=2 2 2 2 2 2 2 2 2 2 2 2 2 2 2 2 2 2 2 2 2 2 2 2 2 2 2 2 2 2
left_child=1 10 9 7 6 -6 -5 8 -4 12 11 15 13 -3 -14 17 -17 -1 19 -13 21 23 -23 -12 26 -26 -22 28 -11 -9
right_child=-2 2 3 4 5 -7 -8 29 -10 27 20 18 14 -15 -16 16 -18 -19 -20 -21 24 22 -24 -25 25 -27 -28 -29 -30 -31
leaf_value=-0.0054141415765360966 -0.027236145258790454 0.021680405579162038 0.0021279592129504698 -0.0046424373008275618 -0.00037981703913460513 0.0062376712799791546 0.0073006814712912767 -0.0038102438447033971 0.01558511573131738 -0.031528045773181357 0.0063046002834869982 0.0089956092798128672 -0.0020547829866588781 -0.020639888212963132 -0.0061102202185448033 0.0033892494418562712 0.00014393179794687855 0.0030492621945512693 -0.0074789198408044049 -0.021744800781686276 -0.00088246485247199069 0.032517403266615674 0.0052259451276842764 0.048805093238510455 0.059841368474136847 0.0010845255377360636 0.0044958491697910906 -0.037290994009344457 -0.0064511571040125034 -0.02276535165564918
leaf_weight=356.35798315703869 80.335811100900173 117.18149524927139 937.82977557182312 4272.1329747587442 3511.7855633571744 1668.0584221035242 364.28941521048546 169.02868068963289 514.95815927535295 40.851730287075043 13.667098663747309 149.62207221984863 6430.7907634302974 31.942776292562485 2198.0432676523924 2428.2863031178713 50422.214311733842 4979.5690440535545 1147.7827921956778 27.887483388185501 748.29374425858259 26.949246257543564 347.61418730765581 29.615951202809811 17.162380926311016 41.207346610724926 1292.8462711647153 28.603479139506817 103.12195089459419 45.777870789170265
leaf_count=2036 1780 850 6236 32491 23262 9920 1877 1445 2993 120 61 696 45132 199 15360 13325 312164 28810 6964 149 3862 101 1506 137 58 170 6575 88 1051 409
internal_value=1.97459e-05 4.66474e-05 -0.0013528 1.9617e-05 -0.00082395 0.00175049 -0.00370144 0.00498747 0.00690878 -0.00311428 0.000507794 0.000350887 -0.00282225 0.0125068 -0.00308912 0.000494095 0.000293224 0.002482 -0.00592781 0.00405101 0.00421309 0.0103185 0.00727329 0.0359018 0.0029912 0.0190545 0.00252113 -0.0178461 -0.0137498 -0.00795175
internal_weight=82543.8 82463.5 20434.4 11483.9 9816.27 5179.84 4636.42 1667.59 1452.79 8950.54 62029.1 59511.7 8777.96 149.124 8628.83 58186.4 52850.5 5335.93 1325.29 177.51 2517.36 417.846 374.563 43.283 2099.51 58.3697 2041.14 172.577 143.974 214.807
internal_count=519827 518047 141433 78633 67550 33182 34368 11083 9229 62800 376614 364144 61541 1049 60492 356335 325489 30846 7809 845 12470 1805 1607 198 10665 228 10437 1259 1171 1854
is_linear=0
shrinkage=0.035


Tree=63
num_leaves=31
num_cat=0
split_feature=6 9 10 7 11 7 6 10 7 7 5 7 7 6 6 5 10 7 7 7 7 11 5 5 10 9 7 4 7 5
split_gain=53.4997 45.1275 43.3829 62.8764 44.7755 42.5194 33.125 31.7843 51.3426 42.9066 66.8919 32.5573 30.0462 25.817 25.1179 22.3788 21.4961 25.1261 20.5691 20.0858 50.2442 24.5122 17.536 16.0299 16.8487 16.1926 16.6511 16.9536 16.0225 15.467
threshold=94.375640869140639 4.7590000629425058 14.079446315765383 18.460414886474613 1.0000000180025095e-35 79.115924835205092 33.878387451171882 10.569621562957765 59.565095901489265 69.762519836425795 45.558958053588874 78.280700683593764 54.481985092163093 99.693408966064467 36.276556015014656 45.428865432739265 -5.889366388320922 33.880672454833991 24.84964752197266 70.530574798583999 70.669719696044936 77.268501281738295 46.028558731079109 50.079553604125984 1.7464545965194704 4.4084999561309823 75.742977142333999 56.839122772216804 36.589582443237312 50.080192565917976
decision_type=2 2 2 2 2 2 2 2 2 2 2 2 2 2 2 2 2 2 2 2 2 2 2 2 2 2 2 2 2 2
left_child=1 2 4 -4 16 6 -6 8 12 10 -10 -11 28 23 -14 -7 18 -18 -1 21 -21 -5 -15 25 29 26 27 -2 -3 -25
right_child=13 7 3 19 5 15 -8 -9 9 11 -12 -13 14 22 -16 -17 17 -19 -20 20 -22 -23 -24 24 -26 -27 -28 -29 -30 -31
leaf_value=0.0024492802275985588 -0.0052736596706379514 -0.014775843204773896 -0.024181297063604806 0.011142074653110658 0.00091830271494126121 -4.6584971797684031e-05 -0.00058738722231380764 -0.00079761617976877952 0.006807513327598911 -0.0012726856755303259 0.043973161767180073 0.016044481310349381 0.0047331378050089433 -0.035506420518342074 -0.036205064100325542 -0.013382679841172565 0.037720197345373338 -0.010879908331225993 0.030463312666735732 0.059891132755278603 0.013743055452722058 -0.018446818009302288 0.00022414094807149453 0.013480689655331175 0.015329227086202645 0.012870992051862292 -0.020980909024333621 0.0038286189269132465 0.013487111183648698 -0.0080497716807014976
leaf_weight=178.68463749438524 2791.2373950332403 33.726864084601402 60.901077382266521 308.7630930095911 28833.254813343287 236.71932642161846 47193.128728948534 520.62358550727367 114.29526457935572 236.18812550604343 124.48925439268351 301.21547167748213 27.136857867240906 52.285921698436141 53.192870825529099 446.8094339966774 67.412073090672493 15.470285579562185 38.586678519845009 34.470754504203796 169.56363585591316 37.683133691549301 24.052458425983787 55.878968223929405 103.14308755099773 63.394599765539169 76.108086310327053 273.91382495313883 83.646994687616825 145.07732331007719
leaf_count=1356 22111 121 521 1329 169433 2132 302887 3201 436 1180 331 1943 94 1154 186 3318 454 64 108 54 1299 150 576 615 983 360 698 1504 316 1644
internal_value=-4.12124e-05 0.00014822 3.21094e-05 0.00931258 -4.15732e-05 -9.45239e-05 -1.62537e-05 0.00617077 0.00990071 0.0139564 0.026295 0.00843003 -0.00597875 -0.00422266 -0.0223788 -0.00877981 0.013432 0.0285479 0.00755008 0.0130605 0.0217772 0.00786843 -0.0242722 -0.00377902 0.00388049 -0.00450883 -0.00486499 -0.00445717 0.00526159 -0.00199849
internal_weight=82701.1 79116 77621.4 611.382 77010.1 76709.9 76026.4 1494.52 973.892 776.188 238.785 537.404 197.704 3585.09 80.3297 683.529 300.154 82.8824 217.271 550.481 204.034 346.446 76.3384 3508.75 304.099 3204.65 3141.26 3065.15 117.374 200.956
internal_count=520558 490913 483105 3353 479752 477770 472320 7808 4607 3890 767 3123 717 29645 280 5450 1982 518 1464 2832 1353 1479 1730 27915 3242 24673 24313 23615 437 2259
is_linear=0
shrinkage=0.035


Tree=64
num_leaves=31
num_cat=0
split_feature=11 6 10 7 7 7 11 11 7 5 10 7 11 7 7 11 7 6 7 7 10 10 5 5 5 10 7 7 2 2
split_gain=47.4239 48.2138 54.0843 71.5839 88.593 45.2689 107.213 89.4185 79.7771 50.3576 41.4048 36.0261 64.3623 61.7201 68.9575 60.8852 99.3307 85.1807 59.0437 99.6576 53.6485 39.3581 34.4929 76.2994 52.3243 31.8289 36.4382 68.5178 67.7074 60.5671
threshold=64.801849365234389 77.61740875244142 8.0838499069213885 70.050064086914077 70.669719696044936 54.053018569946296 54.434150695800788 47.834550857543952 56.680021286010749 45.558958053588874 2.1531124114990239 61.993902206420906 54.104450225830085 48.045326232910163 44.850858688354499 48.482049942016609 64.699142456054702 40.225673675537116 57.632680892944343 57.865306854248054 3.8988591432571416 0.97602111101150524 45.784391403198249 46.157749176025398 45.452220916748054 -1.9495523571968076 71.004535675048842 71.992401123046889 50.051733016967781 50.953025817871101
decision_type=2 2 2 2 2 2 2 2 2 2 2 2 2 2 2 2 2 2 2 2 2 2 2 2 2 2 2 2 2 2
left_child=1 11 5 22 -5 6 10 8 -7 -8 -3 12 18 14 -14 16 -13 -18 20 -20 -1 -15 24 -24 -4 26 28 -28 -2 -30
right_child=25 2 3 4 -6 7 9 -9 -10 -11 -12 15 13 21 -16 -17 17 -19 19 -21 -22 -23 23 -25 -26 -27 27 -29 29 -31
leaf_value=-0.00071029323701651413 -0.021326499888390409 -0.0033421268523785241 -0.011699371694766066 0.078259901055868858 0.010416976559264993 -0.015523595816361355 0.00015570694266981211 -0.0064917211819680637 0.016420564617362639 0.01983783187185657 0.0035070280482651841 -0.0069859252734585089 0.0052327991269844939 -0.0031467531879444729 0.019473355649663269 -0.0020269081473946768 0.0030747997550949154 0.020583196310936813 0.027989641998322903 0.0031593771480175606 0.0042923177325752491 0.0042019991201463804 -0.033857077028288884 0.011505049238550571 0.021726339867134511 0.0030593089863607723 0.033847178091286782 -0.00078447840737708684 0.020734274578256367 -0.010254556057238243
leaf_weight=29786.227104783058 288.16382435709238 6093.9873405005783 84.643119037151337 36.297033786773682 66.338381994515657 125.26870610564947 256.86085256934166 4933.726053962484 396.65520749986172 421.37767976522446 1312.7645655944943 662.29726653546095 2074.2077191472054 1566.7674803882837 521.64911738783121 14647.072096697986 960.40041670948267 527.7991201877594 217.09785033017397 2187.9370698332787 2878.9497253224254 2071.7900699600577 82.506977066397667 98.938948005437851 173.32156271487474 8795.6520145554096 74.795496836304665 938.43082532100379 127.07022153586149 194.24638839811087
leaf_count=183612 923 44829 699 71 502 808 1767 38744 2481 2588 9311 3536 11269 10007 3144 93898 5217 2911 1074 15181 16489 13040 212 654 686 47857 540 6488 685 830
internal_value=2.06241e-05 -0.000297897 -0.00213519 0.00869483 0.034897 -0.00256973 -0.000906112 -0.00503334 0.00872812 0.0124031 -0.002127 0.000147323 0.000703211 0.00397985 0.00810232 -0.00121914 0.00427808 0.00929668 0.000120447 0.00541223 -0.000269079 0.0010357 0.00250645 -0.00914165 0.0107294 0.00222806 -0.00227256 0.00178978 -0.00903094 0.00199984
internal_weight=82603.2 72184.9 14082.7 542.046 102.635 13540.6 8084.99 5455.65 521.924 678.239 7406.75 58102.2 41304.6 6234.41 2595.86 16797.6 2150.5 1488.2 35070.2 2405.03 32665.2 3638.56 439.411 181.446 257.965 10418.4 1622.71 1013.23 609.48 321.317
internal_count=520053 462730 103352 2824 573 100528 58495 42033 3289 4355 54140 359378 253816 37460 14413 105562 11664 8128 216356 16255 200101 23047 2251 866 1385 57323 9466 7028 2438 1515
is_linear=0
shrinkage=0.035


Tree=65
num_leaves=31
num_cat=0
split_feature=6 10 10 6 5 7 9 7 7 7 9 10 5 5 5 7 5 9 6 5 10 5 9 7 10 7 7 5 5 5
split_gain=47.4482 35.0153 34.6499 33.0841 33.0512 50.9752 30.508 34.5391 36.3257 32.3344 60.5394 29.1266 44.9695 162.385 65.3864 64.4048 58.4807 32.4222 31.9414 33.3359 28.3117 26.6145 26.401 26.9046 36.8582 28.2813 26.202 24.4183 22.9101 22.5951
threshold=85.05926895141603 -12.683357715606688 9.9290294647216815 99.358459472656264 45.661050796508796 43.479909896850593 4.4084999561309823 59.565095901489265 69.762519836425795 38.938592910766609 -0.13405000418424604 1.4837111234664919 46.023597717285163 46.036748886108406 45.910017013549812 68.741054534912124 46.117029190063484 3.4526499509811406 11.133986473083498 43.508358001708991 2.6346368789672856 45.656616210937507 4.1519999504089364 61.535604476928718 12.557685852050783 54.053018569946296 43.856449127197273 45.470865249633796 46.023597717285163 46.484361648559577
decision_type=2 2 2 2 2 2 2 2 2 2 2 2 2 2 2 2 2 2 2 2 2 2 2 2 2 2 2 2 2 2
left_child=1 4 3 6 5 -1 9 -8 -9 10 -2 17 14 15 21 -14 -15 18 19 -3 -16 -13 23 25 -25 27 -11 -4 -20 -19
right_child=2 11 22 -5 -6 -7 7 8 -10 26 -12 12 13 16 20 -17 -18 29 28 -21 -22 -23 -24 24 -26 -27 -28 -29 -30 -31
leaf_value=0.043045437540930466 -0.0014883906477592035 0.037953285146505374 -0.013506453486557466 -0.014370694353483392 0.003787606154783978 0.0028254085723862714 -0.025495741017948312 0.040818010463145579 0.0053060807984270323 -0.010051016837640578 0.013047146819615142 0.0015624230681939421 -0.023054689244017511 0.024554730964385454 0.004312275488440976 -0.0066270509857194885 0.00071245858536665306 0.01015926463732722 -0.001518194278963844 0.0016264665441498374 0.031676342441499188 0.0062565020163837292 -0.008522338745295328 0.0066038446120283492 0.041723462629034494 -0.018160795313811557 -0.0031324478335589359 0.023468692183108476 0.00024774794310047487 -0.0015451636367137132
leaf_weight=75.910461649298668 2725.5080134347081 30.308847032487392 29.593466456979513 284.0877880230546 417.63341847807169 78.748375169932842 24.882419966161251 55.219033628702164 97.624403290450573 762.43015705049038 402.04035501927137 15020.926243133843 441.38946810364723 127.24233275651932 72.980113133788109 871.33381633460522 8109.8676739856601 605.69217729568481 22605.90963884443 6751.4094627574086 130.51255711168051 1642.2651098370552 91.102789886295795 77.117983065545559 70.500536024570465 52.068331480026245 5619.8857844546437 76.874120473861694 14940.617746502161 301.25592494010925
leaf_count=360 20142 87 220 3641 2659 448 87 149 587 5682 2506 91699 1098 359 337 2238 52201 2499 135092 39197 505 7929 602 446 404 154 43112 382 103293 2073
internal_value=8.55644e-06 0.000326506 -0.00220528 -0.00260985 0.00894385 0.0227314 -0.00226308 0.0120657 0.0183271 -0.00253259 0.000380746 0.000257481 0.00118094 -0.000737611 0.00226761 -0.0121667 0.00108396 -0.000281655 -0.000415884 0.00179431 0.0219521 0.00202575 0.00791722 0.0128414 0.0235581 0.00275061 -0.00396119 0.0131018 -0.000815309 0.00626582
internal_weight=82592.9 72224 10368.9 9971.68 572.292 154.659 9687.59 177.726 152.843 9509.86 3127.55 71651.7 26416.5 9549.83 16866.7 1312.72 8237.11 45235.2 44328.2 6781.72 203.493 16663.2 397.257 306.154 147.619 158.536 6382.32 106.468 37546.5 906.948
internal_count=520188 442074 78114 75906 3467 808 72265 823 736 71442 22648 438607 156366 55896 100470 3336 52560 282241 277669 39284 842 99628 2208 1606 850 756 48794 602 238385 4572
is_linear=0
shrinkage=0.035


Tree=66
num_leaves=31
num_cat=0
split_feature=6 5 5 10 10 9 5 10 9 7 4 5 5 7 9 7 7 7 9 0 4 5 5 10 10 5 5 10 5 5
split_gain=46.7543 60.4788 43.3314 61.6201 78.2001 76.7681 72.1259 36.6098 74.2997 105.153 44.8942 43.1221 77.2922 35.3993 107.5 46.0748 39.6073 30.0067 30.205 29.0071 25.8297 25.4671 23.1181 22.559 24.454 47.4383 173.822 83.9251 33.3083 32.5784
threshold=72.523471832275405 50.080711364746101 50.081499099731452 2.9398885965347294 -2.468779325485229 -2.1202499866485591 50.081367492675788 -2.5170540809631343 -1.4899500012397764 22.281182289123539 52.693721771240241 46.859218597412116 46.681980133056648 33.509216308593757 -3.8149000406265254 36.108549118041999 33.602645874023445 30.715738296508793 -1.5208500027656553 35.20000076293946 50.771276473999031 46.859218597412116 50.051733016967781 -6.9107091426849356 -1.0000000180025095e-35 46.023597717285163 46.036748886108406 -2.2745329141616817 46.181444168090827 46.016338348388679
decision_type=2 2 2 2 2 2 2 2 2 2 2 2 2 2 2 2 2 2 2 2 2 2 2 2 2 2 2 2 2 2
left_child=23 7 3 4 6 -6 -3 13 11 21 -11 12 -9 17 15 -15 -16 18 -2 -4 -19 -10 -13 -1 25 29 27 -27 -28 -25
right_child=1 2 19 -5 5 -7 -8 8 9 10 -12 22 -14 14 16 -17 -18 20 -20 -21 -22 -23 -24 24 -26 26 28 -29 -30 -31
leaf_value=0.0032623886502235605 -0.0097043603878161008 0.01668928661566178 -0.0031213828256918242 0.029408413258483739 0.09976615265853099 -0.0029088969560175965 0.084995320817530473 0.0078846731191881004 0.077338764516939024 -0.004156769173594671 -7.8720777616129534e-06 -0.020949663954963966 0.076733110301980809 0.066150293241824934 0.025328659677713486 0.014100600378514476 -0.0046578029964564486 -0.025747168830527804 0.0059112520588650739 0.010197940554262864 0.041483820462907439 0.0084746527881042338 7.9779921653538505e-05 -0.0015776957933630572 0.00087840392743583325 0.048113732841856514 -0.0076219500490904797 0.012860443859332849 0.00094241355607360309 -0.019272266819466408
leaf_weight=3165.8756938204169 1114.3297365084291 89.938421985134482 835.71177295222878 170.86836399324238 8.2972005531191808 455.38105835206807 23.550697430968285 1182.7957331500947 24.245008759200573 7378.5432837642729 5640.3213611487299 81.96566578745842 19.559728890657425 34.862114973366261 54.360104702413082 52.584409013390541 2379.4316784087569 168.77145408838987 174.5080971326679 262.54864670336246 6.5260554105043402 9.536599285900591 280.0851304680109 16350.321246244013 32267.3743064031 124.71775129437447 590.80795012414455 247.70610505342484 9294.3416968137026 127.75050330162048
leaf_count=16960 7694 940 5500 1534 78 4723 236 7320 107 55071 36888 389 69 84 220 146 15822 1111 1385 1215 30 71 2795 93085 196128 278 2576 574 67147 421
internal_value=-9.31017e-05 -0.0015449 0.00449446 0.0109866 0.00548762 -0.000887859 0.0314208 -0.00214485 -0.00133331 -0.00219766 -0.00235994 0.00587145 0.00906078 -0.00511872 -0.00259977 0.035342 -0.00397706 -0.00944779 -0.00758223 6.14528e-05 -0.0230274 0.0587465 -0.00469753 0.000384328 0.000229741 -0.000552873 0.00131529 0.0247627 0.000429262 -0.00171623
internal_weight=82617.6 20448.7 1846.3 748.036 577.167 463.678 113.489 18602.4 14617.1 13052.6 13018.9 1564.41 1202.36 3985.37 2521.24 87.4465 2433.79 1464.14 1288.84 1098.26 175.298 33.7816 362.051 62168.9 59003 26735.6 10257.6 372.424 9885.15 16478.1
internal_count=520597 143428 14226 7511 5977 4801 1176 129202 102710 92137 91959 10573 7389 26492 16272 230 16042 10220 9079 6715 1141 178 3184 377169 360209 164081 70575 852 69723 93506
is_linear=0
shrinkage=0.035


Tree=67
num_leaves=31
num_cat=0
split_feature=10 9 7 7 10 10 10 7 5 7 7 7 5 2 7 4 7 7 11 7 2 2 10 5 2 2 7 7 9 7
split_gain=34.7133 37.4711 46.8543 55.0739 45.9994 45.8112 37.4328 74.4093 37.0288 73.8589 42.9911 29.5624 28.5034 71.5623 72.6806 57.4168 26.9036 65.4735 25.7076 22.8945 21.2871 29.2125 22.373 19.8124 19.4531 17.4474 17.2843 40.974 15.8096 22.287
threshold=-11.258804321289061 4.7590000629425058 90.347183227539077 78.280700683593764 8.0838499069213885 16.556191444396976 14.079446315765383 18.460414886474613 45.661050796508796 40.298776626586921 35.319665908813484 83.923740386962905 46.859218597412116 53.865806579589851 65.280933380126967 38.262470245361335 63.42186355590821 63.478757858276374 1.0000000180025095e-35 69.762519836425795 51.149106979370124 50.025510787963874 -15.079775810241697 50.069108963012702 53.062788009643562 48.029621124267585 48.045326232910163 47.595426559448249 -7.7415499687194815 40.735153198242195
decision_type=2 2 2 2 2 2 2 2 2 2 2 2 2 2 2 2 2 2 2 2 2 2 2 2 2 2 2 2 2 2
left_child=8 2 3 6 16 -4 18 -8 9 10 -1 25 13 14 -10 -15 26 -18 -2 -19 21 -11 -23 -14 -6 -5 27 -3 -25 -30
right_child=1 4 5 11 24 -7 7 -9 12 20 -12 -13 23 15 -16 -17 17 19 -20 -21 -22 22 -24 28 -26 -27 -28 -29 29 -31
leaf_value=0.011098484760101562 0.01479416487440775 -0.0029923168951209145 0.13355477059352069 -0.012121042467161777 0.0014326550236317317 0.020584970237459421 -0.026515284584766357 0.012778838018858469 -0.020445929464684782 -0.011656389925575036 0.050373659304848536 -0.029857942817068439 0.026183604351700321 0.0041167641297658432 0.049888118004682763 0.11380072390812339 0.061596287899859832 0.024448379400663859 -0.00021356704457332852 0.0079968049211725373 -0.020491174448462508 0.052741244032025215 0.00790247344695604 0.016766277590898413 -0.013621160739537532 -0.0028346945148574562 -0.010002829283248046 0.057369803531751876 -0.0066475311241283907 0.012578116187408513
leaf_weight=58.139833567664027 139.25851073302329 54.727219812572002 5.0259617045521763 406.19941727817059 563.67805786430836 20.563567034900188 65.366817601025105 543.49714543670416 197.72598058730364 48.943910419940948 85.830039441585541 70.03775742277503 57.776776000857353 14.676401086151602 18.982880294322968 9.1462568342685682 33.024678125977516 131.79382058233023 78107.560434568673 494.76935909688473 44.085697755217552 21.218943513929844 37.929395616054535 95.514706848189235 128.31180109828711 642.43325130268931 107.99342004209757 17.495379418134689 196.48180352337658 117.21727264299989
leaf_count=424 900 219 43 2945 3168 174 565 2690 615 308 328 632 230 123 39 51 54 383 492706 2815 193 149 268 836 892 4929 431 40 1619 915
internal_value=-2.95852e-05 -0.000109339 -0.000213274 -0.000228746 0.00531152 0.0464144 -0.00011922 0.00851953 0.00643709 0.0168137 0.0347104 -0.00793741 0.00206979 -0.00768865 -0.0140919 0.0488414 0.0108141 0.0140859 -0.000186617 0.0114952 -0.00016493 0.00815053 0.0245939 0.00711555 -0.00136109 -0.00644503 -0.00113136 0.0120024 0.00436043 0.000527817
internal_weight=82535.4 81531.7 79999.9 79974.4 1531.79 25.5895 78855.7 608.864 1003.67 296.148 143.97 1118.67 707.522 240.532 216.709 23.8227 839.804 659.588 78246.8 626.563 152.178 108.092 59.1483 466.991 691.99 1048.63 180.216 72.2226 409.214 313.699
internal_count=519684 513586 505584 505367 8002 217 496861 3255 6098 1670 752 8506 4428 828 654 174 3942 3252 493606 3198 918 725 417 3600 4060 7874 690 259 3370 2534
is_linear=0
shrinkage=0.035


Tree=68
num_leaves=31
num_cat=0
split_feature=6 9 2 2 10 7 9 7 2 6 5 5 7 6 2 7 6 5 5 10 6 4 9 7 10 2 2 2 7 10
split_gain=46.3125 32.2494 49.0953 97.1085 36.9543 55.8183 39.9768 39.3689 38.0604 37.0745 33.1658 39.3726 32.4141 30.1807 24.6348 24.1115 23.5284 21.0746 20.7016 16.9292 16.1203 14.3529 12.8891 12.8031 12.0737 11.3107 11.3005 10.9546 10.4864 9.63722
threshold=99.358459472656264 4.7590000629425058 50.664962768554695 50.434299468994148 14.079446315765383 18.460414886474613 -7.7415499687194815 79.115924835205092 50.079809188842781 38.663455963134773 45.582262039184577 45.622154235839851 63.030187606811531 41.822921752929695 49.107086181640632 69.650360107421889 50.022300720214851 45.428865432739265 45.558958053588874 7.775179624557496 85.83111953735353 43.237737655639656 -0.82144999504089344 28.807779312133793 -3.3652718067169185 50.459417343139656 52.786775588989265 49.463737487792976 57.000656127929695 8.0838499069213885
decision_type=2 2 2 2 2 2 2 2 2 2 2 2 2 2 2 2 2 2 2 2 2 2 2 2 2 2 2 2 2 2
left_child=1 4 3 12 6 -6 8 9 14 -8 16 28 27 18 -1 -14 29 -9 -5 21 22 -2 -7 -13 -10 -15 -22 -3 -12 -4
right_child=19 2 10 13 5 20 7 17 24 -11 11 23 15 25 -16 -17 -18 -19 -20 -21 26 -23 -24 -25 -26 -27 -28 -29 -30 -31
leaf_value=0.0039998520786008081 0.0085230864605186345 -0.031571843398044926 0.008618248028820481 -0.0059695402636448548 -0.022596582886188793 0.023035667769575364 0.00073667321943995294 -9.1318962332356471e-05 0.002895076931268357 -0.00080221647600497287 0.072056280783293347 -0.032378519808809729 0.023577191107025244 0.061967975054744544 0.061146128432251354 0.0047692318257053839 -0.025130114613601946 -0.012836962497862885 0.041409677335495304 0.019663717745840595 0.019341805131886367 -0.018566930069542079 0.0067457624246196439 0.0030909863642086923 0.024705004342383992 0.036042941736542058 0.053699144910130267 -0.0058951602902061412 0.02259746737379232 -0.0099543986320765263
leaf_weight=13.841904476284979 25.641520546749234 31.2859967648983 50.090583510696888 30.794129878282547 64.14338980615139 69.29719952493906 32656.095718979836 243.41754841059446 154.80330346524715 46456.35405702889 11.133743554353716 12.70168925821781 93.676750831305981 34.684900224208832 29.564895011484623 746.87674393504858 109.09505876898766 463.15496874600649 16.72294420003891 16.468619279563427 75.472120493650436 251.39517057314515 426.84138259291649 161.15095246583223 38.537479408085346 72.622149169445038 14.081321559846399 59.488630011677742 12.302573949098585 102.58744379132986
leaf_count=96 266 95 238 99 562 345 193246 2208 1129 304119 29 52 291 65 173 4727 667 3506 28 118 392 3373 2193 606 242 195 70 305 69 616
internal_value=-8.38155e-05 -3.41391e-05 0.00497303 0.00902911 -0.000130143 0.00817717 -0.000197744 -0.000240496 0.0141385 -0.000166903 -0.00460755 0.00619121 0.0047396 0.0346302 0.0434834 0.00689406 -0.0127669 -0.00846099 0.0109696 -0.0139432 0.0115856 -0.0160171 0.00906853 0.000323061 0.00736227 0.044884 0.0252492 -0.0150197 0.0479853 -0.00380232
internal_weight=82544.3 82250.8 1545.21 1086.15 80705.6 649.835 80055.8 79819 236.748 79112.4 459.062 197.289 931.328 154.824 43.4068 840.553 261.773 706.573 47.5171 293.505 585.692 277.037 496.139 173.853 193.341 107.307 89.5534 90.7746 23.4363 152.678
internal_count=520120 516363 8082 5805 508281 3562 504719 503079 1640 497365 2277 756 5418 387 269 5018 1521 5714 127 3757 3000 3639 2538 658 1371 260 462 400 98 854
is_linear=0
shrinkage=0.035


Tree=69
num_leaves=31
num_cat=0
split_feature=6 11 10 9 2 2 10 2 9 2 2 2 4 2 6 2 2 10 2 4 2 2 9 6 2 2 9 10 2 4
split_gain=46.7266 35.8361 36.1443 34.6312 76.3915 139.967 94.3787 38.2454 115.42 41.7707 30.1495 48.4362 51.3067 32.7262 28.4584 27.9041 24.9776 34.7775 33.1669 40.8671 24.8121 32.3798 39.9525 24.7743 24.4662 96.6163 87.8516 24.4211 23.6628 23.4333
threshold=91.679241180419936 74.977397918701186 7.775179624557496 -0.94275000691413868 51.636827468872077 50.71538162231446 -0.61513367295265187 51.636827468872077 0.52004998922348034 50.091802597045906 50.664962768554695 50.434299468994148 67.195690155029311 51.176471710205085 99.693408966064467 50.36027908325196 49.794338226318366 8.0838499069213885 48.996879577636726 39.790378570556648 52.858602523803718 52.993835449218757 -1.1712500452995298 28.732686042785648 49.738378524780281 49.977699279785163 0.82664999365806591 7.0411381721496591 49.977699279785163 52.751367568969734
decision_type=2 2 2 2 2 2 2 2 2 2 2 2 2 2 2 2 2 2 2 2 2 2 2 2 2 2 2 2 2 2
left_child=1 2 3 4 5 -1 -6 9 -9 -5 11 -3 -13 -12 15 16 18 -18 -2 -20 29 22 -22 -14 -4 26 -26 -15 -19 -17
right_child=14 10 24 7 6 -7 -8 8 -10 -11 13 12 23 27 -16 20 17 28 19 -21 21 -23 -24 -25 25 -27 -28 -29 -30 -31
leaf_value=0.0018444124372821065 0.0014286881468261795 0.0039096150801852143 -0.0050236926213782437 -0.0003662105538613852 -0.0027062924172695652 0.014985707947475642 0.0037725066348542331 -0.0013389003716019598 0.0046778275117778543 -0.0029489229197222216 -0.016244906312301469 0.0089756732859075181 0.0047121570885607957 0.0076332854140152015 -0.024980568281845913 -0.009847429176470416 0.0016302689726670782 0.066723757698820635 0.059741604590544332 -0.015884247283524281 0.043893271136026514 -0.0026187195388751379 -0.00030339196000709088 0.048388351011701289 0.070849939955114627 0.0034477416996639295 0.0097920371576308025 -0.0042986688476260053 0.016225408406537301 -0.0019819943635179839
leaf_weight=6489.3199172317982 421.87004984170198 2068.686758428812 344.61845584213734 21043.055887661874 8399.0257115587592 1171.902934037149 4096.9686334207654 11409.146258756518 5937.0468223541975 12077.969551712275 152.82136872410774 215.73100438714027 20.609579890966415 396.39128144085407 71.506234558299184 1373.6493657454848 1270.2129629924893 13.043865144252775 8.2099061310291273 297.70767245441675 41.734684146940708 1097.9741202965379 60.187575213611126 78.186442390084267 49.539385214447975 2623.6916630789638 69.13620250672102 444.80989196896553 74.117282725870609 704.92372138798237
leaf_count=47724 2828 11713 1654 149998 43491 4931 22728 69648 35189 69239 649 642 55 1757 1723 9859 13097 24 17 1827 246 8329 555 179 89 14197 197 2306 536 4620
internal_value=-1.85119e-05 0.000202558 4.09155e-05 -0.000121043 0.00110515 0.00385685 -0.000581471 -0.000610949 0.00072015 -0.00130829 0.00372764 0.00586335 0.0186486 -0.0013864 -0.00315488 -0.00285892 0.000303424 0.00311107 -0.00492108 -0.0136813 -0.00487195 -0.000856918 0.0179268 0.0394585 0.00374756 0.00485349 0.0356421 0.00131751 0.0244003 -0.00718511
internal_weight=82523.8 77088.7 73711.4 70624.4 20157.2 7661.22 12496 50467.2 17346.2 33121 3377.24 2383.21 314.527 994.023 5435.14 5363.63 2085.16 1357.37 727.788 305.918 3278.47 1199.9 101.922 98.796 3086.99 2742.37 118.676 841.201 87.1611 2078.57
internal_count=520047 476386 459085 442948 118874 52655 66219 324074 104837 219237 17301 12589 876 4712 43661 41938 18329 13657 4672 1844 23609 9130 801 234 16137 14483 286 4063 560 14479
is_linear=0
shrinkage=0.035


Tree=70
num_leaves=31
num_cat=0
split_feature=6 6 10 7 7 5 4 7 7 7 9 7 6 11 7 9 7 5 7 5 5 10 6 5 5 5 10 5 5 5
split_gain=41.6645 22.6386 22.3435 64.9733 66.7311 51.3922 56.3359 86.928 46.4344 97.3357 42.5898 42.3054 29.9414 27.3984 27.6958 25.4618 210.813 105.52 81.6998 36.4734 288.381 56.0526 20.6881 37.8583 19.246 40.2047 18.1648 18.018 19.3327 13.3312
threshold=94.375640869140639 99.693408966064467 1.8637498617172243 69.86682510375978 69.578166961669936 45.452220916748054 53.099758148193366 70.669719696044936 28.417278289794925 24.034657478332523 1.6571499705314638 70.733211517333999 19.544479370117191 78.74444961547853 69.762519836425795 -4.3752000331878653 21.560606956481937 46.859218597412116 41.438684463500984 46.023597717285163 46.057298660278327 -0.72974395751953114 0.43134848773479467 50.051733016967781 50.080711364746101 50.080192565917976 -2.8324424028396602 46.028558731079109 46.395015716552741 50.069395065307624
decision_type=2 2 2 2 2 2 2 2 2 2 2 2 2 2 2 2 2 2 2 2 2 2 2 2 2 2 2 2 2 2
left_child=2 29 12 4 8 -5 7 -7 9 -4 -10 -8 22 14 -6 16 17 -14 -18 21 -21 -17 23 -1 25 -24 -26 -3 -29 -2
right_child=1 27 3 5 13 6 11 -9 10 -11 -12 -13 15 -15 -16 19 18 -19 -20 20 -22 -23 24 -25 26 -27 -28 28 -30 -31
leaf_value=-0.014626074840680788 -0.0042219200487004531 -0.034805832847179946 -0.0012769805985202237 0.0017334515491788597 0.0067330153502899864 0.021353643534341275 -0.015240645297081695 -0.004536766581559222 0.00047244673694003516 0.022214172999054767 0.0043837813678867157 -0.0048241097118120625 -0.028536617118569883 0.038519718554170898 0.040743293658330536 -0.0032367726353986583 0.025708899241316124 0.0012604576920055633 -0.011443915476537392 0.019820489466647717 -0.00071292922193256765 0.00018739238166668395 0.001579252451468318 0.020578386029930697 0.0055046655879471247 0.017199412234328009 -0.0061996200030470733 0.046477000063406597 -0.019025910724070505 0.0017829860072865419
leaf_weight=214.32553895562887 2909.6710773184896 49.28561994805932 463.22064357995987 2456.5162824988365 171.14721586555243 234.83174527436495 606.85942257940769 486.19627956300974 14783.738137274981 403.18287336826324 4434.2847337201238 2259.1984991803765 227.25586007535458 66.99230469763279 34.946762196719646 13100.884475804865 472.05050574988127 401.27583136409521 84.878205381333828 889.28585962951183 14278.99243555963 10582.966980345547 11186.641687504947 44.427058681845665 211.09211852401495 204.88751397281885 689.94661667943001 7.3523001205176142 16.234681723639369 534.094856120646
leaf_count=1112 21885 1188 2914 19603 1002 833 2174 3102 89734 2011 20933 14434 1019 169 142 76567 2014 3040 253 2375 105224 69844 62999 376 1424 1734 5244 75 511 5929
internal_value=2.4778e-05 -0.00370228 0.000190831 0.00102166 0.00196787 -0.00216428 -0.00483527 0.00390011 0.00173341 0.00965702 0.00137544 -0.00703579 -0.000226143 0.0191302 0.0126691 -0.000693848 0.0043564 -0.00952462 0.0200258 -0.000848209 0.000491424 -0.00170646 0.00126519 -0.00850981 0.00147206 0.001862 -0.00344737 -0.0229187 0.00195982 -0.00328839
internal_weight=82506.7 3516.64 78990 26401.1 20357.5 6043.6 3587.09 721.028 20084.4 866.404 19218 2866.06 52588.9 273.086 206.094 40037.6 1185.46 628.532 556.929 38852.1 15168.3 23683.9 12551.3 258.753 12292.6 11391.5 901.039 72.8726 23.587 3443.77
internal_count=519864 29588 490276 157051 116905 40146 20543 3935 115592 4925 110667 16608 333225 1313 1144 260336 6326 4059 2267 254010 107599 146411 72889 1488 71401 64733 6668 1774 586 27814
is_linear=0
shrinkage=0.035


Tree=71
num_leaves=31
num_cat=0
split_feature=6 10 11 4 7 5 5 10 7 7 7 9 5 5 10 10 7 7 5 9 7 5 5 5 10 7 0 5 10 7
split_gain=40.5502 39.4376 60.2429 65.3959 53.999 56.8483 51.5103 42.4968 97.3935 41.7768 133.87 71.7662 49.4251 98.0108 63.5579 39.6304 39.2617 38.6202 37.9356 49.4609 186.194 61.3825 48.9013 32.1333 31.6535 25.4536 23.8325 33.0805 50.7581 20.2661
threshold=55.945737838745124 0.56050574779510509 43.789949417114265 55.264753341674812 70.107513427734389 45.452220916748054 45.409994125366218 7.502749204635621 67.379653930664077 43.682548522949226 44.850858688354499 -2.0311499834060665 45.558958053588874 46.157749176025398 4.1867012977600107 -15.079775810241697 28.807779312133793 56.680021286010749 45.496656417846687 0.029749999754130844 48.710355758666999 45.45686340332032 45.554418563842781 46.681980133056648 -3.2385629415512081 18.460414886474613 28.000000000000004 91.718109130859389 -4.838106393814086 36.108549118041999
decision_type=2 2 2 2 2 2 2 2 2 2 2 2 2 2 2 2 2 2 2 2 2 2 2 2 2 2 2 2 2 2
left_child=26 15 9 7 6 -6 -5 17 -9 12 11 -11 14 -14 -3 16 25 -4 19 20 -17 -21 24 -24 -20 -2 27 -1 -29 -18
right_child=1 2 3 4 5 -7 -8 8 -10 10 -12 -13 13 -15 -16 18 29 -19 22 21 -22 -23 23 -25 -26 -27 -28 28 -30 -31
leaf_value=0.00075930725493252775 0.011062930558264744 0.00088064432971095502 -0.00061820178215228811 -0.022097993636957847 0.0053509486877467653 -0.0062639381435173691 0.0068618255822934992 -0.0019257162050205811 0.024073231879321293 0.1081822271744043 0.0057919240602272125 0.03474460235684191 0.01694730923436356 -0.0026239138679367354 -0.029269497641561525 -0.011247671458122967 0.067157650028245836 -0.0051786775156383597 0.018487584748657335 -0.0052600203596555291 0.014499031282977788 -0.018269596033617958 -0.0035481387162342396 0.00013072260500749701 0.0029367603138501183 -0.035337057177509089 0.0065777178267115944 0.010493007255399379 -0.005045468493527135 0.023073297900401621
leaf_weight=45071.118716873229 52.870478328317404 329.4514359049499 4600.3762223683298 76.561336725950241 886.69218906015158 1232.3362203966826 2655.6727048940957 649.00339503213763 241.38479943200946 21.266866862773895 392.70739997178316 70.371591620147228 594.23497626557946 660.91788242571056 114.72372039221227 781.01200704835355 17.913638278841972 4506.9291537944227 201.46617459505796 2065.7044220902026 613.73678330890834 566.7343522105366 6794.269322020933 5078.6326984316111 784.09299631230533 19.01924804598093 813.49324506521225 288.96298797428608 2301.6515236794949 48.291826970875263
leaf_count=271771 469 2143 32328 643 7274 7544 12615 3186 1320 62 2418 324 3338 4923 752 6234 31 33223 1875 16461 4310 2326 34349 43717 7308 74 3740 1335 13697 311
internal_value=-1.04789e-05 -0.000936132 0.000254227 -0.000543668 0.00278982 -0.00140028 0.00604154 -0.002162 0.00513004 0.00568132 0.0147445 0.052652 0.00308828 0.00664113 -0.00692957 -0.00212748 0.0164863 -0.00287607 -0.0022809 -0.00524551 7.85522e-05 -0.00806819 -0.00135159 -0.00197401 0.00613514 -0.00137022 0.000639701 0.000538095 -0.00330687 0.0357654
internal_weight=82531.6 34056.4 17032.6 14849 4851.26 2119.03 2732.23 9997.69 890.388 2183.67 484.346 91.6385 1699.33 1255.15 444.175 17023.7 138.095 9107.31 16885.6 4027.19 1394.75 2632.44 12858.5 11872.9 985.559 71.8897 48475.2 47661.7 2590.61 66.2055
internal_count=520101 229558 112093 98133 28076 14818 13258 70057 4506 13960 2804 386 11156 8261 2895 117465 885 65551 116580 29331 10544 18787 87249 78066 9183 543 290543 286803 15032 342
is_linear=0
shrinkage=0.035


Tree=72
num_leaves=31
num_cat=0
split_feature=9 5 2 2 2 10 5 2 2 11 10 5 2 5 10 10 4 11 10 2 2 2 2 10 2 2 5 5 5 5
split_gain=36.3737 80.9109 96.498 80.8086 72.3402 57.8083 41.9692 81.1111 64.2548 41.5644 62.2473 39.4541 155.492 85.0775 51.4735 68.1794 45.1705 42.276 41.5629 36.7277 93.4355 80.8762 58.5892 57.8173 53.4147 78.1373 59.9833 48.0003 71.3553 36.4815
threshold=-3.0320500135421748 46.132738113403327 53.830442428588874 54.398979187011726 53.755762100219734 -6.4425158500671378 46.028558731079109 52.608695983886726 52.786775588989265 68.24444961547853 8.0838499069213885 46.666610717773445 53.883504867553718 47.499412536621101 8.4382386207580584 -5.4341070652008048 27.500529289245609 19.779600143432621 16.556191444396976 49.856487274169929 49.204040527343757 48.996879577636726 50.079681396484382 2.5888655185699467 50.664962768554695 50.998905181884773 45.558958053588874 45.656616210937507 45.45686340332032 46.415723800659187
decision_type=2 2 2 2 2 2 2 2 2 2 2 2 2 2 2 2 2 2 2 2 2 2 2 2 2 2 2 2 2 2
left_child=1 2 4 -4 6 -6 7 -1 -8 10 29 12 17 -13 15 -14 18 -3 -15 20 21 23 -21 -11 26 -26 -24 28 -22 -2
right_child=9 11 3 -5 5 -7 8 -9 -10 19 -12 13 14 16 -16 -17 -18 -19 -20 22 27 -23 24 -25 25 -27 -28 -29 -30 -31
leaf_value=-0.00061144939913128111 -0.0011469612789895944 -0.03214808494180859 -0.01205736292809558 0.042031623924335182 0.0033509299941113409 0.056777760640497291 0.048774975381388301 0.017709444486407124 0.011715224480278981 0.01090153493621685 0.0051126707983429219 0.015364231368520649 0.027952192551033254 0.0094516862652789628 0.065829408319471316 -0.0043328567790536111 -0.0070395449236680665 -0.0094458471242434821 -0.026820491777571492 -0.0062765358457685869 0.022466345743504656 -0.016881834266715693 -0.00033421607094738124 -0.0017212556642122608 -0.018927211336030439 0.0017885046498164118 0.014737772310185932 0.035303107127505964 -0.0031412361383945462 0.00065983835610837797
leaf_weight=693.43789640069008 49225.710146764293 236.0574269592762 364.56583192758262 36.46455161832273 37.51131996512413 74.79623644053936 79.310926586389542 514.73704595863819 206.9924573674798 860.20012022927403 2379.917630482465 432.02090988308191 113.92885114252567 437.57361095771194 17.348823845386505 264.33970245532691 900.50092431157827 177.95252273976803 41.594078578054905 1187.1260165944695 326.62327779829502 248.91884064674377 565.64501490443945 916.89956549741328 253.2521093338728 1825.2023468520492 751.80644964799285 136.01914665102959 223.80194529145956 18957.076614718884
leaf_count=2288 293166 723 2692 316 105 263 160 2444 546 4209 11935 1509 764 2781 114 1829 7092 539 368 9000 1691 748 2402 5131 1137 8880 4262 322 1046 151474
internal_value=-1.07493e-05 0.00300308 0.00828911 -0.0070479 0.012123 0.0391447 0.0100678 0.00719484 0.0221131 -0.000190058 -0.000450175 -0.00104442 -0.00746538 0.00182321 0.00820559 0.00541092 -0.00241832 -0.022444 0.00624905 0.00232463 0.00555218 0.00176479 0.00041225 0.00438699 0.00275347 -0.000738574 0.00826506 0.0167053 0.0120522 -0.000644507
internal_weight=82487.3 4629.13 2007.82 401.03 1606.79 112.308 1494.48 1208.17 286.303 77858.2 70562.7 2621.32 809.627 1811.69 395.617 378.269 1379.67 414.01 479.168 7295.49 2712.46 2026.02 4583.03 1777.1 3395.91 2078.45 1317.45 686.444 550.425 68182.8
internal_count=519936 24533 8814 3008 5806 368 5438 4732 706 495403 456575 15719 3969 11750 2707 2593 10241 1262 3149 38828 13147 10088 25681 9340 16681 10017 6664 3059 2737 444640
is_linear=0
shrinkage=0.035


Tree=73
num_leaves=31
num_cat=0
split_feature=6 0 5 6 10 5 4 6 10 4 2 2 4 2 10 5 5 2 10 10 4 5 10 2 2 10 2 2 4 9
split_gain=39.4648 31.3216 45.4428 29.4349 44.6786 66.6672 49.9939 21.3481 18.4676 23.1657 18.3271 18.8326 20.504 19.4076 38.7303 18.1867 18.2278 16.8955 41.9147 15.526 19.0018 15.3404 51.2841 15.065 14.3079 13.2335 17.3128 12.5501 12.3595 26.4648
threshold=94.375640869140639 20.800000190734867 91.718109130859389 48.874351501464851 -0.88167428970336903 46.205049514770515 45.686548233032234 99.693408966064467 -5.889366388320922 30.041594505310062 50.081499099731452 50.717582702636726 62.182466506958015 50.953025817871101 -0.69140237569808949 46.028558731079109 46.395015716552741 50.081367492675788 -2.5692464113235469 8.0838499069213885 52.634187698364265 44.901058197021491 -4.4307115077972403 50.998905181884773 54.398979187011726 -2.468779325485229 0.83801758289337169 50.36027908325196 61.659725189208991 -1.2709500193595884
decision_type=2 2 2 2 2 2 2 2 2 2 2 2 2 2 2 2 2 2 2 2 2 2 2 2 2 2 2 2 2 2
left_child=1 2 3 21 5 -5 -6 10 9 -4 17 12 27 14 -13 -9 -17 19 -19 -2 -21 22 -1 -15 -23 26 -3 -12 29 -28
right_child=7 25 8 4 6 -7 -8 15 -10 -11 11 13 -14 23 -16 16 -18 18 -20 20 -22 24 -24 -25 -26 -27 28 -29 -30 -31
leaf_value=-0.016302331956692936 -0.0011427600956587021 0.029341390806985099 -0.0056884725686924169 -0.0040659260494064521 0.0055378967723217088 0.001536870336041386 -0.00012537420223404565 -0.034700290815573874 -0.0051472677911965836 0.016456182520902321 -0.0034458747003124038 0.089044931480274453 0.021998546472539106 -0.030033359345693064 0.0040854501462359721 0.045076374434863543 -0.017976476179591756 0.099688879111472978 -0.026997021303843204 0.055948275592329087 0.0072130735395823341 0.00089336610741190428 0.022470531025695909 -0.0038887328197972494 -0.0080018296776416271 0.0025951481417476607 0.00088719817897128989 -0.019109981579576538 -0.0047254381983041086 0.018964494008659009
leaf_weight=59.261489942669868 1176.0747694969177 44.69351465255022 116.67853483557701 7997.1352415829897 2118.155860953033 3853.1050678566098 19296.93669693917 47.762932611629367 2568.4381042569876 112.84326688200235 88.078255712985992 7.1027922481298438 18.82637457549572 26.727389320731163 40.868118315935135 7.4852728676050928 16.568767378106713 5.9942394718527794 5.4104705229401571 11.284818559885023 56.449903279542923 39323.166402712464 136.1426270082593 1778.5525053143501 221.82540816813707 2686.0166180208325 213.09032294899225 230.60617587715387 93.049724772572517 186.36862840503454
leaf_count=199 10916 176 573 46352 13228 31944 127360 1191 16015 544 689 29 60 183 325 75 527 61 62 46 398 235696 598 13557 1855 13765 873 1591 424 855
internal_value=6.30933e-05 0.000224656 8.08617e-05 0.000248736 -0.000519265 -0.00224361 0.000434636 -0.00356364 -0.00429572 0.00518779 -0.00316472 -0.00509632 -0.0127004 -0.00370283 0.0180627 -0.0223626 0.00218237 0.000202094 0.0411846 -0.000194288 0.015993 0.000891778 0.0106574 -0.00429281 0.000843131 0.00360338 0.00862019 -0.0148221 0.00668109 0.00935974
internal_weight=82544.7 79026.9 75803.7 73005.7 33265.3 11850.2 21415.1 3517.79 2797.96 229.522 3445.98 2190.76 337.511 1853.25 47.9709 71.817 24.054 1255.21 11.4047 1243.81 67.7347 39740.4 195.404 1805.28 39545 3223.22 537.202 318.684 492.509 399.459
internal_count=520167 490457 474364 457232 218884 78296 140588 29710 17132 1117 27917 16434 2340 14094 354 1793 602 11483 123 11360 444 238348 797 13740 237551 16093 2328 2280 2152 1728
is_linear=0
shrinkage=0.035


Tree=74
num_leaves=31
num_cat=0
split_feature=6 11 6 2 2 2 2 2 9 5 5 0 5 6 5 2 5 5 2 2 2 5 6 4 5 2 2 2 2 12
split_gain=36.5693 27.8941 32.7019 27.8167 73.2962 57.068 39.35 91.5074 52.7091 26.6715 24.9181 31.7565 30.3224 34.0233 23.5825 70.8828 51.6366 51.3138 36.6524 35.7974 241.925 90.5469 35.5805 30.1878 30.2518 26.9852 52.9188 34.6734 21.9964 18.0156
threshold=99.693408966064467 65.116851806640639 55.578407287597663 50.078802108764656 49.95216369628907 48.924234390258796 52.858602523803718 53.017904281616218 -7.7415499687194815 45.496656417846687 50.080711364746101 17.19999980926514 50.080192565917976 8.725584030151369 46.036748886108406 50.079681396484382 49.068109512329109 45.558958053588874 50.069204330444343 50.894683837890632 51.176471710205085 45.565744400024421 26.306232452392582 72.498649597167983 45.45686340332032 50.71538162231446 50.081235885620124 52.56477355957032 48.996879577636726 69.87100982666017
decision_type=2 2 2 2 2 2 2 2 2 2 2 2 2 2 2 2 2 2 2 2 2 2 2 2 2 2 2 2 2 2
left_child=1 2 10 4 5 -4 8 -8 -5 -6 12 -12 28 -14 17 16 22 23 -18 21 -21 -19 -16 24 -3 26 -17 -27 -1 -13
right_child=-2 14 3 6 9 -7 7 -9 -10 -11 11 29 13 -15 15 25 18 19 -20 20 -22 -23 -24 -25 -26 27 -28 -29 -30 -31
leaf_value=-0.002833004231162747 -0.025568067046294742 0.0036226172038085033 0.0012623971940897817 0.042898087932566546 0.013183229513696767 -0.0068326510257304598 0.011898354297551126 -0.00090985255415318737 -0.0027964236041297897 0.0038469162002552856 -0.0035713260862474941 0.0048602124573732678 0.025777343858230405 0.0045761077937727596 -0.0025538610976627756 0.0021120216031027274 0.0083861039082012007 0.043888009548791088 -0.0066201941096167794 -0.033340800577758609 0.013402681256548815 0.0088585499655808898 -0.028701487051530809 -0.010652542579216315 -0.0021246641319264282 -0.032358230337783553 0.020434188612787455 0.0011385857513263491 0.00081894455943113678 -0.0047712868997152429
leaf_weight=2143.3753806501627 67.501682281494141 3450.8194618448615 2731.7419366315007 30.171781189739704 453.59993819892406 1748.2896185070276 761.34682333469391 6601.4733992889524 15139.60636138916 2177.7671338394284 3675.0430513620377 1053.5122724249959 110.68809533119202 563.36617524176836 97.446161657571793 560.41044005006552 258.04093383997679 99.871380209922791 864.1638540327549 177.36506004631519 567.19214812666178 908.35138494521379 187.95009905099869 251.16820132732391 1659.9393591210246 39.169186361134052 294.81961820274591 712.20635823905468 34815.761555574834 305.8524576202035
leaf_count=11790 1746 22644 16217 229 3174 9880 5276 42695 105521 20668 27453 5391 920 5067 215 4653 1839 244 7505 511 2085 2399 502 1730 6766 128 895 3140 207124 1670
internal_value=3.11738e-05 5.2467e-05 -0.000188404 -0.00108141 0.000826307 -0.00189571 -0.00168382 0.000414768 -0.00270282 0.0054625 0.000431873 -0.00188008 0.000741376 0.00809442 0.00177265 -0.000820016 -0.00655415 0.002872 -0.00315988 0.00807005 0.00223443 0.0123674 -0.0198302 0.00117054 0.00175453 0.00420026 0.00844951 -0.000630854 0.000606911 0.00268648
internal_weight=82508 82440.5 72311.6 29644 7111.4 4480.03 22532.6 7362.82 15169.8 2631.37 42667.6 5034.41 37633.2 674.054 10128.9 3014.21 1407.6 7114.71 1122.2 1752.78 744.557 1008.22 285.396 5361.93 5110.76 1606.61 855.23 751.376 36959.1 1359.36
internal_count=520077 518331 463075 203660 49939 26097 153721 47971 105750 23842 259415 34514 224901 5987 55256 18877 10061 36379 9344 5239 2596 2643 717 31140 29410 8816 5548 3268 218914 7061
is_linear=0
shrinkage=0.035


Tree=75
num_leaves=31
num_cat=0
split_feature=6 10 5 7 2 5 10 11 7 6 5 2 2 2 5 5 9 7 11 7 7 2 5 1 2 6 10 7 10 6
split_gain=38.2248 30.2873 39.0858 61.349 37.6552 31.2908 26.8045 44.6911 58.1488 43.7876 41.4481 39.0253 63.4192 36.8921 35.1083 217.665 39.6908 33.583 34.9113 31.3011 24.9535 28.423 22.2709 24.4141 18.7605 15.1832 13.918 15.3482 13.6152 11.5698
threshold=99.358459472656264 -12.683357715606688 45.661050796508796 44.196378707885749 51.149106979370124 46.859218597412116 1.0472377538681032 46.479349136352546 22.281182289123539 77.198532104492202 45.737030029296882 53.883504867553718 52.452733993530281 53.883504867553718 46.023597717285163 46.036748886108406 -4.7622499465942374 73.829555511474624 99.997001647949233 72.941394805908217 41.438684463500984 53.796842575073249 50.079809188842781 19.4986686706543 50.025510787963874 53.580562591552741 4.5968675613403329 51.746061325073249 22.41047286987305 46.119012832641609
decision_type=2 2 2 2 2 2 2 2 2 2 2 2 2 2 2 2 2 2 2 2 2 2 2 2 2 2 2 2 2 2
left_child=1 2 3 25 24 20 9 11 13 14 -10 12 -8 -9 16 -16 -3 19 -19 -11 21 -4 -7 -24 -5 29 -2 -28 -13 -1
right_child=26 6 5 4 -6 22 7 8 10 17 -12 28 -14 -15 15 -17 -18 18 -20 -21 -22 -23 23 -25 -26 -27 27 -29 -30 -31
leaf_value=0.035125890807976325 -0.016305318008736899 0.014395272163488508 -0.024526566310895646 -0.0085348188709101491 -0.037238093135414006 0.028034757558164761 0.0011922062427813247 0.058257920966105943 0.0011554130320566931 -0.0026242288316135525 -0.0016478936826472724 -0.0037467691683074765 0.0085883208860816369 -0.0050191854499433124 0.020248110348207497 0.00039727145269199607 -0.00097100733586643468 -0.016274878213834536 0.042219674678926698 0.012462098937315128 0.018456331767285984 0.031079067247506358 0.073234915659369237 0.0024376268048187022 0.028290962311450146 0.057976157373204058 0.041975600768450305 -0.0056834923707353479 -0.030415627126094795 -0.0082235372671764853
leaf_weight=44.481240004301071 233.95285246521235 206.90697652101517 103.26626206934452 27.114508606493473 22.842015244066715 56.162006229162216 3363.6816651001573 33.546836003661156 17448.094265982509 8163.2006272897124 10258.816828250885 615.236527107656 2460.9162760823965 16.343842916190624 709.03586652874947 14498.325700812042 23251.919189855456 305.32369988411665 12.21821893006563 171.09324259310961 26.738577455282211 11.833427667617796 5.3112381696701041 278.61015845835209 42.135442845523357 39.264618314802647 9.5975514743477088 39.336686830967665 23.707823894917965 8.4285322949290258
leaf_count=215 3362 891 323 173 84 373 20208 97 109695 59260 61118 4837 13549 106 1585 101446 135041 2545 94 1543 68 74 29 2256 294 163 81 326 214 36
internal_value=6.68512e-05 0.000111195 0.00753923 0.0212167 0.00088335 0.00226855 5.0347e-05 0.000796626 0.000185962 -0.000489217 0.000117185 0.00341761 0.00431905 0.0376386 1.42592e-05 0.00132428 -0.000834692 -0.00273992 -0.0139017 -0.00231252 -0.01148 -0.0185743 0.00803668 0.00398865 0.0138393 0.0412742 -0.0127584 0.00404805 -0.00478405 0.0280704
internal_weight=82487.4 82204.6 666.188 184.266 92.092 481.922 81538.4 34220.3 27756.8 47318 27706.9 6463.54 5824.6 49.8907 38666.2 15207.4 23458.8 8651.84 317.542 8334.29 141.838 115.1 340.083 283.921 69.25 92.1744 282.887 48.9342 638.944 52.9098
internal_count=520086 516317 4088 965 551 3123 512229 209824 171016 302405 170813 38808 33757 203 238963 103031 135932 63442 2639 60803 465 397 2658 2285 467 414 3769 407 5051 251
is_linear=0
shrinkage=0.035


Tree=76
num_leaves=31
num_cat=0
split_feature=6 0 5 0 4 7 2 2 2 2 6 7 9 7 11 7 5 2 5 9 11 5 7 7 5 4 5 2 5 5
split_gain=34.1534 24.6748 29.4762 24.775 24.6447 34.5289 26.617 44.6614 25.7837 25.6657 22.8891 21.0603 81.3682 62.8464 56.6497 65.3204 52.0235 100.008 43.9836 74.6983 30.8996 26.782 42.1794 31.5449 26.5383 18.2306 15.8286 15.5183 11.6001 11.4011
threshold=86.215801239013686 28.000000000000004 91.718109130859389 20.800000190734867 61.183130264282234 78.280700683593764 50.664962768554695 50.36027908325196 50.71538162231446 48.029621124267585 99.693408966064467 54.053018569946296 0.7600499987602235 60.380186080932624 50.250949859619148 64.699142456054702 45.558958053588874 51.620014190673835 45.503585815429695 -1.2468499541282652 64.210350036621108 45.558958053588874 48.710355758666999 33.509216308593757 50.078678131103523 40.531728744506843 46.028558731079109 52.452733993530281 46.395015716552741 93.145778656005874
decision_type=2 2 2 2 2 2 2 2 2 2 2 2 2 2 2 2 2 2 2 2 2 2 2 2 2 2 2 2 2 2
left_child=1 2 4 -4 5 25 7 -6 -8 -7 11 12 21 18 15 -15 27 -18 19 -13 -16 22 -2 -23 -20 -1 -12 -14 -28 -5
right_child=10 -3 3 29 6 9 8 -9 -10 -11 26 13 16 14 20 -17 17 -19 24 -21 -22 23 -24 -25 -26 -27 28 -29 -30 -31
leaf_value=0.0025070322736779785 -0.009821275776586853 0.0042688463555899409 -0.0045755087287359403 0.009941168681628745 0.0033878780627797827 -0.016943950392092979 -0.035762933725693016 0.017767830125447422 -0.00099234993536385734 -0.0023834070791663915 -0.034452559706163663 0.093612114660894766 0.0066360208368119135 -0.0054128856925911373 -0.0052390043756881935 0.029642769508613689 -0.0035872346398166605 0.038914169365036888 -0.020478300469414252 -0.0042284922576988886 0.0018454841570930763 -0.003529852241254705 0.0046512460088653498 0.0034648044106944473 0.00050907332964937363 0.00012548220935951272 0.035733114560208515 -0.016163751396412317 -0.015872288790701499 7.8149795100503639e-05
leaf_weight=4216.037607498467 924.64751578122377 1848.5605982169509 2765.3643104583025 167.29144847393036 1905.7821354493499 239.66692443192005 26.355387255549431 307.05321006476879 709.13298361003399 391.32439891993999 43.709952911362052 9.0707821920514089 90.325580880045891 115.84697975963354 2115.0545489639044 146.42604072391987 108.360985070467 178.66578000038862 504.15059172362089 300.22660236060619 1169.5338513627648 1534.5830206498504 335.05544783174992 1625.6765708103776 85.63731124997139 59596.367284424603 7.2689622975885895 60.122662596404552 14.889487830922006 994.52773599326611
leaf_count=22338 7824 8499 16967 963 10677 1798 132 899 3476 3025 1171 52 593 906 17362 862 783 726 3138 3015 7537 11790 2866 11596 913 373916 73 406 500 5411
internal_value=2.24196e-05 0.000277284 0.00017368 -0.00277338 0.000345551 0.000202254 0.00347442 0.0053921 -0.00228533 -0.00793941 -0.00196701 -0.00181959 -0.00022478 -0.00356007 -0.00146162 0.0141626 0.0141581 0.022879 -0.0118219 -0.00110244 -0.00271449 -0.00165224 -0.00596582 6.60374e-05 -0.0174225 0.000282969 -0.0224121 -0.00246633 0.00140694 0.00151022
internal_weight=82536.7 73167.5 71318.9 3927.18 67391.7 64443.4 2948.32 2212.84 735.488 630.991 9369.25 9303.38 4857.44 4445.95 3546.86 262.273 437.475 287.027 899.085 309.297 3284.59 4419.96 1259.7 3160.26 589.788 63812.4 65.8684 150.448 22.1585 1161.82
internal_count=520214 448101 439602 23341 416261 401077 15184 11576 3608 4823 72113 70369 36584 33785 26667 1768 2508 1509 7118 3067 24899 34076 10690 23386 4051 396254 1744 999 573 6374
is_linear=0
shrinkage=0.035


Tree=77
num_leaves=31
num_cat=0
split_feature=6 9 7 7 2 11 10 11 5 10 11 7 5 5 2 5 5 5 10 2 9 11 5 7 5 10 11 7 6 5
split_gain=31.522 26.2041 134.628 46.534 24.4666 23.877 23.1849 32.6303 20.9405 20.6212 37.7648 54.1419 46.3821 65.3356 45.5573 36.4473 31.4744 225.431 146.451 141.251 83.4394 82.5003 50.0877 58.0869 45.7824 56.0338 53.43 45.0435 38.6435 31.0688
threshold=86.606227874755874 -4.3752000331878653 21.560606956481937 41.438684463500984 53.471158981323249 1.0000000180025095e-35 12.557685852050783 71.000350952148452 50.080711364746101 1.0472377538681032 44.067850112915046 22.281182289123539 46.132738113403327 45.656616210937507 53.883504867553718 45.668912887573249 46.023597717285163 46.036748886108406 -2.2745329141616817 51.59552192687989 -4.3752000331878653 53.345649719238288 46.181444168090827 70.530574798583999 45.558958053588874 -1.3104421496391294 46.012449264526374 43.856449127197273 74.084007263183608 46.023597717285163
decision_type=2 2 2 2 2 2 2 2 2 2 2 2 2 2 2 2 2 2 2 2 2 2 2 2 2 2 2 2 2 2
left_child=9 2 4 -4 5 -2 8 -8 -3 16 12 14 13 -11 -12 -15 20 18 19 -18 27 -20 23 -19 26 -26 -22 28 -1 -13
right_child=1 6 3 -5 -6 -7 7 -9 -10 10 11 29 -14 15 -16 -17 17 22 21 -21 24 -23 -24 -25 25 -27 -28 -29 -30 -31
leaf_value=0.016508996523897885 0.055217529416394386 -0.002870845784404366 0.053590695648030241 -0.022000673496637774 -0.023865431036290852 -0.0078404745643790574 0.024627225195639105 -0.0048948566329770756 0.0045778544312946538 0.0027975149514798854 0.055389688632054339 0.0013026081100491397 -0.00099628849850927131 0.031628501932865954 -0.011100565559599172 0.01143263795223221 0.07547819013512401 -0.0055214666171232848 -0.0030212847330409235 0.019178697610596509 0.0035145349556366511 0.023460453956968694 0.00054870616447316343 -0.041232987078414218 -0.0050084827399675602 0.00039267131348968428 -0.0012063172894499227 -0.0099511255423817991 0.055918156610726265 -0.0012404201474582241
leaf_weight=277.71754428744316 9.7178119998425228 8166.1741530969739 74.503509506583214 10.911499440670012 83.704493114724755 23.512595852836967 92.562349788844585 89.082212831825018 488.68863505870104 1791.1216964945197 38.840795427560806 16904.500837892294 1445.4673538580537 126.50449788570404 17.945249870419502 827.32689847797155 94.336704343557358 862.14835447072983 299.57268136739731 130.94771036505699 3925.7223095968366 275.89926096796989 15387.795695252717 58.994697123765945 6445.3550158515573 3701.7413212954998 11650.869990117848 70.018358580768108 33.948608830571175 9025.1525288820267
leaf_count=1180 93 62983 333 36 572 274 448 589 4708 10223 109 102333 9580 377 121 3860 195 3937 705 279 25026 613 111018 139 29709 20308 75951 226 179 53589
internal_value=4.79454e-05 -0.00190214 0.0105209 0.0437384 -0.0138157 0.0112589 -0.00218834 0.0101526 -0.00244907 0.000288229 0.000990328 0.000492766 0.00407355 0.00674535 0.0343939 0.0141428 -0.00020189 0.000964615 0.019086 0.0429684 -0.000966702 0.00967769 7.35489e-05 -0.00785 -0.0012082 -0.00303753 -1.59662e-05 0.0152592 0.0209563 0.000417193
internal_weight=82430.8 9038.86 202.35 85.415 116.935 33.2304 8836.51 181.645 8654.86 73391.9 30176.9 25986.4 4190.42 2744.95 56.786 953.831 43215.1 17109.7 800.756 225.284 26105.4 575.472 16308.9 921.143 25723.7 10147.1 15576.6 381.685 311.666 25929.7
internal_count=519693 70036 1308 369 939 367 68728 1037 67691 449657 180192 156152 24040 14460 230 4237 269465 116886 1792 474 152579 1318 115094 4076 150994 50017 100977 1585 1359 155922
is_linear=0
shrinkage=0.035


Tree=78
num_leaves=31
num_cat=0
split_feature=10 6 7 7 7 11 2 2 9 7 10 10 7 7 7 9 2 7 7 1 11 9 10 7 7 7 11 10 10 7
split_gain=29.6628 39.5881 34.1573 47.0652 44.8481 40.9256 84.3972 49.8698 42.1441 91.408 53.2592 32.2104 31.3389 28.3574 29.5475 77.6824 27.6057 27.3173 47.3375 25.7634 25.7425 22.4867 21.417 21.1187 21.7233 79.7864 26.4501 20.4614 22.8702 20.4508
threshold=1.0472377538681032 78.006248474121108 34.66917800903321 35.611213684082038 34.419713973999031 43.378349304199226 53.078521728515632 53.120206832885749 1.3744500279426577 70.107513427734389 4.7782890796661386 16.556191444396976 40.876146316528327 73.829555511474624 73.50925445556642 3.2103500366210942 50.069395065307624 28.417278289794925 24.034657478332523 41.865943908691413 99.997001647949233 7.6709501743316659 3.8308068513870244 79.546710968017592 69.86682510375978 67.228866577148452 69.251052856445327 -0.99812862277030934 -15.079775810241697 29.259167671203617
decision_type=2 2 2 2 2 2 2 2 2 2 2 2 2 2 2 2 2 2 2 2 2 2 2 2 2 2 2 2 2 2
left_child=1 21 4 16 11 6 12 -8 10 -10 -7 17 -5 14 -3 -16 19 18 -2 -4 27 23 -6 24 25 -1 -26 28 -15 -19
right_child=2 13 3 5 22 8 7 -9 9 -11 -12 -13 -14 20 15 -17 -18 29 -20 -21 -22 -23 -24 -25 26 -27 -28 -29 -30 -31
leaf_value=9.4655855295518716e-05 0.00062027289508082408 -0.0024888157000409086 0.014264482033297008 -0.0034701294849310504 0.013031552818513901 -0.0020477631197641701 0.059281528721753012 0.016951683811087682 0.0045779716934337663 -0.0017685392546952703 0.0025076216863258445 -0.019844772303329868 0.005864692519447409 0.029784591914967903 -0.0059393727744588625 0.068996549495428369 -0.0066254195423604053 -0.006184950754052199 0.014926534643969175 -0.037534086242618774 0.034900241614084442 0.028304182012340411 0.040134825639854523 -0.011740045605644411 0.00095613054535832005 -0.0068747546962440913 0.0077275531267508744 -0.00065991126999311749 -0.02309084341092742 0.0028417679837320856
leaf_weight=32393.228018984199 546.02123712934554 8173.7519686147571 13.345201648771761 681.97841499559581 119.45786611735821 12494.347123062238 39.458507589995861 240.94267088919878 6496.4084944557399 4856.6243049744517 4199.2066514510661 72.398087628185749 1238.3199767768383 9.7402056306600553 49.170160312205553 24.855703122913837 271.34942284226418 361.51827245205641 590.66222093440592 72.821055889129639 12.435118257999418 33.400476425886154 51.85104712843895 188.82790400087833 3930.7695253491402 2144.5685921609402 861.79886655509472 89.093043524771929 210.29141647554934 2019.7529679127038
leaf_count=199815 3371 60936 72 3482 777 84888 151 1601 32930 32800 23717 546 6825 78 503 82 1832 2515 3201 193 94 192 196 1459 25526 12888 4524 722 1862 12463
internal_value=3.02479e-05 -0.000530545 0.000815701 0.000428551 0.00396293 0.000578142 0.00517341 0.023085 0.000217183 0.0018625 -0.000901387 0.00312325 0.0025458 -0.00268716 -0.00228786 0.019597 -0.012181 0.00360232 0.00806575 -0.0293737 -0.0128762 -6.3078e-05 0.0214242 -8.78028e-05 -3.14439e-05 -0.000338045 0.00217631 -0.0149058 -0.0206191 0.0014668
internal_weight=82488.4 48121.9 34366.5 30604.8 3761.66 30247.3 2200.7 280.401 28046.6 11353 16693.6 3590.35 1920.3 8569.34 8247.78 74.0259 357.516 3517.95 1136.68 86.1663 321.56 39552.6 171.309 39519.2 39330.4 34537.8 4792.57 309.125 220.032 2381.27
internal_count=520241 308681 211560 188491 23069 186394 12059 1752 174335 65730 108605 22096 10307 64277 61521 585 2097 21550 6572 265 2756 244404 973 244212 242753 212703 30050 2662 1940 14978
is_linear=0
shrinkage=0.035


Tree=79
num_leaves=31
num_cat=0
split_feature=6 0 6 5 10 10 11 5 7 7 2 11 8 8 5 5 6 5 2 2 10 5 7 7 2 9 7 10 10 13
split_gain=32.7845 26.897 25.3601 29.988 46.7526 27.1827 45.7253 67.855 47.4274 43.6962 59.8705 36.4547 23.6352 18.8552 13.6714 42.6191 37.2078 11.5516 19.2537 17.616 15.7898 15.1987 13.9719 15.9219 11.5355 12.3225 10.8474 12.0881 9.23998 9.07652
threshold=99.358459472656264 28.000000000000004 55.945737838745124 50.080970764160163 -3.3652718067169185 -0.72974395751953114 39.130750656127937 46.157749176025398 22.281182289123539 73.705352783203139 50.953025817871101 99.997001647949233 -1.4999999999999998 -8.4999999999999982 50.079999923706062 50.079553604125984 3.2703125476837163 98.662231445312514 2.3889746665954594 99.632465362548842 -5.7159907817840567 91.923877716064467 36.283739089965827 34.419713973999031 1.6912993788719179 -1.4051499962806699 57.40429878234864 1.0817691683769228 3.7614345550537114 2.2991542816162114
decision_type=2 2 2 2 2 2 2 2 2 2 2 2 2 2 2 2 2 2 2 2 2 2 2 2 2 2 2 2 2 2
left_child=1 2 3 14 12 9 7 -7 -8 10 -4 -11 -5 -6 15 -1 -16 21 26 20 -20 24 23 -23 25 -3 -19 -28 -26 -24
right_child=-2 17 5 4 13 6 8 -9 -10 11 -12 -13 -14 -15 16 -17 -18 18 19 -21 -22 22 29 -25 28 -27 27 -29 -30 -31
leaf_value=0.00068626865361876585 -0.012124777107833152 -0.017076008414135417 0.0010577700480286255 -0.0034267396552659316 0.032912506623755042 0.011296565468647646 0.039057700427568447 -0.0033913922839459289 -0.00064776849767502408 -0.01388749929754037 -0.0040247119842444726 0.029699254461662973 0.0094880049561873719 -0.0045204242639511694 0.022798962896061162 -0.0080294756282049823 0.0023230994678174761 0.012916059066583073 -0.032703674874259951 0.021532591484360385 0.0041056438257637265 0.0030277133520940822 -0.0021424032854048592 0.022584143752825563 0.023332728125082813 0.015488315110395126 0.072745738133227558 0.02390661616524228 -0.0072662563958112983 0.0059972089260170681
leaf_weight=41146.749428063631 273.72013081051409 26.777133420109749 5182.6769492030144 258.39115012437105 15.735394582152365 985.54137988388538 36.119291126728058 630.82553745061159 18917.581158839166 515.90656284987926 6272.941675670445 23.795645020902157 522.00706157833338 3235.6650833711028 115.13441224396229 698.05108643323183 1782.5915335267782 37.179448924958706 14.140273518860338 71.685361757874489 309.63105022162199 178.59506215900183 834.27711475640535 71.382956348359585 92.253864951431751 28.61002554744482 9.8706336989998835 19.72839017957449 13.135436989367006 209.06834518909454
leaf_count=237242 3719 122 39498 1288 96 5498 204 4729 128755 4158 37547 177 3344 22578 956 5973 15855 157 42 300 1329 827 3937 269 532 155 38 87 76 938
internal_value=-4.96353e-05 -9.25071e-06 -0.000107102 0.000406201 -0.00248147 -0.000860338 -8.77731e-05 0.00556107 -0.000570089 -0.00218449 -0.0017248 -0.0119117 0.00520382 -0.00432906 0.000672561 0.000540555 0.00357813 0.00408772 0.00890919 0.00592221 0.00239983 0.00254619 0.00127492 0.00869433 0.0126723 -0.000149422 0.0262147 0.0419095 0.019427 -0.000501317
internal_weight=82529.8 82256 80339.7 47774.3 4031.8 32565.4 20570.1 1616.37 18953.7 11995.3 11455.6 539.702 780.398 3251.4 43742.5 41844.8 1897.73 1916.34 462.235 395.457 323.771 1454.1 1293.32 249.978 160.776 55.3872 66.7785 29.599 105.389 1043.35
internal_count=520426 516707 507898 287332 27306 220566 139186 10227 128959 81380 77045 4335 4632 22674 260026 243215 16811 8809 1953 1671 1371 6856 5971 1096 885 277 282 125 608 4875
is_linear=0
shrinkage=0.035


Tree=80
num_leaves=31
num_cat=0
split_feature=9 7 7 7 7 7 10 2 7 2 5 2 10 7 10 2 2 5 10 5 10 7 5 7 5 5 2 7 2 5
split_gain=33.8716 41.6641 73.4604 78.2074 84.504 65.8766 63.7047 42.8743 42.3133 41.6109 39.4287 38.7304 39.8124 38.9119 38.6101 34.9764 58.2844 39.6595 37.5509 47.6541 34.273 57.0918 109.508 67.9914 52.6179 130.788 87.5601 82.6525 72.038 46.6138
threshold=1.6000500321388247 67.520690917968764 68.936416625976577 69.650360107421889 70.733211517333999 70.530574798583999 -6.0641770362853995 50.051733016967781 65.665817260742202 48.849718093872077 45.449871063232429 50.069540023803718 1.0000000180025095e-35 65.186267852783217 -3.0567976236343379 50.051788330078132 51.435903549194343 45.452220916748054 0.31776341795921331 45.489482879638679 4.7782890796661386 35.942852020263679 45.554418563842781 30.715738296508793 45.692289352416999 45.661050796508796 50.459417343139656 71.689678192138686 51.048030853271491 45.449871063232429
decision_type=2 2 2 2 2 2 2 2 2 2 2 2 2 2 2 2 2 2 2 2 2 2 2 2 2 2 2 2 2 2
left_child=20 6 15 9 5 -5 -2 -6 11 -4 -10 12 -8 -13 -11 18 17 -17 -3 -20 -1 22 -22 -24 25 29 27 -26 -28 -23
right_child=1 2 3 4 7 -7 8 -9 10 14 -12 13 -14 -15 -16 16 -18 -19 19 -21 21 24 23 -25 26 -27 28 -29 -30 -31
leaf_value=-0.00062652135089930386 -0.018015757230549771 -0.035526537118422949 0.049165748617460946 -0.0039027549956586814 0.0038336827765393499 -0.022277628968361524 -0.017934654575370849 -0.0018951107931057694 -0.0059833160055338119 0.062018825853346192 0.016663469814404017 0.004975849981625877 0.0021587158096001099 -0.0082564708890734695 0.0084894802362537047 0.062739441619576466 -0.021251833595933193 0.0037421088567065634 0.014589635021106237 -0.024273516815012313 -0.01682575706637713 -0.0039045589455533672 0.0041912943593895692 0.023699858534465077 0.0057555505916991549 0.06674482219206182 -0.027857006320120753 -0.017066436284776811 -0.0052909127825278473 0.0054964049485521516
leaf_weight=60754.104391498491 160.61655104905367 120.38537064567208 33.870251700282097 984.90642473846674 3747.5887653492391 315.61187620460987 203.3301817253232 2790.1011552102864 113.28120199590921 16.187454588711262 535.79876630753279 4569.0283971205354 294.26602553576231 288.39364662766457 692.02742951363325 14.390416495501993 138.47439324483275 179.09783853031695 61.120001181960106 101.76821246743202 161.65348685532808 921.78053345344961 418.40656068921089 461.34534954279661 1103.4360833801329 38.7452192902565 264.2902098223567 235.06727318093181 504.91250018775463 2151.2633662242442
leaf_count=396633 704 376 252 3871 22219 1159 784 23387 986 131 3269 21556 1576 1228 3398 126 1027 1094 201 454 1142 8004 2677 1749 7050 85 690 1830 1824 10204
internal_value=-3.24662e-05 0.00144983 -4.19877e-05 0.000795361 -0.000232403 -0.00837833 0.00367593 0.00138779 0.00425969 0.011649 0.0126978 0.00323387 -0.0060535 0.00418755 0.00979145 -0.0117172 -0.00396559 0.00840625 -0.0207397 -0.00964823 -0.000372335 0.00209287 0.00957239 0.0144418 0.000597965 0.00349091 -0.00366953 0.00173454 -0.0130744 0.00267396
internal_weight=82375.2 15360.2 9195.53 8580.29 7838.21 1300.52 6164.71 6537.69 6004.1 742.085 649.08 5355.02 497.596 4857.42 708.215 615.236 331.963 193.488 283.274 162.888 67015 6260.9 1041.41 879.752 5219.5 3111.79 2107.71 1338.5 769.203 3073.04
internal_count=519686 87798 57695 54417 50636 5030 30103 45606 29399 3781 4255 25144 2360 22784 3529 3278 2247 1220 1031 655 431888 35255 5568 4426 29687 18293 11394 8880 2514 18208
is_linear=0
shrinkage=0.035


Tree=81
num_leaves=31
num_cat=0
split_feature=9 7 7 9 5 7 7 7 0 7 7 10 5 5 5 4 5 5 7 6 7 9 5 5 9 4 6 5 10 0
split_gain=40.8646 126.526 107.126 112.413 97.5332 90.3631 75.9883 67.9478 48.8268 48.4873 116.068 55.616 45.2157 50.206 39.668 67.5914 40.4885 38.2976 73.5578 37.545 36.2485 35.2421 34.6896 34.4381 34.8689 32.6241 30.1807 30.1524 29.9095 29.5828
threshold=-3.0320500135421748 22.281182289123539 21.560606956481937 -1.2224499583244322 46.620765686035163 24.405713081359867 21.006519317626957 23.790318489074711 13.59999990463257 33.602645874023445 37.797212600708015 3.1607775688171391 46.036748886108406 45.745761871337898 50.069395065307624 42.728067398071296 93.561573028564467 46.584453582763679 21.006519317626957 46.119012832641609 21.006519317626957 -3.8149000406265254 50.069204330444343 45.745761871337898 -2.8313499689102168 47.23036193847657 94.375640869140639 50.069395065307624 -0.13834803551435468 1.0000000180025095e-35
decision_type=2 2 2 2 2 2 2 2 2 2 2 2 2 2 2 2 2 2 2 2 2 2 2 2 2 2 2 2 2 2
left_child=1 6 3 20 17 14 -1 19 -6 22 11 -11 13 -8 23 -16 -17 18 -5 -3 -2 -15 28 25 -25 -4 -7 -21 -9 -29
right_child=2 7 5 4 8 26 12 9 -10 10 -12 -13 -14 21 15 16 -18 -19 -20 27 -22 -23 -24 24 -26 -27 -28 29 -30 -31
leaf_value=-0.00039733280014027844 -0.0040879296981804819 0.008579550567728576 0.0042766209327675109 -0.023405290939218306 -0.018992070053474665 1.2494480884883686e-05 -0.018776162737491327 0.00046314735206231768 0.058384024563671144 0.024228627337380175 -0.00087218362144037974 -0.01891589563578825 -0.024207135635709132 0.053029780213690647 -0.0092533523541134428 0.030736171250342992 -0.019963798472691679 0.081942462596493779 0.055426581852491344 0.031245638413369872 0.017924848965029376 -0.02457820988139876 -0.010691680726133327 0.0039641492399535225 -0.014094432284982613 0.081487559836140686 -0.0034654614634350425 -0.022161189253106502 0.0162920072767446 0.029611811442909121
leaf_weight=1197.0032205749303 245.52975359559059 278.03620226681232 33.525080541148782 17.432250268757343 43.740599870681763 72406.398413695395 49.244104981422424 866.14400965161622 12.073486663401125 530.40789806842804 589.2620619609952 38.54828204959631 312.84504803642631 28.64618294686079 237.47716952860355 109.24350323341787 22.641817018389702 40.605429619550705 72.8650738671422 258.87321875989437 144.89481516554952 8.806903036311267 281.13484556600451 146.6963558755815 1156.2163826730102 7.6849322989583007 3190.1891225837171 28.006837643682957 175.4035172238946 24.642616376280785
leaf_count=8433 1497 1096 299 131 278 455685 426 4149 35 1651 2292 146 2013 240 1759 1000 82 74 204 961 776 80 2063 660 5267 72 27713 253 798 88
internal_value=-1.1478e-05 0.00316931 -0.000202191 0.0148102 0.0370891 -0.000314505 -0.00481837 0.00732511 -0.00154224 0.00477993 0.0100063 0.0212707 -0.0180188 0.00424891 -0.00826065 0.00187881 0.0219115 0.0535231 0.040059 0.0180025 0.00408353 0.0344653 0.000194845 -0.0110516 -0.0120546 0.0201193 -0.000134218 0.0263467 0.00314601 0.00202075
internal_weight=82554.2 4667 77887.2 577.141 186.717 77310.1 1596.55 3070.46 55.8141 2480.9 1158.22 568.956 399.542 86.6972 1713.49 369.362 131.885 130.903 90.2973 589.559 390.425 37.4531 1322.68 1344.12 1302.91 41.21 75596.6 311.523 1041.55 52.6495
internal_count=520221 24689 495532 2995 722 492537 11192 13497 313 11099 4089 1797 2759 746 9139 2841 1082 409 335 2398 2273 320 7010 6298 5927 371 483398 1302 4947 341
is_linear=0
shrinkage=0.035


Tree=82
num_leaves=31
num_cat=0
split_feature=9 7 7 9 5 2 7 2 2 4 2 7 7 2 5 2 7 2 2 5 5 11 7 7 5 7 9 7 9 2
split_gain=27.343 117.382 107.953 93.5158 87.8274 94.9965 75.8138 68.0006 67.5672 83.9393 60.7919 66.9093 98.1532 58.941 64.8987 54.838 48.9363 92.2962 44.1086 42.4888 40.8943 38.1208 36.8298 33.2578 31.545 28.852 31.8936 31.1187 27.0734 40.493
threshold=-3.0320500135421748 22.281182289123539 21.560606956481937 -1.6167500019073484 46.620765686035163 53.883504867553718 24.405713081359867 52.608695983886726 53.259717941284187 42.728067398071296 50.069204330444343 36.454193115234382 38.011922836303718 53.830442428588874 46.24426460266114 53.755762100219734 21.006519317626957 54.398979187011726 53.576904296875007 50.079809188842781 45.745761871337898 23.535450935363773 21.006519317626957 36.108549118041999 46.324718475341804 37.797212600708015 -4.7622499465942374 64.699142456054702 4.7590000629425058 50.664962768554695
decision_type=2 2 2 2 2 2 2 2 2 2 2 2 2 2 2 2 2 2 2 2 2 2 2 2 2 2 2 2 2 2
left_child=1 16 3 22 5 -5 8 10 9 -4 25 23 -13 15 -15 18 -1 21 -9 -6 -10 -18 -2 -12 -7 26 -3 -27 -8 -30
right_child=2 7 6 4 19 24 28 13 20 -11 11 12 -14 14 -16 -17 17 -19 -20 -21 -22 -23 -24 -25 -26 27 -28 -29 29 -31
leaf_value=-0.0015519332849788308 -0.0061774859974338082 0.036903384020156631 -0.0059404762507927339 0.062171335639656468 -0.018489203334170427 0.036333939781366925 -0.00018803832639414171 0.016739634190206475 0.025408122369648005 0.030786432592211109 -0.011702817239540027 0.036254053612251355 -0.0035511165341642718 -0.0094796973018159841 0.014533595348738574 0.038488175142599335 -0.028965997501004551 0.035413423088985048 -0.00061030135530785448 0.032471846526796251 -0.012168363078934669 -0.0038049064664894298 0.017784331214228125 -0.044833586928565386 -0.024508411057045824 -0.021077438250582 0.010560259927964702 0.016905118797929664 0.0081480117603739948 -0.0041545744096461871
leaf_weight=1189.8142254538834 207.15598662011325 75.839092142879963 228.38589313626289 119.3221438229084 49.334551781415939 17.007903233170509 73919.141093743965 847.06089463084936 35.627974350005388 113.33042924664915 355.44196612387896 93.175647012889385 392.67809394001961 294.71595607511699 257.51183081790805 115.12377637624741 246.65120373666286 38.02737227641046 226.65945994853973 32.564677365124226 1303.9132045786828 106.4363384116441 125.34912797994912 41.085822597146034 24.413808360695839 57.613050363957882 221.5807334035635 47.351209215819836 1094.6576720103621 466.21644512563944
leaf_count=8397 1269 190 1710 228 324 124 474921 3133 341 1018 2506 250 1533 1963 1215 368 1577 320 828 172 5963 848 673 99 191 203 869 155 5847 2319
internal_value=1.24864e-05 0.00263227 -0.000142701 0.0149537 0.0314394 0.0464099 -0.000255471 0.00667103 -0.00760465 0.00626305 0.000556354 -0.00457914 0.00411527 0.0111768 0.00171022 0.0155641 -0.00509281 -0.0158215 0.0130729 0.00180733 -0.0111491 -0.0214268 0.00285574 -0.0152366 0.000522975 0.011822 0.0173819 -0.00387839 -9.16025e-05 0.00446863
internal_weight=82343.2 4606.77 77736.4 575.148 242.643 160.744 77161.3 3025.84 1681.26 341.716 1284.77 882.382 485.854 1741.07 552.228 1188.84 1580.93 391.115 1073.72 81.8992 1339.54 353.088 332.505 396.528 41.4217 402.384 297.42 104.964 75480 1560.87
internal_count=519554 24454 495100 2981 1039 543 492119 13312 9032 2728 5805 4388 1783 7507 3178 4329 11142 2745 3961 496 6304 2425 1942 2605 315 1417 1059 358 483087 8166
is_linear=0
shrinkage=0.035


Tree=83
num_leaves=31
num_cat=0
split_feature=10 5 5 5 5 6 10 9 5 2 10 2 9 6 2 2 5 5 5 9 2 2 2 5 1 2 6 5 9 6
split_gain=32.7804 31.3789 39.6574 30.9872 54.0434 28.3809 21.5788 43.1731 58.1999 52.4307 44.3073 43.9572 33.4261 28.2886 33.6146 54.8831 38.5047 29.0558 56.1129 49.0009 20.5904 22.5142 39.6563 19.4791 19.2462 17.8287 16.0217 18.9219 15.3409 14.8142
threshold=-12.683357715606688 45.661050796508796 45.565744400024421 47.499412536621101 50.069204330444343 94.375640869140639 -0.20881332457065579 -0.69014999270439137 44.901058197021491 54.126050949096687 1.8637498617172243 52.452733993530281 1.0600499510765078 55.945737838745124 52.554931640625007 50.562658309936531 45.515445709228523 45.496656417846687 45.554418563842781 0.029749999754130844 53.865806579589851 51.659938812255866 50.894683837890632 45.558958053588874 15.691628932952883 50.025510787963874 99.693408966064467 46.028558731079109 -7.7415499687194815 38.245452880859382
decision_type=2 2 2 2 2 2 2 2 2 2 2 2 2 2 2 2 2 2 2 2 2 2 2 2 2 2 2 2 2 2
left_child=1 2 23 20 -5 6 13 9 10 11 -9 -8 -10 14 15 -2 -16 19 -19 -15 21 22 -3 25 -6 29 -7 -28 -26 -1
right_child=5 3 -4 4 24 26 7 8 12 -11 -12 -13 -14 17 16 -17 -18 18 -20 -21 -22 -23 -24 -25 28 -27 27 -29 -30 -31
leaf_value=0.015777718970120033 -0.00043696035152030491 -0.026571736913322798 0.039052979319280041 0.062955020252181179 0.066019776245185138 -0.0028620623672017671 0.0011871188640947877 0.055949250370878167 -0.0010022702147492321 -0.0075743521932782757 1.5337822874562461e-06 0.0065212083983981137 0.0011572367625016706 0.001010536266094876 0.004751209137341051 0.0040024803345738704 -0.0028234122296632194 0.0086345683651557412 -0.0017585528601753476 -0.0084882232092762609 0.029081609531926268 -0.023289273442001452 0.046549901437440401 -0.024679380815476871 0.016396628685469039 0.023259351103591831 -0.034259955912564574 0.0051529777185506751 -0.00099760423979431464 -0.030854209893834597
leaf_weight=15.310877703130247 9982.8696718513966 17.773051992058754 76.305111184716225 20.326087534427643 5.4337121322751036 3375.2315975576639 4168.9996196478605 39.328425854444504 19345.577174730599 549.10499802976847 30.975378461182117 3471.7554484531283 16075.803913511336 1044.6080535128713 945.38127747923136 5179.3982508182526 6245.2889638394117 684.89012483507395 8822.09272582829 1824.6370688825846 13.699002780020235 98.483181573450565 16.942800581455231 19.386640191078186 84.765947068110108 66.343095295131207 41.516293179243803 22.322769368067384 223.98221518099308 16.39358814060688
leaf_count=85 67199 53 287 75 27 27651 25875 181 127703 4410 179 19252 93680 7595 7008 26934 31892 6245 56329 12491 80 326 30 44 712 462 1183 586 1808 113
internal_value=-2.06337e-05 0.00765522 0.0195251 0.00283928 0.00873016 -8.41085e-05 5.23098e-05 0.000570104 4.13142e-05 0.00286059 0.0316749 0.00361213 -2.19879e-05 -0.000598756 0.000144244 0.00107921 -0.00182616 -0.00194119 -0.00100842 -0.00502825 -0.0105023 -0.0147749 0.00916231 0.00659885 0.00504885 0.0130039 -0.00319576 -0.0204768 0.00378535 -0.00828507
internal_weight=82524.9 675.145 193.739 481.406 334.508 81849.8 78410.7 43681.5 35491.7 8189.86 70.3038 7640.76 35421.4 34729.2 22352.9 15162.3 7190.67 12376.2 9506.98 2869.25 146.898 133.199 34.7159 117.434 314.182 98.0476 3439.07 63.8391 308.748 31.7045
internal_count=520495 4102 991 3111 2622 516393 486973 271280 221743 49537 360 45127 221383 215693 133033 94133 38900 82660 62574 20086 489 409 83 704 2547 660 29420 1769 2520 198
is_linear=0
shrinkage=0.035


Tree=84
num_leaves=31
num_cat=0
split_feature=6 11 2 2 7 10 11 6 7 2 2 2 5 10 7 0 10 2 7 5 7 7 6 7 5 6 5 2 10 7
split_gain=28.1795 27.5017 42.7755 82.9786 44.825 41.2108 41.7215 34.2884 34.2423 30.8921 35.9907 30.6979 29.8364 29.6195 27.446 25.514 23.7526 23.6247 22.8921 21.7394 21.5449 21.0803 20.2479 20.1652 14.448 13.6383 13.0881 12.7382 9.47115 8.63194
threshold=98.581562042236342 78.74444961547853 50.664962768554695 50.434299468994148 62.821918487548835 11.422029972076418 1.0000000180025095e-35 41.822921752929695 18.460414886474613 51.176471710205085 51.255708694458015 50.459417343139656 45.558958053588874 -5.889366388320922 78.280700683593764 28.000000000000004 -7.5363545417785636 50.079809188842781 21.006519317626957 45.442907333374031 69.650360107421889 43.856449127197273 45.742458343505866 70.530574798583999 45.452220916748054 99.693408966064467 46.028558731079109 49.856487274169929 16.556191444396976 60.900808334350593
decision_type=2 2 2 2 2 2 2 2 2 2 2 2 2 2 2 2 2 2 2 2 2 2 2 2 2 2 2 2 2 2
left_child=1 5 3 4 27 6 13 12 28 22 -11 -9 -5 17 15 -8 -16 -1 -10 -12 -6 -15 -4 -20 -24 -2 -27 -3 -7 -28
right_child=25 2 9 7 20 8 14 11 18 10 19 -13 -14 21 16 -17 -18 -19 23 -21 -22 -23 24 -25 -26 26 29 -29 -30 -31
leaf_value=0.02793432799500295 -0.0053506768066188528 -0.02985241142865366 -0.0029707178577993427 -0.0090331596660322699 0.017613258528865496 0.0001370798382490551 -0.00023293858067059545 0.057547537256711558 0.06026000281479129 0.041403847332293457 -0.016485432046444579 0.024208046369467225 0.035459375775082722 0.038475516002200429 0.022314647746940287 0.0039879862335878312 -0.0073636265140966739 0.00063319554856446666 0.0042433656527078121 0.001056652262776794 0.0038946145185582677 -0.021742413438952151 0.0049804194132749419 0.014444532307261782 -0.040992249500890768 -0.034164798911723034 -0.016385575608101586 -0.0073605762346215442 -0.025223913914394661 0.028176069302123137
leaf_weight=48.854807339608669 674.23915097117424 48.103855557739735 45.968091979622841 51.391942128539085 158.51755269616842 27.421158231794834 75101.402901053429 50.643733829259872 9.4136267304420453 23.33064067363739 105.74204018712044 110.1460050791502 27.700331747531891 65.460067443549633 33.458223223686218 1795.3272817060351 876.53826256841421 180.8609781935811 757.41891397535801 457.6667954698205 1208.5608475133777 7.3080527335405341 9.4463143572211248 347.80657003074884 51.975368589162827 40.049428097903728 14.056349582970144 88.863929741084576 48.97869161516428 7.4954931754618874
leaf_count=295 5795 158 195 178 498 221 476688 95 60 114 932 303 46 390 156 8359 6889 1244 3205 1869 7376 27 64 2307 197 1160 399 465 456 185
internal_value=-5.49451e-06 5.5837e-05 0.00371669 0.00664207 0.00358124 -5.66627e-05 -0.000155307 0.0257285 0.00640236 -0.00362215 -0.000440567 0.0349852 0.00666079 0.0128006 -0.000205895 -0.00013426 -0.00624611 0.00654663 0.00796308 -0.00224199 0.00549983 0.0321621 -0.0208087 0.00746805 -0.0338363 -0.00682046 -0.0225205 -0.0154381 -0.0161237 -0.000120592
internal_weight=82474.1 81738.3 2438.06 1743.93 1504.05 79300.2 78109.2 239.882 1191.04 694.129 586.739 160.79 79.0923 302.484 77806.7 76896.7 909.996 229.716 1114.64 563.409 1367.08 72.7681 107.39 1105.23 61.4217 735.84 61.6013 136.968 76.3998 21.5518
internal_count=520326 512787 12490 9119 8497 500297 494048 622 6249 3371 2915 398 224 1956 492092 485047 7045 1539 5572 2801 7874 417 456 5512 261 7539 1744 623 677 584
is_linear=0
shrinkage=0.035


Tree=85
num_leaves=31
num_cat=0
split_feature=6 10 5 7 5 5 2 2 6 9 2 2 7 5 7 9 8 5 10 7 6 5 7 6 6 9 5 9 10 2
split_gain=30.5327 26.2329 29.4869 42.8592 32.1222 30.2035 30.0676 26.1017 25.3021 40.4459 59.8281 72.0572 40.7954 37.2214 33.4829 32.072 24.4229 25.0658 32.1167 24.0093 23.6859 19.6723 17.0112 15.3164 12.5231 10.3781 5.1829 4.84615 3.33905 2.61431
threshold=99.693408966064467 -12.683357715606688 45.661050796508796 44.196378707885749 46.859218597412116 50.069204330444343 51.149106979370124 50.025510787963874 25.916258811950687 5.2697000503540048 50.664962768554695 50.434299468994148 76.318405151367202 45.582262039184577 90.347183227539077 2.1182500123977666 -9.4999999999999982 50.080970764160163 -2.62231433391571 41.438684463500984 51.585536956787116 50.078802108764656 35.319665908813484 63.918010711669929 22.696355819702152 2.7615000009536748 50.079809188842781 -6.0219500064849845 8.4382386207580584 50.080970764160163
decision_type=2 2 2 2 2 2 2 2 2 2 2 2 2 2 2 2 2 2 2 2 2 2 2 2 2 2 2 2 2 2
left_child=1 2 3 23 19 24 7 -5 16 12 11 -11 15 -12 -14 -10 -3 21 -19 20 -4 -18 -7 27 -6 26 28 -1 -2 -28
right_child=25 8 4 6 5 22 -8 -9 9 10 13 -13 14 -15 -16 -17 17 18 -20 -21 -22 -23 -24 -25 -26 -27 29 -29 -30 -31
leaf_value=0.04039724666789167 -0.032496580819491361 0.057716020955446569 -0.0053741681591807601 -0.013228161616884134 0.017931382086630004 -0.00041498938600471289 -0.032207308819266131 0.029807679774851912 -0.0007016111266572449 0.0076931236625879598 -0.019288104574704732 0.040384535912416933 -0.0068631666713188429 0.0077032742709706101 0.037743740182480161 0.0020649701305326331 0.00082203141653861998 0.0059319734743246942 -0.006788081023152902 0.01793912378132171 -0.037537184994595921 0.0043654122648553451 0.016891105511496897 0.056296421133023036 0.069019312309718722 0.033103707196475436 0.026896053274118436 0.01832701976607071 0.011991970959859136 -0.02086371580014567
leaf_weight=18.63501850515604 52.273886250331998 8.4704656898975355 70.885703735053539 27.500781014561653 12.944372072815897 217.39430940896273 23.218713998794556 43.303920663893223 50637.679040245712 497.29966444522142 138.48534486442804 98.645115882158279 1491.5251078829169 112.58808471262455 20.07334466278553 5710.3277579322457 19571.592555075884 317.8373459354043 1021.1653404384851 26.632728606462479 46.658195436000824 2128.9518443048 100.98982074856758 28.901157088577747 12.251030594110487 2.8500465825200072 2.589311506599187 48.134259097278118 1.5299250259995449 1.5215625073760746
leaf_count=51 1496 30 235 174 45 1850 87 296 335640 2988 858 228 10613 450 166 29781 106638 1991 7133 68 173 18006 726 112 46 57 104 249 18 60
internal_value=-3.78363e-05 -1.93494e-05 0.00683545 0.0185187 0.00225449 0.00808127 0.00161026 0.0130336 -7.63028e-05 -0.000462183 0.00712641 0.0131631 -0.000573491 -0.00717063 -0.00624653 -0.000421095 0.000906267 0.000883074 -0.00376177 -0.0115507 -0.0183676 0.00117013 0.00508106 0.0349123 0.0444013 -0.0246769 -0.0280519 0.0249957 -0.0309462 0.0072742
internal_weight=82492.9 82432.1 677.45 189.694 487.756 343.58 94.0234 70.8047 81754.6 58706.6 847.018 595.945 57859.6 251.073 1511.6 56348 23048 23039.5 1339 144.177 117.544 21700.5 318.384 95.6704 25.1954 60.7647 57.9147 66.7693 53.8038 4.11087
internal_count=520369 518634 4112 969 3143 2667 557 470 514522 380724 4524 3216 376200 1308 10779 365421 133798 133768 9124 476 408 124644 2576 412 91 1735 1678 300 1514 164
is_linear=0
shrinkage=0.035


Tree=86
num_leaves=31
num_cat=0
split_feature=10 5 7 5 5 10 5 5 2 7 7 2 5 5 5 4 10 7 2 6 4 7 5 2 5 2 5 5 10 5
split_gain=26.0822 40.6001 39.9746 24.4672 30.4506 23.8552 51.0205 204.037 55.1116 84.6756 54.028 52.7014 52.4088 67.1174 59.6256 56.1218 46.4394 45.8181 39.764 31.9717 27.6601 37.0351 33.9482 27.4812 22.5877 22.5136 21.5601 74.0972 146.631 27.0721
threshold=-12.683357715606688 45.661050796508796 37.797212600708015 47.499412536621101 50.079809188842781 3.1024001836776738 46.023597717285163 46.057298660278327 50.894683837890632 73.50925445556642 48.710355758666999 53.537023544311531 45.610874176025398 45.634307861328132 45.606363296508796 52.751367568969734 16.556191444396976 43.856449127197273 51.432224273681648 75.640373229980483 62.830423355102546 78.280700683593764 45.419452667236335 51.641031265258796 45.558958053588874 53.865806579589851 46.023597717285163 46.036748886108406 -2.2745329141616817 45.449871063232429
decision_type=2 2 2 2 2 2 2 2 2 2 2 2 2 2 2 2 2 2 2 2 2 2 2 2 2 2 2 2 2 2
left_child=1 2 -1 25 -5 19 12 8 9 -8 11 -9 14 15 18 -14 -12 -15 -7 26 21 -21 -22 -10 -4 -3 29 28 -28 -2
right_child=5 3 24 4 -6 6 7 10 23 -11 16 -13 13 17 -16 -17 -18 -19 -20 20 22 -23 -24 -25 -26 -27 27 -29 -30 -31
leaf_value=0.03802517600592685 0.0017485188444777945 -0.015577050823292407 0.013388265938486269 0.029862819151383391 0.0017175340853407312 0.003687713712433443 -0.0012025556119832747 0.0091380923172209184 -0.034946491589396195 -0.025524643750028699 -0.0018858035963740204 -0.0054320776726343445 0.011393394412088828 0.0019803262942756882 -0.023213551733629573 0.062424527279978666 0.016934901423439983 0.015449228212805881 -0.00061681090055715725 -0.0020811415813171978 0.064715333997813901 -0.024411132517567411 0.006487486075902011 -0.0063259573628312409 -0.028298308815503312 0.028498284437224002 0.037419736192535809 0.00030726428206507992 0.003967888210105565 -0.0010757010346281923
leaf_weight=85.941667497158051 4951.3350242823362 127.79363678395748 86.606205694377422 56.101626597344875 277.6617240216583 5799.5894244126976 436.14623293280602 1433.7245553787798 219.04328864812851 293.2577031776309 4110.5373222660273 384.70119892060757 58.186411112546921 953.6117744743824 117.81058418378234 48.857908129692078 166.28456442803144 458.46227438747883 4803.3206542935222 12392.879974935204 12.218335650861261 90.930683420971036 231.38077335059643 51.808177351951599 18.622687071561813 15.120814763009546 190.14829984307289 17686.510816894472 1013.4316004216671 25878.344163447618
leaf_count=330 43351 400 590 362 2250 34897 1075 9052 578 857 25373 2330 179 4840 535 119 865 2111 30069 93193 98 771 1304 131 51 87 384 123650 2344 138172
internal_value=-6.29982e-05 0.00682133 0.0204144 0.00133015 0.00652944 -0.000119368 0.000954751 -0.00140589 -0.0160508 -0.0110081 0.000998045 0.00605079 0.0023238 0.00840718 0.00146057 0.0350406 -0.00114938 0.00636454 0.00173712 -0.000452065 -0.00201729 -0.00224591 0.00963897 -0.0295325 0.00578699 -0.0107323 -5.12273e-05 0.000879698 0.00927996 -0.000621863
internal_weight=82450.4 667.848 191.171 476.678 333.763 81782.5 19335.3 7095.5 1000.26 729.404 6095.25 1818.43 12239.8 1519.12 10720.7 107.044 4276.82 1412.07 10602.9 62447.2 12727.4 12483.8 243.599 270.851 105.229 142.914 49719.8 18890.1 1203.58 30829.7
internal_count=520348 4070 971 3099 2612 516278 113011 40261 2641 1932 37620 11382 72750 7249 65501 298 26238 6951 64966 403267 95366 93964 1402 709 641 487 307901 126378 2728 181523
is_linear=0
shrinkage=0.035


Tree=87
num_leaves=31
num_cat=0
split_feature=0 5 6 10 4 7 5 5 5 9 0 12 5 11 10 6 5 7 7 0 10 6 1 5 7 10 4 5 10 13
split_gain=29.7617 29.4164 26.7854 25.2635 55.5234 79.9708 67.058 45.9725 276.764 161.834 17.0169 16.1999 16.452 17.2941 16.7764 14.9238 14.4724 14.3989 29.6939 14.2044 13.6732 29.8152 13.1287 11.9511 11.8586 11.2274 17.9033 10.1961 9.70507 9.76808
threshold=28.000000000000004 91.718109130859389 99.693408966064467 -0.72974395751953114 47.032857894897468 22.281182289123539 46.205049514770515 46.023597717285163 46.036748886108406 -4.7622499465942374 20.800000190734867 81.20941543579103 98.366512298583999 66.488849639892592 -6.6548156738281241 67.45145416259767 92.39630508422853 73.705352783203139 70.019687652587905 60.799999237060554 -2.5170540809631343 28.326513290405277 32.909568786621101 98.567771911621108 33.509216308593757 -5.889366388320922 42.916437149047859 46.028558731079109 -1.4375951886177061 1.5268065333366396
decision_type=2 2 2 2 2 2 2 2 2 2 2 2 2 2 2 2 2 2 2 2 2 2 2 2 2 2 2 2 2 2
left_child=1 2 3 7 6 -6 -5 9 -9 -1 23 12 13 16 -14 22 -2 18 -16 -18 21 -12 -15 25 -23 26 -3 -4 -22 -30
right_child=11 10 27 4 5 -7 -8 8 -10 -11 20 -13 14 15 17 -17 19 -19 -20 -21 28 24 -24 -25 -26 -27 -28 -29 29 -31
leaf_value=0.024051140723216433 0.010884007695073132 -0.0047242950238993858 -0.033999423388974361 0.0055154583836765107 0.032537848903710531 -0.00012380584061721795 -0.0017706421507341298 0.026548705974871887 -0.00022465138252869945 -0.0022655306988247619 0.050585510084609805 -0.0020759940505345209 -0.021427211600641975 -0.00063574704691242434 0.011205328990648243 -0.0093441941721593806 -2.1848167643391599e-05 -0.024234504185883642 0.044067437078794174 0.034147103270559878 -0.012420505393551974 -0.0077181276764329955 0.040718088316062426 0.0012748226806043878 0.010054511036620722 -0.0062650168887292768 0.017192126133393354 -0.0035181121551102427 -0.0026311052265215202 0.0057221231503230404
leaf_weight=289.83327665179968 205.84969268739223 143.29303321987391 38.263277681544423 5049.9345502853394 91.248335309326649 38848.162579365075 2228.5691888928413 494.07887196540833 10677.046102903783 18825.592792708427 17.82614141702652 401.55661700665951 16.944982640445232 12.082906320691107 343.55699368566275 14.291423954069613 853.33909356594086 11.297931224107741 36.956777662038803 14.361589170992373 88.789167411625385 67.126769356429577 36.655661344528198 361.48872315883636 140.24825146049261 2208.9124301224947 65.918997153639793 21.633723810315132 615.52700839191675 236.68474156409502
leaf_count=1157 1059 676 1169 28060 396 250385 16612 1092 79697 108621 77 1884 49 41 1422 69 3983 59 146 57 478 314 132 2344 665 13842 323 581 3646 1280
internal_value=-0.000103874 -0.000207378 -5.53925e-05 -3.68613e-05 0.000477902 -4.64218e-05 0.00328365 -0.000822624 0.000960676 -0.00186515 -0.00315411 0.00417105 0.00579911 0.00361986 0.0118227 0.0213366 0.00255805 0.0133192 0.0145011 0.000566566 0.000388748 0.00812437 0.0304799 -0.00464274 0.00426038 -0.00553038 0.00218703 -0.0232969 -0.00146044 -0.000299766
internal_weight=82457.1 80510.2 76564.4 76504.5 46217.9 38939.4 7278.5 30286.6 11171.1 19115.4 3945.82 1946.89 1545.34 1136.58 408.757 63.03 1073.55 391.812 380.514 867.701 1166.2 225.201 48.7386 2779.61 207.375 2418.12 209.212 59.897 941.001 852.212
internal_count=520316 511415 487770 486020 295453 250781 44672 190567 80789 109778 23645 8901 7017 5341 1676 242 5099 1627 1568 4040 6460 1056 173 17185 979 14841 999 1750 5404 4926
is_linear=0
shrinkage=0.035


Tree=88
num_leaves=31
num_cat=0
split_feature=9 7 7 9 2 2 2 2 7 7 2 2 2 7 7 2 6 2 4 9 7 7 2 4 6 7 4 7 9 9
split_gain=20.5729 128.408 96.5141 89.2634 83.0161 111.5 75.1609 87.9326 64.7277 51.9478 77.7477 51.9306 58.8009 50.7712 61.6749 49.7812 39.6955 37.5492 83.3558 41.1152 37.2915 33.9694 33.5387 32.5901 30.498 27.1926 25.9658 24.7246 29.5483 21.414
threshold=-3.1450001001358028 22.281182289123539 21.560606956481937 -1.7932000160217283 53.883504867553718 53.507390975952156 52.199489593505866 51.620014190673835 24.405713081359867 21.006519317626957 54.398979187011726 51.59552192687989 50.069204330444343 23.790318489074711 33.602645874023445 52.299438476562507 45.345054626464851 53.259717941284187 42.728067398071296 -2.8313499689102168 21.006519317626957 24.405713081359867 53.98773384094239 37.592622756958015 72.913951873779311 48.045326232910163 34.832588195800788 21.006519317626957 -2.3281500339508052 5.2697000503540048
decision_type=2 2 2 2 2 2 2 2 2 2 2 2 2 2 2 2 2 2 2 2 2 2 2 2 2 2 2 2 2 2
left_child=1 9 3 27 5 -5 7 11 17 -1 23 12 -3 16 21 -16 -8 18 -4 -19 -6 -15 -21 -11 -7 -9 -12 -2 -29 -10
right_child=2 6 8 4 20 24 13 25 29 10 26 -13 -14 14 15 -17 -18 19 -20 22 -22 -23 -24 -25 -26 -27 -28 28 -30 -31
leaf_value=-0.0020760341822413059 -0.0050945302837603693 0.010867472408676738 -0.0078417174919163651 -0.00079119118016402856 -0.019750285230789831 0.048230917358614879 0.010396916333386703 -0.032294896081385763 -0.00013847031821129468 -0.030005132848294921 0.060550025416722324 0.031601172567215209 -0.0081578626794523192 0.011799366099206045 0.049298860183802543 0.014118348864135623 0.031718202703151954 0.0037230265592569033 0.028028824566661805 -0.015281843178465102 0.034895128813180229 -0.002355438761912799 -0.0013449097270647082 -0.0062878767802608138 0.090740880921613781 0.01377680658799812 0.002774550496486949 0.00263588638406495 0.039210601355571716 0.0046904450820673353
leaf_weight=1170.7773308195174 222.21472319029272 377.28657003492117 258.78016106970608 57.22870372235775 50.700094789266586 114.14019829034805 204.71851397305727 121.6057366579771 74687.546628467739 227.3351771235466 17.18888571113348 72.730849385261536 419.19314035400748 323.59075282141566 57.218169137835503 347.12973321974277 228.86901458352804 243.34427902847528 113.44630675017834 910.13165640458465 20.936219722032547 575.26706429570913 277.17379434965551 104.94875870272517 27.237619668245316 17.318108662962914 21.00638803653419 85.976639863103628 39.091694623231888 1141.3168156333268
leaf_count=8275 1383 1278 1933 380 364 214 682 337 479170 1472 133 170 2719 1119 159 1386 812 1067 1001 3061 141 3003 2620 841 56 81 181 517 195 6145
internal_value=1.74308e-05 0.00237829 -0.000111821 0.0136611 0.028716 0.0403293 0.00691816 -0.000677161 -0.000221609 -0.00570191 -0.0171123 0.00345543 0.00084738 0.0113292 0.0078605 0.0192014 0.0217052 -0.00677448 0.00310872 -0.00935109 -0.00347413 0.0027385 -0.0120373 -0.0225684 0.0569345 -0.0264555 0.0296633 0.00188678 0.0142999 -6.56482e-05
internal_weight=82535.4 4286.18 78249.3 617.526 270.243 198.607 2744.93 1008.13 77631.7 1541.26 370.479 869.211 796.48 1736.79 1303.21 404.348 433.588 1802.88 372.226 1430.65 71.6363 898.858 1187.31 332.284 141.378 138.924 38.1953 347.283 125.068 75828.9
internal_count=520895 22648 498247 3250 1155 650 11746 4585 494997 10902 2627 4167 3997 7161 5667 1545 1494 9682 2934 6748 505 4122 5681 2313 270 418 314 2095 712 485315
is_linear=0
shrinkage=0.035


Tree=89
num_leaves=31
num_cat=0
split_feature=6 6 10 7 4 7 5 5 5 5 5 5 5 5 5 5 11 5 0 10 4 1 1 6 5 5 6 5 1 4
split_gain=34.9479 19.9403 27.6434 38.945 50.0068 54.4691 46.3415 54.5285 42.9917 37.1419 90.9361 132.622 79.1278 31.8766 30.8101 26.1524 21.9091 13.6056 34.645 24.572 14.7162 14.212 18.8325 13.5025 49.7716 15.5111 14.5308 25.5014 13.9403 11.4186
threshold=99.358459472656264 52.364688873291023 0.037306053563952453 54.053018569946296 53.548316955566413 66.137874603271499 45.558958053588874 46.218702316284187 45.452220916748054 46.681980133056648 46.057298660278327 46.023597717285163 46.205049514770515 50.078926086425788 45.45686340332032 50.080711364746101 52.381050109863288 91.718109130859389 20.800000190734867 -4.838106393814086 30.041594505310062 44.733634948730476 33.852327346801765 0.43134848773479467 47.867774963378913 45.452220916748054 4.4541819095611581 43.508358001708991 92.506153106689467 42.916437149047859
decision_type=2 2 2 2 2 2 2 2 2 2 2 2 2 2 2 2 2 2 2 2 2 2 2 2 2 2 2 2 2 2
left_child=1 17 9 6 5 -5 8 -8 -4 10 11 -3 -12 16 -6 -15 -11 23 19 20 -19 22 -20 24 25 -1 27 -25 -28 -2
right_child=29 2 3 4 14 -7 7 -9 -10 13 12 -13 -14 15 -16 -17 -18 18 21 -21 -22 -23 -24 26 -26 -27 28 -29 -30 -31
leaf_value=0.0015830267547970911 0.010042165101853198 -0.0024257164737551402 0.0038885025134129361 -0.0064201655828807014 0.0038696854595335647 0.0010929833046127413 0.007421736949224109 0.00033048930231536409 -0.0044061514719583332 0.0022392586088353043 -0.021126445967456251 0.018399379790604787 -0.0041199520627795737 -0.0051967306161933291 -0.001008400427868083 0.0012593144559733924 0.010924826984691513 -0.0037971957071071612 0.0041551648418052239 -0.0063819321428137026 0.014343217290716286 -0.00059746725708244883 0.021949808864743146 0.05915436612548336 0.023422935691181944 -0.016522208579963213 0.00050261693294460568 0.0026922692578031553 0.015061628385312631 -0.015029738807941917
leaf_weight=77.191454857587814 23.628618706017733 9433.7280563488603 1239.2712600678205 3199.0536427199841 2677.7275651916862 1871.9504920765758 2818.1167933642864 2516.3637345805764 1997.6379336118698 1494.1240738928318 573.32779639214277 389.24783285707235 809.49627333879471 1289.5861023887992 3884.8738922253251 1897.5454985275865 467.79508095979691 99.119840890169144 447.86074810475111 1570.1228666082025 119.6414336040616 652.87698451429605 86.807151526212692 9.0402169674634916 57.715566955506802 222.4869073331356 38477.168451286852 3630.0958375185728 79.970330722630024 239.55554216727614
leaf_count=581 251 60249 10490 23169 19081 13246 14681 18687 11835 12465 2279 1182 4145 12848 21659 13616 4693 472 2203 9715 535 3177 403 21 480 988 232040 20869 480 3469
internal_value=-1.43095e-05 2.64917e-05 -0.000582157 0.000283423 -0.00103512 -0.00364559 0.00207377 0.00407854 -0.00122815 -0.0016519 -0.0027826 -0.00159835 -0.0111842 0.000807532 0.00098116 -0.0013514 0.0043174 0.000515381 -0.00177136 -0.00484858 0.0061081 0.00285832 0.0070858 0.000675523 -0.00608923 -0.0118435 0.000733099 0.00284742 0.000533307 -0.0127287
internal_weight=82353.1 82089.9 36559.8 20205 11633.6 5071 8571.39 5334.48 3236.91 16354.9 11205.8 9822.98 1382.82 5149.05 6562.6 3187.13 1961.92 45530.1 2976.43 1788.88 218.761 1187.54 534.668 42553.7 357.394 299.678 42196.3 3639.14 38557.1 263.184
internal_count=520009 516289 244325 132848 77155 36415 55693 33368 22325 111477 67855 61431 6424 43622 40740 26464 17158 271964 16505 10722 1007 5783 2606 255459 2049 1569 253410 20890 232520 3720
is_linear=0
shrinkage=0.035


Tree=90
num_leaves=31
num_cat=0
split_feature=0 6 12 11 10 2 5 6 5 10 2 7 7 2 5 5 10 0 10 10 4 6 5 6 11 8 1 7 6 8
split_gain=24.6744 19.5021 18.8121 20.396 22.1314 18.5583 16.6749 16.379 36.5269 72.3606 33.1201 18.3498 17.6525 15.8679 13.6517 12.3932 10.6392 10.398 13.4303 9.95809 9.84694 9.656 18.5064 17.9046 10.4156 10.3019 9.39072 9.11053 9.02009 8.49052
threshold=30.79999923706055 98.581562042236342 80.589965820312514 69.787250518798842 9.343633174896242 99.632465362548842 92.948387145996108 52.364688873291023 50.080711364746101 3.046944379806519 50.078802108764656 79.546710968017592 73.829555511474624 2.7374348640441899 99.488491058349624 99.069286346435561 -8.9486303329467756 20.800000190734867 0.4901107400655747 14.079446315765383 39.342920303344734 70.983528137207045 91.718109130859389 65.475582122802749 23.535450935363773 -1.4999999999999998 72.377178192138686 25.243726730346683 36.276556015014656 1.5000000000000002
decision_type=2 2 2 2 2 2 2 2 2 2 2 2 2 2 2 2 2 2 2 2 2 2 2 2 2 2 2 2 2 2
left_child=1 6 3 21 14 -4 7 11 10 -10 -9 12 -1 17 26 -15 -13 27 -19 -6 -3 23 -23 24 -2 -24 -5 -8 -17 -7
right_child=2 20 5 4 19 29 13 8 9 -11 -12 16 -14 15 -16 28 -18 18 -20 -21 -22 22 25 -25 -26 -27 -28 -29 -30 -31
leaf_value=0.00046783420185585823 0.038095078454175799 0.014796523827166959 -0.0067199177711992743 0.026407474753023914 -0.020653157991574286 0.01635970400920404 0.015463771212062672 0.0011834742887401244 0.0011545419084845348 0.020180936358232936 -0.0014156433883913725 0.031890333535661369 0.0039215621095585913 -0.0045972927010551898 0.0038488808347634331 -0.011966440732644124 -0.0063820512705559419 0.010654941643312111 -0.00052793079308290547 0.020688228727748816 -0.0066228389246903987 0.044843630180161582 0.02889008376232886 -0.0097251740235991205 0.0053133328521355284 0.0058864271586261552 0.059489212482389656 -0.003174120828510246 0.0048117651434582574 -0.0013511858019741444
leaf_weight=40625.851977363229 11.492620557546614 26.400219116359949 274.95758689939976 24.448361657559872 15.696322821080686 79.53224915266037 33.345496758818626 8034.4278470017016 1378.4481962248683 297.24647361040115 23755.715352147818 8.2056876569986326 1897.5648563653231 2387.2816519513726 14.293656483292578 44.372811064124107 549.62736583501101 251.58996891975403 272.28803387284279 11.722180560231207 692.64794451370835 18.304207570850849 26.751529395580292 104.76361308991909 472.32412111014128 197.74328321218491 23.647154830396175 523.01163037866354 292.42008821666241 55.101491950452328
leaf_count=241395 37 191 1303 82 58 359 185 55328 12890 2519 155200 61 12900 14002 52 250 4195 1226 1470 36 7322 99 122 456 2125 898 76 3311 1744 259
internal_value=1.69169e-06 -7.58427e-05 0.00472752 0.00750168 0.0233042 -0.00149708 -2.43744e-05 8.79504e-05 -0.000492819 0.00454177 -0.000758526 0.00053926 0.000622189 -0.00228586 0.0347082 -0.00370966 -0.00576167 0.00129821 0.00483731 -0.00264505 -0.00581112 0.00576547 0.0116395 0.00331794 0.00616808 0.00875154 0.0435232 -0.00202389 0.00255737 0.00909433
internal_weight=82401.2 81070.4 1330.78 921.187 89.8077 409.591 80351.4 76547.1 33465.8 1675.69 31790.1 43081.2 42523.4 3804.31 62.3892 2724.07 557.833 1080.24 523.878 27.4185 719.048 831.379 242.799 588.58 483.817 224.495 48.0955 556.357 336.793 134.634
internal_count=520151 514189 5962 4041 304 1921 506676 484488 225937 15409 210528 258551 254295 22188 210 15996 4256 6192 2696 94 7513 3737 1119 2618 2162 1020 158 3496 1994 618
is_linear=0
shrinkage=0.035


Tree=91
num_leaves=31
num_cat=0
split_feature=6 5 11 7 7 2 2 7 7 2 5 2 2 7 5 5 6 7 11 5 2 2 7 5 7 2 2 6 11 7
split_gain=21.0567 22.9433 21.4042 36.8985 34.4228 30.985 70.3403 49.9303 47.5299 39.723 35.5508 82.6229 30.4497 27.8622 26.4759 26.2641 25.5744 30.8406 21.6637 20.2075 19.0751 87.9231 28.0155 29.2266 23.0546 50.7434 25.2627 18.4278 18.1457 24.9896
threshold=6.4205281734466562 44.901058197021491 76.063098907470717 76.318405151367202 90.347183227539077 50.664962768554695 50.434299468994148 65.11395645141603 69.650360107421889 51.176471710205085 45.558958053588874 50.459417343139656 51.430761337280281 60.380186080932624 45.610874176025398 45.452220916748054 50.815494537353523 80.263469696044936 80.381748199462905 50.079999923706062 51.228878021240241 51.149106979370124 55.979778289794929 45.558958053588874 60.755035400390632 49.107086181640632 49.666902542114265 45.742458343505866 67.773700714111342 71.087303161621108
decision_type=2 2 2 2 2 2 2 2 2 2 2 2 2 2 2 2 2 2 2 2 2 2 2 2 2 2 2 2 2 2
left_child=1 -1 3 28 16 6 7 19 -9 15 11 -8 13 -11 -14 -7 -5 -18 -12 -4 21 24 23 -23 25 -3 -26 -17 -2 -30
right_child=2 20 5 4 -6 9 10 8 -10 12 18 -13 14 -15 -16 27 17 -19 -20 -21 -22 22 -24 -25 26 -27 -28 -29 29 -31
leaf_value=0.03594718841069959 -0.00029098178923620362 0.051792058444577044 -0.01907804547928163 -0.0019018378797568205 0.046139965054173483 0.0074274676811400056 0.035019175596024139 0.020756142488891748 0.00221477152156462 -0.0036470202343584566 0.013678877804830554 -0.013388976048759074 -0.0080004523609517684 0.048819353877967014 0.0058023230175390838 -0.0081896839798760029 -0.014561522365251654 0.0062576375162972566 0.044497912296699374 0.015695857155173902 -0.00011878890099327718 0.023077389147854094 0.019825842429636954 0.085686912501343943 0.0059890363442642452 0.005730069506669099 -0.0025996066406250642 -0.038942861114231724 0.00020530604592157691 0.0065503205832233768
leaf_weight=23.560553476214409 68713.52701251395 29.524529837071896 163.09690368920565 731.24313382804394 14.598067231476305 32.29464503377676 82.723545134067535 190.33756843209267 1502.9139886889607 20.943035952746868 43.579813718795776 88.536001332104206 362.25615457072854 28.434972539544106 319.37313792109489 38.007750652730465 568.21729672141373 101.95098432153463 86.592759013175964 22.55794595181942 2881.9720253869891 16.954217866063118 49.898934341967106 22.417170643806458 654.29045043885708 926.69170583039522 1165.2401657775044 69.091512739658356 2288.8038162216544 1139.7094340417534
leaf_count=85 443726 83 711 4986 115 210 157 620 9213 86 76 423 2108 133 1233 135 4022 1009 146 132 15168 110 211 53 3328 6728 7317 265 9930 7663
internal_value=-3.93515e-06 0.00203467 -0.000157604 -0.000276845 -0.00587061 0.0027145 0.0049438 0.00241764 0.00431195 -0.00286124 0.0206188 0.010007 0.00040184 0.0267236 -0.00152377 -0.019928 -0.0064434 -0.0113802 0.0343802 -0.0147661 0.00188944 0.00391147 0.0379512 0.0598966 0.00280358 0.00720172 0.000486238 -0.0282356 -0.000166889 0.0023176
internal_weight=82379.3 5770.55 76608.8 73558 1416.01 3050.74 2180.34 1878.91 1693.25 870.401 301.432 171.26 731.007 49.378 681.629 139.394 1401.41 670.168 130.173 185.655 5746.99 2865.02 89.2703 39.3714 2775.75 956.216 1819.53 107.099 72142 3428.51
internal_count=520182 33083 487099 471451 10132 15648 11478 10676 9833 4170 802 580 3560 219 3341 610 10017 5031 222 843 32998 17830 374 163 17456 6811 10645 400 461319 17593
is_linear=0
shrinkage=0.035


Tree=92
num_leaves=31
num_cat=0
split_feature=6 10 11 2 2 4 2 4 2 5 2 2 2 2 5 4 2 2 2 5 2 2 10 2 5 6 5 5 0 6
split_gain=20.1542 24.6536 69.0347 54.5424 302.676 62.7736 73.8257 53.3766 52.0869 89.2608 76.2171 50.1076 43.1274 109.206 53.1509 53.0374 40.8828 152.075 86.3003 70.1442 61.9031 56.8433 34.8984 44.802 31.6557 28.2003 26.5415 21.6989 12.9711 20.4468
threshold=55.945737838745124 -2.1792682409286495 40.539850234985359 50.953025817871101 50.894683837890632 51.829992294311531 50.408788681030281 52.693721771240241 50.998905181884773 45.449871063232429 50.894683837890632 50.510725021362312 52.222757339477546 52.299438476562507 45.543027877807624 47.809648513793952 52.76214790344239 52.873287200927741 51.636827468872077 46.859218597412116 52.813299179077156 51.356193542480476 5.6272141933441171 50.051361083984382 45.433555603027351 87.002887725830092 45.498958587646491 45.661050796508796 28.000000000000004 46.887861251831062
decision_type=2 2 2 2 2 2 2 2 2 2 2 2 2 2 2 2 2 2 2 2 2 2 2 2 2 2 2 2 2 2
left_child=28 3 16 4 5 6 -2 22 10 -10 -9 -7 14 25 26 -15 18 20 21 -19 -18 -3 24 -24 -4 -14 -5 -16 -1 -30
right_child=1 2 7 12 -6 11 -8 8 9 -11 -12 -13 13 15 27 -17 17 19 -20 -21 -22 -23 23 -25 -26 -27 -28 -29 29 -31
leaf_value=0.00037624278443572058 0.0049194189972345519 0.0033503967748964194 0.0068886255071947469 -0.0036896329590840591 0.11355954774584896 -0.0083561879813562542 -0.016522503993901209 -6.0116898780502034e-05 -0.0083553670123422477 0.0072347408256631298 -0.023983101315892069 0.015003699297916034 0.016605181231930694 -0.0066255390430127719 -0.022948399157579784 0.0054811161629035824 0.0066536231473776752 0.0086198908023260509 -0.012688593348054352 -0.019062584659563033 0.079663501146320939 0.031030219596581223 0.017477335912313156 0.00012953760767373619 -0.0032576421006905677 0.051058068515847106 0.021538789538431871 -0.011202311144582465 0.00038591473287928098 0.011645152278866344
leaf_weight=47736.150359980762 2297.6331511996686 928.20713734999299 388.88259778544307 288.33128521591425 28.065095230937004 1241.253914643079 214.22285529971123 6540.9518476575613 535.86954114772379 2773.5756239350885 166.52907136455178 122.76304711028934 99.517124220728874 2347.5647895485163 304.62100143544376 545.13741368241608 20.324300870299339 1381.4856927972287 423.18025768734515 121.1400796212256 49.692920848727226 100.12303230166435 222.82960515469313 992.97109614312649 11001.458474235609 41.819728940725327 61.222397862002254 543.22802530601621 508.41354899853468 323.84563494473696
leaf_count=287045 18563 7424 3995 2387 65 8502 929 43668 5065 14143 720 901 343 13718 1770 3615 97 9014 1997 583 326 449 1003 5754 81510 157 624 1917 2315 1458
internal_value=-4.59547e-06 -0.000661188 -0.000128362 -0.00233991 0.000642095 -0.000196997 0.00308329 -0.000792587 0.00111407 0.00470685 -0.000657894 -0.00624108 -0.00509238 -0.00286802 -0.010717 -0.0043407 0.00483715 0.00874557 0.000595254 0.00637455 0.0588839 0.00607426 -0.00230816 0.00332416 -0.00291016 0.0270786 0.000748098 -0.0154484 0.000451968 0.00478245
internal_weight=82351 33782.6 25647.2 8135.38 3903.94 3875.87 2511.86 22623.1 10016.9 3309.45 6707.48 1364.02 4231.44 3034.04 1197.4 2892.7 3024.15 1572.64 1451.51 1502.63 70.0172 1028.33 12606.1 1215.8 11390.3 141.337 349.554 847.849 48568.4 832.259
internal_count=520057 229239 175748 53491 28960 28895 19492 155858 63596 19208 44388 9403 24531 17833 6698 17333 19890 10020 9870 9597 423 7873 92262 6757 85505 500 3011 3687 290818 3773
is_linear=0
shrinkage=0.035


Tree=93
num_leaves=31
num_cat=0
split_feature=6 10 7 7 9 0 5 6 0 7 7 7 7 7 5 7 5 13 5 13 5 5 5 7 10 6 7 6 4 10
split_gain=20.3037 20.0737 39.4985 33.3826 21.43 20.2587 19.6307 18.6463 22.9531 21.7807 18.2914 28.8032 20.3654 15.9142 14.642 16.1046 17.7522 14.5141 24.8442 15.9171 12.0216 11.3458 11.7322 14.7695 11.717 10.6583 7.52142 5.30252 3.71562 2.65781
threshold=99.693408966064467 -15.079775810241697 28.417278289794925 18.460414886474613 -7.7415499687194815 28.000000000000004 92.948387145996108 39.428533554077156 17.19999980926514 73.581996917724624 35.788860321044929 60.827449798583991 44.196378707885749 65.378646850585952 46.028558731079109 63.42186355590821 49.068109512329109 1.0362972021102907 98.058250427246108 1.0000000180025095e-35 50.079809188842781 92.39630508422853 98.30551910400392 73.779590606689467 0.42062677443027502 12.692308425903322 69.86682510375978 18.735167503356937 30.041594505310062 3.3891690969467168
decision_type=2 2 2 2 2 2 2 2 2 2 2 2 2 2 2 2 2 2 2 2 2 2 2 2 2 2 2 2 2 2
left_child=1 2 3 4 27 6 7 8 -3 -9 28 12 -12 -13 -2 29 -17 19 -19 -8 -6 25 24 -24 -23 -7 -27 -1 -4 -16
right_child=14 5 10 -5 20 21 17 9 -10 -11 11 13 -14 -15 15 16 -18 18 -20 -21 -22 22 23 -25 -26 26 -28 -29 -30 -31
leaf_value=-0.00012370684913705018 -0.033831476860006239 0.00063916461701450167 0.055559333053245681 -0.028229901387696158 0.034907216861545881 -0.019670404847339493 -0.0025477745504984806 -0.00019804232197443851 0.015562221311493957 -0.0033755204144376313 0.011309739980478829 0.049447712175610906 -0.03212962259149478 0.015197396487036646 -0.024366204543127018 0.10197630533543263 -0.0038619296857811281 -0.0033880284688603533 0.0066420706803794419 -0.0094267441356382306 -0.013721999716001056 0.005629028989569451 0.0079161330290535813 -0.017915909701720772 -0.0019241082203568132 0.015511624032273718 -0.00097195640525579653 0.025357564859882591 0.029415814094607039 0.013133628017321463
leaf_weight=11.705553665757177 36.341878365725279 33113.786137908697 16.757182776927948 46.443121656775475 6.1762835532426825 12.483963318169115 1428.3413272053003 40641.476628746837 125.9878912717104 2826.3119041845202 34.887690432369709 27.473757609724998 20.136453308165073 45.190274432301521 12.26021950133145 2.7139931544661513 3.9455314520746469 849.24420090764761 468.80383005738258 581.53634192794561 55.041542567312717 370.72269406914711 547.58096395432949 27.628076583147049 777.40682499110699 184.15423227846622 40.448338732123375 51.15563827753067 20.216332674026489 2.0207861587405196
leaf_count=93 1177 196054 33 211 35 73 8583 268527 714 22099 173 165 59 344 396 17 138 5021 2799 3587 484 1637 2253 143 3630 911 229 433 55 33
internal_value=6.45481e-05 7.92256e-05 0.0086169 -0.00315477 0.00629558 4.41561e-05 -4.18759e-05 7.22204e-05 0.000696311 -0.000404864 0.0208062 0.014281 -0.00469442 0.0286399 -0.0206212 0.00238432 0.0446432 -0.00267324 0.000176038 -0.00454457 -0.00831592 0.00355862 0.00256284 0.00664007 0.000510874 0.0107343 0.0125192 0.0205607 0.0423757 -0.0181805
internal_weight=82388.4 82331.1 335.184 170.522 124.079 81995.9 80035.5 76707.6 33239.8 43467.8 164.662 127.688 55.0241 72.664 57.2824 20.9405 6.65952 3327.93 1318.05 2009.88 61.2178 1960.43 1723.34 575.209 1148.13 237.087 224.603 62.8612 36.9735 14.281
internal_count=520106 518345 2085 1256 1045 516260 507384 487394 196768 290626 829 741 232 509 1761 584 155 19990 7820 12170 519 8876 7663 2396 5267 1213 1140 526 88 429
is_linear=0
shrinkage=0.035


Tree=94
num_leaves=31
num_cat=0
split_feature=9 7 7 7 5 2 4 2 2 5 2 4 2 7 7 5 6 6 7 2 7 11 4 5 6 10 10 9 6 6
split_gain=22.8714 105.469 81.611 91.5713 88.3132 91.828 85.3679 60.5382 51.6275 70.8951 50.0419 76.9467 45.24 62.4072 71.5687 44.9297 44.4993 42.3116 42.2438 83.037 39.5638 35.8427 35.3022 31.9076 31.511 31.259 29.5087 28.1129 26.6643 26.449
threshold=-3.0320500135421748 22.281182289123539 21.560606956481937 24.405713081359867 46.859218597412116 53.883504867553718 44.320077896118171 52.608695983886726 53.830442428588874 46.24426460266114 53.259717941284187 42.728067398071296 50.069204330444343 36.454193115234382 38.011922836303718 50.079809188842781 11.133986473083498 44.941236495971687 21.006519317626957 54.398979187011726 20.186177253723148 19.779600143432621 38.262470245361335 45.745761871337898 7.9692471027374276 -2.62231433391571 -5.4341070652008048 -3.8149000406265254 72.913951873779311 51.177995681762702
decision_type=2 2 2 2 2 2 2 2 2 2 2 2 2 2 2 2 2 2 2 2 2 2 2 2 2 2 2 2 2 2
left_child=1 18 4 10 5 6 -2 12 17 -10 11 -4 -3 16 -15 -6 -14 -9 -1 22 -7 -19 -20 -12 -24 -22 -11 -21 -8 -25
right_child=2 7 3 -5 15 20 28 8 9 26 23 -13 13 14 -16 -17 -18 21 19 27 25 -23 24 29 -26 -27 -28 -29 -30 -31
leaf_value=-0.0017126334646727955 0.011380181522843319 0.010108725456373912 -0.0082931469637675167 -4.69509339335942e-05 -0.017594704506006163 -0.036673207795442621 0.046288687754895246 0.0079868991699651587 -0.010090307077434493 0.029221397925847228 0.020728089674985396 0.026233435500766681 0.013864157017290582 0.030731527289167969 -0.0023297803845726654 0.014120000182856146 -0.019243597496267549 0.036564394028534557 -0.027644649119425074 0.047024903607362709 -0.0093728880250265479 0.016259062722440175 0.056443297163779348 -0.0078187221234188951 -0.0092442037137435706 0.030258069649533308 0.0050887274065763901 -0.020500500152946396 0.085783578625500165 -0.017928028050677936
leaf_weight=1189.5773842800409 92.40994580835104 408.20240043848753 231.56117318570614 75485.755125546828 128.12176492996514 27.402532279491425 102.65458092093468 611.82363902032375 296.52493808977306 104.68939705938101 35.96577225998044 118.98396613076329 57.506159067153931 99.226553171873093 402.98296181857586 94.141369074583054 335.84226651862264 141.1195729598403 247.9862914942205 31.634714312851429 47.911403812468052 452.382488720119 9.2127117514610273 720.78358514606953 82.63617156073451 47.860380373895168 153.97421335801482 9.1753387283533794 28.779536515474319 573.87653438188136
leaf_count=8418 216 1412 1746 483589 859 216 190 2152 1979 427 343 1033 344 254 1575 626 2279 559 1658 248 406 1589 57 3102 684 385 777 84 58 2892
internal_value=1.28689e-05 0.0024013 -0.000129458 -0.000227017 0.0130643 0.0240801 0.0373968 0.00618139 0.0104136 0.00156487 -0.0083041 0.00343918 0.00045831 -0.00393771 0.00422704 -0.00412784 -0.0143673 0.0144798 -0.00497046 -0.0151084 -0.00014902 0.0211416 -0.0207957 -0.0114033 -0.00214952 0.0104461 0.0149429 0.0315727 0.0554563 -0.0123135
internal_weight=82370.7 4634.5 77736.2 77166.9 569.282 347.018 223.844 3064.27 1760.51 555.189 1681.17 350.545 1303.76 895.558 502.21 222.263 393.348 1205.33 1570.22 380.645 123.174 593.502 339.835 1330.63 91.8489 95.7718 258.664 40.8101 131.434 1294.66
internal_count=520157 24496 495661 492705 2956 1471 464 13347 7483 3183 9116 2779 5864 4452 1829 1485 2623 4300 11149 2731 1007 2148 2399 6337 741 791 1204 332 248 5994
is_linear=0
shrinkage=0.035


Tree=95
num_leaves=31
num_cat=0
split_feature=6 6 11 7 7 5 2 7 7 5 7 7 9 7 5 5 5 4 5 5 5 7 2 2 4 1 13 5 5 9
split_gain=18.9265 16.1276 25.337 38.3457 106.4 63.9389 99.03 90.382 56.5744 39.7678 25.7119 71.2857 225.252 73.8111 37.6523 75.1241 44.3041 18.7452 14.1045 12.7165 12.5702 15.6431 14.1127 128.14 13.4006 12.7517 9.67314 7.79109 4.093 4.04869
threshold=99.693408966064467 20.348541259765629 62.44075012207032 69.762519836425795 70.733211517333999 45.449871063232429 49.336395263671882 69.26322174072267 73.581996917724624 45.554418563842781 71.087303161621108 69.762519836425795 0.58335000276565563 68.997974395751967 50.069299697875984 46.023597717285163 50.079175949096687 72.498649597167983 46.028558731079109 46.395015716552741 50.080970764160163 28.970054626464847 48.996879577636726 49.021945953369148 54.891477584838874 45.069087982177741 6.066176414489747 92.327365875244155 50.079809188842781 7.6709501743316659
decision_type=2 2 2 2 2 2 2 2 2 2 2 2 2 2 2 2 2 2 2 2 2 2 2 2 2 2 2 2 2 2
left_child=1 17 10 5 9 7 -7 -4 -6 -5 11 13 -13 -3 15 -12 -16 20 -2 -20 22 27 24 -24 -1 -23 29 -22 -21 -19
right_child=18 2 3 4 8 6 -8 -9 -10 -11 14 12 -14 -15 16 -17 -18 26 19 28 21 25 23 -25 -26 -27 -28 -29 -30 -31
leaf_value=-0.0057110329326699807 -0.033686692693251287 -0.00039280971181131848 -0.011838401712342156 -0.0013809134485525962 0.0060967743108739213 -0.01464056933370148 0.0060289742017442952 0.047579334414825564 -0.0017586121659571093 -0.019442544805842642 -0.0041824886434706837 0.022991657863248818 -0.0017426688986304627 -0.0094990367299897637 0.011941241847470562 -0.027225950749578141 -0.0031918467352403113 -0.022165268426763911 0.038755749129618683 -0.02857582685823579 0.019442023484901622 0.003569166214991734 0.031018435575627223 0.0012228299645246589 0.0014076961270625169 -0.0068377167710264317 0.025472866005143927 -0.001604963442322152 0.0092103214570739781 -0.0086742054638217179
leaf_weight=663.69156961888075 34.68103489652276 46668.020311515778 496.01864545047283 221.66895989328623 1770.8477622717619 302.15465884655714 4496.9666584506631 32.654008209705353 3065.4722389392555 463.17981170862913 1956.0644273050129 655.1039125174284 1442.2429073005915 1115.7839641608298 352.94195225834846 189.61693403124809 716.31213228404522 53.474247932434082 6.9235980045050409 9.7806550115346891 52.581882454454899 185.26349317282438 178.03828245401382 15835.045476637781 629.19454976171255 632.32319746166468 6.8647467568516722 34.964914232492447 4.431022433564066 63.255003482103348
leaf_count=3577 1165 307144 4052 1170 10992 1209 19429 253 22759 1607 14642 3136 7891 7872 3467 901 6141 296 69 336 423 1032 373 91294 3090 4723 33 183 180 418
internal_value=3.92252e-05 5.32293e-05 -0.000209068 0.00133196 -0.000711016 0.00345019 0.00472393 -0.00808884 0.00111677 -0.0136151 -0.000524089 -0.000328373 0.00598555 -0.000605748 -0.00355771 -0.00623152 0.00180197 0.000968383 -0.0201899 0.00205889 0.00106118 -0.0029556 0.0012718 0.00155608 -0.0022425 -0.0044698 -0.012568 0.0110185 -0.0164653 -0.0150229
internal_weight=82335.6 82279.7 63945 10849 5521.17 5327.79 4799.12 528.673 4836.32 684.849 53096.1 49881.2 2097.35 47783.8 3214.94 2145.68 1069.25 18334.7 55.8163 21.1353 18211.1 905.133 17306 16013.1 1292.89 817.587 123.594 87.5468 14.2117 116.729
internal_count=519857 518107 412665 61471 36528 24943 20638 4305 33751 2777 351194 326043 11027 315016 25151 15543 9608 105442 1750 585 104695 6361 98334 91667 6667 5755 747 606 516 714
is_linear=0
shrinkage=0.035


Tree=96
num_leaves=31
num_cat=0
split_feature=6 10 5 5 5 5 6 2 5 2 9 2 2 10 2 5 5 5 6 2 2 6 10 1 5 6 2 6 6 11
split_gain=20.0246 17.7169 22.0848 36.6763 20.4822 30.5008 23.28 23.1954 19.761 18.9806 18.9695 46.0325 72.3439 36.3385 40.308 27.5322 27.988 25.1384 21.4601 17.8974 16.662 15.9034 30.3099 12.7551 12.086 11.4842 11.4092 10.9478 7.593 6.34085
threshold=99.693408966064467 -12.683357715606688 45.661050796508796 45.565744400024421 46.859218597412116 50.069204330444343 19.142896652221683 53.865806579589851 45.558958053588874 51.443305969238288 4.7590000629425058 50.664962768554695 50.434299468994148 14.079446315765383 54.594764709472663 45.582262039184577 45.745761871337898 45.558958053588874 57.146558761596687 50.025510787963874 50.619283676147468 78.404720306396499 -3.2385629415512081 15.691628932952883 46.028558731079109 6.4205281734466562 50.079809188842781 53.580562591552741 26.306232452392582 17.161250114440922
decision_type=2 2 2 2 2 2 2 2 2 2 2 2 2 2 2 2 2 2 2 2 2 2 2 2 2 2 2 2 2 2
left_child=1 2 3 8 7 6 -6 9 19 -4 13 12 26 21 20 18 -17 -14 -13 -1 -15 25 -23 -7 -2 -3 -12 28 -5 -29
right_child=24 10 4 27 5 23 -8 -9 -10 -11 11 15 17 14 -16 16 -18 -19 -20 -21 -22 22 -24 -25 -26 -27 -28 29 -30 -31
leaf_value=-0.012113168578733003 -0.033624359102693881 0.0015034362410611243 0.012299190006542976 0.036005281095258218 0.0030403221927967844 0.052568291280881953 0.06862564954463618 0.036215101420570939 -0.028117420657320352 -0.020995728243925843 0.0051091850212626414 -0.0057249250646183442 0.017276111479315129 0.016725724323888799 -0.018545096925398165 0.028661689430640999 -0.0026820779686318663 0.045884136883671447 -0.027003851933499589 0.019942199897800682 0.0048548875585053873 -0.0049620474536179893 -0.0005994807786847856 0.002040013778855545 0 -0.00015457937511546225 -0.0087155936692696542 0.066985922646568205 0.0055048274885435714 0.03199601741056686
leaf_weight=30.276365369558334 34.130342494696379 5602.1471486538649 25.567603588104248 21.484166942536831 11.79013252258301 5.4608458504080764 15.312927499413489 11.439543835818766 19.445519804954529 100.93592728674412 847.47960025817156 172.54030398279428 92.03229546546936 298.17703191936016 62.047815315425396 43.821953684091568 158.40249326080084 66.375231117010117 88.087154865264893 66.683351889252663 286.86240077018738 2314.1145525239408 12447.06663832441 316.04049925506115 21.404938636347651 59060.563601143658 78.958669446408749 15.543626576662062 19.877255007624626 16.947787664830685
leaf_count=188 1189 32174 66 97 40 25 54 73 46 335 4928 963 274 1624 524 171 602 111 579 450 1363 15777 91665 2549 581 362879 421 27 75 78
internal_value=-7.33368e-05 -5.89714e-05 0.00557693 0.0156649 0.00159856 0.00612619 0.0412513 -0.00976239 0.00329406 -0.0141765 -0.000105846 0.00373086 0.00767463 -0.00018013 0.00807495 -0.00549487 0.0041618 0.0294776 -0.0130042 0.00984386 0.0109316 -0.000247555 -0.00128411 0.00304833 -0.0209335 -1.08097e-05 0.00391687 0.0348255 0.0218961 0.0501526
internal_weight=82351 82295.5 676.806 190.258 486.547 348.604 27.1031 137.943 116.405 126.504 81618.7 1547.7 1084.85 80071 647.087 462.852 202.224 158.408 260.627 96.9597 585.039 79423.9 14761.2 321.501 55.5353 64662.7 926.438 73.8528 41.3614 32.4914
internal_count=519928 518158 4103 961 3142 2668 94 474 684 401 514055 8049 5734 506006 3511 2315 773 385 1542 638 2987 502495 107442 2574 1770 395053 5349 277 172 105
is_linear=0
shrinkage=0.035


Tree=97
num_leaves=31
num_cat=0
split_feature=9 10 7 9 7 7 11 7 7 9 10 7 10 7 2 2 9 6 2 10 7 7 7 10 7 9 7 7 10 9
split_gain=21.4373 32.12 34.9392 91.4198 165.033 100.458 74.6799 79.9212 63.4878 176.603 45.7826 41.9222 39.9186 34.0028 27.1699 155.02 81.1759 34.2219 32.0318 25.8439 41.876 50.2349 51.8153 37.9627 28.1482 28.5121 32.4809 27.7373 26.666 25.5894
threshold=2.1182500123977666 7.775179624557496 61.993902206420906 0.029749999754130844 64.499298095703139 68.936416625976577 55.808250427246101 57.292371749877937 57.632680892944343 -1.3222499489784239 3.8988591432571416 63.42186355590821 1.9062452316284182 60.755035400390632 49.738378524780281 49.977699279785163 0.98535001277923595 39.054794311523445 7.262026548385621 -1.9495523571968076 39.775512695312507 65.11395645141603 66.137874603271499 3.7614345550537114 79.546710968017592 4.7590000629425058 76.442924499511733 25.243726730346683 -3.3031060695648189 7.6709501743316659
decision_type=2 2 2 2 2 2 2 2 2 2 2 2 2 2 2 2 2 2 2 2 2 2 2 2 2 2 2 2 2 2
left_child=1 2 6 4 11 -6 8 12 10 -10 -1 -4 -8 -9 18 16 17 -16 -3 20 -2 -22 28 24 25 -21 -27 -25 -23 -24
right_child=19 14 3 -5 5 -7 7 13 9 -11 -12 -13 -14 -15 15 -17 -18 -19 -20 23 21 22 29 27 -26 26 -28 -29 -30 -31
leaf_value=-0.0010593022047531203 0.033652520073944682 0.0043120998503067129 -0.0014971529691520033 -0.0027295645480143339 0.015012640129227069 0.00071039812175287579 0.01033316722855564 -0.0073386164150264447 0.031213959742088872 0.0018813476570307595 0.0033097725506383217 -0.015951087601076185 0.0030820251617592232 0.0039056229399675765 0.02422260725417559 0.0027028371766628736 0.0034943378408307064 0.078404252437574568 -0.020401626535259891 0.0047625387247964513 -0.015892644566353472 0.077273314685130934 -0.0022013682343369496 -0.039351261341839444 -0.0061885571474084022 0.011582416410192939 0.047121031257098746 0.00034207995135638849 0.0092620426509405999 0.032583155771363087
leaf_weight=38199.937855708413 37.237450689077377 138.0074120387435 509.83558494597673 16226.233354137279 1317.0477031394839 1109.0411217734218 1901.9625216778368 860.6468119546771 273.43370077759027 3036.9605323560536 3181.4387530107051 476.33706360310316 1828.0516637396067 531.94069172628224 20.742007344961166 2116.8982198685408 41.054520450532436 57.164664678275585 118.46614947170019 3389.2102311421186 318.7530500292778 14.681858256459238 1203.876593220979 20.858205363154411 265.72462050057948 199.42748793959618 37.123679779469967 4973.5434749610722 13.919548518955706 25.660773187875748
leaf_count=246359 159 642 3292 109866 7942 6310 11206 5981 1393 22403 18941 2326 10710 3806 44 11463 108 93 519 18024 1334 54 7657 79 1814 707 190 27153 65 172
internal_value=-2.80856e-05 -0.000243781 -0.000383982 -0.00163424 0.0035717 0.00847991 0.000108789 0.00411133 -0.000349893 0.00431325 -0.000723177 -0.008493 0.00678274 -0.00303874 0.00365919 0.00489906 0.043643 0.0644606 -0.007104 0.00144908 -0.00262215 -0.00349982 -0.000346398 0.00218958 0.00478094 0.00558799 0.0173293 0.000168631 0.0455647 -0.001449
internal_weight=82445.2 71945.2 69452.9 19638.5 3412.26 2426.09 49814.4 5122.6 44691.8 3310.39 41381.4 986.173 3730.01 1392.59 2492.33 2235.86 118.961 77.9067 256.474 10500 1614.13 1576.89 1258.14 8885.89 3891.49 3625.76 236.551 4994.4 28.6014 1229.54
internal_count=520812 463404 450535 129736 19870 14252 320799 31703 289096 23796 265300 5618 21916 9787 12869 11708 245 137 1161 57408 9441 9282 7948 47967 20735 18921 897 27232 119 7829
is_linear=0
shrinkage=0.035


Tree=98
num_leaves=31
num_cat=0
split_feature=0 10 5 5 4 5 5 2 5 10 11 9 7 7 7 7 2 2 2 10 7 7 5 6 6 4 7 2 9 7
split_gain=23.1935 19.1044 46.6335 110.618 60.0782 55.0653 37.2741 37.1282 34.3492 33.6197 28.8119 23.3794 43.6291 77.7935 54.9289 48.1414 47.4263 46.2155 33.9038 25.7498 51.9183 84.1038 54.2173 28.0563 25.8065 19.3683 36.1849 26.1496 13.8064 12.2009
threshold=28.000000000000004 -6.9107091426849356 46.415723800659187 46.24426460266114 33.490200042724616 46.450481414794929 46.324718475341804 53.427110671997077 46.036748886108406 -9.6117405891418439 23.535450935363773 1.572149991989136 67.520690917968764 68.936416625976577 69.650360107421889 65.665817260742202 50.051788330078132 50.069540023803718 50.069013595581062 4.5100278854370126 35.942852020263679 35.788860321044929 45.70252990722657 99.358459472656264 11.922789573669435 57.916738510131843 87.417869567871108 50.078802108764656 -2.2700500488281246 39.775512695312507
decision_type=2 2 2 2 2 2 2 2 2 2 2 2 2 2 2 2 2 2 2 2 2 2 2 2 2 2 2 2 2 2
left_child=1 2 3 4 8 10 9 -6 -1 -5 -4 19 15 16 -15 17 -14 -13 -17 23 21 -21 -22 24 -3 27 -27 -7 -25 -2
right_child=29 11 5 6 7 25 -8 -9 -10 -11 -12 12 13 14 -16 18 -18 -19 -20 20 22 -23 -24 28 -26 26 -28 -29 -30 -31
leaf_value=0.028237202447073777 0.0083792258456026458 0.0010933101781519822 -0.037653861717401059 0.10683977650332449 0.0042277286415287451 0.0093252188515285054 0.019109457007599043 -0.0085543557531259275 -0.028775943122927587 0.042137179176457921 0.016784627655787202 -0.0078746062921535142 -0.022908379064026027 0.0094433062760540445 -0.00059727560849207203 0.025039258835653552 -0.0032372092488581515 0.0032419082094885987 0.007261421524464416 0.004275886043728274 0.0027836955180328793 0.03095809354019987 -0.0044067123000679108 0.014067149295899065 -0.0010820430529120603 -0.019778359366664163 0.033036007716591778 -0.0020766144351191981 -0.018087271511840437 0.0020644011428467119
leaf_weight=158.47063709050417 506.36541527509689 7778.586919978261 74.264234818518162 14.887458994984625 1709.2119241543114 317.1516040340066 46.705842215567827 331.47945048287511 13.332433067262171 33.892869584262371 13.483475118875502 505.48978790640831 289.59279273822904 732.71534265577793 7404.7558473739773 182.11935508623719 313.47995314374566 4791.3402499184012 477.62060304731131 948.65017016418278 3429.7197287920862 170.27450279891491 2052.7243281733245 17.407692922279239 47180.159985970706 123.78383792005479 17.392823651432991 1093.2297681514174 157.27507247589529 1458.6862447187304
leaf_count=494 2110 45793 273 64 7858 2003 456 2102 93 154 36 2441 1074 3739 48162 1110 2208 22632 3254 5602 20373 450 11495 179 317766 757 130 7863 2685 6800
internal_value=-5.79417e-05 -0.000149886 0.00222405 0.00543032 0.0038272 -0.00228624 0.042163 0.0021455 0.0236594 0.0634305 -0.0291336 -0.0002726 0.000981762 -0.000591804 0.000306779 0.00329173 -0.0127126 0.00217868 0.0122039 -0.000571347 0.00149392 0.00836177 8.99525e-05 -0.000818776 -0.000774016 -0.000749154 -0.0130729 0.000486182 -0.0147936 0.00369795
internal_weight=82344.3 80379.2 3947.29 2307.98 2212.49 1639.31 95.4862 2040.69 171.803 48.7803 87.7477 76431.9 14697.1 8740.54 8137.47 5956.57 603.073 5296.83 659.74 61734.8 6601.37 1118.92 5482.44 55133.4 54958.7 1551.56 141.177 1410.38 174.683 1965.05
internal_count=520156 511246 22283 11221 10547 11062 674 9960 587 218 309 488963 84620 55183 51901 29437 3282 25073 4364 404343 37920 6052 31868 366423 363559 10753 887 9866 2864 8910
is_linear=0
shrinkage=0.035


Tree=99
num_leaves=31
num_cat=0
split_feature=10 0 5 5 7 2 2 5 7 5 2 11 2 2 10 7 7 2 7 1 1 5 11 7 10 12 2 7 2 1
split_gain=19.83 16.3747 44.4623 14.5916 40.6728 25.9162 22.822 22.4197 30.682 24.8527 15.9444 14.4052 55.9797 51.0808 29.8715 41.6172 24.4649 13.2475 12.9365 11.9541 11.8027 11.6687 15.2711 11.343 10.6636 13.1218 18.0794 10.2792 9.41955 15.1436
threshold=-12.683357715606688 20.800000190734867 91.718109130859389 45.661050796508796 44.196378707885749 51.149106979370124 50.025510787963874 46.859218597412116 65.280933380126967 50.069204330444343 53.675346374511726 85.897052764892592 50.664962768554695 50.434299468994148 14.079446315765383 18.460414886474613 76.318405151367202 50.71538162231446 76.706653594970717 83.647720336914077 15.691628932952883 92.020458221435561 53.881149291992195 35.319665908813484 -5.889366388320922 34.399337768554695 49.204040527343757 69.86682510375978 2.7374348640441899 13.234498500823976
decision_type=2 2 2 2 2 2 2 2 2 2 2 2 2 2 2 2 2 2 2 2 2 2 2 2 2 2 2 2 2 2
left_child=3 2 11 4 -1 6 -6 8 10 -9 -5 14 13 -13 16 -16 -2 -14 21 -20 -11 22 -3 -22 25 -4 -27 -24 29 -23
right_child=1 18 24 7 5 -7 -8 9 -10 20 -12 12 17 -15 15 -17 -18 -19 19 -21 23 28 27 -25 -26 26 -28 -29 -30 -31
leaf_value=0.029108466753692604 -3.445041005276963e-05 0.0058938529293280206 -0.0038087327134288858 -0.01902816704256818 -0.017112816910581828 -0.034266885709197503 0.022533421768487053 0.039143870306984824 0.042260601308970788 0.053542316651973003 0.020329063976383177 0.0047615655248134043 -0.037250747044670407 0.02847805998208806 -0.021324185234804581 0.010275125231847617 -0.0041575309181098594 -0.0071517407611534096 -0.023728333681664052 0.0055468076839702615 -0.00086435719325344456 -0.00081884325778891812 0.042841280571931831 0.013592498349991693 -0.0051851913482931023 0.034407983386430321 0.00096333418109961018 0.0082803811921564816 0.0007709959881955959 0.0092604076082121647
leaf_weight=102.93919302523136 72011.619286722504 271.42944905161858 139.04204308986664 110.86745207756758 27.54982777684927 22.906027249991894 46.658417165279388 27.00521457195282 11.979239672422407 5.1336150914430609 13.386798672378061 730.25219653174281 18.570147752761841 130.84590630233288 55.119614083319902 578.484474606812 1806.4931241525337 281.60139503702521 43.055595047771931 27.034407615661621 214.55183485709131 298.10664888471365 24.562266521155834 94.976427147164941 2530.3477050736547 31.17403968423605 53.317710928618908 19.836815409362316 2091.1890218257904 465.14443795382977
leaf_count=429 460253 1500 693 372 178 87 304 92 21 24 76 4241 97 308 527 2971 12833 1517 162 156 1830 1480 127 682 16093 136 252 137 10226 2267
internal_value=-1.86335e-05 -6.82694e-05 -0.000169177 0.0059389 0.0138639 -0.00232935 0.00769589 0.00258917 -0.00935804 0.00738408 -0.014629 -9.96108e-06 0.0038567 0.00839655 -7.04067e-05 0.00749172 -0.00013549 -0.00913114 0.00236942 -0.0124027 0.00454381 0.00270127 0.00908292 0.00357267 -0.00453693 0.00276229 0.0135921 0.0279747 0.00199037 0.00531781
internal_weight=82285.2 81607.2 78366.9 677.954 200.053 97.1143 74.2082 477.901 136.233 341.667 124.254 75613 1161.27 861.098 74451.7 633.604 73818.1 300.172 3240.36 70.09 314.662 3170.27 315.829 309.528 2753.88 223.534 84.4918 44.3991 2854.44 763.251
internal_count=520071 515976 499921 4095 998 569 482 3097 469 2628 448 482747 6163 4549 476584 3498 473086 1614 16055 318 2536 15737 1764 2512 17174 1081 388 264 13973 3747
is_linear=0
shrinkage=0.035


Tree=100
num_leaves=31
num_cat=0
split_feature=6 11 9 2 2 2 5 2 2 2 2 2 11 9 2 11 6 2 2 2 2 2 6 2 5 5 6 6 5 2
split_gain=17.5956 16.4078 18.3581 76.9158 83.4958 82.5472 71.7645 63.9234 57.6983 65.6331 208.593 52.6846 44.3764 42.5038 39.2179 38.4286 30.9152 18.0843 48.7784 35.8465 83.9857 57.1299 40.5684 35.3309 29.5107 29.0429 42.007 32.411 28.7986 36.2392
threshold=98.581562042236342 61.795349121093757 -0.059949999675154679 51.641031265258796 51.684534072875984 50.080711364746101 46.181444168090827 50.051733016967781 51.641031265258796 50.842672348022468 50.998905181884773 52.506393432617195 53.345649719238288 -3.0320500135421748 50.475614547729499 46.948350906372077 48.874351501464851 51.794879913330085 52.506393432617195 51.432224273681648 51.228878021240241 50.894683837890632 53.163911819458015 51.620014190673835 46.181444168090827 45.452220916748054 78.006248474121108 41.822921752929695 45.558958053588874 52.554931640625007
decision_type=2 2 2 2 2 2 2 2 2 2 2 2 2 2 2 2 2 2 2 2 2 2 2 2 2 2 2 2 2 2
left_child=1 2 8 5 6 7 -5 -4 9 14 -11 15 -6 -13 -1 -10 -7 19 25 20 21 -3 -22 -21 -25 27 -27 -19 -20 -30
right_child=-2 17 3 4 12 16 -8 -9 11 10 -12 13 -14 -15 -16 -17 -18 18 28 23 22 -23 -24 24 -26 26 -28 -29 29 -31
leaf_value=0.0013075302258956571 -0.0055133686167298385 0.00099611520283114088 -0.0020010422414377927 0.029450260109582172 -0.0015280063601276189 -0.0024602421345743248 -0.0078495415167183086 0.0035850991960717374 -0.0059397751470964466 0.033461494716281542 0.0033922733788198395 0.0039448353404898644 0.0034756693537225324 -0.00076249250224307138 -0.006178691672237154 0.0010948787783072605 -0.0063934341921165535 0.014542713622804255 -0.0062378756199947998 -0.015936327250100479 0.0056226562109235644 -0.010320989029668489 0.029781231767475817 0.0056729173325890782 -0.028784179532636657 0.012012476806736179 0.041195447049260217 -0.010092391650645127 -0.023019443550738195 0.0045574288453472918
leaf_weight=12190.624406345189 712.86868134886026 10155.683077119291 6806.2549668364227 232.89450184255838 4023.484049603343 5032.9117751717567 85.843503899872303 3973.8043832927942 3611.2675944343209 313.7737355902791 2794.0110615715384 2833.7478346005082 4711.684124276042 13735.672098837793 921.04366167634726 1288.933998003602 4783.7598084136844 125.93861965090036 526.07512663304806 313.70695678889751 168.33218281716108 576.64625861495733 174.25338600575924 238.08610255271196 34.077375181019306 413.71188612282276 70.645011313259602 134.26033025234938 60.171769730746746 1342.6867604553699
leaf_count=92856 7563 59667 39069 967 25779 31213 231 37245 16827 1201 14815 14025 28803 83416 4527 7303 33727 945 3608 1692 790 2694 833 1515 84 1604 278 1124 200 5876
internal_value=-4.15297e-05 6.19756e-06 -0.000222597 -0.000874177 0.00181399 -0.00205621 0.0193882 5.76157e-05 0.000289835 0.00186549 0.00643826 -0.000900211 0.00117021 4.22968e-05 0.000780774 -0.0040881 -0.004378 0.00108147 0.00367772 0.000485411 0.000932535 0.000386673 0.0179719 -0.00794453 0.00126121 0.0112826 0.0163442 0.00181243 0.000735193 0.00335716
internal_weight=82386.9 81674 67339.7 29650.6 9053.91 20596.7 318.738 10780.1 37689.1 16219.5 3107.78 21469.6 8735.17 16569.4 13111.7 4900.2 9816.67 14334.3 2673.49 11660.8 11074.9 10732.3 342.586 585.87 272.163 744.556 484.357 260.199 1928.93 1402.86
internal_count=520477 512914 432004 197034 55780 141254 1198 76314 234970 113399 16016 121571 54582 97441 97383 24130 64940 80910 13635 67275 63984 62361 1623 3291 1599 3951 1882 2069 9684 6076
is_linear=0
shrinkage=0.035


Tree=101
num_leaves=31
num_cat=0
split_feature=10 11 5 7 5 2 5 4 11 7 10 2 7 5 5 9 2 10 5 2 11 5 7 2 7 4 5 10 5 4
split_gain=16.3489 43.84 74.226 69.7848 53.6814 60.6422 51.1811 53.8619 49.76 57.2004 54.3279 45.6119 42.8207 39.2182 205.057 120.188 116.926 169.807 88.5411 83.9155 83.637 82.3991 61.3555 54.9635 47.7136 42.434 41.0197 43.5983 36.7124 35.8485
threshold=-0.6548396348953246 43.378349304199226 43.508358001708991 28.417278289794925 46.157749176025398 54.126050949096687 45.558958053588874 44.558532714843757 57.429449081420906 67.520690917968764 4.7782890796661386 53.883504867553718 22.281182289123539 46.023597717285163 46.036748886108406 -4.7622499465942374 51.59552192687989 -2.62231433391571 45.967329025268562 48.924234390258796 27.185600280761722 46.181444168090827 24.034657478332523 52.222757339477546 35.611213684082038 35.864292144775398 45.558958053588874 -3.3652718067169185 45.452220916748054 54.984086990356452
decision_type=2 2 2 2 2 2 2 2 2 2 2 2 2 2 2 2 2 2 2 2 2 2 2 2 2 2 2 2 2 2
left_child=13 4 29 11 5 6 28 -8 10 -10 -5 12 -4 15 16 23 17 19 26 -15 -20 22 25 24 -1 -16 27 -17 -2 -3
right_child=1 2 3 8 -6 -7 7 -9 9 -11 -12 -13 -14 14 21 18 -18 -19 20 -21 -22 -23 -24 -25 -26 -27 -28 -29 -30 -31
leaf_value=0.02264180919089712 0.0083602745654372205 0.083437330762532957 0.045324342688596371 -0.0020842288589068259 -0.0011839376827370285 -0.0095403478585076723 0.015474020974291356 0.0049465529239211652 0.0032122058360359593 -0.00079979806173858441 0.0025465002413548117 -0.0023737802759466785 0.01354059253591661 0.024633624583415968 -0.033513670209447961 0.0027804187172497823 0.0068997247783537724 0.013399538201496208 0.015445178718362517 0.09275043194081363 -0.023018270084924252 0.0006032099831229723 -0.019561337571392938 0.032908770419541572 -0.021259619902335464 0.0056521557176554115 -0.003543000763789615 -0.0018801550751987759 -0.0013476453869636429 0.016553497062707222
leaf_weight=64.199914924800396 730.81842371821404 17.564537361264229 61.314981304109097 20042.258958027698 2676.577120507136 327.23932582139969 1049.2555982768536 1383.9278179705143 8247.0915148388594 9214.2655512169003 3670.2228927854449 186.97087518870831 336.42300986498594 32.706875771284103 37.939837515354156 3817.9902228722349 282.67809779942036 132.83842140436172 82.334299854934216 75.394874691963196 413.66071093082428 12254.638121919706 447.60755276679993 175.18902453035116 56.002614691853523 269.32273973897099 7909.1350287450477 6902.4559370754287 1369.227286323905 22.888258576393127
leaf_count=163 5547 49 178 140230 18738 2668 4602 6975 44004 59513 20624 1254 1956 70 284 23544 636 297 226 139 1561 89191 2190 823 168 1090 39333 46682 7325 56
internal_value=-6.58047e-05 0.000337291 -0.000105602 -0.000152122 0.00279416 0.00498611 0.00603777 0.00949276 -0.000322901 0.00109475 -0.00136713 0.0118458 0.0185391 -0.00066949 0.000776547 -0.00167748 0.0222344 0.0401141 -0.00202037 0.0725379 -0.0166047 -8.78832e-05 -0.0113052 0.0204452 0.00212486 0.000718885 -0.00163101 -0.000219597 0.00202929 0.0468189
internal_weight=82290.1 49336 41799 41758.5 7537.05 4860.47 4533.23 2433.18 41173.8 17461.4 23712.5 584.709 397.738 32954.1 13533.1 19421 523.618 240.94 19125.6 108.102 495.995 13009.5 754.87 295.392 120.203 307.263 18629.6 10720.4 2100.05 40.4528
internal_count=520116 313719 267864 267759 45855 27117 24449 11577 264371 103517 160854 3388 2134 206397 93897 112500 1142 506 111346 209 1787 92755 3564 1154 331 1374 109559 70226 12872 105
is_linear=0
shrinkage=0.035


Tree=102
num_leaves=31
num_cat=0
split_feature=10 7 2 9 7 6 7 4 7 6 6 5 5 5 10 2 9 7 7 10 2 2 5 6 5 5 5 7 7 9
split_gain=18.7289 38.4388 34.7477 25.4095 19.3916 14.7524 13.4003 15.3336 11.564 11.0563 17.1963 34.06 21.4492 17.3471 16.023 15.5073 13.7604 34.8336 42.8644 28.2555 24.1134 57.1091 20.9161 7.56958 17.9301 17.0698 6.62647 6.02147 10.1332 9.62998
threshold=-15.079775810241697 30.715738296508793 51.149106979370124 -7.7415499687194815 13.469102859497072 98.581562042236342 65.378646850585952 55.264753341674812 40.36732482910157 6.4205281734466562 0.43134848773479467 46.369321823120124 45.558958053588874 43.508358001708991 -0.2465885058045387 49.666902542114265 4.7590000629425058 76.706653594970717 90.347183227539077 11.422029972076418 50.664962768554695 50.434299468994148 45.582262039184577 99.693408966064467 46.028558731079109 46.395015716552741 46.484361648559577 13.469102859497072 18.460414886474613 -4.0630500316619864
decision_type=2 2 2 2 2 2 2 2 2 2 2 2 2 2 2 2 2 2 2 2 2 2 2 2 2 2 2 2 2 2
left_child=1 3 6 4 -1 9 26 -8 -4 10 11 12 -2 -12 -13 -15 17 19 -19 -11 21 -18 -22 -7 -25 -26 -3 -5 29 -29
right_child=5 2 8 27 -6 23 7 -9 -10 16 13 14 -14 15 -16 -17 20 18 -20 -21 22 -23 -24 24 25 -27 -28 28 -30 -31
leaf_value=0.020632110346892694 -0.0037864424920826534 0.042761617691105432 0.006381341593762007 -0.03143064891309108 -0.021961779741631965 -0.0039915686089350057 -0.011953190347670867 0.029434265605176015 -0.034552142564197794 -0.00015209983819263972 0.036256993120391712 0 -0.023773420950110084 0.0069215753084960821 0.033122363086471505 0.0011570262199059511 0.0026656550789008449 -0.0061012051080485069 0.039268008057830601 0.0053351002778524673 -0.011001068971202323 0.025661838764997176 0.0046342237945695107 -0.033478450867745611 0.048866367507454662 -0.015262343702243346 0.02011306832217926 0.0090682193645109446 -0.023300639324279997 -0.035361116803860851
leaf_weight=61.870280735194683 172.26931054890156 61.353131942451 18.492735549807549 20.796956021338701 15.704068124294279 663.27665343508124 18.204155914485455 24.951856948435307 14.145542666316031 71287.346914920956 17.244807496666908 37.442182287573814 107.03988134115934 650.76194771379232 32.84425326436758 4719.346423484385 890.32533956319094 1535.7371671311557 25.114556185901165 1167.5856973305345 227.33518446236849 154.85357697308064 192.50177938491106 32.778156843036413 7.0834199246019152 13.406421426683663 26.239200413227081 35.404596403241158 36.57796123623848 6.3421732261776915
leaf_count=513 1036 221 48 182 56 5845 130 193 45 453504 44 267 457 3184 250 27605 5098 10394 199 5821 1399 379 740 1198 67 505 165 300 191 55
internal_value=-5.90267e-06 0.00818091 0.0203802 -0.00310102 0.011784 -4.00484e-05 0.0284263 0.0119171 -0.0115522 4.00239e-06 0.00148521 -0.00602358 -0.0115171 0.00197459 0.0155923 0.00185782 -0.000108499 -0.00017509 -0.00534698 -6.3521e-05 0.00324929 0.00609648 -0.00382022 -0.00503725 -0.0176765 0.00758159 0.0362996 -0.0148214 -0.0100496 0.00161601
internal_weight=82274.4 340.083 163.387 176.696 77.5743 81934.3 130.748 43.156 32.6383 81217.7 5736.95 349.596 279.309 5387.35 70.2864 5370.11 75480.8 74015.8 1560.85 72454.9 1465.02 1045.18 419.837 716.545 53.268 20.4898 87.5923 99.1217 78.3247 41.7468
internal_count=520091 2099 802 1297 569 517992 709 323 93 510377 32843 2010 1493 30833 517 30789 477534 469918 10593 459325 7616 5477 2139 7615 1770 572 386 728 546 355
is_linear=0
shrinkage=0.035


Tree=103
num_leaves=31
num_cat=0
split_feature=10 5 7 2 5 5 2 7 2 9 7 7 7 7 7 9 2 10 2 2 2 10 7 9 7 9 7 9 7 6
split_gain=14.8171 18.9969 33.8624 23.4878 21.4719 29.7378 27.2599 25.8875 19.4822 15.9586 33.4643 65.77 63.7033 71.099 50.2459 48.1866 41.9514 49.4089 41.153 33.3907 61.8392 41.1598 30.3836 58.1529 90.7699 125.705 83.8773 57.1267 101.884 95.949
threshold=-12.683357715606688 45.661050796508796 43.479909896850593 51.149106979370124 46.859218597412116 50.069204330444343 53.865806579589851 65.280933380126967 50.025510787963874 1.572149991989136 67.520690917968764 68.936416625976577 69.650360107421889 70.733211517333999 65.454277038574233 2.4200500249862675 50.069540023803718 -1.0000000180025095e-35 50.051361083984382 50.051788330078132 51.435903549194343 0.94226843118667614 60.380186080932624 0.88005000352859508 57.632680892944343 -1.1216500401496885 57.292371749877937 0.029749999754130844 64.699142456054702 49.642675399780281
decision_type=2 2 2 2 2 2 2 2 2 2 2 2 2 2 2 2 2 2 2 2 2 2 2 2 2 2 2 2 2 2
left_child=1 2 -1 8 6 -6 7 -3 -4 22 14 19 15 -14 16 -13 17 -11 -16 21 -21 -12 23 24 -2 -26 -25 28 -24 -30
right_child=9 4 3 -5 5 -7 -8 -9 -10 10 11 12 13 -15 18 -17 -18 -19 -20 20 -22 -23 27 26 25 -27 -28 -29 29 -31
leaf_value=0.028594676822282523 -0.0005047303401019646 -0.020961953931191074 -0.013767494636909254 -0.031319078305329845 0.040754110171935268 0.0029231388207812186 0.03861696373410127 0.031329002949904712 0.022479959589831598 -0.019273974986081629 -0.033795456034093022 0.0017060646928257698 -0.0079253335189491195 0.00096193420788921106 0.027726988875348711 0.019237994685361619 0.0027698738219837818 0.001544368365350755 0.0072798422499479667 0.0085107620011394877 -0.021821799752614141 -0.0074354811536458372 -0.0046416298322304178 0.0070874434345861975 0.02980320853305321 0.0037338311720134022 -0.007912927748556042 -0.0025303430009725753 0.0016523276611161495 0.016155342547258564
leaf_weight=99.29656982421875 42034.338758794591 109.57901382446289 28.079644806683064 22.242069013416767 26.951588660478592 318.40938941575587 11.739820666611193 12.148048311471937 47.81924270093441 240.4748348519206 137.80479731783271 407.27414181828499 1322.8358744587749 6602.8140219328925 149.55006277561188 364.53031194210052 5058.2802157830447 329.99659815430641 624.27860002964735 202.43400787562132 137.47841695323586 155.30969600379467 1634.2985603865236 2795.2168250922114 258.28446685522795 1818.2383842486888 544.67617416195571 14356.436638800427 1639.3276967555285 848.17615833133459
leaf_count=413 268955 377 177 93 90 2569 73 21 303 934 446 2431 5219 45959 818 1439 23597 1744 4098 1276 1033 648 10355 16145 1163 13154 3805 98804 9323 4929
internal_value=-1.41762e-06 0.00515483 0.0142704 -0.000265796 0.00136402 0.00598301 -0.0105004 -0.0155158 0.00897481 -4.42537e-05 0.000957198 -0.000379301 0.000413119 -0.000521168 0.00290578 0.010007 0.00175388 -0.00723378 0.011265 -0.0112645 -0.0037592 -0.0199104 -0.000283352 0.000185398 -0.000151635 0.00699002 0.00463775 -0.0014874 0.00214331 0.00660391
internal_weight=82338.3 676.265 197.438 98.141 478.828 345.361 133.467 121.727 75.8989 81662.1 15733.1 9330.48 8697.45 7925.65 6402.58 771.804 5628.75 570.471 773.829 633.027 339.912 293.114 65929 47450.8 44110.9 2076.52 3339.89 18478.2 4121.8 2487.5
internal_count=520391 4116 986 573 3130 2659 471 398 480 516275 89642 58451 55048 51178 31191 3870 26275 2678 4916 3403 2309 1094 426633 303222 283272 14317 19950 123411 24607 14252
is_linear=0
shrinkage=0.035


Tree=104
num_leaves=31
num_cat=0
split_feature=0 12 11 10 10 11 11 10 6 5 5 4 6 5 10 5 5 4 4 6 5 13 5 6 10 10 12 1 13 12
split_gain=16.6421 25.1829 17.4649 32.5431 22.9104 30.402 24.9601 33.1164 21.4442 16.6673 16.1285 34.6714 15.5971 14.8542 14.8216 16.3052 77.021 27.004 15.3432 12.9554 12.8614 15.5453 14.2467 13.8356 12.5207 9.82258 12.6306 16.8222 13.4514 9.76643
threshold=35.20000076293946 85.753021240234389 78.74444961547853 9.343633174896242 11.422029972076418 1.0000000180025095e-35 1.0000000180025095e-35 -5.889366388320922 38.663455963134773 44.901058197021491 45.428865432739265 46.745893478393562 11.133986473083498 45.452220916748054 -1.9495523571968076 46.484361648559577 46.023597717285163 72.498649597167983 67.195690155029311 66.238193511962905 45.428865432739265 1.8350168466567995 45.395757675170906 53.163911819458015 -12.683357715606688 3.7614345550537114 93.028553009033217 96.687191009521499 1.8019480705261233 2.9198635816574101
decision_type=2 2 2 2 2 2 2 2 2 2 2 2 2 2 2 2 2 2 2 2 2 2 2 2 2 2 2 2 2 2
left_child=2 29 4 14 6 -6 7 24 9 -8 11 -7 -12 -10 15 16 -4 -17 -16 -9 22 23 -5 -22 -1 26 -3 28 -28 -2
right_child=1 25 3 20 5 10 8 19 13 -11 12 -13 -14 -15 18 17 -18 -19 -20 -21 21 -23 -24 -25 -26 -27 27 -29 -30 -31
leaf_value=0.0092496924830823852 -0.0016740100378773216 -0.019153279662671999 -0.0054042955526895954 -0.0061825361095164313 -0.018169966256013213 0.03073364903335973 0.011220026468032641 0.02176030753562962 0.00054249427927760704 0.00033126956228321589 -0.0087626004264510522 -0.012535019890739808 0.0089327023731094746 -0.0010940092859677917 0.004458637415049713 -0.01792411385973729 0.063654047194957084 0.011040896332690868 0.012383283831382815 0.058162564412556642 0.0071547778366750532 -0.026074728207835532 -0.031294481523365204 -0.005134121501067109 -0.0077921606620780723 -0.015065192090749625 0.033290901373999961 -0.0090493141206472085 -0.0091280504809223128 0.0091332342235845524
leaf_weight=152.19002363830805 120.21018566191196 29.091537050902843 98.170477837324142 250.81341679021716 66.420119408518076 26.949496075510979 172.37645407021046 53.253746688365936 8333.2920706877485 32270.926116973162 64.466187134385109 122.77262461557984 893.25407492741942 36661.188139654696 855.3353150896728 116.70424869656563 23.906740427017212 58.376592047512531 464.78053008019924 16.087479807436466 260.75665404647589 24.939504735171795 30.677849665284157 195.30028894543648 79.547195516526699 89.041790314018726 32.788217015564442 39.818362854421139 11.868980899453161 645.30021938681602
leaf_count=1024 574 127 461 2195 577 192 698 294 73470 191926 344 983 4120 229294 4046 864 39 365 1977 104 1041 166 263 867 532 386 164 190 53 2687
internal_value=-3.98919e-05 0.00451986 -9.43244e-05 0.00285914 -0.000183509 0.00466763 -0.000256898 0.00978698 -0.00029614 0.000389614 0.00605578 -0.00457834 0.00772797 -0.000790758 0.0056701 -0.00136925 0.00838901 -0.00822032 0.00725982 0.0308726 -0.00309355 0.000372411 -0.00902505 0.00187712 0.00336304 -0.00641582 0.000362426 0.00728193 0.0219006 0.00742703
internal_weight=82260.6 968.119 81292.5 2379.76 78912.7 1173.86 77738.9 301.078 77437.8 32443.3 1107.44 149.722 957.72 44994.5 1617.27 297.158 122.077 175.081 1320.12 69.3412 762.488 480.996 281.491 456.057 231.737 202.609 113.567 84.4756 44.6572 765.51
internal_count=520023 4181 515842 12284 503558 6216 497342 1954 495388 192624 5639 1175 4464 302764 7752 1729 500 1229 6023 398 4532 2074 2458 1908 1556 920 534 407 217 3261
is_linear=0
shrinkage=0.035


Tree=105
num_leaves=31
num_cat=0
split_feature=6 10 2 7 5 9 2 6 10 7 5 10 2 7 2 6 5 5 5 9 9 10 5 9 6 6 11 10 2 9
split_gain=16.9874 12.9788 32.6154 33.6208 29.401 28.6454 15.4756 13.7358 30.7369 31.3 45.0497 35.5279 24.5983 41.0179 33.9562 12.0273 36.8824 13.1713 11.5567 11.5986 11.5517 11.2055 42.6208 13.688 9.16213 6.73781 5.30056 4.46541 3.38536 5.51652
threshold=99.693408966064467 -15.079775810241697 51.149106979370124 35.319665908813484 47.499412536621101 -7.7415499687194815 49.107086181640632 85.05926895141603 -3.2385629415512081 35.942852020263679 45.549871444702156 12.557685852050783 49.107086181640632 33.509216308593757 47.475122451782234 0.43134848773479467 47.867774963378913 45.558958053588874 46.028558731079109 2.6139500141143803 -4.3752000331878653 -6.9107091426849356 50.078802108764656 1.5200499892234804 17.09495830535889 22.306142807006839 19.779600143432621 -1.0384084582328794 52.786775588989265 -0.69014999270439137
decision_type=2 2 2 2 2 2 2 2 2 2 2 2 2 2 2 2 2 2 2 2 2 2 2 2 2 2 2 2 2 2
left_child=1 2 3 5 24 25 -5 15 12 10 -10 -11 14 -14 -9 16 17 -3 -2 28 -8 22 -17 -23 -4 -1 -7 -18 29 -20
right_child=18 7 4 6 -6 26 20 8 9 11 -12 -13 13 -15 -16 21 27 -19 19 -21 -22 23 -24 -25 -26 -27 -28 -29 -30 -31
leaf_value=-0.0050123951594296667 -0.03326906643395415 -0.0050518303412229355 0.00071996503588081073 -0.0076043325080844869 0.021044628193671824 -0.0099464385216533092 0.047229291416253344 0.014545870338038161 -0.014334617374575778 -0.0019220517400498596 0.0055069860568373579 0.01308194315784806 -0.01123475809583723 0.00078215251194271808 -0.028081253159800916 0.0044103187246326116 0.0068876278513290241 -0.020197371095034878 0.029868509337699075 0.074939730277541972 0.022315906179908741 -0.0001389347189723058 -0.0050341773431473221 0.0011007853852605144 -0.029000966792247451 0.02699448005563548 -0.034807417299408609 0.02749285850545316 -0.030613298888643503 -0.013587849993194463
leaf_weight=9.5453975200653058 30.743405104614794 174.35393188148737 15.967058092355726 14.136119082570074 25.853713631629944 47.599188789725304 35.297599285840988 27.842428714036942 152.64417866617441 6461.0221785604954 1606.3816881105304 198.4001393020153 603.70371950417757 817.3351724371314 113.66900792717934 2507.6881265714765 23.524169720709324 119.92976411432028 4.5425422172993448 1.4859214350581158 77.12739909440279 54592.895499877632 762.1627785935998 13632.65162845701 53.238361544907093 36.485980086028576 13.754972055554388 33.327909953892231 5.0851562563329926 9.9985327925533074
leaf_count=75 1164 1042 72 74 177 415 84 147 1552 50421 11692 1125 4658 5751 582 11944 191 509 155 26 534 344480 5660 76205 199 286 119 269 89 317
internal_value=1.89583e-05 3.17802e-05 0.00696097 0.0139851 -0.0102252 -0.000373064 0.0261485 3.76649e-06 -0.00121273 -0.00037484 0.00377547 -0.00147248 -0.00571999 -0.00432155 -0.0196105 0.000172872 -0.00628087 -0.0112859 -0.0198542 0 0.0304781 0.000204737 0.00220609 0.00010869 -0.0221139 0.0202356 -0.0160089 0.0193022 -0.00819138 0.000380999
internal_weight=82208.4 82156.5 329.006 233.947 95.0591 107.386 126.561 81827.5 9981 8418.45 1759.03 6659.42 1562.55 1421.04 141.511 71846.5 351.136 294.284 51.8556 21.1122 112.425 71495.4 3269.85 68225.5 69.2054 46.0314 61.3542 56.8521 19.6262 14.5411
internal_count=520014 518263 2035 1587 448 895 692 516228 75928 64790 13244 51546 11138 10409 729 440300 2011 1551 1751 587 618 438289 17604 420685 271 361 534 460 561 472
is_linear=0
shrinkage=0.035


Tree=106
num_leaves=31
num_cat=0
split_feature=10 5 7 5 5 7 2 2 2 1 11 9 9 2 2 10 7 7 12 5 7 7 10 7 7 7 10 7 2 2
split_gain=13.0506 20.0898 29.8246 26.6973 34.4211 27.2069 21.2991 20.6561 18.7064 16.3797 14.4174 13.4462 13.4357 40.3457 44.206 29.8978 35.6034 26.8865 26.767 21.2037 27.8308 19.0135 23.6452 18.5198 42.7087 18.6073 17.486 15.3501 12.817 34.1447
threshold=-12.683357715606688 45.661050796508796 44.196378707885749 47.499412536621101 50.069204330444343 65.280933380126967 53.865806579589851 51.149106979370124 50.025510787963874 15.691628932952883 17.161250114440922 -7.7415499687194815 5.2697000503540048 50.664962768554695 50.434299468994148 14.079446315765383 18.460414886474613 79.115924835205092 64.374172210693374 46.117029190063484 69.650360107421889 63.030187606811531 16.556191444396976 68.936416625976577 76.442924499511733 44.598613739013679 3.3292797803878789 87.417869567871108 50.091802597045906 50.664962768554695
decision_type=2 2 2 2 2 2 2 2 2 2 2 2 2 2 2 2 2 2 2 2 2 2 2 2 2 2 2 2 2 2
left_child=1 2 -1 5 -5 6 -3 8 -4 -6 -8 -11 15 14 21 17 -17 28 -15 20 -16 -14 -23 25 -25 -18 -19 -28 -2 -30
right_child=12 3 7 4 9 -7 10 -9 -10 11 -12 -13 13 18 19 16 23 26 -20 -21 -22 22 -24 24 -26 -27 27 -29 29 -31
leaf_value=0.027682409862861568 0.00042360635537684843 -0.022310424693294011 -0.013874030339566717 0.04719249542642831 0.060897938123579839 0.033745560939460899 -0.010336027981314815 -0.028817406028928433 0.022165795574157404 0.013682166692904649 0.055101757329463014 -0.0023897730543717658 -0.013600299220003545 -0.010725633535171218 -0.00058644621479190607 -0.019306047783955595 0.015933155434752804 -0.012421589906791722 0.016904302244627443 0.049113376960086254 0.041451422616372482 0.0096814057104354697 -0.0073186356582840848 0.027604151427433995 -0.0010636564086610285 -0.00092212582100244104 -0.0026515474706653298 0.052919149594041655 -0.0029010648536899374 -0.00014105393490246922
leaf_weight=98.6662852242589 29907.348819794133 111.61492627859116 26.699561968445778 22.606930002570152 5.1198734492063513 13.571295887231825 7.984377093613146 21.996565580368042 48.055869959294796 87.378509066998959 7.0202373191714287 228.26020122133195 63.479564867913723 284.05413217097521 45.738934114575386 56.563658211380243 115.88698131591082 354.50027592852712 49.673204772174358 38.0870481133461 32.138027176260948 510.87021750211716 123.53706037998199 163.12747392803431 103.233184941113 254.36509520187974 409.35505359061062 5.3732723966240874 6299.7328550964594 42781.571736383252
leaf_count=406 217417 391 170 73 22 23 49 90 302 711 34 1833 279 1584 131 544 436 2717 189 62 82 2810 978 864 804 1085 3503 46 33089 249420
internal_value=-5.38711e-05 0.0047754 0.0142236 0.000925489 0.0061924 -0.0118869 -0.017014 0.00031226 0.0091906 0.00317074 0.021077 0.00206066 -9.41872e-05 0.00366462 0.00786889 -0.000147927 0.00708505 -0.000210947 -0.00656158 0.027816 0.0169177 0.00451631 0.00635495 0.00946219 0.0164973 0.0043576 -0.00671956 -0.00181422 -0.000147407 -0.000495494
internal_weight=82277.6 678.975 195.418 483.556 343.366 140.191 126.62 96.752 74.7554 320.759 15.0046 315.639 81598.6 1147.58 813.851 80451.1 693.176 79757.9 333.727 115.964 77.877 697.887 634.407 636.613 266.361 370.252 769.229 414.728 78988.7 49081.3
internal_count=520144 4104 968 3136 2639 497 474 562 472 2566 83 2544 516040 6115 4342 509925 3733 506192 1773 275 213 4067 3788 3189 1668 1521 6266 3549 499926 282509
is_linear=0
shrinkage=0.035


Tree=107
num_leaves=31
num_cat=0
split_feature=10 5 7 2 7 7 2 5 4 2 5 9 6 10 5 5 5 7 5 11 7 5 7 2 7 7 5 7 7 5
split_gain=16.375 18.5004 25.7233 20.2104 16.3376 28.0573 37.1131 23.5166 18.8692 18.7611 17.9993 16.5606 16.2892 25.958 37.3342 73.977 66.4389 51.7385 34.5512 31.3765 44.9646 21.5059 29.9934 27.1516 20.4145 21.5846 34.289 26.2294 51.2655 23.3888
threshold=-12.683357715606688 45.661050796508796 44.196378707885749 51.149106979370124 40.735153198242195 18.460414886474613 53.865806579589851 50.079050064086921 36.839929580688484 50.079681396484382 50.079809188842781 -7.7415499687194815 37.463397979736335 6.1653606891632089 45.419452667236335 45.442907333374031 45.438236236572273 73.50925445556642 45.395757675170906 74.977397918701186 76.318405151367202 45.424163818359382 73.829555511474624 49.977699279785163 79.546710968017592 73.829555511474624 45.442907333374031 63.42186355590821 54.376531600952156 45.449871063232429
decision_type=2 2 2 2 2 2 2 2 2 2 2 2 2 2 2 2 2 2 2 2 2 2 2 2 2 2 2 2 2 2
left_child=1 2 -1 -4 5 7 -7 -3 -8 -6 -11 -9 24 19 18 16 -16 -17 -15 20 -14 23 -23 -21 25 27 -27 28 -2 -29
right_child=12 4 3 -5 9 6 8 11 -10 10 -12 -13 13 14 15 17 -18 -19 -20 21 -22 22 -24 -25 -26 26 -28 29 -30 -31
leaf_value=0.026514072076466898 0.00022733877390435176 0.038764098543193543 0.009518161373412758 -0.030092438195240094 -0.013454101707733033 -0.019992096883743576 0 0.013148777379014064 0.070374165452638263 0.056170418664590632 0.013307523153312217 -0.0080128861198089374 -0.00072436599979768435 -0.0024911717638591178 0.020717892999066484 0.0037244804430084369 0.10224491948060446 -0.0083306892586555662 -0.025323235244242296 0.03242394797280216 -0.010306697895009424 0.0079090132142265925 -0.003509501505699425 -0.0055496244323969268 -0.0072018379024285156 -0.0063748586469030855 0.0075061505258316981 0.0031290579344716231 0.004279550323225776 -0.0019363042502501242
leaf_weight=102.69622457772493 17390.678295470774 23.433187395334244 73.382534123957157 19.228174455463886 25.201334290206432 132.07132455706596 10.024686813354494 85.076473336666822 7.890046812593936 13.740913942456244 80.152800412848592 94.833601964637637 41939.210668531246 456.12573585659266 86.18052314221859 3827.2038029376417 13.717329598963259 491.1416940279305 98.29462525062263 69.29260116815567 607.92616430018097 704.31190446019173 467.79121010750532 33.639567352831364 406.64147400856018 267.39065632969141 1156.6907092183828 1317.8036770895123 4903.519735313952 7265.7231500297785
leaf_count=432 100707 74 468 79 97 645 59 700 31 37 620 840 285595 3919 734 17473 113 3614 880 547 4314 2635 2952 241 3113 2312 7206 11476 29778 38002
internal_value=2.25751e-05 0.00547798 0.0145201 0.00103184 0.00170683 -0.00206002 -0.0135209 0.00637908 0.0326275 0.0128798 0.0200758 0.00196928 -2.20869e-05 -0.000427278 0.00196861 0.00304421 0.0327055 0.00235049 -0.00658239 -0.000699339 -0.000861637 0.00470811 0.00334658 0.0199991 0.000582163 0.000680547 0.00489277 0.000485931 0.00111904 -0.0011576
internal_weight=82171 667.731 195.307 92.6107 472.424 353.329 149.986 203.343 17.9147 119.095 93.8937 179.91 81503.3 48794.8 4972.66 4418.24 99.8979 4318.35 554.42 43822.2 42547.1 1275.04 1172.1 102.932 32708.4 32301.8 1424.08 30877.7 22294.2 8583.53
internal_count=519693 4082 979 547 3103 2349 735 1614 90 754 657 1540 515611 323017 26733 21934 847 21087 4799 296284 289909 6375 5587 788 192594 189481 9518 179963 130485 49478
is_linear=0
shrinkage=0.035


Tree=108
num_leaves=31
num_cat=0
split_feature=6 6 6 10 7 4 4 10 11 7 7 7 2 2 2 13 0 10 10 7 7 7 0 6 2 2 10 9 7 10
split_gain=17.6173 12.3919 14.6408 16.1297 17.4741 23.3909 13.9894 13.2546 28.195 30.3341 56.0332 42.4746 28.1363 122.54 20.9756 18.3118 16.3301 14.006 12.0304 17.8499 49.5036 35.5456 11.0566 10.4057 10.2497 15.2118 34.9248 12.8907 39.0689 21.2852
threshold=94.375640869140639 6.0266718864440927 0.43134848773479467 -3.5648289918899532 43.479909896850593 51.469001770019538 52.978338241577156 0.72843012213706981 45.768150329589851 34.66917800903321 36.589582443237312 33.880672454833991 53.471158981323249 53.468648910522468 53.576904296875007 6.4583332538604745 20.800000190734867 -6.9107091426849356 -2.4178758859634395 39.775512695312507 40.36732482910157 33.509216308593757 55.20000076293946 29.112630844116214 50.081499099731452 50.081367492675788 -2.725619792938232 -3.0320500135421748 21.560606956481937 -0.10236150771379469
decision_type=2 2 2 2 2 2 2 2 2 2 2 2 2 2 2 2 2 2 2 2 2 2 2 2 2 2 2 2 2 2
left_child=1 2 3 -1 5 -5 -6 15 12 11 -11 -10 13 -9 -14 16 17 -3 19 21 -21 -4 -18 -17 25 -2 -27 28 -26 -30
right_child=24 7 18 4 6 -7 -8 8 9 10 -12 -13 14 -15 -16 23 22 -19 -20 20 -22 -23 -24 -25 27 26 -28 -29 29 -31
leaf_value=-0.018086684432906622 -0.00024270340748859713 0.0016130073820064903 0.0066082299947977114 0.0052136054472943349 0.0016066000792433364 0.061141001068692066 -0.017918350612087856 0.0030272221771715934 0.0018091970832991651 -0.0084000331698596779 0.00015262408783834925 0.016074846168808249 -0.010350767288141228 0.035474872603268107 0.00050351481551615639 0.041773380232977268 0.003090236877929808 -0.00072076703136393183 0.0012008475703988498 0.056947373746269993 0.0070086520091789195 -0.010039037127155254 0.036966943042422679 -0.002300854864648841 -0.018535951883491528 0.10034838583524902 -0.017231056038140485 -0.0045811023312560947 0.026352519820860416 -0.019905848964663887
leaf_weight=86.924769848585129 1241.0943614821881 3457.7229718640447 459.13083257526159 77.591904208064079 100.67802853882313 9.6879437416791898 79.405921369791031 4486.5225748941302 1156.1176794618368 974.22336405515671 24946.834177240729 328.12614841759205 271.16952126473188 146.52584278583527 1095.7046974524856 18.987332910299305 1343.7343257218599 35169.256841212511 3612.0200419276953 24.424916744232178 735.28406473994255 237.74715135246515 11.156742066144941 9.2619521990418416 49.943299213424325 5.0955928340554237 5.9268285166472179 2001.892680327408 80.431712819263339 13.555252380669115
leaf_count=424 12111 19476 2576 468 631 65 440 26638 6634 4599 155595 1919 1118 311 7492 87 6558 229023 21141 104 3988 1156 43 38 401 49 72 16448 388 73
internal_value=8.38878e-05 0.000190332 0.00180479 -0.00506022 -0.000757654 0.0119999 -0.00700517 7.09651e-05 0.000585715 0.000109644 -0.0001688 0.00497462 0.00275875 0.00406088 -0.00164951 -0.000358638 -0.000378986 -0.000511647 0.00228674 0.00497259 0.00868162 0.00091381 0.00339601 0.0274166 -0.00238321 0.000127934 0.0396453 -0.00385126 0.00622075 0.0194954
internal_weight=82236.2 78838.2 5422.9 354.289 267.364 87.2798 180.084 73415.3 33405.2 27405.3 25921.1 1484.24 5999.92 4633.05 1366.87 40010.1 39981.9 38627 5068.61 1456.59 759.709 696.878 1354.89 28.2493 3397.94 1252.12 11.0224 2145.82 143.93 93.987
internal_count=520066 490524 30993 2028 1604 533 1071 459531 204306 168747 160194 8553 35559 26949 8610 255225 255100 248499 28965 7824 4092 3732 6601 125 29542 12232 121 17310 862 461
is_linear=0
shrinkage=0.035


Tree=109
num_leaves=31
num_cat=0
split_feature=11 7 7 7 10 2 2 5 5 2 7 7 10 2 7 7 11 2 2 5 2 10 2 2 5 2 2 5 7 7
split_gain=11.3386 119.212 86.1332 55.3121 47.871 79.4826 113.398 97.1175 73.2457 62.3614 47.3247 182.696 111.007 110.525 81.9352 166.868 193.239 154.341 91.0015 72.1163 61.5563 115.95 58.1924 50.9585 45.3173 39.9133 82.0696 62.1121 39.1304 134.335
threshold=56.046949386596687 57.292371749877937 60.380186080932624 64.163467407226577 2.1126986742019658 51.430761337280281 52.506393432617195 46.028558731079109 46.218702316284187 51.080837249755866 69.762519836425795 71.004535675048842 7.0411381721496591 50.051733016967781 68.936416625976577 67.648265838623061 51.063650131225593 50.051788330078132 50.459417343139656 46.117029190063484 49.666902542114265 -5.181654453277587 50.510725021362312 50.079681396484382 45.554418563842781 50.081102371215827 50.078926086425788 45.449871063232429 36.589582443237312 39.632768630981452
decision_type=2 2 2 2 2 2 2 2 2 2 2 2 2 2 2 2 2 2 2 2 2 2 2 2 2 2 2 2 2 2
left_child=10 4 25 -4 5 9 7 -7 -8 -2 14 12 20 24 15 -1 17 -17 -16 -14 21 -12 -20 -15 -13 26 -3 -27 -6 -30
right_child=1 2 3 -5 28 6 8 -9 -10 -11 11 13 19 23 18 16 -18 -19 22 -21 -22 -23 -24 -25 -26 27 -28 -29 29 -31
leaf_value=-0.00057007445255507691 0.0051335836584782066 -0.006986532686649484 0.0050154004631674156 -0.00077431003045171586 -0.0049564429025118458 0.027810276410984137 -0.00040656400034507146 -0.015228063373395016 0.025564563218593055 -0.018197143641125117 -0.015531616718302901 -0.0058609997247358698 -0.011101823785574616 0.019945199591749129 -0.017542674579444285 0.060827015027566551 0.00092650475474620496 0.0075336310360415749 0.040280195507822567 0.066009232340770843 0.0010980028034579155 0.025352399951672131 -0.0012778151433647288 0.00062319583468862681 -0.023154114621417206 0.006823430301528652 0.038625748503952416 -0.018320417669432303 0.027826901289622688 0.0016590193953594948
leaf_weight=51394.638209729455 634.13261803239584 332.88029523193836 2293.7734798407182 16972.581013441086 706.20215461403131 654.20770876854658 675.55762139707804 70.486691623926163 164.68471150100231 179.36771662440151 100.75126256048679 928.28023333847523 17.941303290426731 275.78180351853371 682.24030253756791 164.87222643196583 380.01974461227655 112.25015694648027 49.366973996162415 76.623142831027508 401.77958540152758 520.24393405020237 231.0610336791724 424.92934887856245 232.23041690140963 144.78138292580843 55.70291955769062 691.54494341183454 266.69923165440559 2374.9403228461742
leaf_count=332265 4319 1929 13359 107952 3071 3293 3746 191 746 885 292 6236 89 2561 4020 625 2377 938 238 128 2784 2182 2068 3484 1228 1335 488 3614 1288 12226
internal_value=-1.04066e-05 0.00059019 -0.000657178 -8.44678e-05 0.00505454 0.00885153 0.0134626 0.0236024 0.00469484 -1.48079e-05 -0.000291753 0.00400016 0.0151833 -0.00271327 -0.000533078 -0.000345734 0.0171685 0.0393492 -0.0106468 0.0513355 0.0117964 0.0186966 0.006107 0.00825189 -0.00934113 -0.00965358 -0.000364168 -0.0139569 0.00235345 0.0043112
internal_weight=82210.6 26217.5 20491.3 19266.4 5726.28 2378.44 1564.94 724.694 840.242 813.5 55993 2978.56 1117.34 1861.22 53014.4 52051.8 657.142 277.122 962.668 94.5644 1022.77 620.995 280.428 700.711 1160.51 1224.91 388.583 836.326 3347.84 2641.64
internal_count=519957 158442 128677 121311 29765 13180 7976 3484 4492 5204 361515 18984 5475 13509 342531 336205 3940 1563 6326 217 5258 2474 2306 6045 7464 7366 2417 4949 16585 13514
is_linear=0
shrinkage=0.035


Tree=110
num_leaves=31
num_cat=0
split_feature=6 5 5 7 11 7 10 9 4 7 7 7 6 5 5 6 13 13 6 5 4 12 7 1 4 13 6 13 13 7
split_gain=15.1587 16.2957 20.7401 17.4761 17.1639 33.0673 24.6799 18.8535 16.6807 14.6189 23.2036 12.4746 12.1474 11.3718 14.475 16.9685 15.8644 15.8377 15.6031 12.2537 16.3581 16.0375 15.9389 12.0486 12.5487 11.5775 22.4691 18.2703 17.0492 16.5173
threshold=94.375640869140639 50.078678131103523 50.081499099731452 64.290679931640639 24.956450462341312 21.560606956481937 0.24553854018449786 -4.3752000331878653 57.157743453979499 73.581996917724624 60.380186080932624 67.934066772460952 99.693408966064467 98.366512298583999 91.718109130859389 90.082221984863295 2.353266835212708 2.5320513248443608 22.696355819702152 50.081499099731452 54.891477584838874 79.466030120849624 61.993902206420906 59.833858489990241 27.500529289245609 1.0152545571327212 81.088863372802749 2.9857397079467778 5.7189540863037118 65.11395645141603
decision_type=2 2 2 2 2 2 2 2 2 2 2 2 2 2 2 2 2 2 2 2 2 2 2 2 2 2 2 2 2 2
left_child=13 4 3 -3 5 7 -7 -2 12 10 -10 -5 -6 14 19 16 18 -18 -16 23 22 -22 -21 24 -1 26 -15 29 -29 -27
right_child=1 2 -4 11 8 6 -8 -9 9 -11 -12 -13 -14 25 15 -17 17 -19 -20 20 21 -23 -24 -25 -26 27 -28 28 -30 -31
leaf_value=0.006594972116934268 -0.029054092007126657 0.0097476967101354992 -0.028511954390602851 -0.024678405643848909 -0.0045309374869055537 0.035155790473199881 -0.027728788905290191 0.024102682788085635 -0.014202877664531493 -0.006357287965605125 0.014041379868706159 0.00034812044330187448 -0.024301285642974114 -0.0051670438337403611 -0.0095365785629623803 0.028381503251655209 0.031889059596700381 0.0018882914608895102 -0.0021589265395035783 0.0059219811259943224 0.032100972930969709 -0.0031935715715802051 -0.0058582959981389703 -0.019835733180604619 7.8998848265519504e-05 0.0055106748060044066 0.011166099109516074 -0.0074747294333267168 0.024880119206901377 0.019018049060830076
leaf_weight=363.12751378118992 28.27995739877224 322.08066456392407 22.681266590952873 29.702931504696608 2405.7628456950188 53.955817054957151 8.1505257934331876 10.543344687670468 43.26777795702219 122.75206330418587 183.24468517303467 119.21426787599921 38.111656684428453 368.13556402176619 391.41994128376245 21.742836184799671 21.544517487287521 654.80226721614599 3435.539176993072 544.84867139160633 46.983591727912426 22.82826341688633 188.33933631330729 36.30827297270298 71875.315489880741 379.00948081165552 142.3759109005332 156.65510058403015 21.997884720563889 158.09193263947964
leaf_count=2114 198 3867 226 364 19756 243 39 90 185 1066 871 1329 1326 1920 2121 102 117 3532 19587 4197 323 135 1300 195 450267 1879 821 839 100 787
internal_value=-1.50583e-05 -0.00230734 0.00355902 0.00516399 -0.00331116 0.0107964 0.0265442 -0.0142463 -0.00382639 0.00331052 0.00858445 -0.00470209 -0.00484997 8.3388e-05 3.04361e-05 -0.00189024 -0.00204296 0.00289083 -0.00291717 0.000149481 0.00444729 0.0205552 0.00288327 0.000101586 0.000111923 0.00342648 -0.00058788 0.00629694 -0.00335865 0.00952186
internal_weight=82216.8 3387.75 493.679 470.998 2894.07 100.93 62.1063 38.8233 2793.14 349.265 226.512 148.917 2443.87 78829.1 77602.8 4525.05 4503.31 676.347 3826.96 73077.8 803 69.8119 733.188 72274.8 72238.4 1226.27 510.511 715.754 178.653 537.101
internal_count=519896 29560 5786 5560 23774 570 282 288 23204 2122 1056 1693 21082 490336 483990 25459 25357 3649 21708 458531 5955 458 5497 452576 452381 6346 2741 3605 939 2666
is_linear=0
shrinkage=0.035


Tree=111
num_leaves=31
num_cat=0
split_feature=6 7 4 7 9 10 7 5 2 2 5 4 7 10 11 7 10 10 7 5 7 4 10 2 4 4 5 5 6 10
split_gain=13.2985 18.8363 60.379 53.6995 51.5349 83.6081 97.758 50.2029 77.4757 68.1092 31.5656 48.8065 41.0139 34.356 28.7418 60.9712 51.7747 24.5129 24.0386 23.8518 42.8137 59.1873 40.3027 38.0286 29.9365 23.1181 22.1859 21.1728 16.0169 15.3614
threshold=85.464485168457045 54.053018569946296 52.197597503662116 60.380186080932624 0.11975000053644182 -1.7742630839347837 64.499298095703139 45.558958053588874 51.620014190673835 52.297090530395515 45.503585815429695 47.099637985229499 57.40429878234864 -3.3652718067169185 67.773700714111342 69.762519836425795 8.0838499069213885 -1.8169996142387388 70.733211517333999 45.558958053588874 48.710355758666999 49.70594787597657 -3.2385629415512081 52.401636123657234 45.317996978759773 55.672363281250007 45.661050796508796 45.606363296508796 88.510322570800795 -6.9107091426849356
decision_type=2 2 2 2 2 2 2 2 2 2 2 2 2 2 2 2 2 2 2 2 2 2 2 2 2 2 2 2 2 2
left_child=29 2 19 10 5 6 -5 25 27 -10 11 12 -3 -13 16 -16 -6 -12 -7 20 23 -22 26 -2 -24 28 -21 -9 -4 -1
right_child=1 3 7 4 14 18 -8 8 9 -11 17 13 -14 -15 15 -17 -18 -19 -20 22 21 -23 24 -25 -26 -27 -28 -29 -30 -31
leaf_value=0.0024198773944696505 -0.021048836366637257 0.011340115984479744 0.026417806578433619 -0.0058697632383945594 -0.0053178896448877171 0.0046603527332161835 0.064648858794014732 -0.041342460185980485 0.065713823611100994 0.020374554781730093 -0.028469801120663826 0.04699206490919737 0.12115972410605447 -0.0073662928529438145 0.01693666824700293 -0.0030162966314466401 0.016189607889577476 -0.011269428996099555 -0.030145686347732382 0.0056731693493704757 0.021263642406555452 -0.0077684516740759435 0.0086574144631804927 -0.0048109813213326443 0.00025403791090934593 -0.022839498478975817 -0.0081397247479981297 0.0032029685765058097 -0.0019701382978845852 7.4216620878349217e-05
leaf_weight=3598.5540359914303 235.02688489109278 11.263343788683416 30.950775176286697 37.863095827400684 2378.7692644270137 201.14571792632341 63.967064917087555 13.998819708824156 55.904018685221672 150.29246771335602 129.94840518385172 14.138406576588748 6.1566807478666297 297.80829736031592 273.93267431855202 589.82649849168956 144.58835733309388 480.35010559670627 26.826659500598907 174.07558654714376 157.89243329595774 186.74734732601792 776.84190483950078 715.02726717758924 1568.9064612621441 50.947766609489918 759.26067844685167 110.23511504940689 102.52303328365088 68860.905600763857
leaf_count=19613 1788 73 216 307 20282 1509 293 46 189 652 798 175 40 3069 1039 4352 808 3558 160 839 1347 1687 5719 6585 12772 265 5773 859 764 424511
internal_value=2.74879e-05 -0.00118623 0.00028453 -0.00279473 -0.000902023 0.0122851 0.0385186 0.0116393 0.0197914 0.0329072 -0.0102669 -0.00150524 0.054153 -0.00476632 -0.00219071 0.00331331 -0.004078 -0.0149758 0.000442858 -0.000993914 -0.0050153 0.00553042 0.000592566 -0.00884964 0.00304197 -0.00295143 -0.00555335 -0.00199288 0.00467869 0.000190831
internal_weight=82204.7 9745.22 5088.63 4656.58 3716.92 329.803 101.83 514.852 330.43 206.196 939.665 329.367 17.42 311.947 3387.12 863.759 2523.36 610.299 227.972 4573.78 1294.69 344.64 3279.08 950.054 2345.75 184.422 933.336 124.234 133.474 72459.5
internal_count=520088 75964 39501 36463 28750 2269 600 2991 1746 841 7713 3357 113 3244 26481 5391 21090 4356 1669 36510 11407 3034 25103 8373 18491 1245 6612 905 980 444124
is_linear=0
shrinkage=0.035


Tree=112
num_leaves=31
num_cat=0
split_feature=6 11 7 7 11 7 2 2 2 7 7 7 2 7 2 9 7 7 7 2 2 2 2 2 7 13 2 7 6 11
split_gain=18.5835 16.5088 26.1763 67.7239 133.852 86.6061 54.7516 44.8614 62.1637 69.5788 56.5527 42.7731 42.2744 32.8648 30.6808 28.7668 21.3378 99.8509 46.6871 47.6482 40.6489 56.6062 37.4227 32.6747 23.7576 23.5859 19.1578 18.4224 11.1758 10.529
threshold=99.693408966064467 61.795349121093757 71.087303161621108 69.762519836425795 54.32984924316407 68.936416625976577 50.459417343139656 50.069299697875984 50.079681396484382 75.742977142333999 71.837898254394545 67.648265838623061 50.079999923706062 70.107513427734389 49.254114151000984 0.22004999965429309 67.648265838623061 67.683456420898452 65.665817260742202 49.463737487792976 49.856487274169929 49.977699279785163 49.666902542114265 50.078802108764656 65.186267852783217 1.0000000180025095e-35 50.081235885620124 70.107513427734389 27.532454490661625 76.063098907470717
decision_type=2 2 2 2 2 2 2 2 2 2 2 2 2 2 2 2 2 2 2 2 2 2 2 2 2 2 2 2 2 2
left_child=1 2 3 5 13 11 -7 10 9 -9 14 -1 -10 -5 -4 -12 18 29 19 25 22 -22 -19 28 -21 -3 -25 -6 -20 -18
right_child=-2 16 7 4 27 6 -8 8 12 -11 15 -13 -14 -15 -16 -17 17 20 23 24 21 -23 -24 26 -26 -27 -28 -29 -30 -31
leaf_value=-0.00016589811416447024 -0.021267652184607598 -0.024358752879196199 -0.0088411918357101521 0.0081489553947097382 0.0046020375200361641 -0.012564675770203877 0.00091846027657176913 0.0061414135649934835 -0.020380198673070095 0.04287935324221126 -0.012933619787666873 0.0067322039196061525 -0.00059619289612935383 0.021653354560573487 -0.026305660218894827 -0.0012805815251425467 -0.034756784529201258 0.0016304668239120067 0.0090654340653286581 0.0028032135825593256 -0.020012929005040845 -0.0011488595428105609 0.011930292217741084 -0.0091956533243203169 -0.0076756070272915337 0.0058876536090748111 0.0096888874722398932 -0.0031550070770320687 0.03001478900899544 -0.01324085717696921
leaf_weight=58207.860757902265 49.40071720443666 124.80378197133541 291.81541479378939 374.6183790192008 575.88429553061724 1118.0848206095397 548.88843183964491 512.5738892480731 154.79736761748791 71.441770784556866 309.55611341446638 1121.5756630972028 889.98956828191876 549.37929900735617 216.41026986762881 1597.6205743663013 103.24847219139338 4141.0016287602484 44.120088145136833 4688.7596488893032 205.17758864164352 3643.5089776553214 482.17773873358965 76.130604766309261 279.84150403738022 41.371577903628349 446.55438039451838 1071.0547790005803 124.67937731742859 41.637676537036896
leaf_count=373552 1746 370 2348 1930 3309 6962 4489 4836 1359 680 1812 6749 7341 2511 1177 11431 503 22494 244 21754 548 27958 2036 641 1213 186 2631 5565 743 210
internal_value=2.05837e-05 3.36928e-05 -0.000195675 -2.18426e-05 0.00554167 -0.000256523 -0.00812254 -0.00292571 0.00155948 0.0107 -0.00595267 -3.5288e-05 -0.00354747 0.0161976 -0.0163212 -0.0031803 0.00110786 7.91426e-07 0.00274373 0.00159154 0.000495608 -0.00216029 0.00270809 0.0112777 0.00221048 -0.0167945 0.00691508 -0.00043744 0.024649 -0.0287282
internal_weight=82104 82054.6 67611.6 63567.3 2570.94 60996.4 1666.97 4044.2 1628.8 584.016 2415.4 59329.4 1044.79 923.998 508.226 1907.18 14443 8616.75 5826.26 5134.78 8471.87 3848.69 4623.18 691.484 4968.6 166.175 522.685 1646.94 168.799 144.886
internal_count=519328 517582 436051 405067 13315 391752 11451 30984 14216 5516 16768 380301 8700 4441 3525 13243 81531 53749 27782 23523 53036 28506 24530 4259 22967 556 3272 8874 987 713
is_linear=0
shrinkage=0.035


Tree=113
num_leaves=31
num_cat=0
split_feature=0 5 7 7 7 7 9 1 11 2 7 5 2 4 9 9 5 5 7 4 9 7 4 7 7 1 7 11 5 2
split_gain=28.8597 29.1187 12.9641 21.6715 20.6941 17.6344 35.4438 14.7858 12.9452 39.7993 15.7603 15.583 14.3299 22.4093 12.601 11.6804 10.6586 16.6482 9.85707 19.7985 10.1681 11.5662 9.79286 99.6045 94.9101 9.57781 7.56218 8.85919 7.55091 14.7859
threshold=20.800000190734867 92.020458221435561 71.992401123046889 61.289329528808601 72.425422668457045 57.000656127929695 -0.51524999737739552 21.152943611145023 1.0000000180025095e-35 50.079809188842781 13.469102859497072 45.449871063232429 50.079999923706062 31.935537338256839 -0.72544997930526722 0.79334998130798351 45.501287460327156 45.661050796508796 21.560606956481937 33.490200042724616 -2.9296500682830806 37.797212600708015 41.425701141357429 21.560606956481937 22.281182289123539 8.7023792266845721 33.602645874023445 17.161250114440922 92.020458221435561 2.7374348640441899
decision_type=2 2 2 2 2 2 2 2 2 2 2 2 2 2 2 2 2 2 2 2 2 2 2 2 2 2 2 2 2 2
left_child=1 8 3 5 -4 15 -7 25 9 11 12 -1 -10 -14 -9 -3 -11 -18 19 -2 21 26 24 -24 -12 -5 27 -20 29 -22
right_child=18 2 4 7 -6 6 -8 14 10 16 22 -13 13 -15 -16 -17 17 -19 20 -21 28 -23 23 -25 -26 -27 -28 -29 -30 -31
leaf_value=-0.012401484658055404 -0.025873506766838458 -0.0046724563659624125 0.037287923350638477 -0.00558242519510109 0.00086412597022602754 0.046865341858160915 0.0017504745283100497 0.030901139170389644 -0.025709738987481037 -0.032489757381224019 -0.0072025064328655177 0.036193915287022795 -0.020000864492924562 0.017702536222716288 -0.013412347749151269 0.0055602975736444554 0.034672825244133711 0 0.031976310243161006 0.025197983433474052 -0.00022565529153310878 -0.0052536864781997199 0.016760146793333666 -0.0001791996364532967 0.0040483391514922491 0.015605099915924693 0.031857538980585076 0.0051117148206064741 0.0025022799809260175 0.015781353718319801
leaf_weight=8.6465855762362462 34.693645730614662 1446.1246139705181 20.300862640142441 84.882972963154316 207.89453833550215 23.617954805493355 172.61251278221607 7.1619825288653365 54.341687228530645 10.444440782070158 1187.3012573421001 61.902597419917583 40.040254414081573 35.764994937926531 494.77452971041203 149.62505734711885 17.347640067338943 265.94622258841991 19.426122568547726 11.764176927506922 128.25728258490562 34.245548367500305 427.01550690084696 70204.577587331645 4043.948412688449 36.755700647830963 32.784528911113739 63.944656766951084 2818.1725986227393 154.3450575247407
leaf_count=57 144 8815 80 579 1624 130 1210 34 504 39 8077 381 381 340 3011 853 79 1936 75 39 713 116 2108 454339 19447 243 92 260 13812 920
internal_value=5.11535e-05 -8.26815e-05 -0.00369336 -0.00444819 0.004254 -0.00248518 0.00738419 -0.0100677 4.22782e-05 0.00661711 1.05989e-05 0.0300676 -0.0121211 -0.00212188 -0.012718 -0.00370629 0.000894704 0.00223818 0.00325879 -0.0125853 0.00349039 0.0123711 3.16315e-05 -7.65021e-05 0.00149276 0.000822793 0.0176275 0.011699 0.0030543 0.00851184
internal_weight=82298.7 79001 2643.75 2415.56 228.195 1791.98 196.23 623.575 76357.3 364.287 75993 70.5492 130.147 75.8052 501.937 1595.75 293.738 283.294 3297.63 46.4578 3251.18 150.401 75862.8 70631.6 5231.25 121.639 116.155 83.3708 3100.77 282.602
internal_count=520438 504267 16579 14875 1704 11008 1340 3867 487688 2492 485196 438 1225 721 3045 9668 2054 2015 16171 183 15988 543 483971 456447 27524 822 427 335 15445 1633
is_linear=0
shrinkage=0.035


Tree=114
num_leaves=31
num_cat=0
split_feature=10 10 4 11 2 2 2 2 10 6 6 2 2 6 11 2 2 2 2 2 2 2 2 11 2 2 2 2 2 2
split_gain=13.7736 11.7912 35.2398 28.1703 88.4518 62.3359 42.3974 80.8008 35.1673 29.6297 28.9654 21.5434 141.28 69.1513 21.2516 73.52 87.8554 48.801 48.4058 94.1451 49.1317 20.8104 37.3194 15.6076 14.0557 57.2798 93.6621 82.3128 22.7644 64.2902
threshold=-12.683357715606688 3.2757411003112797 49.250772476196296 57.698949813842781 51.620014190673835 52.608695983886726 50.842672348022468 50.475614547729499 -1.9495523571968076 78.77896881103517 68.272686004638686 53.471158981323249 53.468648910522468 43.37287902832032 49.554449081420906 51.641031265258796 50.842672348022468 52.757917404174812 51.641031265258796 50.080711364746101 51.684534072875984 53.830442428588874 53.883504867553718 36.095550537109382 50.408788681030281 50.953025817871101 50.894683837890632 51.432224273681648 49.738378524780281 49.856487274169929
decision_type=2 2 2 2 2 2 2 2 2 2 2 2 2 2 2 2 2 2 2 2 2 2 2 2 2 2 2 2 2 2
left_child=-1 3 11 14 6 10 7 -5 -8 -7 -6 12 23 -14 15 16 -2 -17 19 -16 -20 -13 -23 -3 28 26 -26 -27 -4 -30
right_child=1 2 24 4 5 9 8 -9 -10 -11 -12 21 13 -15 18 17 -18 -19 20 -21 -22 22 -24 -25 25 27 -28 -29 29 -31
leaf_value=0.0049738556429539801 0.00042251133346421239 -0.0020181686109254104 -0.0013884866313914751 -0.00054283340569528753 0.0098108039810619503 -2.4126849773906443e-05 -0.019122467350897059 0.010592495125939646 -0.0035591929162496197 0.01603971620552851 0.022617247125406085 -0.0093724644558293036 0.014962659381434228 0.083957888479604129 0.00015470334851751087 -0.0040643233982682768 0.0073780691197042449 -0.0003018303302967691 0.016726049476421471 -0.0061339483358297357 0.00034996473073414656 0.019465737440508737 -0.0027477652698289839 0.004912129505558565 -0.0038957402427594666 0.0090659122928003003 -0.031457598934731636 -0.0012559465685010179 0.01977001114765254 0.0016754507547239951
leaf_weight=673.23218258470297 11495.484943193384 469.50977733358741 2483.0670931087807 8206.3497376265004 872.54170303046703 1163.4926305115223 223.06181322038174 883.39834876731038 877.57740678917617 159.06601457577199 290.23130002059042 269.19886052329093 33.202232837677002 39.375420778989792 5948.6179567361251 6333.2923373375088 2758.3381511764601 12684.257255594246 233.56921826582402 5715.8201970933005 5322.6487103076652 121.80279070138931 377.32318449486047 2554.5570444790646 1816.3901032973081 1155.8165273303166 164.11206965893507 5204.7846829211339 257.92906229197979 3450.4128916533664
leaf_count=4085 87305 2420 13245 52376 5026 6101 1219 5303 5040 891 2009 1652 64 80 43769 32704 14212 76300 869 40667 35462 368 3063 15000 8824 5625 498 28389 1557 26089
internal_value=-8.73024e-06 -4.99903e-05 0.00072965 -0.000277176 0.00119775 0.00711693 -0.000245639 0.000539434 -0.00673129 0.00191113 0.0130267 0.00369962 0.00500151 0.0529972 -0.000647598 -0.000130773 0.00176935 -0.00155532 -0.00164568 -0.00292648 0.00104194 -0.0015381 0.00268152 0.00383358 -5.99033e-05 -0.000998116 -0.00619494 0.000619494 0.0012029 0.00293987
internal_weight=82238.5 81565.2 18397.5 63167.7 12675.7 2485.33 10190.4 9089.75 1100.64 1322.56 1162.77 3864.97 3096.64 72.5777 50492 33271.4 14253.8 19017.5 17220.7 11664.4 5556.22 768.325 499.126 3024.07 14532.5 8341.1 1980.5 6360.6 6191.41 3708.34
internal_count=520212 516127 106874 409253 77965 14027 63938 57679 6259 6992 7035 22647 17564 144 331288 210521 101517 109004 120767 84436 36331 5083 3431 17420 84227 43336 9322 34014 40891 27646
is_linear=0
shrinkage=0.035


Tree=115
num_leaves=31
num_cat=0
split_feature=6 5 7 2 6 5 5 10 9 2 5 5 10 9 7 2 10 0 10 5 4 6 5 5 7 6 2 5 2 10
split_gain=13.7192 14.5372 12.9463 13.4097 12.4316 28.4005 52.0654 40.2177 61.8299 52.5231 31.4909 68.3388 66.5679 65.9876 45.2424 37.1228 33.077 17.8916 15.3527 13.8611 10.0555 9.26799 38.6833 16.5845 24.3719 11.9364 16.8236 36.5855 36.5684 9.15493
threshold=99.693408966064467 46.028558731079109 60.900808334350593 50.079809188842781 72.523471832275405 50.080711364746101 50.081499099731452 -2.468779325485229 -2.1202499866485591 50.081367492675788 46.057298660278327 46.205049514770515 0.07230719551444055 -4.3752000331878653 41.438684463500984 53.576904296875007 -0.6548396348953246 28.000000000000004 0.037306053563952453 92.948387145996108 52.693721771240241 0.43134848773479467 50.051733016967781 45.558958053588874 43.157150268554695 6.0266718864440927 49.666902542114265 46.181444168090827 50.069299697875984 0.31776341795921331
decision_type=2 2 2 2 2 2 2 2 2 2 2 2 2 2 2 2 2 2 2 2 2 2 2 2 2 2 2 2 2 2
left_child=4 -2 -3 20 21 10 7 9 -9 -7 13 12 -12 14 -6 -13 -15 18 -8 -19 -4 22 23 24 -1 26 27 -23 -28 -25
right_child=1 2 3 -5 5 6 17 8 -10 -11 11 15 -14 16 -16 -17 -18 19 -20 -21 -22 25 -24 29 -26 -27 28 -29 -30 -31
leaf_value=0.026152460172936567 -0.034613841111555424 -0.016928132100155324 0.060038905432554045 0.094231778902362465 0.031803826755123367 0.016337139060414698 -0.010225594845842527 0.086749224148525941 0.0055530250793668313 0.073097201285208621 -0.025522956767425942 -0.0032709594605577572 -0.0039339103594263816 -0.0031025731264050327 -0.0192209382194535 0.0063897702612128 0.00061795900697359733 0.021332237931237234 0.00063459031526532045 0.0016797857598227068 -0.028847760108357035 0.0045109478140431857 0.020405531879802166 -0.026744008969385478 -0.0093643543891832933 0.00015034583013236901 -0.0088951733689973476 0.033231525946870635 0.0021616946780515628 -0.0051173491119684894
leaf_weight=27.42204674333334 27.865267211571336 13.314871730282904 1.6010988485068072 2.4062027018517256 121.47432961314917 86.75717631727457 345.34687574952841 10.926529444754122 621.25301139056683 25.657694049179554 318.33196047693491 3282.6518529839814 390.06786588579416 4301.6560724489391 25.030730187892914 571.02326718717813 9151.4183443561196 48.475603513419628 293.36461230367422 421.69776119291782 3.6199717782437801 564.2985382527113 58.300583221018314 85.081025056540966 144.65915894508362 56731.476806849241 401.72041574120522 59.526587389409542 4069.1752029359341 35.08017198741436
leaf_count=163 1153 409 31 59 601 901 2538 94 6171 240 1380 30247 1145 28429 75 3623 61946 266 1956 1943 92 2843 468 370 879 346036 2498 162 23505 153
internal_value=8.41704e-06 -0.0183919 0.00335021 0.0378271 1.96076e-05 -0.000738951 0.00338619 0.0105407 0.00707534 0.0297789 -0.00116046 -0.00367664 -0.013663 -0.000315704 0.0229816 -0.00183662 -0.000571284 -0.00141573 -0.00523194 0.00375364 0.00160321 0.000263912 -0.00540352 -0.0106178 -0.00356924 0.000296228 0.00191902 0.00730178 0.00116523 -0.0205637
internal_weight=82240.7 48.8074 20.9421 7.62727 82191.9 20015.1 1853.48 744.594 632.18 112.415 18161.7 4562.07 708.4 13599.6 146.505 3853.68 13453.1 1108.88 638.711 470.173 5.22107 62176.7 350.543 292.242 172.081 61826.2 5094.72 623.825 4470.9 120.161
internal_count=520376 1744 591 182 518632 141555 14109 7406 6265 1141 127446 36395 2525 91051 676 33870 90375 6703 4494 2209 123 377077 2033 1565 1042 375044 29008 3005 26003 523
is_linear=0
shrinkage=0.035


Tree=116
num_leaves=31
num_cat=0
split_feature=6 10 7 2 2 7 9 5 5 7 5 2 6 10 9 7 7 7 2 5 9 7 7 10 7 11 2 6 6 2
split_gain=14.3356 13.7354 27.1971 21.9346 26.0112 18.4751 12.1983 11.3836 10.9388 14.4096 10.7704 10.4448 9.83301 26.7167 32.9231 62.4545 27.0298 46.3296 37.3746 18.5065 11.0919 120.129 88.8877 91.9027 56.3168 35.2998 20.6052 8.87591 6.92987 6.18509
threshold=99.693408966064467 -15.079775810241697 28.417278289794925 51.149106979370124 52.297090530395515 18.460414886474613 -7.7415499687194815 50.079809188842781 46.028558731079109 60.900808334350593 49.068109512329109 49.107086181640632 83.469596862792983 -3.1143594980239864 -1.5208500027656553 26.989735603332523 33.509216308593757 39.775512695312507 53.883504867553718 45.515445709228523 -0.84275001287460316 27.69983005523682 48.710355758666999 -2.2287216186523433 44.850858688354499 71.643299102783217 52.786775588989265 12.692308425903322 21.125327110290531 53.675346374511726
decision_type=2 2 2 2 2 2 2 2 2 2 2 2 2 2 2 2 2 2 2 2 2 2 2 2 2 2 2 2 2 2
left_child=1 2 5 11 -5 6 28 -8 -2 -10 -11 -4 20 16 19 -16 18 -18 -14 -15 22 25 24 -24 -3 -22 -23 -13 -1 -7
right_child=8 12 3 4 -6 29 7 -9 9 10 -12 27 13 14 15 -17 17 -19 -20 -21 21 26 23 -25 -26 -27 -28 -29 -30 -31
leaf_value=-0.0064932204265435271 -0.032888777125222368 0.00037806996299592956 -0.0038592366693813891 -0.032654082735102938 0.030030633805537613 -0.03044319299941365 0.032099205612791872 -0.013277862223111246 -0.022504253349123728 0.074886996778461543 -0.0014611763515257317 0 -0.014673024287006099 -0.0061578956481664407 0.025108977759220968 -0.0013098800821460506 0.009932752299370207 -0.00589635525409895 0.0045125256907773753 0.0074123932040568684 0.014954402486348509 -4.924981081716735e-05 0.015909855955674054 0.0022054458661799592 -0.0087950090233557474 -0.023546006060705792 -0.002063502251567905 0.030374905269388821 0.020128898208416086 -0.00082689137531277278
leaf_weight=14.568761453032492 27.788308870978653 16691.819882594049 14.558929488062857 20.016422644257545 12.442247524857519 30.893807463347912 6.9337928667664519 51.851391978561878 12.19559119641781 3.5255401059985152 4.3205550983548164 13.434233844280241 537.85500525683165 140.97515123710036 110.2828417122364 8194.6241487748921 313.20841608569026 811.07209734246135 160.65682192146778 917.70118524134159 752.80657804012299 42340.406227126718 895.18230403214693 1816.7000307440758 861.40224611759186 29.515809774398804 7293.8216268271208 104.29255338013172 52.414971493184566 12.615236945450304
leaf_count=111 1192 99023 74 54 56 127 36 469 393 18 162 78 4048 1034 779 62948 1646 5947 1352 6471 4163 265987 4187 9998 4981 125 43973 553 416 80
internal_value=1.2181e-05 2.35046e-05 0.007098 0.0171918 -0.00827057 -0.00271897 0.00405721 -0.00744899 -0.0189851 0.000479261 0.0357901 0.0235042 -5.343e-06 -0.000969577 -0.000213959 -0.00095583 -0.00484551 -0.00147644 -0.0102502 0.00559546 0.000147171 -0.000130686 0.000838761 0.00673516 -7.20689e-05 0.0134703 -0.000345417 0.0269504 0.0142271 -0.022184
internal_weight=82249.9 82202.1 334.022 164.744 32.4587 169.278 125.769 58.7852 47.83 20.0417 7.8461 132.286 81868 11186.4 9363.58 8304.91 1822.79 1124.28 698.512 1058.68 70681.7 50416.6 20265.1 2711.88 17553.2 782.322 49634.2 117.727 66.9837 43.509
internal_count=520481 518716 2054 815 110 1239 1032 505 1765 573 180 705 516662 84225 71232 63727 12993 7593 5400 7505 432437 314248 118189 14185 104004 4288 309960 631 527 207
is_linear=0
shrinkage=0.035


Tree=117
num_leaves=31
num_cat=0
split_feature=6 10 5 5 5 5 2 7 2 6 4 4 7 2 11 10 7 7 7 7 2 10 11 7 2 2 2 10 10 9
split_gain=16.537 12.88 34.5591 87.8578 59.0557 34.3212 31.7897 71.7591 49.5923 21.8825 20.4464 19.55 32.5837 28.2035 12.7335 34.3313 29.2552 35.3416 27.4578 50.0376 19.1237 18.1745 44.9024 22.6432 15.9783 14.2485 26.582 11.2294 10.369 11.0534
threshold=98.581562042236342 -6.9107091426849356 46.395015716552741 46.24426460266114 46.450481414794929 46.324718475341804 48.029621124267585 63.283521652221687 47.838615417480476 38.245452880859382 38.262470245361335 57.916738510131843 87.417869567871108 50.078802108764656 78.74444961547853 9.343633174896242 78.280700683593764 90.347183227539077 63.030187606811531 69.762519836425795 48.029621124267585 11.422029972076418 1.0000000180025095e-35 60.380186080932624 49.856487274169929 53.189384460449226 52.73198318481446 22.41047286987305 7.502749204635621 3.3246500492095952
decision_type=2 2 2 2 2 2 2 2 2 2 2 2 2 2 2 2 2 2 2 2 2 2 2 2 2 2 2 2 2 2
left_child=1 2 3 6 10 9 8 -8 -1 -5 -4 13 -13 -6 16 18 21 20 24 -20 -18 22 -3 -23 -16 26 -17 -19 -2 -30
right_child=28 14 4 5 11 -7 7 -9 -10 -11 -12 12 -14 -15 15 25 17 27 19 -21 -22 23 -24 -25 -26 -27 -28 -29 29 -31
leaf_value=0.0022787928553275865 -0.006618059035450403 0.025718144107052459 -0.037119593639714642 0.033132310234662891 0.0094933389174381329 0.014272558830660887 0.0010037048339685366 0.017099832438210519 -0.039743778049438502 0.080225362852488449 0.010170786058475611 -0.018956265259040813 0.029161954060591078 -0.0019237642734730356 -0.032163619553589554 -0.003336543730459632 -0.01436318991057926 0.055056970858449412 0.019761779025927986 0.0036156830480632046 -0.0035705190268749188 -0.00019218497634916057 -0.00024228880807873227 0.0096676171912906689 -0.0013094464078877634 -0.01436425946605792 0.025371249461535607 0 0.018849665267645647 -0.021369701486162192
leaf_weight=98.599429029971361 649.00172696262598 80.904037967324257 73.234682202339172 28.461607843637466 349.3881538361311 46.698182724416256 1635.2650304511189 427.72841425985098 51.742585010826588 24.414927192032337 12.582092963159083 127.64638179540634 19.082854568958282 1087.9252581521869 21.226101644337177 615.93774995207787 324.69195407629013 13.852624595165254 319.44883546978235 892.51965323835611 534.69303642958403 635.51512094587088 73049.735268242657 514.95019835978746 321.78321877866983 125.07328965514898 41.38960587233305 6.663603961467742 37.655471570789814 9.8395447172224504
leaf_count=681 7251 441 282 106 2076 446 7503 2065 173 116 36 767 140 7764 69 3545 2531 106 926 4924 4501 3062 464738 2823 1306 911 129 52 213 74
internal_value=-8.6654e-05 -4.06369e-05 0.00190015 0.00467062 -0.00193341 0.0367055 0.00321352 0.0043497 -0.0122714 0.0558788 -0.0300754 -0.000389967 -0.0125266 0.000850423 -0.000140486 0.00240288 -0.000219698 -0.00656143 0.0054126 0.00788745 -0.0076659 -0.000144413 -0.000213192 0.00421865 -0.00330952 -0.00356926 -0.00148963 0.0379255 -0.0054538 0.0101565
internal_weight=82177.7 81481.2 3982.77 2312.91 1669.86 99.5747 2213.34 2062.99 150.342 52.8765 85.8168 1584.04 146.729 1437.31 77498.4 2337.38 75161 879.901 1554.98 1211.97 859.385 74281.1 73130.6 1150.47 343.009 782.401 657.327 20.5162 696.497 47.495
internal_count=519757 512219 22155 11090 11065 668 10422 9568 854 222 318 10747 907 9840 490064 11810 478254 7190 7225 5850 7032 471064 465179 5885 1375 4585 3674 158 7538 287
is_linear=0
shrinkage=0.035


Tree=118
num_leaves=31
num_cat=0
split_feature=6 9 2 2 2 10 7 6 10 10 2 7 7 2 6 2 7 9 7 7 9 7 2 2 2 6 10 2 7 2
split_gain=11.6851 10.5091 23.3359 52.7564 42.9936 59.8907 117.12 29.0898 24.376 23.3027 31.2791 39.741 144.702 31.0991 45.0614 39.7843 29.7445 64.459 85.009 84.0939 61.5537 109.495 20.6909 29.6864 22.7569 19.8288 18.1678 32.8894 29.2198 17.1443
threshold=99.693408966064467 2.1182500123977666 49.95216369628907 50.051361083984382 49.666902542114265 2.5888655185699467 70.733211517333999 56.734876632690437 2.7836290597915654 8.8588023185729998 52.757917404174812 70.669719696044936 70.312168121337905 53.796842575073249 47.698209762573249 54.571245193481452 60.380186080932624 0.77705001831054699 57.632680892944343 57.292371749877937 0.029749999754130844 64.699142456054702 50.079681396484382 50.664962768554695 50.069204330444343 27.111251831054691 0.45440666377544409 49.977699279785163 64.699142456054702 49.565883636474616
decision_type=2 2 2 2 2 2 2 2 2 2 2 2 2 2 2 2 2 2 2 2 2 2 2 2 2 2 2 2 2 2
left_child=1 9 4 26 5 6 -3 -6 -9 16 11 12 -11 14 -12 -15 17 18 -1 -19 21 -18 24 -24 -5 -22 28 -28 -4 -7
right_child=-2 2 3 22 7 29 -8 8 -10 10 13 -13 -14 15 -16 -17 20 19 -20 -21 25 -23 23 -25 -26 -27 27 -29 -30 -31
leaf_value=-0.00061190370794043263 -0.017437902878072044 -0.010059332755461675 0.0025592767896438651 0.0028890339105801951 0.0045053891750986971 -0.0027600721556141272 0.010539006975239257 0.0019234169611138593 0.029220778834122652 0.0059074228150268011 0.0053215376068668913 -0.0055333967932630554 0.053602218686017736 0.020620353947393325 -0.020859693417347974 -0.009001039793311608 -0.0045438479659027885 0.0059380833645927477 0.0068678908523894392 -0.0059796062915109969 -0.00042677700931466708 0.0071899726976751479 0.0048822964089050335 -0.00068775211054693816 -0.0067835013391787033 -0.003021098783163533 -0.023164317767229443 0.0088506129172414415 -0.036532183176662299 -0.023451867574446283
leaf_weight=41148.365453612059 46.674602784216404 436.25621755421162 31.728179633617401 447.78604469448328 225.00279057025909 1437.5242615044117 1490.8625518977642 53.914654597640038 163.35445671528578 845.3035271987319 137.58417727798223 243.31884337961674 85.150251910090446 120.1103031784296 191.32471267133951 101.7119453176856 1622.2915931604803 4218.9217439331114 1948.6322385892272 874.6050169877708 5055.2538428381085 2434.6873218566179 1865.3594947531819 3146.7523844689131 882.90971745178103 12674.751116506755 79.103149741888046 76.345978416502476 84.328366070985794 50.130161494016647
leaf_count=263483 1773 1428 79 3921 928 7924 7914 266 578 3843 590 1839 143 777 827 783 10360 24387 13315 6047 31578 13923 9765 15483 7734 89533 176 363 259 228
internal_value=-7.81571e-05 -6.80419e-05 0.000967528 -0.000293275 0.00313106 0.00179732 0.00587014 0.0133913 0.022511 -0.000219383 0.00379867 0.00702776 0.010322 -0.00307099 -0.00990039 0.0070231 -0.000318545 0.000166516 -0.000273421 0.00388972 -0.00139174 0.00249619 0.000353228 0.00138431 -0.00352361 -0.00228184 -0.015379 -0.00743116 -0.0258409 -0.00347427
internal_weight=82220 82173.4 10471.4 6614.31 3857.05 3414.77 1927.12 442.272 217.269 71702 1724.5 1173.77 930.454 550.731 328.909 221.822 69977.5 48190.5 43097 5093.53 21787 4056.98 6342.81 5012.11 1330.7 17730 271.506 155.449 116.057 1487.65
internal_count=520247 518474 57046 37780 19266 17494 9342 1772 844 461428 8802 5825 3986 2977 1417 1560 452626 307232 276798 30434 145394 24283 36903 25248 11655 121111 877 539 338 8152
is_linear=0
shrinkage=0.035


Tree=119
num_leaves=31
num_cat=0
split_feature=6 9 10 7 7 2 10 7 6 7 7 7 10 5 11 2 7 2 6 11 7 2 6 5 9 7 5 4 2 6
split_gain=12.3265 12.0043 30.8481 25.8204 26.8509 25.0712 24.1638 49.1317 30.281 29.9724 28.4502 71.0915 18.8572 17.0049 16.2811 20.614 16.2584 16.1587 23.5269 21.1686 16.2472 15.1074 13.3387 13.2507 12.6414 11.3434 11.3284 10.3946 9.2581 7.40954
threshold=99.693408966064467 5.2697000503540048 10.569621562957765 59.565095901489265 54.481985092163093 50.408788681030281 16.556191444396976 41.438684463500984 42.989906311035163 47.849605560302741 80.857158660888686 90.347183227539077 5.0591044425964364 45.45686340332032 1.0000000180025095e-35 50.079809188842781 36.589582443237312 50.619283676147468 50.022300720214851 99.997001647949233 68.997974395751967 50.953025817871101 78.404720306396499 45.554418563842781 4.1519999504089364 83.923740386962905 46.028558731079109 58.129676818847663 50.434299468994148 18.735167503356937
decision_type=2 2 2 2 2 2 2 2 2 2 2 2 2 2 2 2 2 2 2 2 2 2 2 2 2 2 2 2 2 2
left_child=1 6 3 4 16 12 10 24 9 -9 14 25 -5 -7 15 -1 -3 19 23 20 -4 -10 -16 -19 -8 -12 -2 -28 -21 -6
right_child=26 2 17 5 29 13 7 8 21 -11 11 -13 -14 -15 22 -17 -18 18 -20 28 -22 -23 -24 -25 -26 -27 27 -29 -30 -31
leaf_value=0.023284671847458117 -0.032691339921121665 -0.020014645279591632 -0.014681874500283167 0.0022874725508271044 0.0011113668144352778 -0.0015059776023987226 -0.018957503369304417 0.058356080153688088 0.033122108029999354 -0.0049432625318447257 -0.008958215217438073 0.10626999376020371 0.01794389831727345 0.030715033790097677 0.00015316662181515207 0.0028119858737289459 0.015664615913025749 -0.010551973761546721 -0.023577630064021981 -0.0091240693832620925 0.019848115134620807 0.012427232740560757 -0.0010089688077026852 0.015235128187323805 0.026866905950106709 -0.025919928313829617 -0.0065568149445433778 0.071229184075065774 0.020204742680109911 -0.032768960077852717
leaf_weight=78.345267347991467 26.224852599203587 20.173503398895264 19.508525714278221 295.07126420736313 9.2977057173848134 24.031844839453697 76.294334404170513 9.2947055399417859 103.73168317228556 98.186505921185017 112.28280074894428 5.1415758654475203 138.76378627121449 107.58330447226763 65239.084349878132 258.08510694652796 60.092587977647781 54.167723678052425 94.395183689892292 138.14898474514484 91.848969593644142 78.538504384458065 14851.374198686332 43.05385747551918 7.33497130870819 88.373283870518208 18.532379519194368 1.5568983647972334 13.686570078134535 39.223854832351208
leaf_count=472 1181 76 77 1627 34 149 559 35 547 553 1051 37 644 322 397697 1720 218 408 602 1025 576 430 108307 150 22 808 557 26 36 163
internal_value=1.79747e-05 2.83232e-05 0.0035794 0.00822039 -0.00585886 0.0114432 -2.19962e-05 0.00885156 0.0156772 0.000856761 -6.32607e-05 -0.0130349 0.00733516 0.0248053 -2.98523e-05 0.00764419 0.00650188 -0.0034914 -0.0112068 0.00211618 0.0136749 0.0243364 -6.22516e-05 0.000827381 -0.0146389 -0.0165365 -0.0178791 0.00163343 -0.00634245 -0.0262222
internal_weight=82201.4 82155.1 1149.05 694.238 128.788 565.45 81006.1 373.381 289.751 107.481 80632.7 205.798 433.835 131.615 80426.9 336.43 80.2661 454.81 191.617 263.193 111.357 182.27 80090.5 97.2216 83.6293 200.656 46.3141 20.0893 151.836 48.5216
internal_count=520109 518345 6107 3233 491 2742 512238 2146 1565 588 510092 1896 2271 471 508196 2192 294 2874 1160 1714 653 977 506004 558 581 1859 1764 583 1061 197
is_linear=0
shrinkage=0.035


Tree=120
num_leaves=31
num_cat=0
split_feature=6 5 5 5 5 6 10 10 5 4 7 6 2 0 12 5 10 1 2 11 7 7 5 7 10 2 7 7 0 13
split_gain=12.3156 17.4966 15.5459 75.3673 32.6642 22.375 17.078 18.5622 15.6954 27.5497 14.6797 12.959 12.8832 12.6847 15.7267 15.4182 20.0157 18.747 15.3124 14.931 15.599 17.8783 12.6046 24.3711 12.5328 23.4877 27.5134 19.2255 12.289 12.3502
threshold=6.4205281734466562 44.901058197021491 46.157749176025398 46.205049514770515 46.369321823120124 0.43134848773479467 -4.6239392757415763 -0.96133562922477711 46.028558731079109 45.413442611694343 54.376531600952156 5.220790147781373 49.021945953369148 28.000000000000004 84.656642913818374 93.050586700439467 -4.838106393814086 89.148601531982436 99.632465362548842 64.801849365234389 60.380186080932624 54.053018569946296 45.558958053588874 43.157150268554695 -15.079775810241697 51.149106979370124 35.319665908813484 18.460414886474613 55.20000076293946 6.9047617912292489
decision_type=2 2 2 2 2 2 2 2 2 2 2 2 2 2 2 2 2 2 2 2 2 2 2 2 2 2 2 2 2 2
left_child=1 -1 5 6 11 22 -4 -8 10 -10 -7 -5 -6 15 19 24 17 -17 -16 28 21 -21 23 -3 25 26 -2 -27 29 -15
right_child=13 2 3 4 12 8 7 -9 9 -11 -12 -13 -14 14 18 16 -18 -19 -20 20 -22 -23 -24 -25 -26 27 -28 -29 -30 -31
leaf_value=0.031691334383884176 -0.00050186262008590358 0.0251107871342044 0.069662452781676459 -0.024375185877239733 0.024086527684593448 -0.00063524699221038786 0.0044066715818374957 0.048400149476307892 0.011387959292453618 -0.01560486656234354 0.0037256753994273869 0.010481755251978551 0.003564562146272252 0.0019540707613245291 -0.0090473805344625253 0.0012772243380939669 -0.0035312816583642609 0.021352183226424445 0.0057354929067554381 0.013753317633292661 0.01927363832021603 -0.026344359954912383 -0.019348913109494249 -0.0095722725194983416 -9.4002884594786987e-05 0.018896050007234388 0.024230419635433844 -0.018625445691924866 0.019717400809597024 0.039622205365456589
leaf_weight=22.763249143958092 99.993766957893968 29.146320380270481 18.186107218265533 70.23320996761322 37.966180026531219 1861.3358524739742 21.928383231163025 25.962731838226318 63.850050881505013 161.52374670654535 1915.947988897562 15.219467401504515 1300.1749837771058 1361.8444977328181 241.21075654029846 306.21516466885805 2862.4013723507524 69.511991955339909 131.75133273750544 32.432310223579407 142.04067122191191 22.227323964238167 97.875261373817921 143.01814746111631 70921.521922574379 21.932517826557159 120.37159197032452 61.91618824750185 50.581795081496239 9.9721296802163106
leaf_count=82 846 169 39 304 114 9685 55 66 237 411 10828 70 9706 6233 1130 1419 17801 357 582 109 566 75 436 876 456881 161 620 251 199 40
internal_value=2.0615e-05 0.00157761 0.00145306 0.00453126 0.00281847 0.000377561 0.0408524 0.0288035 0.00103772 -0.00791342 0.00157521 -0.0180462 0.00416609 -9.71209e-05 0.00265839 -0.000170958 -0.00253273 0.00504729 -0.00380541 0.0041528 0.0131821 -0.00257098 -0.0093559 -0.0035712 -6.34597e-05 0.00701571 0.0130149 -0.00864233 0.00289252 0.00225592
internal_weight=82241.1 5785.13 5762.37 1489.67 1423.59 4272.7 66.0772 47.8911 4002.66 225.374 3777.28 85.4527 1338.14 76455.9 1992.06 74463.9 3238.13 375.727 372.962 1619.1 196.7 54.6596 270.04 172.164 71225.7 304.214 220.365 83.8487 1422.4 1371.82
internal_count=520348 33078 32996 10354 10194 22642 160 121 21161 648 20513 374 9820 487270 8934 478336 19577 1776 1712 7222 750 184 1481 1045 458759 1878 1466 412 6472 6273
is_linear=0
shrinkage=0.035


Tree=121
num_leaves=31
num_cat=0
split_feature=6 5 10 7 7 2 2 9 4 9 2 2 6 5 7 7 10 7 10 2 6 2 7 9 6 7 4 2 2 9
split_gain=11.2725 11.1707 10.88 22.8163 23.1068 19.8182 23.7457 16.5693 13.2771 10.3508 23.0849 47.4766 35.386 18.8105 18.0987 44.9362 29.6794 18.0333 14.9897 10.354 9.90979 9.64385 9.27189 7.75674 7.67468 6.89041 8.96431 7.08664 6.68855 4.84111
threshold=99.693408966064467 46.028558731079109 -15.079775810241697 28.417278289794925 18.460414886474613 51.149106979370124 52.092905044555671 -7.7415499687194815 46.67218208312989 5.2697000503540048 50.664962768554695 50.434299468994148 28.732686042785648 45.549871444702156 90.347183227539077 83.923740386962905 16.556191444396976 76.442924499511733 11.422029972076418 51.176471710205085 33.093893051147468 51.752593994140632 13.469102859497072 1.2834500074386599 30.717752456665043 60.900808334350593 51.417343139648445 50.079809188842781 53.675346374511726 4.1519999504089364
decision_type=2 2 2 2 2 2 2 2 2 2 2 2 2 2 2 2 2 2 2 2 2 2 2 2 2 2 2 2 2 2
left_child=2 -2 3 4 7 8 -7 -1 24 14 11 17 -13 21 15 18 -16 -11 -4 -15 -17 -12 -9 -10 -5 -3 -27 -28 -6 -18
right_child=1 25 9 5 28 6 -8 22 23 10 13 12 -14 19 16 20 29 -19 -20 -21 -22 -23 -24 -25 -26 26 27 -29 -30 -31
leaf_value=0.016843822106101126 -0.032534587480727808 -0.013581145823905091 -0.00012241373996698052 0.013477650165555466 -0.032456422932927179 -0.03428151651461292 0.024738700387462582 -0.026626143676290764 -0.00694415712595011 -0.0037224581046312248 -0.025700648396833493 -0.010589902008549264 0.037108895952747349 -0.019131523829098759 0.092425623840986681 -0.0096434980537755607 0.019793467138621439 0.0077693772592096156 0.0036225906579605196 0.0064576666977881137 -0.033881353806079248 -0.0069620768580038366 0.001585233454652613 0.018740751366593787 0.039544728999338453 0.082500796959990602 -0.023982713992485697 0.046225572232985464 -0.0013306965941954369 -0.010977240193991733
leaf_weight=67.309071958065033 25.116057456471026 12.365814400836827 79163.484625294805 21.984669089317322 31.938180916011333 18.350364372134209 13.952418982982634 20.85740864276886 22.068856805562973 284.64251630008221 51.857138082385063 23.386601537466049 91.062962755560875 21.255539253354073 5.8258639127016094 35.657913945615292 15.861504174768926 401.73378343135118 1330.4135042279959 154.5360085517168 55.066089518368244 100.03654994815588 40.392275094985962 37.439571246504784 49.329534873366356 1.7047968618571747 3.8435628991574049 2.0230848882347345 12.142662510275839 9.071357846260069
leaf_count=524 1151 411 502167 93 141 49 62 187 146 1236 312 61 215 63 40 326 122 2789 6751 589 516 804 342 256 197 15 107 49 80 79
internal_value=-1.50237e-05 -0.0173639 -5.24652e-06 0.00627458 -0.00255953 0.0156335 -0.00859589 0.0049155 0.0216853 -3.11878e-05 0.00329625 0.00650015 0.0272955 -0.00450919 -7.78867e-05 -8.83504e-05 0.0264215 0.0029947 -6.03935e-05 0.0032513 -0.024599 -0.0135065 -0.00812823 0.00913361 0.0318445 0.00192766 0.0269704 0.00182003 -0.0242149 0.00833287
internal_weight=82124.7 45.0533 82079.7 335.765 172.64 163.125 32.3028 128.559 130.823 81743.9 1128.51 800.826 114.45 327.685 80615.4 80584.6 30.7587 686.376 80493.9 175.792 90.724 151.894 61.2497 59.5084 71.3142 19.9373 7.57144 5.86665 44.0808 24.9329
internal_count=519880 1733 518147 2077 1274 803 111 1053 692 516070 6069 4301 276 1768 510001 509760 241 4025 508918 652 842 1116 529 402 290 582 171 156 221 201
is_linear=0
shrinkage=0.035


Tree=122
num_leaves=31
num_cat=0
split_feature=6 5 10 4 7 4 10 9 4 10 7 5 5 5 5 5 9 4 4 7 5 10 5 7 7 7 7 7 5 4
split_gain=15.9604 18.6784 33.5344 55.2614 27.5933 22.1582 17.3418 31.0378 40.7757 31.8665 64.9893 31.6335 30.7477 80.0047 97.7977 92.3659 105.277 76.2357 45.208 30.5713 38.9237 37.8095 29.1135 28.8462 120.879 63.1104 42.8274 73.4202 71.7633 23.3732
threshold=52.76214790344239 44.901058197021491 -3.8525112867355342 49.507812500000007 62.469350814819343 58.599813461303718 1.0000000180025095e-35 -0.8835499882698058 52.693721771240241 5.6272141933441171 35.942852020263679 45.449871063232429 46.681980133056648 46.057298660278327 46.205049514770515 46.023597717285163 -4.3752000331878653 46.966392517089851 33.490200042724616 55.979778289794929 45.45686340332032 1.6308878064155581 50.078926086425788 43.682548522949226 44.850858688354499 44.196378707885749 38.938592910766609 38.85840034484864 45.452220916748054 39.790378570556648
decision_type=2 2 2 2 2 2 2 2 2 2 2 2 2 2 2 2 2 2 2 2 2 2 2 2 2 2 2 2 2 2
left_child=1 2 4 -4 -1 -5 12 23 9 11 -11 -9 13 15 -15 16 -2 -17 -16 21 -21 -10 29 26 25 -25 27 -8 -28 -14
right_child=6 -3 3 5 -6 -7 7 8 19 10 -12 -13 22 14 18 17 -18 -19 -20 20 -22 -23 -24 24 -26 -27 28 -29 -30 -31
leaf_value=0.011079990386947918 0.025369830299203661 0.00026476168297474774 -0.0021937788971858854 0.04528578529988362 -0.027762863423052522 -0.0047646278736299813 0.0027266224643820295 0.0026720630937207865 0.015701502583583063 0.023370360535331588 -0.00030330931018397706 -0.0041558887327551534 0.014212128025856771 -0.021925946753304636 -0.02847809848767904 0.00069021312184226323 -0.0026645044918095382 0.031820571716215516 -1.5339380494776291e-05 0.0030133276986484799 -0.0021760162995045399 0.0027242421100952584 -0.0013510363758395649 0.029449347660790316 0.0025958886480174151 0.096302878701530092 0.041612368169801579 0.061852550964728692 -0.015350789183418451 0.002632252304644664
leaf_weight=45.778387263417244 166.295654065907 45630.340878874063 78.229922235012054 74.526485502719879 42.218046918511391 12.198328375816343 1918.7402343126014 960.84399610199034 335.04918301664293 163.93557196110487 1027.5794024281204 6083.8699628748 244.34852916561067 548.5384704656899 74.759553082287312 206.43838659860194 9027.122105890885 180.77185381948948 722.56523629464209 3088.9365629190579 4146.373552470468 1534.4280170779675 3146.6807291265577 94.216486141085625 498.09216576069593 21.023119896650314 28.984317719936371 25.294319689273834 296.74760079942644 1686.7014694549143
leaf_count=190 750 273012 396 294 107 31 12916 10054 1941 684 5848 43096 1309 2285 332 727 59334 440 3906 22601 24256 7878 26345 331 3002 117 273 136 1536 15825
internal_value=-0.000115905 0.000317584 0.00978792 0.0190759 -0.00755904 0.0381867 -0.000665109 1.57555e-05 -0.000543016 -0.00232761 0.00296148 -0.00322342 -0.0015259 -0.00257179 -0.0105607 -0.00144801 -0.00215448 0.0152773 -0.00271873 0.00107063 3.85665e-05 0.0050595 0.000723369 0.00337825 0.01011 0.0422856 0.00155321 0.00352465 -0.0101711 0.00410643
internal_weight=82111.6 45883.3 252.951 164.955 87.9964 86.7248 36228.3 20224.1 17341 8236.23 1191.51 7044.71 16004.2 10926.5 1345.86 9580.63 9193.42 387.21 797.325 9104.79 7235.31 1869.48 5077.73 2883.1 613.332 115.24 2269.77 1944.03 325.732 1931.05
internal_count=519952 274030 1018 721 297 325 245922 134669 116358 59682 6532 53150 111253 67774 6523 61251 60084 1167 4238 56676 46857 9819 43479 18311 3450 448 14861 13052 1809 17134
is_linear=0
shrinkage=0.035


Tree=123
num_leaves=31
num_cat=0
split_feature=10 5 5 5 2 10 7 9 5 2 5 7 11 2 11 10 4 5 5 10 4 11 5 9 2 7 2 2 5 7
split_gain=12.2762 34.4554 109.775 73.6009 69.0014 71.5586 76.5851 50.2869 49.8887 76.784 41.3584 60.5229 40.0405 29.4112 27.0171 22.6921 22.4011 21.3009 219.564 108.802 169.197 133.225 92.7868 66.8714 60.2225 58.0348 47.1994 44.838 38.8419 62.6265
threshold=1.5553002357482912 46.023597717285163 46.036748886108406 46.016338348388679 50.894683837890632 2.8394057750701909 73.50925445556642 2.4813500642776494 45.558958053588874 49.539876937866218 46.117029190063484 24.034657478332523 37.954050064086921 51.641031265258796 35.788949966430671 3.1024001836776738 72.498649597167983 46.023597717285163 46.036748886108406 -2.2745329141616817 46.966392517089851 53.345649719238288 46.028558731079109 -4.3752000331878653 52.222757339477546 45.461721420288093 49.977699279785163 49.856487274169929 46.181444168090827 70.530574798583999
decision_type=2 2 2 2 2 2 2 2 2 2 2 2 2 2 2 2 2 2 2 2 2 2 2 2 2 2 2 2 2 2
left_child=17 3 4 8 5 7 -7 -3 14 -10 11 -4 -11 15 -2 -6 -16 23 19 20 22 27 -19 24 26 -23 -1 -21 29 -20
right_child=1 2 10 -5 13 6 -8 -9 9 12 -12 -13 -14 -15 16 -17 -18 18 28 21 -22 25 -24 -25 -26 -27 -28 -29 -30 -31
leaf_value=0.011611219766359935 -0.0092635084888170061 0.0014946818488502818 -0.027208966544570307 0.060419527522501598 -0.014436827827937006 -0.0010140305582980785 -0.023548358999013263 0.037289055551736956 -0.023031240289215812 0.0158686659154996 0.00010603689806423649 0.030202312134614839 0.0043891373981480601 -0.0071636832989634127 0.00085270197560899017 -0.034277130572794016 -0.0098678852730955408 -0.021458110003889919 -0.0044646403844020126 -0.025970880529225773 0.066266914917200423 -0.03760214241571249 0.030048610690862267 -0.0010501688683093747 0.022278924100350136 0.025961949372847012 -0.025337007598907727 0.0012852979900590596 9.0324864125750553e-05 -0.038278400294546919
leaf_weight=99.997997842729092 341.64706665277481 160.66812233626842 27.135114580392838 25.112932428717613 113.53088667988777 466.13983145356178 306.09562088176608 68.128436472266912 117.61330072581768 413.94485911075026 8983.9129893053323 114.86917081475258 3703.6466017374769 127.6149026453495 14710.815506031737 201.77617618441582 241.82055474817753 63.720667075365782 1028.8539805039763 93.598502993583679 116.88032725453377 17.644659489393234 126.56725867092609 31397.628962974064 284.92311140149832 393.95021245628595 72.152754306793213 338.90810833498836 17910.931393532082 71.104105353355408
leaf_count=278 1856 423 74 65 292 1164 907 147 415 2025 59064 316 18276 306 95411 558 1727 143 4914 227 228 40 244 193372 1378 895 213 825 133955 178
internal_value=3.2747e-05 0.000595066 -0.00101449 0.00146545 -0.00997885 -0.00487283 -0.00997028 0.0122764 0.00138681 0.00474824 0.00040388 0.0190918 0.00554774 -0.0214734 0.000455323 -0.0272101 0.000678337 -0.000292778 0.000597255 0.0154339 0.0332535 0.00891576 0.0127466 -0.000856338 0.0124217 0.0231524 -0.00387981 -0.0046341 -0.000301474 -0.00668304
internal_weight=82141.3 30124.5 10569.9 19554.6 1443.95 1001.03 772.235 228.797 19529.5 4235.2 9125.92 142.004 4117.59 442.922 15294.3 315.307 14952.6 52016.9 20162.2 1151.27 307.168 844.101 190.288 31854.7 457.074 411.595 172.151 432.507 19010.9 1099.96
internal_count=519916 183026 63251 119775 3797 2641 2071 570 119710 20716 59454 390 20301 1156 98994 850 97138 336890 141649 2602 615 1987 387 195241 1869 935 491 1052 139047 5092
is_linear=0
shrinkage=0.035


Tree=124
num_leaves=31
num_cat=0
split_feature=10 7 10 10 10 2 4 6 4 9 10 2 2 6 2 7 7 13 5 2 5 6 1 2 2 4 7 7 6 5
split_gain=10.0143 11.4984 14.3338 20.6163 25.8355 22.5393 21.9689 16.0399 15.2102 11.0392 29.1714 20.6712 32.3817 33.2639 21.0208 20.6407 59.9232 20.4355 23.9598 18.9643 14.8693 11.3552 10.2676 10.5766 15.708 8.80212 7.27967 34.1213 13.7534 3.44704
threshold=-12.683357715606688 18.460414886474613 22.41047286987305 3.509514689445496 12.557685852050783 50.079809188842781 27.500529289245609 77.61740875244142 30.041594505310062 4.7590000629425058 16.556191444396976 50.664962768554695 50.434299468994148 41.822921752929695 50.079809188842781 80.857158660888686 90.347183227539077 3.3908045291900639 46.117029190063484 50.71538162231446 45.442907333374031 29.924695014953617 32.909568786621101 48.029621124267585 49.204040527343757 33.490200042724616 37.579692840576179 27.393962860107425 71.357231140136733 96.167602539062514
decision_type=2 2 2 2 2 2 2 2 2 2 2 2 2 2 2 2 2 2 2 2 2 2 2 2 2 2 2 2 2 2
left_child=22 2 3 5 6 8 -5 -7 -2 10 15 12 14 -14 -11 21 -17 18 -12 -13 -21 -3 -1 29 25 -25 27 -26 -28 -24
right_child=1 9 -4 4 -6 7 -8 -9 -10 11 17 19 13 -15 -16 16 -18 -19 -20 20 -22 -23 23 24 26 -27 28 -29 -30 -31
leaf_value=0.034078845783931964 -0.0054041690698605075 0.00048894662176321966 -0.031080172815944801 0.042509514210547203 -0.0086497081054482186 0.00079875951033855225 -0.0052550009747212353 -0.018372530395208607 -0.034905415211146797 0.0046200394968733752 0.0029255891231851727 -0.03669947561687481 -0.0028727043576373887 0.031260936637713142 -0.013999231488682146 -0.016983975734575139 0.09007466075423691 -0.041621180802958173 0.022522091289190263 -0.015351783658115735 0.0012741685353231276 -0.00040676011639609148 -0.020039080476274937 0.035209832075089861 0.0046707564800279712 0.0089679444416591592 0.002683610061455548 -0.023504909561820504 0.023617666693301557 0.0068186683820970978
leaf_weight=13.053214736282824 37.65571703016758 25690.67020791024 24.191552527248859 35.47839680314064 45.241270616650581 267.83869309723377 16.877586871385574 65.795608455315232 51.953663507476449 854.52472817152739 167.21615920588374 19.271050572395325 51.249981954693794 106.14113509654999 80.421364929527044 155.4408619645983 5.8736058324575415 8.1438437849283201 141.89827312529087 80.31032433360815 348.11063596606255 53303.797154228203 28.711558043956757 28.437930941581726 296.22451726160944 37.412237465381622 156.87126612663269 63.18795233219862 50.680950902402401 6.4339010044932357
leaf_count=60 259 149587 247 246 412 1750 126 537 471 4937 894 107 135 253 430 1513 39 29 696 781 1393 351626 196 49 2069 93 888 393 340 25
internal_value=-4.0299e-05 -7.56958e-05 -0.00513869 -0.00387455 0.0105393 -0.00722841 0.027133 -0.00299596 -0.0227433 -4.14966e-05 -9.84694e-05 0.00289256 0.00548984 0.0201437 0.00300038 -0.000141061 -0.0126174 0.0104797 0.0119788 -0.00342752 -0.00184897 -0.000115367 0.00418366 0.00354892 0.00460127 0.0206923 0.00269352 -0.000304548 0.00790003 -0.0148853
internal_weight=82239.1 81558.1 545.032 520.841 97.5973 423.244 52.356 333.634 89.6094 81013.1 79473 1540.03 1092.34 157.391 934.946 79155.8 161.314 317.258 309.114 447.692 428.421 78994.5 681.014 667.96 632.815 65.8502 566.965 359.412 207.552 35.1455
internal_count=520581 516468 4048 3801 784 3017 372 2287 730 512420 504384 8036 5755 388 5367 502765 1552 1619 1590 2281 2174 501213 4113 4053 3832 142 3690 2462 1228 221
is_linear=0
shrinkage=0.035


Tree=125
num_leaves=31
num_cat=0
split_feature=10 10 11 2 2 2 2 6 2 6 11 10 6 2 2 6 11 6 10 13 9 6 2 2 2 2 2 6 9 6
split_gain=10.9235 14.3067 16.843 16.1871 30.1167 19.5238 18.1624 16.9192 15.4487 15.1172 14.2385 25.2479 16.7643 13.277 12.022 11.9955 11.8473 11.1741 23.6483 14.1222 11.1311 15.3017 10.0928 9.90279 22.082 11.9504 11.3009 11.217 9.69412 9.65843
threshold=22.41047286987305 14.079446315765383 90.86985015869142 50.619283676147468 49.856487274169929 51.048030853271491 48.508720397949226 45.742458343505866 50.091802597045906 51.585536956787116 1.0000000180025095e-35 -5.889366388320922 71.735794067382827 50.589962005615241 53.507390975952156 69.837554931640639 1.0000000180025095e-35 11.922789573669435 -1.8169996142387388 6.4583332538604745 4.7590000629425058 48.081212997436531 52.04185867309571 50.664962768554695 50.408788681030281 52.873287200927741 48.696319580078132 56.35083198547364 6.0667500495910653 2.8644508123397832
decision_type=2 2 2 2 2 2 2 2 2 2 2 2 2 2 2 2 2 2 2 2 2 2 2 2 2 2 2 2 2 2
left_child=1 2 10 4 6 -5 15 8 -6 29 11 14 -13 -9 -1 -3 -2 18 -12 -19 21 -18 -23 24 26 27 -4 -25 -11 -7
right_child=16 3 23 5 7 9 -8 13 -10 28 17 12 -14 -15 -16 -17 20 19 -20 -21 -22 22 -24 25 -26 -27 -28 -29 -30 -31
leaf_value=0.0083557369689025718 -0.034107899571181238 -0.0056099738872504119 0.015489066882897518 -0.030391309128278175 -0.0042062598667795773 0.040509971212379425 -0.027466670733422214 0.01894718664569589 0.024537454646251258 -0.0030494397845165461 0.0032281623996119452 0.014614182485106724 0.051673383701946143 0.059889582126016069 -0.0073851612688174226 0.030127835034509363 -0.012726321428803096 -0.00029781758170766362 -0.0002555264304525497 0.015555045020844536 -0.009746550954673399 0.03349138366464887 -0.0029428419489884484 -0.0016118078761630321 0.028809291129776343 0.011029904236302278 0.0013720661327149268 -0.030497805490753819 -0.030534210535113734 0.0063798389903377993
leaf_weight=125.10199100896716 17.922318607568741 39.416676685214043 97.231575682759285 24.079658478498459 78.846380993723869 10.131312519311903 34.806792333722115 180.52346453070641 31.249101981520653 145.75800155103207 3629.8122239485383 78.464243866503239 18.403004348278046 9.8921574354171735 111.61068664491177 15.243485696613787 27.442106895148754 69613.039295317605 6959.3468003720045 68.090045735239983 173.29860357195139 25.661694996058941 13.668970704078673 51.332379668951035 57.642856284976006 48.216517403721809 243.56909308582544 23.920130185782909 16.999105229973793 179.27583327144384
leaf_count=749 182 243 480 87 531 53 155 1030 90 740 19658 432 118 58 830 77 169 448772 40758 306 1430 144 98 231 133 189 1359 110 72 868
internal_value=-2.78915e-05 -5.11783e-06 -5.01848e-05 0.00475241 0.00974223 -0.000410681 -0.00797921 0.0150486 0.00400729 0.00168368 -9.0881e-05 0.00711615 0.022092 0.0213524 0.000904511 0.0045211 -0.00720728 -0.000120989 0.000938125 -0.000282048 -0.00506337 0.00695903 0.0208484 0.00621205 0.00889534 -0.00239231 0.00544703 -0.0111099 -0.00609818 0.00840495
internal_weight=82150 81892 81125.8 766.222 389.978 376.244 89.467 300.511 110.095 352.164 80603.9 333.58 96.8672 190.416 236.713 54.6602 257.994 80270.3 10589.2 69681.1 240.071 66.7728 39.3307 521.913 398.444 123.469 340.801 75.2525 162.757 189.407
internal_count=520152 518129 514125 4004 2184 1820 475 1709 621 1733 511623 2129 550 1088 1579 320 2023 509494 60416 449078 1841 411 242 2502 1972 530 1839 341 812 921
is_linear=0
shrinkage=0.035


Tree=126
num_leaves=31
num_cat=0
split_feature=5 5 0 0 13 13 13 13 0 7 13 0 2 7 12 7 13 13 4 4 13 13 11 7 7 7 7 7 11 2
split_gain=10.2351 21.7243 16.0048 13.5959 11.9716 21.7656 17.5581 17.4173 13.7418 12.941 12.8913 12.1433 11.1839 12.5482 16.5862 11.0826 10.899 9.91904 11.7367 15.9381 11.4783 10.5138 9.20844 127.986 112.018 65.7948 60.2007 39.1401 17.6685 8.90672
threshold=98.366512298583999 92.948387145996108 17.19999980926514 20.800000190734867 1.0152545571327212 1.1561079621315005 1.2270400524139407 2.9857397079467778 28.000000000000004 61.121740341186531 1.5628815889358523 26.400000572204593 1.3056819438934328 36.108549118041999 27.312322616577152 76.706653594970717 6.066176414489747 2.7402402162551884 52.357618331909187 47.23036193847657 1.0000000180025095e-35 1.0362972021102907 43.378349304199226 27.69983005523682 48.710355758666999 44.850858688354499 61.121740341186531 25.243726730346683 57.429449081420906 49.738378524780281
decision_type=2 2 2 2 2 2 2 2 2 2 2 2 2 2 2 2 2 2 2 2 2 2 2 2 2 2 2 2 2 2
left_child=1 2 22 17 8 9 -7 10 -2 -6 -8 -11 -10 14 -14 -4 -9 20 19 -19 -3 -22 24 27 25 -1 -26 -24 -25 -20
right_child=4 3 15 -5 5 6 7 16 12 11 -12 -13 13 -15 -16 -17 -18 18 29 -21 21 -23 23 28 26 -27 -28 -29 -30 -31
leaf_value=0.00019548378525799281 -0.0060491015133598775 -0.0037589997727139599 0.0065029165736431834 -0.0005388921913651386 0.0095282977714891207 -0.018191496427112513 0.00049787916249663833 -0.0072254529749880064 0.030930745835148658 0.0027268587789687957 0.014610421074948015 0.041375776933164167 -0.0057979391210514573 -0.00093676314154143587 0.038493115161667778 -0.022833736969396709 0.019161102603167258 0.0013922006679205998 0.011074251695619588 0.027123399972248361 -0.016982598741482047 -0.0064644623180154185 0.0056996678244641535 -0.00089373407533459303 0.012112937009690294 -0.010087460216307916 0.00061558744147105526 0.020272225995022819 0.00039715981194867665 -0.011455828874052783
leaf_weight=17423.388819616288 281.6218556240201 1013.3384743332863 596.39882139116526 1883.2425003126264 79.026132792234421 42.661854468286037 125.55375865846872 155.2265305146575 18.510550446808338 13.772724166512488 219.66032484173775 40.783516779541969 16.962886609137058 179.0876217931509 24.171419762074947 15.33631758391857 20.982659310102463 154.11757410317659 25.728757843375206 35.901064194738865 181.63712998479605 336.93078604340553 464.0679055377841 34044.345659244806 1491.5723075568676 796.27583996579051 893.18551569059491 443.77169651351869 20990.448721759953 109.31437237560749
leaf_count=107587 1807 6362 3235 9313 421 150 730 845 70 105 1041 182 71 747 84 87 88 931 150 202 1146 2155 2200 232761 8194 4712 4189 3036 126466 637
internal_value=1.37006e-05 -3.41751e-05 9.20264e-05 -0.00263899 0.0031972 0.00619242 0.00315694 0.00494222 -0.000808554 0.0188633 0.00951096 0.0319257 0.00534381 0.00305729 0.0202994 0.00572715 -0.00397145 -0.00476388 0.000768635 0.00638373 -0.0059422 -0.0101826 4.68418e-05 -0.000186034 0.00067944 -0.000253963 0.00781131 0.0128423 -0.000401257 -0.00707187
internal_weight=82117 80899 77158.8 3740.21 1218.02 697.668 564.085 521.423 520.354 133.582 345.214 54.5562 238.732 220.222 41.1343 611.735 176.209 1856.97 325.062 190.019 1531.91 518.568 76547.1 55942.6 20604.4 18219.7 2384.76 907.84 55034.8 135.043
internal_count=519704 513363 492467 20896 6341 3562 2854 2704 2779 708 1771 287 972 902 155 3322 933 11583 1920 1133 9663 3301 489145 364463 124682 112299 12383 5236 359227 787
is_linear=0
shrinkage=0.035


Tree=127
num_leaves=31
num_cat=0
split_feature=11 7 7 10 7 7 10 10 5 5 5 6 7 10 6 2 7 6 7 10 5 6 6 2 10 7 7 7 7 5
split_gain=10.7895 111.591 108.966 79.7487 79.694 81.8692 235.82 77.9412 72.5995 145.945 108.334 54.1922 50.4861 39.2411 42.1797 54.4674 64.5597 35.238 49.737 46.8385 34.5016 33.5137 31.8107 27.0802 26.4561 26.1448 48.7797 48.1559 65.4657 120.16
threshold=46.012449264526374 27.69983005523682 48.710355758666999 -2.3692722320556636 44.850858688354499 43.856449127197273 1.5202921032905581 -2.0847250223159786 45.711332321166999 46.117029190063484 45.656616210937507 42.208784103393562 71.03153228759767 4.6909906864166269 48.467041015625007 53.507390975952156 25.243726730346683 67.45145416259767 54.053018569946296 1.7074679136276247 46.484361648559577 45.742458343505866 47.698209762573249 51.636827468872077 1.5929551720619204 34.582567214965827 33.880672454833991 37.080343246459968 39.356723785400398 45.498958587646491
decision_type=2 2 2 2 2 2 2 2 2 2 2 2 2 2 2 2 2 2 2 2 2 2 2 2 2 2 2 2 2 2
left_child=2 13 4 8 5 -1 7 -7 10 22 12 -6 -4 14 -2 -16 -17 -5 23 -20 -11 -8 -10 -19 -13 26 -3 -27 29 -29
right_child=1 25 3 17 11 6 21 -9 9 20 -12 24 -14 -15 15 16 -18 18 19 -21 -22 -23 -24 -25 -26 27 -28 28 -30 -31
leaf_value=-0.00021092544033441413 0.0090298674005629166 0.00019658511619159979 0.01332989458124227 0.00075270698809052434 -0.0013124813383679993 -0.012701264219752297 0.031433539438937931 0.018380939694652848 0.038247922237561842 -0.024300897267592502 -0.029816498938033138 -0.018796589690877625 -0.026066602848278039 -0.0075994960256282043 0.0075673940345775759 0.019580771783563173 0.065864521609835899 0.037812984740151011 0.013170007195631106 -0.010716519944275407 0.013471637799034876 0.072961789788769008 0.071200522006988246 0.011310610140852368 -0.0010253889964826001 -0.0058427710732226103 0.011253464222518992 0.028866811166263755 -0.00067104009153512206 0.0025213964584895852
leaf_weight=21908.689977610484 342.75638011097908 1974.4562541237101 695.19471842050552 2514.8633915185928 629.90317620337009 218.31774819642305 39.226691015064716 179.16499270126224 107.22737807035446 32.471727222204208 88.074909031391144 560.59840488620102 41.425314344465733 90.370159529149532 98.216715544462204 81.127850882709026 69.437249198555946 97.064324162900448 242.1195844784379 170.60853217542171 265.77684282511473 72.330576375126839 58.732760682702065 95.046879455447197 126.72264653071761 2091.7803458618 649.38633102923632 245.30262387637049 46774.951984619722 1541.7697087293491
leaf_count=137027 1791 12735 3626 14367 3630 1038 150 1017 252 75 293 3657 237 408 773 326 368 740 1533 948 1706 262 142 646 871 11063 3983 1293 305331 10072
internal_value=2.70763e-06 -0.00028697 0.000558347 0.00561113 -0.000380035 0.000111404 0.0139765 0.00130022 0.0129334 0.0240002 0.00667833 -0.00874409 0.011079 0.0137732 0.017056 0.0280215 0.0412073 0.00258117 0.0101611 0.00327753 0.00928175 0.0587494 0.0502373 0.0248385 -0.0155353 -0.000467264 0.00293836 -0.000643855 -0.000419679 0.00615292
internal_weight=82103.1 53959.6 28143.6 4408.61 23735 22417.7 509.04 397.483 1288.9 464.209 824.695 1317.22 736.62 681.908 591.538 248.782 150.565 3119.7 604.839 412.728 298.249 111.557 165.96 192.111 687.321 53277.6 2623.84 50653.8 48562 1787.07
internal_count=520360 348143 172217 24565 147652 139494 2467 2055 6331 2175 4156 8158 3863 3666 3258 1467 694 18234 3867 2481 1781 412 394 1386 4528 344477 16718 327759 316696 11365
is_linear=0
shrinkage=0.035


Tree=128
num_leaves=31
num_cat=0
split_feature=6 5 5 4 10 2 10 2 2 7 2 2 2 6 5 2 11 4 6 9 7 7 7 7 6 7 10 7 11 10
split_gain=13.012 31.4456 16.299 15.8991 20.07 15.3231 11.2539 33.9622 49.4082 63.9916 31.8433 27.1958 66.1535 36.5971 24.7756 24.1373 23.614 21.2749 13.031 12.8921 33.1897 31.8407 35.2237 19.9368 34.2479 27.552 19.7399 43.9707 27.5469 19.0772
threshold=0.43134848773479467 47.867774963378913 45.558958053588874 53.041168212890632 4.2651145458221444 52.297090530395515 -6.9107091426849356 53.948734283447273 54.216073989868171 24.84964752197266 53.507390975952156 49.107086181640632 50.078802108764656 78.006248474121108 47.163959503173835 53.883504867553718 19.779600143432621 57.497629165649421 57.146558761596687 4.7590000629425058 87.417869567871108 63.42186355590821 66.137874603271499 76.442924499511733 50.815494537353523 90.347183227539077 11.422029972076418 70.530574798583999 1.0000000180025095e-35 -5.3034546375274649
decision_type=2 2 2 2 2 2 2 2 2 2 2 2 2 2 2 2 2 2 2 2 2 2 2 2 2 2 2 2 2 2
left_child=1 2 3 4 -1 -5 7 10 9 -9 11 13 -13 -2 -11 16 -12 18 -10 23 21 -21 -23 26 29 -26 28 -28 -8 -25
right_child=6 -3 -4 5 -6 -7 19 8 17 14 15 12 -14 -15 -16 -17 -18 -19 -20 20 -22 22 -24 24 25 -27 27 -29 -30 -31
leaf_value=-0.0019005800427469703 -0.0013663335210694764 0.015730370938169338 -0.021651589860291722 -0.02357856714297837 0.043392115253160404 0.023992521868145406 0.019887728412513461 -0.017722255030179379 -0.00057500292518989802 0.055890879225250746 -0.021778717471400314 0.016437966779255794 0.0012244435025129258 -0.027914605979499959 0.0094674577997307195 0.0048573356823534237 -0.0036606859365984992 -0.024446682293087593 0.020763814043443175 -0.0035821770336283356 -0.010504649964361202 0.026910491745150845 0.0059885776382649454 0.019486706801526539 -0.010184595670338008 0.043731693796425435 0.00066688046583301551 0.016660422618343641 -0.00021176631082079814 -0.00075231788340353854
leaf_weight=88.727228350937366 470.01201391965151 61.618757724761963 117.53398671746254 61.802820563316345 13.008290894329546 8.7600139379501325 82.818017520010471 24.289402171969414 92.409232310950756 66.52580814063549 167.15154137089849 414.57604296412319 2238.9497621804476 72.913330313749611 18.756569117307663 140.38603475876153 188.5505101531744 30.218186765909195 55.05390443559736 371.16228019446135 191.17965518683195 111.68064533919096 823.82794214226305 60.166260793805122 765.20030096266419 10.967544399201868 915.49295972287655 273.11145281046629 73308.446978036314 883.431845523417
leaf_count=574 1969 487 510 344 70 56 448 255 657 338 602 2238 13350 393 64 1197 680 142 459 1427 1697 292 4293 308 5742 81 4173 1570 469506 5988
internal_value=-7.50419e-05 -0.00678762 -0.0116292 -0.00468346 0.00411582 -0.017372 -4.60418e-05 0.00176897 0.0133457 0.0317419 0.000863794 0.00214635 0.00360822 -0.00498039 0.0459449 -0.00737618 -0.0122241 0.00187052 0.00741347 -0.000138997 0.00307553 0.00507302 0.00851456 -0.000202226 -0.00392718 -0.00936949 -0.000116195 0.00435641 -0.000188773 0.000546177
internal_weight=82128.7 351.451 289.832 172.298 101.736 70.5628 81777.3 3979.79 287.253 109.572 3692.54 3196.45 2653.53 542.925 85.2824 496.088 355.702 177.681 147.463 77797.5 1497.85 1306.67 935.509 76299.6 1719.77 776.168 74579.9 1188.6 73391.3 943.598
internal_count=519910 2041 1554 1044 644 400 517869 22344 1915 657 20429 17950 15588 2362 402 2479 1282 1258 1116 495525 7709 6012 4585 487816 12119 5823 475697 5743 469954 6296
is_linear=0
shrinkage=0.035


Tree=129
num_leaves=31
num_cat=0
split_feature=0 5 6 5 10 5 10 10 7 7 5 10 9 7 0 5 5 7 7 9 7 10 10 9 9 12 9 7 7 0
split_gain=13.9676 15.9551 13.216 26.2023 81.2649 80.7198 75.2294 23.7713 47.4813 36.1469 12.6628 37.7849 39.6808 17.5125 12.2959 11.6178 15.3495 10.9197 14.5515 39.9285 11.1706 18.308 14.2256 10.4249 8.99911 8.78967 15.9354 18.0488 14.9692 11.9245
threshold=28.000000000000004 50.399023056030281 47.698209762573249 50.080711364746101 -2.6731227636337276 50.081367492675788 3.447013378143311 -3.3031060695648189 64.03334236145021 37.579692840576179 44.901058197021491 -3.6329846382141109 -0.14995000511407849 62.469350814819343 20.800000190734867 50.081499099731452 50.081367492675788 61.121740341186531 57.000656127929695 -0.82144999504089344 71.901817321777358 -4.838106393814086 -0.61513367295265187 0.79334998130798351 1.5200499892234804 81.269554138183608 2.1182500123977666 65.378646850585952 76.706653594970717 55.20000076293946
decision_type=2 2 2 2 2 2 2 2 2 2 2 2 2 2 2 2 2 2 2 2 2 2 2 2 2 2 2 2 2 2
left_child=1 2 10 7 5 -5 -6 8 -4 -9 11 13 -13 -1 17 16 -12 18 23 -20 22 -22 -19 -3 -17 26 29 -28 -29 -2
right_child=25 14 3 4 6 -7 -8 9 -10 -11 15 12 -14 -15 -16 24 -18 20 19 -21 21 -23 -24 -25 -26 -27 27 28 -30 -31
leaf_value=0.005723119766913495 0.002116237537967235 -0.0037016927913054087 -0.0043599921002737616 0.012831796182828516 -0.0031441138727826131 0.065951819835867176 0.01774095549392796 0.0018672734769883195 0.0032118273709551416 -0.00099848108811814718 0.00036147590999817072 -0.0031296749580388508 0.035218770368236813 -0.02683507037374299 0.00069283596504319644 0.0080162415934977686 -0.012603219212542894 -0.014869371628993034 0.053283195086419044 0.0016812534602177586 0.022665554711008163 -0.0039278035227739115 -0.0047920555299862709 0.0058093338986821945 0.044285532017339924 -0.0018014430034108361 0.001391930098677874 0.028156632228265671 -0.015847842327710925 0.020468407174829461
leaf_weight=40.352676391601562 1348.6061292886734 1731.4573368020356 4697.7172863837332 172.23268677666783 1133.0671745277941 43.579240553081036 258.82541366107762 7107.6428190730512 1292.1811805469915 22316.274704402313 38374.465202949941 54.220900371670723 82.157185964286327 38.80400425195694 1253.2293206378818 127.49508430808783 111.36835277825594 279.21708326041698 19.680638037621975 182.24693556129932 35.957051813602448 230.00129617750645 454.46474125236273 152.45323538780212 8.3706685900688154 399.84719400852919 81.509767785668373 90.03371300548315 9.8461182340979558 44.150257967412472
leaf_count=170 6144 10831 29713 1723 11342 402 2187 47253 8222 152191 228796 293 300 96 6961 1177 1010 1553 91 1300 206 1832 2984 877 70 1865 254 376 39 173
internal_value=-9.00412e-05 -0.000161728 -4.35595e-05 -0.000516803 0.00385153 0.0237947 0.000742443 -0.000715395 -0.00272517 -0.000305959 0.00040738 0.00885294 0.0199919 -0.0102587 -0.0022258 0.000359884 0.000323516 -0.00341341 -0.00196582 0.00693552 -0.00642293 -0.000249001 -0.00864873 -0.00292617 0.0105482 0.00281771 0.00399579 0.0137408 0.0236577 0.00271444
internal_weight=82171.5 80197.5 75858.8 37021.5 1607.7 215.812 1391.89 35413.8 5989.9 29423.9 38837.2 215.535 136.378 79.1567 4338.71 38621.7 38485.8 3085.48 2085.84 201.928 999.64 265.958 733.682 1883.91 135.866 1973.99 1574.15 181.39 99.8798 1392.76
internal_count=520431 511580 484945 253033 15654 2125 13529 237379 37935 199444 231912 859 593 266 26635 231053 229806 19674 13099 1391 6575 2038 4537 11708 1247 8851 6986 669 415 6317
is_linear=0
shrinkage=0.035


Tree=130
num_leaves=31
num_cat=0
split_feature=6 11 7 10 7 6 7 7 7 7 7 7 1 11 5 5 7 10 7 7 5 5 5 2 6 5 7 4 2 5
split_gain=12.7935 12.9844 26.7067 33.3713 25.1105 26.4802 21.6408 23.5133 18.7809 18.7593 18.1663 15.499 16.6562 14.7729 23.603 65.6112 48.065 18.5873 35.0973 13.3963 12.5581 70.6435 29.2673 26.6111 19.1809 20.0862 19.798 17.8692 15.8583 15.2449
threshold=6.4205281734466562 85.897052764892592 59.565095901489265 16.556191444396976 75.94882965087892 50.815494537353523 54.376531600952156 36.589582443237312 90.347183227539077 39.775512695312507 83.923740386962905 79.546710968017592 72.377178192138686 61.795349121093757 45.45686340332032 45.449871063232429 57.632680892944343 7.502749204635621 66.615390777587905 61.993902206420906 46.181444168090827 46.205049514770515 46.369321823120124 49.021945953369148 0.43134848773479467 45.558958053588874 42.775737762451179 53.411922454833991 50.069299697875984 43.508358001708991
decision_type=2 2 2 2 2 2 2 2 2 2 2 2 2 2 2 2 2 2 2 2 2 2 2 2 2 2 2 2 2 2
left_child=20 4 6 -4 13 11 7 -3 10 -9 -7 12 -6 17 15 -15 -16 19 -19 -2 24 27 -23 -24 25 26 -1 -22 -25 -26
right_child=1 2 3 -5 5 8 -8 9 -10 -11 -12 -13 -14 14 16 -17 -18 18 -20 -21 21 22 23 28 29 -27 -28 -29 -30 -31
leaf_value=0.023546778791439169 -6.7994376653693383e-05 -0.017828936526173612 0.0094013588051279125 -0.0067319375657963467 0.0016048620193215499 -0.0077462706295704613 -0.023815681394143778 0.045509165513921146 0.033810989625579241 0.0035163397998261917 -0.034041073460079577 -0.0066736235581042721 0.02926522094437076 -0.0019820514376743242 0.0046637526680769082 0.0072690845296656172 -0.0018747302280601372 0.0004944968880369082 0.011067076336872188 -0.001269970499790435 0.059747899530989024 -0.017207475658153934 0.034728454180459861 -0.0077456475533845565 0.031948518634688963 -0.021322616387700413 -0.0068587932805403489 0.016647306785486257 0.004692497863021121 0.0011032744244185513
leaf_weight=31.274159118533134 45000.223678662442 57.147514097392559 761.63605305925012 196.6677865460515 705.83400734513998 939.69091922137886 67.224860727787018 14.809484273195265 12.084540799260138 83.04709829390049 32.807323925197124 308.89805871248245 26.974746406078339 1628.405890786089 1899.3266752362251 2213.9112462159246 5003.7240088079125 1683.2923367246985 498.40006916224957 15199.564253314398 32.570361971855164 82.560336105525494 33.25049913674593 139.6246470734477 18.944373577833176 94.384996883571148 142.70889183878899 20.292041689157486 1164.550611898303 4029.1008193641901
leaf_count=179 294088 198 3800 1627 4559 7206 275 51 90 293 324 2438 183 13844 7971 10918 25865 8456 2656 102183 68 362 100 1149 46 433 877 41 8564 21217
internal_value=2.10167e-05 -9.92086e-05 0.00354143 0.00608025 -0.000156527 -0.00399914 -0.00735775 -8.94268e-05 -0.00811227 0.0102599 -0.00866777 -0.000101605 0.00266339 -4.99131e-05 0.00114853 0.00334696 -7.4366e-05 -0.000256473 0.00291614 -0.000371605 0.00160724 0.00439777 0.00290109 0.00415718 0.000652792 -0.00839122 -0.00127046 0.0438284 0.00335158 0.00125564
internal_weight=82122.9 76333.7 1180.53 958.304 75153.1 2026.29 222.229 155.004 984.583 97.8566 972.498 1041.71 732.809 73126.8 10745.4 3842.32 6903.05 62381.5 2181.69 60199.8 5789.26 1472.85 1419.99 1337.43 4316.41 268.368 173.983 52.8624 1304.18 4048.05
internal_count=520061 487025 6244 5427 480781 14800 817 542 7620 344 7530 7180 4742 465981 58598 24762 33836 407383 11112 396271 33036 10284 10175 9813 22752 1489 1056 109 9713 21263
is_linear=0
shrinkage=0.035


Tree=131
num_leaves=31
num_cat=0
split_feature=6 2 7 11 10 2 10 7 2 10 10 7 9 9 2 9 7 7 9 10 2 7 2 7 9 9 2 10 11 7
split_gain=10.3447 23.8856 45.4227 130.433 57.181 111.973 51.8675 48.4954 45.1289 121.598 85.5969 77.8087 139.358 68.0086 53.1667 54.9854 67.5186 44.5034 56.312 60.9293 41.5066 39.6476 39.3292 39.1461 49.071 38.293 35.3778 52.1236 34.9138 26.1244
threshold=55.945737838745124 50.078802108764656 54.053018569946296 53.238550186157234 1.263342618942261 51.620014190673835 3.8988591432571416 49.986120223999031 49.82098579406739 -5.4341070652008048 8.0838499069213885 64.699142456054702 0.64745000004768383 1.4951500296592715 48.996879577636726 -1.7202499508857725 61.535604476928718 58.701616287231452 0.10485000163316728 -1.8638429045677183 52.786775588989265 58.399545669555671 50.079301834106452 75.742977142333999 4.4084999561309823 1.572149991989136 51.255708694458015 5.1680891513824472 45.14234924316407 64.699142456054702
decision_type=2 2 2 2 2 2 2 2 2 2 2 2 2 2 2 2 2 2 2 2 2 2 2 2 2 2 2 2 2 2
left_child=-1 8 3 6 5 -5 20 -6 14 11 -11 21 -13 -12 23 -16 -17 26 19 -19 -3 -10 -8 29 -25 -20 28 -28 -4 -2
right_child=1 2 17 4 7 -7 22 -9 9 10 13 12 -14 -15 15 16 -18 18 25 -21 -22 -23 -24 24 -26 -27 27 -29 -30 -31
leaf_value=0.00027136784139267792 -0.00093367930392804308 -0.004166853833704764 0.0056397123506137306 -0.0064572805319419767 0.00032475353686354743 0.023222318593252578 -0.020845965525468642 0.015200104016624394 0.025728551431673501 0.001181863290361585 0.05205940351069744 0.11019857117048558 0.0052622901617478141 0.0089988791093259021 0.021424713160947597 -0.027328081414611256 -0.0047291578288173155 0.021388773420390514 -0.0052357735921172727 0.0011072791342297613 6.6489001478387908e-05 -0.023591063993929809 0.0067376653933009173 -0.013397480031710152 0.0089226339390879941 0.00026857185786710694 0.00024004585936494721 -0.017262453003381893 -0.014731262665085395 0.0054934826571904436
leaf_weight=48562.088116101921 1267.9939208030701 5678.2567429197952 116.09708222746849 211.25201199576259 1168.9331425987184 584.8966704197228 65.865509685128927 348.13422653917223 90.787765128538013 2992.5203769998625 71.662694454193115 34.250273123383522 28.210450917482376 120.71528512984514 86.646292664110661 179.29056506231427 1633.8181349625811 241.78239761665463 3592.1927110720426 723.77709572110325 5663.1978984484449 24.713445737957954 1234.836594928056 411.54354952927679 169.54162111692131 2716.3813365800306 995.73806127440184 262.55988009832799 861.46707341168076 1983.1608327878639
leaf_count=290611 7129 40600 523 1599 5992 3260 587 2267 900 26497 243 154 215 895 226 569 9850 1741 29080 5399 37517 114 7566 2741 1022 17559 7914 1268 4398 11729
internal_value=-5.50937e-05 -0.000527692 -0.00109713 0.000105044 0.00774526 0.0153397 -0.00129278 0.00374915 0.00100329 0.00422196 0.0026423 0.0323149 0.0635805 0.0252247 -0.000884149 -0.00567118 -0.00697879 -0.00298824 -0.00165919 0.00620664 -0.00205252 0.0150259 0.00532354 0.00148778 -0.00686986 -0.00286484 -0.00730689 -0.00341516 -0.0123022 0.00298504
internal_weight=82122.3 33560.2 24465.4 14955.4 2313.22 796.149 12642.2 1517.07 9094.86 3362.86 3184.9 177.962 62.4607 192.378 5731.99 1899.75 1813.11 9510 7274.13 965.559 11341.5 115.501 1300.7 3832.24 581.085 6308.57 2235.86 1258.3 977.564 3251.15
internal_count=520165 229554 167270 99388 13118 4859 86270 8259 62284 29018 27635 1383 369 1138 33266 10645 10419 67882 53779 7140 78117 1014 8153 22621 3763 46639 14103 9182 4921 18858
is_linear=0
shrinkage=0.035


Tree=132
num_leaves=31
num_cat=0
split_feature=6 0 5 6 10 1 10 2 7 10 4 5 5 6 13 7 9 10 10 2 7 7 6 5 7 5 7 11 10 5
split_gain=14.015 12.9006 20.9993 13.7407 17.499 20.3569 11.5869 11.0235 16.8231 34.9601 16.4267 13.6205 12.8338 12.7035 13.4249 12.3576 16.569 10.7188 10.4458 12.3519 21.5571 17.441 10.8049 24.1393 17.5602 9.29614 8.90715 12.0979 8.88985 8.77378
threshold=99.358459472656264 20.800000190734867 91.718109130859389 23.08715915679932 -5.889366388320922 89.148601531982436 7.775179624557496 49.107086181640632 64.290679931640639 -3.4950604438781734 45.114046096801765 99.182422637939467 92.39630508422853 44.552886962890632 1.6001024246215823 61.535604476928718 -0.13405000418424604 2.6822456121444707 -15.079775810241697 51.149106979370124 18.460414886474613 35.319665908813484 34.289455413818366 50.080711364746101 79.546710968017592 98.774887084960952 65.00513076782228 54.550350189208991 2.4086596965789799 93.939392089843764
decision_type=2 2 2 2 2 2 2 2 2 2 2 2 2 2 2 2 2 2 2 2 2 2 2 2 2 2 2 2 2 2
left_child=1 2 18 29 5 -5 -2 8 15 10 -10 -11 26 17 -15 28 -17 -14 19 21 -21 -1 24 -24 -20 -6 27 -9 -3 -4
right_child=6 7 3 4 25 -7 -8 12 9 11 -12 -13 13 14 -16 16 -18 -19 22 20 -22 -23 23 -25 -26 -27 -28 -29 -30 -31
leaf_value=8.4175798676606255e-05 -0.010423247307355081 0.0013714311384183907 -0.01393926181563831 0.0024924145565325758 -0.0037751716470531883 0.030992686246164147 0.018808279425836245 0.0099428435045547797 0.023917055486019367 0.0045143298680828088 0.070660179024262568 0.030058214090532335 -0.0013967008436835526 -0.001496994963958217 0.0068509362545456877 -0.029097969876229333 0.0017273514605731643 -0.013705168342475794 0.00074678793032543404 0.023514112942684007 -0.015647596819496644 0.019180640481012205 -0.00038850453637446228 0.0033804497257272554 -0.0069859592452645395 0.0032585285475732824 0.0017891204699185953 0.045277081475521286 0.0078380397530615938 -0.0034504763897747429
leaf_weight=108.14442400634289 225.44193834718317 885.53433527797461 208.88695254176855 166.52687522768974 1847.7315233498812 37.090690910816193 17.044253557920456 40.019704274833202 30.622507110238075 296.38072073459625 13.922477655112742 27.419395141303539 214.33120024949312 746.71979849785566 343.60281024873257 33.90027017891407 54.343955144286156 146.63473603874445 28640.955915100873 22.834665946662426 62.192778162658215 129.00525141507387 44307.096102446318 2183.2987988814712 363.37248546630144 261.22820826619864 61.74799931794405 16.975215554237366 370.5994928330183 188.2786341458559
leaf_count=913 3608 4438 1210 818 12108 198 127 228 118 1525 52 123 1042 3546 1564 177 294 643 167458 166 270 673 290210 20541 2803 1757 379 75 1834 1100
internal_value=0.000102911 0.000127939 3.79742e-05 -0.00298892 -0.00195053 0.0078192 -0.00828471 0.00227732 0.00421865 0.010843 0.0396698 0.0067677 0.000154018 -0.00074902 0.00113044 0.00239309 -0.0101911 -0.00643535 0.00014628 0.00642764 -0.00492776 0.0105313 0.000119314 -0.0002113 0.000649479 -0.00289971 0.0111808 0.0210689 0.00328863 -0.00900151
internal_weight=82051.9 81809.4 78526.6 2709.74 2312.58 203.618 242.486 3282.75 1712.72 368.345 44.545 323.8 1570.03 1451.29 1090.32 1344.38 88.2442 360.966 75816.9 322.177 85.0274 237.15 75494.7 46490.4 29004.3 2108.96 118.743 56.9949 1256.13 397.166
internal_count=519998 516263 500225 17191 14881 1016 3735 16038 8561 1818 170 1648 7477 6795 5110 6743 471 1685 483034 2022 436 1586 481012 310751 170261 13865 682 303 6272 2310
is_linear=0
shrinkage=0.035


Tree=133
num_leaves=31
num_cat=0
split_feature=6 5 5 2 6 9 7 2 7 4 2 2 6 2 7 2 4 2 0 6 8 1 9 5 13 13 13 13 2 6
split_gain=11.9571 15.1747 21.8228 25.39 26.2144 18.1341 17.397 21.0674 12.1925 25.2369 19.8432 10.3131 19.9229 13.8561 8.10077 7.73101 11.9496 12.0568 11.4208 11.6588 25.1448 11.361 11.1625 10.5594 20.591 39.7923 22.4396 18.7732 12.6677 11.122
threshold=94.375640869140639 50.081499099731452 50.079809188842781 50.079999923706062 97.85385894775392 -2.9296500682830806 21.560606956481937 52.222757339477546 64.699142456054702 50.628896713256843 50.051733016967781 50.080711364746101 95.916282653808608 50.080192565917976 21.006519317626957 2.3889746665954594 46.359703063964851 1.3056819438934328 13.59999990463257 39.054794311523445 -7.4999999999999991 1.0820011496543886 0.11975000053644182 92.483322143554702 2.353266835212708 2.5320513248443608 1.9433962106704714 1.6001024246215823 99.13132476806642 55.162445068359382
decision_type=2 2 2 2 2 2 2 2 2 2 2 2 2 2 2 2 2 2 2 2 2 2 2 2 2 2 2 2 2 2
left_child=15 2 5 4 -4 6 14 -8 10 -10 -7 13 -13 -5 -2 16 18 -18 19 20 -1 -20 -23 -17 26 29 27 -25 -27 -26
right_child=1 -3 3 11 -6 8 7 -9 9 -11 -12 12 -14 -15 -16 23 17 -19 21 -21 -22 22 -24 24 25 28 -28 -29 -30 -31
leaf_value=0.06249102432867485 -0.00080615491618492546 -0.029842342704791715 0.011527337735049624 0.011878979272015866 0.080838050764028543 -0.028146034576599022 -0.0084089577700941255 0.024068073870694012 0.02499713300582438 -0.0013218752397447893 -0.0043127519738625558 0.031441417705305244 0.0015418826814502262 -0.017147455155882285 -0.033552276131887215 0.00017779681433092816 0.042999162504429478 0.0069752046660858241 -0.0013759771112619962 -0.0080024912671846395 0 0.0087366830770618763 -0.0012601455122807396 -0.0028447818970824307 0.020917718244208121 0.0035409040355403759 -0.014339335310521414 0.0082178452059407728 -0.0084871230845026315 0.060633408238135678
leaf_weight=8.3816088140010816 40.622101001441479 23.053220858797431 17.901498675346378 32.427434442564845 10.489192849025128 43.134802212007344 32.54299333691597 90.780154847539961 46.110234513878822 917.31430610828102 1908.2808574195951 37.372228443622589 98.118286291137338 49.963943857699633 11.386183667927979 73132.806947313249 16.58732908219099 35.923537641763687 359.42877642065287 220.78646282851696 56.18663515150547 541.20576363801956 181.23000930249691 2942.709324195981 23.626433841884136 657.72653000056744 195.70994493365288 199.68255352973938 127.13333411514759 15.191509649157522
leaf_count=37 356 230 188 397 124 287 149 478 297 7875 16965 395 1160 637 97 459492 84 186 1943 1437 331 2762 1018 16578 132 3543 1096 1055 585 38
internal_value=3.9865e-05 -0.00200464 -0.00180309 0.0082005 0.0388882 -0.00260452 0.00829217 0.0154426 -0.00326446 -3.52731e-05 -0.00485448 0.00404215 0.00997655 -0.00563477 -0.00850751 0.000127232 0.00268601 0.0189604 0.00204512 -0.00416391 0.00879207 0.00369115 0.00622058 8.01154e-05 -0.00163441 0.0033155 -0.0028584 -0.00213767 0.00157701 0.0375478
internal_weight=82073.8 3359.5 3336.44 246.273 28.3907 3090.17 175.331 123.323 2914.84 963.425 1951.42 217.882 135.491 82.3914 52.0083 78714.3 1419.73 52.5109 1367.22 285.355 64.5682 1081.86 722.436 77294.6 4161.78 823.678 3338.1 3142.39 784.86 38.8179
internal_count=519952 29635 29405 2901 312 26504 1080 627 25424 8172 17252 2589 1555 1034 453 490317 7798 270 7528 1805 368 5723 3780 482519 23027 4298 18729 17633 4128 170
is_linear=0
shrinkage=0.035


Tree=134
num_leaves=31
num_cat=0
split_feature=0 5 6 2 2 2 5 4 7 4 5 2 2 1 6 7 5 6 0 13 11 7 6 6 9 13 13 2 4 1
split_gain=10.3642 14.2784 11.1372 11.8614 27.8978 44.6216 23.6838 20.5781 25.4756 12.1437 9.85974 86.7015 28.8898 21.123 19.7501 18.5 11.6608 8.1987 26.083 16.0909 13.304 13.4814 12.4081 21.8049 18.5321 15.7667 11.7274 11.6595 13.2297 11.395
threshold=20.800000190734867 91.718109130859389 23.482285499572757 46.85585021972657 48.996879577636726 49.021945953369148 46.023597717285163 64.45630264282228 79.546710968017592 72.498649597167983 46.057298660278327 49.021945953369148 50.069013595581062 49.995540618896491 0.43134848773479467 33.509216308593757 45.558958053588874 37.463397979736335 23.60000038146973 6.066176414489747 47.056850433349616 42.775737762451179 44.941236495971687 51.585536956787116 1.3744500279426577 3.0776515007019047 2.353266835212708 3.4979486465454106 24.968491554260257 42.870702743530281
decision_type=2 2 2 2 2 2 2 2 2 2 2 2 2 2 2 2 2 2 2 2 2 2 2 2 2 2 2 2 2 2
left_child=1 2 10 7 6 -6 -5 8 -4 -9 14 13 -13 -12 16 -16 -1 18 27 20 21 -20 -19 24 29 26 -25 -2 -29 -24
right_child=17 -3 3 4 5 -7 -8 9 -10 -11 11 12 -14 -15 15 -17 -18 22 19 -21 -22 -23 23 25 -26 -27 -28 28 -30 -31
leaf_value=-0.0039264333366236187 0.027338361764743292 -0.0025289096740883006 -0.0043242350007303395 0.0017187400169010013 -0.01114976192260185 -0.00023919581942368642 0.0099696101621964475 0.011353581214919736 -0.023305128428850675 -0.0063387790303101833 -0.0048113958397953691 -0.0083598784031522818 0.0017105546228724723 0.025067820930746457 0.0040086098089329959 3.3751731763353992e-06 -0.019719693185942709 -0.0046640114168101888 0.020523726265589296 0.026636223726177338 -0.0063131228034610347 -0.009069182585194617 0.011515350853249702 0.00084839356451174889 0.021487270829345213 -0.011665514246065607 0.015737561923775713 -0.010019481561005978 0.016180499743137941 -0.0019490443878295105
leaf_weight=171.42920473963022 72.104779735207558 2702.6652232930064 533.61026128940284 2892.2932799104601 462.61072845757008 50836.090454925783 499.96944825723767 136.0944297760725 103.1642525177449 71.612033497542143 32.346881881356239 373.03577779978514 5214.6652459278703 234.79225190728903 1586.4206699058414 12881.023033052683 86.799402177333832 379.25079496204853 52.427839115262032 25.084025450050831 233.85545682907104 28.241429597139359 154.64102183282375 1777.0898965895176 112.75947286188602 119.75510505586863 66.557226337492466 31.004618674516678 89.502010025084019 150.71473047882318
leaf_count=1046 346 17150 2735 18780 1330 342473 1342 635 598 579 190 2513 35850 569 8881 69317 410 1903 222 84 1124 132 782 8760 525 588 265 181 471 753
internal_value=5.10314e-05 -2.9264e-05 5.94251e-05 -0.000198204 -0.00013448 -0.000337896 0.00293892 -0.00431286 -0.0074357 0.00521921 0.000754945 0.00196997 0.0010359 0.0214202 0.000271304 0.000443248 -0.00930662 0.00197459 0.00595223 8.841e-05 -0.00206884 0.0100903 0.00120374 0.00214236 0.00939267 0.000591615 0.00139629 0.0162119 0.0093603 0.00485912
internal_weight=82111.6 78818.6 76116 55535.4 54691 51298.7 3392.26 844.481 636.775 207.706 20580.5 5854.84 5587.7 267.139 14725.7 14467.4 258.229 3292.99 532.22 339.609 314.525 80.6693 2760.77 2381.52 418.115 1963.4 1843.65 192.611 120.507 305.356
internal_count=520534 504398 487248 368472 363925 343803 20122 4547 3333 1214 118776 39122 38363 759 79654 78198 1456 16136 2560 1562 1478 354 13576 11673 2060 9613 9025 998 652 1535
is_linear=0
shrinkage=0.035


Tree=135
num_leaves=30
num_cat=0
split_feature=10 7 10 9 7 7 10 7 5 7 7 10 5 11 7 10 11 11 5 5 9 7 7 4 7 13 10 4 4
split_gain=9.56651 21.1481 18.6065 15.9363 41.7228 26.5021 27.5138 44.5939 27.1491 25.1424 27.9428 19.8558 38.4185 17.7213 14.6888 12.8393 12.4539 5.64881 5.29911 9.80258 8.09257 5.84245 5.16148 3.22204 2.46594 2.00744 1.04345 3.80086 0.145456
threshold=22.41047286987305 90.347183227539077 16.556191444396976 5.2697000503540048 83.923740386962905 76.442924499511733 5.885000705718995 79.546710968017592 45.554418563842781 73.481372833251967 63.42186355590821 11.422029972076418 45.428865432739265 1.0000000180025095e-35 35.846035003662116 2.8394057750701909 82.75894927978517 90.86985015869142 45.643249511718757 45.395757675170906 -1.9876999855041502 72.086982727050795 59.841144561767585 58.599813461303718 63.030187606811531 1.6530054211616518 0.24553854018449786 59.670026779174812 59.387786865234382
decision_type=2 2 2 2 2 2 2 2 2 2 2 2 2 2 2 2 2 2 2 2 2 2 2 2 2 2 2 2 2
left_child=1 3 -3 4 11 9 7 -7 -8 10 -5 13 -13 -1 28 -11 18 23 19 20 -16 -20 -18 -4 -24 -26 27 -6 -2
right_child=14 2 17 5 26 6 8 -9 -10 15 -12 12 -14 -15 16 -17 22 -19 21 -21 -22 -23 24 -25 25 -27 -28 -29 -30
leaf_value=0.0081644820277177003 -0.031124705820106683 0.065832507056495265 0.0049994122625240328 -0.0050839053464527004 0.011199305287044034 0.03646506457516497 0.011310675139333266 -0.0030439252507931743 0.045585934364737297 0.0038697472890257606 0.010859056245525694 -0.014385118698521524 0.0063164577617681227 -0.00016812452013384438 0.041631560318812696 -0.024248172483383575 0.015457886482735436 -0.0037099999540244795 0.036907804231459673 -0.023039244555725716 -0.00060280659092010332 0 -0.032850483833614691 0.044375883576071189 -0.0079836711721720938 -0.026908758088619943 -0.027055647711461663 -0.022292059830630921 -0.014418072210496714
leaf_weight=313.06992875412107 26.03361747041345 9.8028484955430013 5.1942861974239349 258.97369884699583 4.2153857164084938 42.98169931769371 68.278136000037193 172.8139906488359 49.399984493851662 27.061015985906124 278.21912954747677 120.68988915160298 1130.7833306789398 79198.333381427452 8.0014983266592026 68.507361106574535 9.4629834666848165 14.981601446866989 13.747577399015428 11.890441611409186 14.162412777543068 8.327117443084715 5.1423854976892462 5.8941835016012192 143.82582613825798 6.9974834695458403 60.635054849088192 22.913917269557714 4.5543340891599646
leaf_count=1972 253 70 38 1021 45 217 543 1095 224 158 955 957 5231 504409 53 381 33 130 45 51 110 60 15 47 1302 60 576 222 18
internal_value=-4.81935e-05 -2.71056e-05 0.0265452 -3.91014e-05 -9.2607e-05 0.00442717 0.0123993 0.00489869 0.0259688 0.000204333 0.00316402 -6.61904e-05 0.00430653 -0.000135146 -0.00684443 -0.0162477 -0.00361976 0.00999173 0.0104718 0.00146388 0.0152588 0.0235251 -0.00847045 0.0280968 -0.0100384 -0.00904522 -0.0241026 -0.0166658 -0.0292911
internal_weight=82104.9 81852.7 35.8729 81816.9 80850.6 966.235 333.474 215.796 117.678 632.761 537.193 80762.9 1251.47 79511.4 252.146 95.5684 221.558 26.0701 56.129 34.0544 22.1639 22.0747 165.429 11.0885 155.966 150.823 87.7644 27.1293 30.588
internal_count=520291 518291 285 518006 513412 4594 2079 1312 767 2515 1976 512569 6188 506381 2000 539 1729 215 319 214 163 105 1410 85 1377 1362 843 267 271
is_linear=0
shrinkage=0.035


Tree=136
num_leaves=31
num_cat=0
split_feature=6 9 7 2 7 7 2 9 10 2 4 2 2 7 2 2 4 2 11 2 7 2 10 2 7 7 11 9 10 10
split_gain=10.3831 8.02598 71.6142 70.8494 57.3796 69.8601 67.2494 65.0093 55.115 47.0044 59.2645 43.1774 41.209 56.6592 40.3985 38.4996 32.5232 41.8653 29.7989 29.2166 33.1722 22.8764 21.3993 19.9956 19.5892 16.6774 19.431 11.4764 10.9975 8.28272
threshold=98.581562042236342 -3.0320500135421748 22.281182289123539 52.608695983886726 21.560606956481937 24.405713081359867 54.368049621582038 -2.3281500339508052 -2.62231433391571 53.259717941284187 43.534467697143562 53.830442428588874 54.368049621582038 21.006519317626957 54.571245193481452 53.796842575073249 38.262470245361335 54.515148162841804 23.535450935363773 50.069204330444343 36.454193115234382 53.98773384094239 -7.1923861503601065 53.844207763671882 37.797212600708015 24.84964752197266 34.839050292968757 -1.8695500493049619 -1.8638429045677183 -1.6860778927803037
decision_type=2 2 2 2 2 2 2 2 2 2 2 2 2 2 2 2 2 2 2 2 2 2 2 2 2 2 2 2 2 2
left_child=1 2 12 19 6 9 7 29 -9 10 -6 15 13 22 -8 -5 17 -14 -15 24 -21 -11 -1 -13 -4 26 -7 -27 -16 -3
right_child=-2 4 3 11 5 25 14 8 -10 21 -12 23 16 18 28 -17 -18 -19 -20 20 -22 -23 -24 -25 -26 27 -28 -29 -30 -31
leaf_value=0.00028915004125502311 -0.004275747678981613 0.0030551162715914473 0.010737299697336975 0.010826168289716276 -0.0039542906458255233 -0.004293883970249799 -0.029214709430172816 0.0089027011772529006 0.038336055602525135 -0.012864631031875505 0.02984537327364065 -0.03009843992702858 0.03298772019871643 -0.027159751183605082 -0.019464417336025608 0.03284296956601053 -0.014348020570617591 0.0022643642572727539 -0.004623398314220639 -0.012859324979192158 0.00074310976470991067 -0.0018015974793773874 -0.011710102816838949 0.0024117998654031255 -0.0065837240433141197 0.0015837396928819174 0.018079298330717499 -0.00013896274835251813 0.024279391535202515 -0.014755455273241402
leaf_weight=659.01729474961758 695.04899087455124 109.96569038182497 297.13445644825697 1107.8006394803524 263.38443028926849 73.542659901082516 71.353954948484898 139.22496127337217 180.20170257240534 1001.8747118860483 82.809310100972652 23.417276211082935 81.695912636816502 224.27460332214832 8.2287868559360486 106.6213478371501 69.182269766926765 161.1542135477066 107.33848302811384 390.61118325591087 498.159514144063 299.08996370434761 250.18593697994947 531.3732693195343 108.19157937169075 5083.889409378171 130.24020938575268 69292.060900777578 30.808297269046307 44.013705544173717
leaf_count=4566 7633 601 1049 4007 2030 702 492 699 626 3385 689 174 558 1573 60 298 564 1397 851 2606 1805 2831 1587 2994 362 30501 1183 444047 240 234
internal_value=-1.84811e-05 1.7814e-05 0.00143519 0.00453981 -6.72902e-05 -0.000151153 0.010856 0.0165954 0.0255834 -0.00727909 0.00416056 0.00909119 -0.00468398 -0.00754518 -0.0136366 0.0127853 0.00666161 0.012703 -0.0199148 -0.00167895 -0.00523343 -0.0103293 -0.00301239 0.000985606 0.00609279 6.25625e-06 0.00998567 -2.10994e-05 0.014677 -0.00204061
internal_weight=82121.9 81426.8 4616.16 3063.31 76810.7 76226.9 583.797 473.406 319.427 1647.16 346.194 1769.21 1552.85 1240.82 110.391 1214.42 312.032 242.85 331.613 1294.1 888.771 1300.96 909.203 554.791 405.326 74579.7 203.783 74376 39.0371 153.979
internal_count=520344 512711 24391 13295 488320 485368 2952 2160 1325 8935 2719 7473 11096 8577 792 4305 2519 1955 2424 5822 4411 6216 6153 3168 1411 476433 1885 474548 300 835
is_linear=0
shrinkage=0.035


Tree=137
num_leaves=31
num_cat=0
split_feature=11 7 7 6 10 7 7 7 7 7 7 2 7 7 9 2 2 10 2 10 2 10 6 2 2 2 2 9 2 10
split_gain=8.7042 92.9664 98.1578 66.2766 50.425 40.4711 38.575 39.3181 65.9358 36.5243 136.648 116.552 86.7347 143.072 160.448 134.74 90.4985 67.9153 64.696 53.9972 58.435 41.0583 36.3348 35.162 40.4571 33.5641 54.6293 31.6685 31.3673 29.877
threshold=56.046949386596687 57.632680892944343 57.865306854248054 19.544479370117191 4.4254078865051278 26.989735603332523 60.380186080932624 67.520690917968764 68.936416625976577 69.762519836425795 71.087303161621108 50.051733016967781 68.936416625976577 67.648265838623061 0.26325000822544103 50.051788330078132 50.459417343139656 8.0838499069213885 50.510725021362312 -5.3034546375274649 49.666902542114265 -3.4286378622055049 59.142272949218757 50.079681396484382 50.079999923706062 53.120206832885749 53.017904281616218 1.4951500296592715 51.636827468872077 3.2757411003112797
decision_type=2 2 2 2 2 2 2 2 2 2 2 2 2 2 2 2 2 2 2 2 2 2 2 2 2 2 2 2 2 2
left_child=9 3 -3 -2 5 -5 22 27 -9 12 17 -12 13 -1 15 -15 -14 19 -18 -11 -21 -20 -4 -13 -25 26 -6 -8 -7 -16
right_child=1 2 6 4 25 28 7 8 -10 10 11 23 16 14 29 -17 18 -19 21 20 -22 -23 -24 24 -26 -27 -28 -29 -30 -31
leaf_value=-0.00047605565313619088 -0.0025869824177508676 -0.027074936447554741 -0.0014918100722172553 0.035606657489610873 0.002194928576916852 0.0040734840516758438 -0.00054193921637475358 -0.0090520791420299028 -0.00033700533335143074 -0.013365971536876709 -0.010734680208024799 0.017348881686247836 -0.01792157073509108 0.050527197308376293 -0.0061257688179587851 0.005228469613365933 0.041750470092880611 0.042343650655582273 0.040589251593375279 0.018525750551226919 0.0017669717274481753 -0.0070500623920425757 -0.016375320263353831 -0.025062853495554576 0.005820949685341574 -0.008797561789519048 0.032679252388078922 0.0047366829325862503 0.011488271988267006 0.021547756246988813
leaf_weight=51274.060655208305 1315.4308732077479 169.41054840758443 476.96969938278198 68.202572882175446 1339.6586652137339 1194.8995528584346 2500.079131164588 1162.419986073859 12426.336489624344 109.52762387692928 992.21740692853928 284.00571734458208 670.34940422698855 204.68640861660242 278.65454049035907 133.11779896914959 49.246578812599182 84.452898189425468 23.936124615371227 687.70881211664528 406.51727212499827 211.11982772406191 348.09078371990472 59.685330830514431 366.86420334875584 313.59529215842485 75.379605241119862 3134.6763518108055 1699.8624082095921 56.815855640918016
leaf_count=332067 6460 808 2922 283 5954 7652 16827 6623 81924 339 6478 2596 4010 757 1662 1114 231 175 197 3127 2774 1916 2445 521 2958 1548 288 16089 8888 444
internal_value=1.95269e-06 0.000528086 -0.00060753 0.00435099 0.00629786 0.00906931 -0.00038246 -6.38846e-05 -0.00108352 -0.000244788 0.0035172 -0.00298634 -0.000457667 -0.000265327 0.0157541 0.0327516 -0.0109075 0.0121156 0.00561006 0.00996238 0.0123119 -0.00204798 -0.00778938 0.00782349 0.0014443 0.00154142 0.00384133 0.00239363 0.00843199 -0.001378
internal_weight=82118 26225 20218 6007.03 4691.6 2962.96 20048.6 19223.5 13588.8 55893 2990.98 1702.77 52902 51947.3 673.275 337.804 954.652 1288.21 284.303 1203.75 1094.23 235.056 825.06 710.555 426.55 1728.63 1415.04 5634.76 2894.76 335.47
internal_count=520077 158711 127638 31073 24613 16823 126830 121463 88547 361366 18968 12553 342398 336044 3977 1871 6354 6415 2344 6240 5901 2113 5367 6075 3479 7790 6242 32916 16540 2106
is_linear=0
shrinkage=0.035


Tree=138
num_leaves=31
num_cat=0
split_feature=6 5 2 5 2 9 5 10 5 10 10 11 7 10 2 2 2 2 7 9 0 5 10 5 10 8 10 5 9 0
split_gain=12.8398 29.6643 44.9137 34.0088 67.729 45.9334 40.2922 50.2788 27.54 33.3984 51.8062 25.7208 33.7331 25.4018 22.2713 20.722 44.8382 44.77 15.659 14.8196 14.5774 11.5142 11.3319 9.02535 36.0556 27.4013 24.4578 22.2609 28.063 17.5789
threshold=72.913951873779311 50.080711364746101 50.081499099731452 46.057298660278327 49.95216369628907 -4.0630500316619864 46.205049514770515 0.07230719551444055 94.902683258056655 1.7464545965194704 -2.468779325485229 69.251052856445327 73.50925445556642 8.4382386207580584 50.069013595581062 53.830442428588874 52.04185867309571 54.398979187011726 37.281826019287116 -0.3685500025749206 28.000000000000004 97.700561523437514 -1.350740313529968 50.080711364746101 -2.5170540809631343 -2.4999999999999996 1.5553002357482912 50.080841064453132 -2.2700500488281246 13.59999990463257
decision_type=2 2 2 2 2 2 2 2 2 2 2 2 2 2 2 2 2 2 2 2 2 2 2 2 2 2 2 2 2 2
left_child=23 3 8 5 19 15 7 -6 9 10 -3 12 -7 -13 -8 16 -2 -17 -11 -5 22 -22 -10 -1 25 29 27 28 -26 -25
right_child=1 2 -4 4 6 11 14 -9 20 18 -12 13 -14 -15 -16 17 -18 -19 -20 -21 21 -23 -24 24 26 -27 -28 -29 -30 -31
leaf_value=0.00041092858523267392 0.0021037527289248376 0.023266981574440009 -0.0059303884508807754 0.0012156337547602879 -0.024333887532794706 -0.00069895603156360289 0.0083544127864408884 -0.003449837147173659 -0.012617189667198469 0.0020366323475903016 -0.00096842318828511747 0.0071490275190561822 -0.010863321717364014 -0.0046621747558836689 -0.0024474390453657685 -0.029884266001796445 0.043539128152528937 0.04274100936453297 0.02335074635761502 -0.032305246179229516 -0.0025622900780677259 0.016661562052725218 0.0007222111166464714 -0.01137001930311338 0.063247147374691323 0.0062826514893140591 0.00040174459795946297 -0.0032800570681764864 -0.015667909800083944 0.0029937435884748341
leaf_weight=54846.80552714318 59.591880910098553 145.21805942431092 462.13259688578546 18.116164490580559 229.6684655956924 11548.318582857028 249.66209458373487 367.97131172195077 119.25206942111254 51.720483826473355 413.40633033216 921.1519327359274 413.68488117307425 292.87772196903825 3476.7962593659759 27.597051616758108 69.433817945420742 15.58723723143339 253.10516854189336 120.32330282405019 62.81050630658865 93.592437468469143 220.02654049545527 204.81413282454014 4.8360697478055945 1246.784297555685 2618.1548117697239 3123.7713588625193 253.35282446444035 210.30330497026443
leaf_count=327937 142 1305 2836 53 1152 80302 2634 1101 729 427 4159 4710 3343 1722 30925 274 299 111 2257 430 306 416 1551 1099 43 7681 16516 22552 2323 1066
internal_value=8.33132e-06 -0.000772389 0.00348025 -0.00120778 -0.00385274 -0.000322823 -0.00307664 -0.0115089 0.00668682 0.0104589 0.00534348 -0.000558566 -0.00105176 0.00429269 -0.00172023 0.0175929 0.0245866 -0.00321065 0.019772 -0.0278867 9.56743e-05 0.0089231 -0.00396448 0.00025365 -0.000871208 0.00368815 -0.00213554 -0.00410149 -0.0139719 -0.00408458
internal_weight=82140.9 19632 1821.26 17810.8 4462.54 13348.2 4324.1 597.64 1359.13 863.45 558.624 13176 11962 1214.03 3726.46 172.21 129.026 43.1843 304.826 138.439 495.682 156.403 339.279 62508.8 7662.02 1661.9 6000.12 3381.96 258.189 415.117
internal_count=520401 141184 13986 127198 36295 90903 35812 2253 11150 8148 5464 90077 83645 6432 33559 826 441 385 2684 483 3002 722 2280 379217 51280 9846 41434 24918 2366 2165
is_linear=0
shrinkage=0.035


Tree=139
num_leaves=31
num_cat=0
split_feature=9 10 7 7 7 10 5 5 9 7 6 5 7 10 7 10 6 11 10 7 7 7 7 7 7 10 7 6 4 10
split_gain=12.4007 21.5447 59.823 54.9739 78.7858 36.874 37.1216 54.5969 43.4848 37.1075 34.1539 29.4752 31.4544 23.1141 23.0014 22.7868 22.5761 21.7691 20.0693 18.6023 22.9779 17.3948 26.5733 20.7897 61.5613 24.0197 20.7087 20.2126 16.8245 18.5162
threshold=1.7788500189781191 -1.2689077258110044 49.302305221557624 71.004535675048842 71.992401123046889 2.8394057750701909 45.967329025268562 46.205049514770515 3.5986999273300175 26.097272872924808 55.162445068359382 45.433555603027351 60.380186080932624 5.1680891513824472 75.636428833007827 -6.0641770362853995 11.922789573669435 66.488849639892592 -6.0641770362853995 80.857158660888686 73.50925445556642 76.318405151367202 75.742977142333999 77.622066497802749 78.280700683593764 5.885000705718995 90.347183227539077 15.930356025695803 56.144704818725593 -1.4796226024627683
decision_type=2 2 2 2 2 2 2 2 2 2 2 2 2 2 2 2 2 2 2 2 2 2 2 2 2 2 2 2 2 2
left_child=21 2 18 15 17 9 11 8 -8 -3 -6 14 -13 -9 -7 16 -4 -5 -2 20 -11 22 -1 27 25 -25 -26 -23 -20 -30
right_child=1 5 3 4 10 6 7 13 -10 19 -12 12 -14 -15 -16 -17 -18 -19 28 -21 -22 23 -24 24 26 -27 -28 -29 29 -31
leaf_value=-0.00019511880767871288 -0.016323669850370707 0.053268530408682041 0.012133650975084044 0.010267815145078966 0.0033399292267032809 -0.010290344869852867 -0.016006022404061196 0.0053562366908502627 0.0021247833528636332 0.0029483348983065307 -0.0080491969049911842 -0.0012047521654099339 0.0057265867678064318 -0.002951649587792129 0.00089128665870136226 -0.0072569073970718823 -0.026316812210083938 0.03941126907209952 0.055350879679606474 -0.011885466781447042 0.0093241038419850791 0.0046254457203287139 0.015525364342373338 0.070829783552889908 -0.011995020762535554 -0.016593020777063792 0.043776517831194538 -0.024373444187341022 0.023904275934311575 -0.023522072758133821
leaf_weight=68118.804887250997 15.692062921822069 18.142577819526196 20.677268087863922 56.96653017308563 751.11858298629522 370.07660528086126 569.74953090772033 660.53835475631058 225.18529015779495 2879.6540391799062 563.58783219382167 1193.4918627366424 2433.5086995372549 1079.3613974377513 571.54805794544518 783.63068369030952 146.98951186984777 73.579610407352448 18.393485359847546 85.974826626479626 914.14307344797999 38.155421853065491 131.16552831605077 17.930715121328834 125.77732273563743 4.3576688617467871 7.8949764668941489 119.73880824446678 97.033363670110703 10.45634091645479
leaf_count=440818 62 63 80 410 4741 3181 1453 4567 464 15216 4393 5061 12265 7022 5103 3687 586 487 93 789 5836 239 1239 169 1015 41 54 778 404 36
internal_value=-1.13491e-05 0.000956486 -0.00194856 -0.00325955 0.00103732 0.00162744 0.000125291 -0.00326981 -0.0108642 0.00436253 -0.00153896 0.00201079 0.00344409 0.000199361 -0.00350089 -0.00979027 -0.0214983 0.0268872 0.020088 0.0041211 0.00448811 -0.000202581 -0.000164622 -0.00841338 0.000615265 0.0534516 -0.00840814 -0.0173337 0.0247566 0.0190864
internal_weight=82103.3 13539.5 2538.13 2396.55 1445.25 11001.4 7103.46 2534.83 794.935 3897.91 1314.71 4568.63 3627 1739.9 941.625 951.297 167.667 130.546 141.575 3879.77 3793.8 68563.8 68250 313.855 155.961 22.2884 133.672 157.894 125.883 107.49
internal_count=520352 75999 14979 14384 10031 61020 39116 13506 1917 21904 9134 25610 17326 11589 8284 4353 666 897 595 21841 21052 444353 442057 2296 1279 210 1069 1017 533 440
is_linear=0
shrinkage=0.035


Tree=140
num_leaves=31
num_cat=0
split_feature=10 7 10 7 6 9 9 7 7 7 7 5 10 10 5 4 11 6 6 6 9 6 6 9 9 7 4 7 6 6
split_gain=8.77038 17.8315 21.3873 12.4413 12.5488 16.6097 9.79778 36.6685 32.2384 31.9715 21.3905 19.3582 16.4451 14.3836 17.6907 11.9654 10.5771 6.07816 5.87441 3.10277 3.70356 3.00356 2.44352 3.16651 2.21792 1.89452 1.19286 3.51744 1.18108 0.82408
threshold=22.41047286987305 90.347183227539077 16.556191444396976 35.846035003662116 29.112630844116214 4.7590000629425058 4.7590000629425058 83.923740386962905 63.42186355590821 66.137874603271499 76.442924499511733 45.558958053588874 16.556191444396976 -1.7287489771842954 45.582262039184577 44.671932220458991 1.0000000180025095e-35 39.838054656982429 37.858283996582038 50.022300720214851 3.5986999273300175 26.709086418151859 16.32509803771973 7.6709501743316659 3.9356000423431401 96.418178558349624 59.102712631225593 73.829555511474624 25.510725975036625 33.878387451171882
decision_type=2 2 2 2 2 2 2 2 2 2 2 2 2 2 2 2 2 2 2 2 2 2 2 2 2 2 2 2 2 2
left_child=1 6 -3 21 26 19 7 12 13 11 -11 -10 16 -8 -15 -14 -1 24 29 -6 -21 -2 -4 -24 -9 -20 -5 -28 -29 -7
right_child=3 2 22 4 5 18 8 17 9 10 -12 -13 15 14 -16 -17 -18 -19 25 20 -22 -23 23 -25 -26 -27 27 28 -30 -31
leaf_value=0.0061412116647968943 -0.0050072988078772637 0.067125609064348377 -0.0079247481773771656 -0.028480790054100289 0.0032896058218442933 0.0043467562799273402 -0.029230905584031019 -0.02183719353207959 0.0027465457192646786 -0.0014639748496132791 0.0093634000503134591 0.033778659032420943 -0.0076837763330467254 -0.011644619906814358 0.0043493138046200594 0.012098882588984063 -7.8441846620927786e-05 -0.036884020278958832 -0.012892984082666164 0.034836444749051239 0.0085054178116892396 -0.032198381778920267 0.027081982811765274 -0.00091173396529704365 -0.0025626417094048526 -0.0030137019663439928 0.0026365595467569003 -0.015590902409890488 -0.035963142314758834 0.021778043021652829
leaf_weight=335.53521009348333 7.364987611770629 9.5685943663120252 8.0394001901149768 10.488879010081289 11.200170457363127 8.2113549485802668 29.129765383899212 19.614153735339642 37.316853500902653 445.99076220393181 445.01878286153078 75.592266142368317 44.177585735917091 172.63001058250666 164.19264044612646 217.61928411945701 79867.382148720324 32.552635438740253 52.873142760246992 19.78631163388491 11.737016156315802 25.083079643547535 9.6327895373106003 8.4407324865460396 13.15962056070566 47.864374771714211 11.096891842782496 33.352794148027897 4.7767510861158362 7.8403468802571288
leaf_count=2159 56 66 67 58 72 64 121 194 131 2009 2809 162 314 691 616 1035 507556 339 464 116 70 224 74 73 123 419 48 310 44 61
internal_value=-4.1984e-06 1.57862e-05 0.0244799 -0.00651754 -0.00344158 0.00165885 4.80338e-06 -4.50537e-05 0.00293915 0.00618323 0.00393951 0.0236755 -2.35563e-05 -0.00593533 -0.00383541 0.00872071 -5.22732e-05 -0.0260976 -0.00513931 0.0201561 0.0257024 -0.0265061 0.00706224 0.0141529 -0.0145519 -0.00832862 -0.0170235 -0.0140259 -0.0190095 0.013906
internal_weight=82187.3 81935.6 35.6815 251.676 219.228 159.513 81899.9 80530 1369.87 1003.92 891.01 112.909 80464.7 365.952 336.823 261.797 80202.9 65.3264 116.789 42.7235 31.5233 32.4481 26.1129 18.0735 32.7738 100.738 59.7153 49.2264 38.1295 16.0517
internal_count=520545 518539 280 2006 1726 1266 518259 511720 6539 5111 4818 293 511064 1428 1307 1349 509715 656 1008 258 186 280 214 147 317 883 460 402 354 125
is_linear=0
shrinkage=0.035


Tree=141
num_leaves=31
num_cat=0
split_feature=9 5 5 9 2 7 7 2 12 2 2 5 7 7 5 7 5 7 2 7 2 7 7 2 9 7 7 7 9 7
split_gain=9.27298 20.2509 53.0157 56.4736 29.2661 35.8201 27.2179 35.7048 30.5684 28.1304 26.3169 25.0568 38.8148 44.0121 35.2489 56.5633 51.4048 48.5221 35.4416 31.3539 25.8844 24.0019 22.1787 21.7471 19.5993 18.7755 15.9117 60.7947 116.676 93.0562
threshold=1.6862500309944155 46.028558731079109 46.205049514770515 3.3246500492095952 50.894683837890632 69.86682510375978 69.762519836425795 50.051733016967781 47.422611236572273 50.060390472412116 50.051733016967781 45.449871063232429 69.26322174072267 70.050064086914077 45.45686340332032 73.829555511474624 45.515445709228523 56.680021286010749 52.452733993530281 67.648265838623061 49.539876937866218 70.530574798583999 60.380186080932624 49.021945953369148 1.8810500502586367 73.705352783203139 71.087303161621108 69.762519836425795 0.63064998388290416 68.936416625976577
decision_type=2 2 2 2 2 2 2 2 2 2 2 2 2 2 2 2 2 2 2 2 2 2 2 2 2 2 2 2 2 2
left_child=26 11 3 21 5 -5 7 8 -4 -9 -8 12 19 -14 15 18 17 -16 -13 -2 -17 24 -18 -15 -3 -12 27 29 -29 -1
right_child=1 2 6 4 -6 -7 10 9 -10 -11 25 14 13 23 16 20 22 -19 -20 -21 -22 -23 -24 -25 -26 -27 -28 28 -30 -31
leaf_value=3.2186530878144565e-05 -0.0055224147657011178 0.0035200736057918124 0.011179627145479289 0.025254604110703977 -0.023880278920927339 -0.007154841854582596 0.010704078857862351 0.035355935689867973 -0.021124533002821855 0.0049020879356800407 -0.0079254989965211343 0.0097820466733577992 0.035980923612650866 -0.0032330622159931432 0.012485251789380463 0.0016410566592843451 3.8498793947564807e-05 -0.0073988340239110684 -0.014640031391118238 -0.029389880257643004 -0.013797044739315848 -0.030134240676829637 0.0058083030844639479 0.0043181104744893489 -0.015106629025767218 -0.00064957220898643607 -0.002244453489141002 0.015016348994360476 -0.00042890571947501845 -0.0084081307483956542
leaf_weight=59395.188056247309 664.4568103775382 84.102551817893982 50.710900671780109 101.63380306959152 32.213631048798561 69.603440195322037 180.27129487507045 37.444415345788002 116.89458752796054 1461.2386810462922 677.12195269390941 1945.6553207952529 43.428607881069183 906.9445056207478 171.72415950894356 415.43480501975864 1443.8698802515864 1160.7307918444276 74.709223069250584 74.580953266471624 194.40456899255514 106.91859313845634 1883.7069857399911 961.23867966141552 368.79215467721224 1216.9181002564728 4016.7526612440124 951.90992518886924 1612.0365788722411 1643.6243163440377
leaf_count=382569 5293 214 251 164 69 148 1189 314 456 8354 5162 9307 333 7976 686 2029 5532 4407 418 677 900 260 7548 8499 891 10587 31054 4534 8805 11462
internal_value=6.36528e-05 0.000868654 -0.00107721 -0.00947907 0.00627084 0.0120683 0.000636974 0.0039685 -0.0113023 0.0056861 -0.00203636 0.00175097 -0.00116106 0.00146976 0.00281073 0.00605004 0.000980177 -0.00482501 0.00887006 -0.00796967 -0.00328047 -0.0152163 0.00330744 0.000648692 -0.0116321 -0.00325667 -0.000108215 2.66131e-05 0.00530558 -0.000195083
internal_weight=82064.3 14444.7 4503.86 763.264 203.451 171.237 3740.6 1666.29 167.605 1498.68 2074.31 9940.89 2650.65 1911.61 7290.24 2630.2 4660.03 1332.45 2020.36 739.038 609.839 559.813 3327.58 1868.18 452.895 1894.04 67619.5 63602.8 2563.95 61038.8
internal_count=520088 81664 28059 1746 381 312 26313 9375 707 8668 16938 53605 22778 16808 30827 12654 18173 5093 9725 5970 2929 1365 13080 16475 1105 15749 438424 407370 13339 394031
is_linear=0
shrinkage=0.035


Tree=142
num_leaves=31
num_cat=0
split_feature=10 11 5 5 2 5 5 4 7 5 5 5 2 2 4 5 7 9 7 2 6 10 7 5 5 9 7 9 7 5
split_gain=13.8938 34.5239 48.3662 45.3963 51.6447 53.8661 51.0491 41.097 38.3045 36.5465 41.2685 35.8125 33.101 53.7627 91.4395 91.7809 67.2868 62.1046 134.831 66.2231 59.9513 59.9439 53.4931 72.574 47.3095 43.1738 94.7569 60.2043 75.7751 84.0004
threshold=-0.61513367295265187 43.378349304199226 43.508358001708991 46.181444168090827 54.126050949096687 45.558958053588874 45.452220916748054 44.558532714843757 21.560606956481937 46.369321823120124 46.218702316284187 46.620765686035163 51.739131927490241 51.508155822753913 47.16578674316407 46.028558731079109 60.827449798583991 -0.059949999675154679 48.045326232910163 50.589962005615241 35.506744384765632 -3.0567976236343379 69.86682510375978 45.856775283813484 45.661050796508796 -0.38324999809265131 27.158969879150394 -2.8313499689102168 21.560606956481937 47.320657730102546
decision_type=2 2 2 2 2 2 2 2 2 2 2 2 2 2 2 2 2 2 2 2 2 2 2 2 2 2 2 2 2 2
left_child=12 3 -3 4 5 6 -2 -7 11 10 -5 -4 13 17 15 24 21 18 -1 -20 -17 -16 23 -19 -15 27 -27 28 -14 -30
right_child=1 2 8 9 -6 7 -8 -9 -10 -11 -12 -13 25 14 16 20 -18 22 19 -21 -22 -23 -24 -25 -26 26 -28 -29 29 -31
leaf_value=-0.0010014858145599131 0.0087719274083842974 0.037343583099874469 0.03928797092684233 -0.0022031320817435134 -0.0090414215096146135 0.014108173946166487 -0.0026583062956687955 0.0050204685795959573 -0.00010526438646935949 -0.00013096164398247596 -0.038777252092154532 -0.0094139955677165869 -0.0077465740636350356 0.0028052568277691925 0.0391348210184898 0.033956122069073988 -0.0054558063820862547 -0.0073654453606874434 0.0046308964864703508 0.016040498266059095 6.3035076204546344e-05 0.013153938651338412 0.0012944951643010457 0.00090753180287317598 -0.027703667452563103 0.028006795076507895 0.00026763895585568513 -0.0045134069396919954 0.0032957258145077271 0.033034440314400115
leaf_weight=5987.1952384477481 736.77300222590566 41.599488541483879 56.234759591519833 90.62061801366508 319.51745735295117 1080.4114979188889 1361.5669571505859 1408.8562321281061 41292.168896347284 2429.1527251377702 64.700881987810135 26.677570410072803 772.90346485190094 95.615007437765598 184.072857927531 95.636644065380096 121.96420978661627 3451.9997848477215 2013.5547683052719 904.21269242465496 190.9117017313838 270.46809946093708 3456.3547147642821 2079.8411136455834 174.9076183103025 157.10947167873383 3391.025666850619 7847.0695806732401 1830.3335346346721 123.56806478649378
leaf_count=47205 5548 103 156 657 2616 4651 7315 6999 265753 17385 222 134 4431 598 689 204 1073 19562 11423 4589 485 1582 22954 17300 511 618 20955 45836 8408 281
internal_value=1.62262e-06 0.000376647 -1.86932e-05 0.00256296 0.00454026 0.00548914 0.00135358 0.00897086 -5.71486e-05 -0.00118888 -0.017604 0.023594 -0.00055148 0.000401061 0.00779006 -0.00231161 0.017553 -6.69868e-05 0.00200412 0.00817254 0.0114624 0.0237409 -0.00211969 -0.00425406 -0.0169181 -0.00183529 0.00150392 -0.00295648 0.00152141 0.00519278
internal_weight=82057 48908.3 41416.7 7491.6 4907.13 4587.61 2098.34 2489.27 41375.1 2584.47 155.322 82.9123 33148.7 19026.7 1133.58 557.071 576.505 17893.2 8904.96 2917.77 286.548 454.541 8988.2 5531.84 270.523 14122 3548.14 10573.9 2726.81 1953.9
internal_count=520243 311539 266146 45393 27129 24513 12863 11650 266043 18264 879 290 208704 128175 5142 1798 3344 123033 63217 16012 689 2271 59816 36862 1109 80529 21573 58956 13120 8689
is_linear=0
shrinkage=0.035


Tree=143
num_leaves=31
num_cat=0
split_feature=6 9 10 5 5 2 10 5 5 7 10 5 5 5 10 4 11 9 5 7 2 7 5 9 10 4 7 10 6 5
split_gain=12.6936 11.235 8.53836 32.5983 68.8744 89.4026 90.5643 65.4515 47.3083 56.5267 33.8073 27.3945 26.0289 212.784 93.9838 125.623 86.16 60.9973 46.7778 54.222 36.6771 39.6719 26.5285 47.8669 42.4173 26.0102 24.7398 23.7449 19.9266 19.9265
threshold=99.693408966064467 2.7615000009536748 1.0472377538681032 46.023597717285163 46.036748886108406 50.894683837890632 2.5888655185699467 46.016338348388679 46.117029190063484 24.034657478332523 3.509514689445496 45.886888504028327 46.023597717285163 46.036748886108406 -2.2287216186523433 46.966392517089851 53.345649719238288 -4.7622499465942374 46.181444168090827 70.530574798583999 52.222757339477546 35.611213684082038 45.558958053588874 0.029749999754130844 -1.2689077258110044 33.490200042724616 31.811714172363285 -0.84239029884338368 57.146558761596687 50.051733016967781
decision_type=2 2 2 2 2 2 2 2 2 2 2 2 2 2 2 2 2 2 2 2 2 2 2 2 2 2 2 2 2 2
left_child=2 -2 12 7 5 6 -5 11 9 -6 -7 26 17 14 15 -14 -16 20 19 -15 21 -1 23 -19 -24 -20 -4 -22 -9 -10
right_child=1 -3 3 4 8 10 -8 28 29 -11 -12 -13 13 18 16 -17 -18 22 25 -21 27 -23 24 -25 -26 -27 -28 -29 -30 -31
leaf_value=0.018304846361096822 -0.023634092206475815 0.045580856596807016 -0.0056383805034024622 0.015585358425006149 -0.020944580411380278 -0.011917782824119635 -0.0080115073580498686 0.023701178795451919 -0.003181570854990027 0.029486755137816956 -0.029994310710671553 0.012024256474075967 0.014426296315048381 -0.0054456760292914191 -0.0023795281350465105 0.060335835262637652 0.022218307798719448 0.0017690071661208612 -0.0034102974951329738 -0.038742374606218044 0.027580419762039676 -0.020094019610283339 -0.0041309291111089989 -0.00195653370666665 0.00030828035169967131 0.00071430487863542898 0.0011246018134071459 -0.0096099931296201851 0.076611307951416727 0.00047173565920311851
leaf_weight=66.179445743560791 40.413928222842515 2.2931658849120131 682.68810378015041 265.25640116631985 33.858343966305256 296.37113685905933 791.88141538202763 22.367205321788788 2394.136578027159 126.3208359181881 225.7305630594492 274.63567237555981 188.77254793047905 943.02630691230297 371.36319507658482 119.57183828949928 327.18350806832314 7449.713151987642 2145.614806804806 63.328280329704285 177.59401861578226 64.072163991630077 7265.4602482169867 9754.8068430423737 4133.924293845892 14687.504259668291 21407.818410906941 23.139239959418774 15.467682167887686 7730.6271161325276
leaf_count=175 1703 54 4277 645 99 747 2135 57 7927 363 628 1304 379 4605 903 224 719 50375 12662 165 804 189 34935 65645 23398 112667 132513 119 41 59639
internal_value=-8.61095e-05 -0.0189869 -7.60011e-05 0.000345497 -0.00113757 -0.00794109 -0.00207667 0.00113122 -9.16797e-05 0.0187321 -0.0197805 0.00105224 -0.000378433 0.000633517 0.016281 0.0323621 0.00914377 -0.00103779 -0.000249954 -0.00757704 0.0138814 -0.000537911 -0.00121106 -0.000342927 -0.00252055 0.000188014 0.000915084 0.0232375 0.0466516 -0.00039163
internal_weight=82091.1 42.7071 82048.4 34267.2 11864.2 1579.24 1057.14 22403 10284.9 160.179 522.102 22365.1 47781.3 18846.4 1006.89 308.344 698.547 28934.9 17839.5 1006.35 330.985 130.252 28603.9 17204.5 11399.4 16833.1 22090.5 200.733 37.8349 10124.8
internal_count=520096 1757 518339 210375 72183 4155 2780 138192 68028 462 1375 138094 307964 132324 2225 603 1622 175640 130099 4770 1287 364 174353 116020 58333 125329 136790 923 98 67566
is_linear=0
shrinkage=0.035


Tree=144
num_leaves=31
num_cat=0
split_feature=10 5 5 5 5 6 6 11 2 2 5 6 2 2 10 5 10 5 10 5 2 2 5 2 2 4 5 10 5 2
split_gain=9.13544 8.63485 8.13282 17.8197 13.474 9.8529 9.63233 7.63555 54.13 70.6544 94.467 94.5884 53.7396 37.3548 77.5996 32.8051 72.0514 57.5715 30.2359 26.1647 24.6371 42.139 79.4689 92.7962 63.4749 160.329 37.6339 29.4055 38.8641 62.5973
threshold=-12.683357715606688 97.043830871582045 45.661050796508796 45.565744400024421 45.668912887573249 10.719758033752443 63.918010711669929 56.295450210571296 51.620014190673835 52.757917404174812 45.558958053588874 64.702835083007827 51.443305969238288 51.228878021240241 4.4254078865051278 45.503585815429695 10.569621562957765 45.449871063232429 -1.7287489771842954 45.452220916748054 50.230611801147468 50.664962768554695 45.558958053588874 50.500419616699226 50.998905181884773 47.565050125122077 45.554418563842781 -1.7287489771842954 50.078678131103523 50.08058166503907
decision_type=2 2 2 2 2 2 2 2 2 2 2 2 2 2 2 2 2 2 2 2 2 2 2 2 2 2 2 2 2 2
left_child=1 2 3 5 -4 -1 -5 20 12 10 19 -12 13 18 -15 17 -17 -14 -9 -10 27 22 26 -24 25 -23 -22 28 -2 -30
right_child=7 -3 4 6 -6 -7 -8 8 9 -11 11 -13 15 14 -16 16 -18 -19 -20 -21 21 24 23 -25 -26 -27 -28 -29 29 -31
leaf_value=0.028372426852132891 0.005801139846458212 0.037558456638296503 -0.034886627417338618 0.013498853162975133 0.0020652745094626962 -0.0025888283996091722 0.040367759743637842 -0.0033035699441143684 -0.00095617498810584949 -0.00040496614751435835 0.0092623167413091907 0.034273215382821479 -0.027069929501655522 -0.0022413614562763269 0.018270935224888402 -0.024700292287685856 0.038553993987060393 0.0077061842799514349 0.00029921056511305981 0.0069769423316589467 -0.0021505931039849185 0.035508482106085322 -0.0029560416261919849 -0.024865627426502356 -0.00067601583288335091 0.0015297610249296067 0.016176154063271341 -0.00026763078085915862 -0.0014734325520429259 0.0098159139466233621
leaf_weight=13.452620401978491 2799.1640546880662 8.5540168508887273 11.598372191190718 52.458798795938492 465.88639334775507 106.1770917288959 24.899803340435028 3541.5905425772071 971.98532746918499 2879.0807959763333 605.91357754915953 267.38561065495014 81.65476350672543 508.58806893695146 404.74768436141312 260.41468250378966 23.303076758980751 198.10362987965345 14662.025497698225 1065.539929099381 1888.6586193535477 207.14072967320681 515.18642239272594 439.15352470055223 33193.552777109668 938.34232587553561 147.17458136938512 11550.458772629499 3478.7156031951308 726.57780727744102
leaf_count=74 18657 37 32 214 3086 612 75 21900 8098 15255 2233 1087 736 3281 1885 1069 61 921 92116 5229 12499 849 1775 1325 195696 6204 645 89655 28025 6753
internal_value=3.74927e-05 0.00406599 0.00358686 0.00955978 0.0010962 0.00100005 0.0225615 3.54498e-06 0.000505876 0.0034805 0.00732505 0.0169525 -0.000368997 -5.44128e-05 0.00684911 -0.0110142 -0.0193865 -0.00246742 -0.000401455 0.00319019 -0.000225281 -0.000743487 -0.00472816 -0.0130578 -0.000396204 0.00770082 -0.000816444 0.000816867 0.00260605 0.000476938
internal_weight=82037.5 683.027 674.473 196.988 477.485 119.63 77.3586 81354.5 25470.3 5789.91 2910.82 873.299 19680.4 19117 913.336 563.476 283.718 279.758 18203.6 2037.53 55884.1 37329.2 2990.17 954.34 34339 1145.48 2035.83 18554.9 7004.46 4205.29
internal_count=520084 4130 4093 975 3118 686 289 515954 153871 31902 16647 3320 121969 119182 5166 2787 1130 1657 114016 13327 362083 218993 16244 3100 202749 7053 13144 143090 53435 34778
is_linear=0
shrinkage=0.035


Tree=145
num_leaves=31
num_cat=0
split_feature=6 4 10 7 10 10 7 10 10 10 10 9 7 10 2 7 9 7 7 9 7 7 6 2 9 7 7 7 7 2
split_gain=9.76664 10.4656 11.3331 11.3535 8.10447 7.73938 10.7013 13.5385 30.0458 18.6188 16.2711 9.82278 71.707 85.8963 80.7853 69.4633 80.6346 61.6203 6.66718 7.48847 6.91051 27.0532 19.3786 6.41563 4.49865 4.76303 16.526 3.63864 7.57053 3.2986
threshold=99.358459472656264 43.237737655639656 4.2651145458221444 51.746061325073249 6.0274863243103036 -12.683357715606688 18.460414886474613 16.556191444396976 3.509514689445496 -0.2465885058045387 8.4382386207580584 -3.1450001001358028 22.281182289123539 8.0838499069213885 52.608695983886726 21.560606956481937 -1.83254998922348 24.405713081359867 76.442924499511733 6.0667500495910653 34.419713973999031 27.393962860107425 70.618785858154311 51.641031265258796 2.4813500642776494 35.846035003662116 35.611213684082038 64.290679931640639 73.50925445556642 49.794338226318366
decision_type=2 2 2 2 2 2 2 2 2 2 2 2 2 2 2 2 2 2 2 2 2 2 2 2 2 2 2 2 2 2
left_child=5 23 24 4 -4 18 7 8 9 -7 -10 12 13 -8 -14 16 -13 -17 19 20 21 -1 -22 -2 25 26 -3 -5 -29 -26
right_child=1 2 3 27 -6 6 11 -9 10 -11 -12 15 14 -15 -16 17 -18 -19 -20 -21 22 -23 -24 -25 29 -27 -28 28 -30 -31
leaf_value=0.0039159583951735169 0.044645080225971308 -0.011228890284957644 0.066457688635164061 -0.019185591455523544 0.0054225621320749453 -0.0043428060727394007 -0.0096115508772620338 -0.023821116527060659 0.034277234416696015 -0.028000039439723564 0.0017357984042130857 -0.00012592702500871503 -0.002831533811312808 0.058871352079059101 0.009734067209557452 -0.0066190986507802538 0.026591987501192672 9.8994653219904811e-06 0.036104703588151078 -0.029882929197809497 0.002327049784145965 -0.02643036783486993 0.022197298595991385 0.0033626675229882419 -0.0086493337674110275 -0.018768652441391233 0.070376604191145553 0.017162827730911361 -0.021853172239837862 0.027232100025781001
leaf_weight=309.25770382583141 5.6010026354342726 33.279656684957445 4.729199421592055 11.993620503693817 5.9812820926308632 372.01977772265673 741.31790637969971 42.106871552765369 34.572705917060375 45.26145938783884 41.452964976429939 297.12365623563528 1051.0110452547669 22.32185497879982 1548.3007640987635 1757.2325954139233 257.33021038770676 74909.580704610795 6.9681165516376486 7.3602472469210616 230.67676452547312 39.904587097465992 81.12131142616272 18.667027117684484 6.2631781194359046 119.48369335755706 2.5299758594483128 16.728772873990241 8.4761562002822739 4.7021460579708219
leaf_count=2130 81 613 57 100 40 2617 5148 439 245 373 317 1762 4777 148 6346 9579 1032 479464 50 32 1083 333 446 196 72 2263 33 143 106 49
internal_value=5.51897e-06 -0.00705582 -0.00955138 0.00527431 0.0357265 2.62575e-05 -4.7373e-06 -0.00493287 -0.00327052 -0.00697426 0.016828 2.79678e-05 0.00187949 -0.00754106 0.00465127 -5.2593e-05 0.0122821 -0.000142016 0.00375548 0.00336497 0.00378147 0.000375286 0.00756271 0.0142905 -0.0138702 -0.0154131 -0.0038603 -0.00387708 0.00350433 0.00694781
internal_weight=82033.4 238.436 214.168 47.909 10.7105 81794.9 81119.6 535.414 493.307 417.281 76.0257 80584.2 3362.95 763.64 2599.31 77221.3 554.454 76666.8 675.289 668.321 660.96 349.162 311.798 24.268 166.259 155.293 35.8096 37.1985 25.2049 10.9653
internal_count=520074 3753 3476 446 97 516321 512247 3991 3552 2990 562 508256 16419 5296 11123 491837 2794 489043 4074 4024 3992 2463 1529 277 3030 2909 646 349 249 121
is_linear=0
shrinkage=0.035


Tree=146
num_leaves=31
num_cat=0
split_feature=6 9 7 5 6 10 5 5 13 13 6 13 10 13 8 0 10 10 13 13 7 6 1 10 0 13 13 2 10 13
split_gain=10.4525 10.7048 14.6338 12.0756 12.0296 11.0463 17.3852 7.66741 17.2043 25.2159 20.4442 15.6221 12.69 14.1962 11.1958 11.8815 9.70167 8.83831 7.69824 17.9923 17.7669 17.3984 13.9777 13.6385 13.4088 11.1593 9.85625 9.69874 9.4687 8.65418
threshold=98.581562042236342 2.0738500356674199 73.779590606689467 45.449871063232429 98.976982116699233 7.502749204635621 45.745761871337898 98.366512298583999 1.0000000180025095e-35 2.353266835212708 44.941236495971687 1.0152545571327212 8.0838499069213885 3.0776515007019047 2.5000000000000004 55.20000076293946 14.079446315765383 2.0307927131652836 1.0152545571327212 1.1561079621315005 61.121740341186531 81.088863372802749 63.457191467285163 4.3427579402923593 42.399999618530281 1.0471491217613222 1.2270400524139407 98.050022125244155 -5.0674018859863272 5.7189540863037118
decision_type=2 2 2 2 2 2 2 2 2 2 2 2 2 2 2 2 2 2 2 2 2 2 2 2 2 2 2 2 2 2
left_child=7 3 4 -2 -3 -5 -7 8 14 10 -10 -12 17 -14 15 16 -1 -11 21 20 25 24 -23 29 28 -20 -25 -22 -9 -21
right_child=1 2 -4 5 -6 6 -8 18 9 12 11 -13 13 -15 -16 -17 -18 -19 19 23 27 22 -24 26 -26 -27 -28 -29 -30 -31
leaf_value=-4.2597372783000538e-06 -0.020193479961043592 -0.004586939044641733 -0.012103759238858133 -0.0054133125205194626 0.027793581227293477 0.05595366296231357 -0.0034019686599760877 0.010314490323408419 -0.019294496835780633 -0.00020814370150173161 -0.010964273861978568 -0.0016619584268791163 0.01657875610504176 -0.019585199006144822 -0.019006611035167396 0.029276824050221209 0.0035615794039834314 0.0082375920300538589 -0.012557853805945733 0.0050988276136502064 0.015838956812204059 0.019082272232047819 -0.0025308052771559272 -0.034550519519594307 0.015477895605041531 0.014828451780895783 -0.0030940867377849735 0.04588478443747096 -0.0089066194164664735 0.033874242668179642
leaf_weight=77290.80785446614 65.367885434068739 20.616640567779541 32.192208048887551 505.05331330932677 39.999567278660834 8.6251021102070826 16.07177097350359 34.138889878988266 137.11960971355438 339.27222705632448 337.64061067253351 645.79877167195082 16.226043380796909 59.04953807592392 37.001677490770817 16.230370350182056 945.26940587162971 271.54134043306112 26.398416638374329 373.86861410737038 28.181992098689079 82.524034969508648 64.233418554067612 12.42813068628311 35.639644175767899 53.79975788295269 174.57109606266022 28.233548656105995 294.06522680073977 12.605620913207529
leaf_count=490092 1117 108 370 5686 219 36 79 152 739 1811 1933 3659 64 312 164 62 5576 1511 135 1968 162 482 344 40 154 281 819 129 1619 59
internal_value=-3.63118e-05 -0.00432992 0.00664897 -0.00606045 0.0167501 -0.00427551 0.018158 0 -4.1916e-05 -0.00341792 -0.00665306 -0.00486912 0.0018573 -0.0116055 3.59352e-05 4.52232e-05 3.87702e-05 0.00354088 0.00275214 0.0051079 0.0164927 -0.000513181 0.0096127 0.00236442 -0.00462881 0.00569243 -0.00536026 0.0314293 -0.0068658 0.00612351
internal_weight=82004.6 687.926 92.8084 595.118 60.6162 529.75 24.6969 81316.6 80096 1806.65 1120.56 983.439 686.089 75.2756 78289.3 78252.3 78236.1 610.814 1220.69 710.087 136.614 510.601 146.757 573.473 363.844 80.1982 186.999 56.4155 328.204 386.474
internal_count=519882 7615 697 6918 327 5801 115 512267 505923 10029 6331 5592 3698 376 495894 495730 495668 3322 6344 3593 707 2751 826 2886 1925 416 859 291 1771 2027
is_linear=0
shrinkage=0.035


Tree=147
num_leaves=31
num_cat=0
split_feature=6 6 2 7 11 10 9 7 7 7 2 10 7 10 2 5 7 10 2 2 7 7 5 7 7 7 5 9 2 2
split_gain=12.7237 10.0751 33.5612 39.1318 96.4831 51.0378 39.9552 73.0002 36.9064 36.8708 36.6236 114.504 75.4131 62.8011 51.6325 67.9301 30.8969 11.6978 16.1643 39.3804 39.1687 28.5237 15.8224 25.8324 35.7524 22.4712 16.0868 20.3497 15.6401 32.3535
threshold=99.693408966064467 51.971612930297859 50.078802108764656 54.053018569946296 53.345649719238288 1.5553002357482912 -0.30304999649524683 56.680021286010749 60.380186080932624 48.710355758666999 49.82098579406739 -5.5668718814849845 64.699142456054702 8.0838499069213885 48.996879577636726 45.45686340332032 75.742977142333999 -6.2426600456237784 50.069299697875984 49.738378524780281 64.699142456054702 35.846035003662116 50.069540023803718 71.837898254394545 69.650360107421889 72.086982727050795 50.080322265625007 -1.9054500460624693 50.079301834106452 50.079809188842781
decision_type=2 2 2 2 2 2 2 2 2 2 2 2 2 2 2 2 2 2 2 2 2 2 2 2 2 2 2 2 2 2
left_child=1 17 10 4 9 -6 7 -5 -8 -4 14 12 -12 -13 16 -16 -3 22 19 21 -21 -19 23 24 -1 -25 -24 -28 -20 -30
right_child=-2 2 3 6 5 -7 8 -9 -10 -11 11 13 -14 -15 15 -17 -18 18 28 20 -22 -23 26 25 -26 -27 27 -29 29 -31
leaf_value=0.003952697375460724 -0.01890134383319508 0.0032279419041786705 -0.0016678832229019306 -0.010074470942896176 0.012656040381154714 0.0024593247044466522 -0.0070176748136529096 0.010129974695711454 -0.0020420885508105257 0.0043499148420559092 0.014384449579036132 0.0015964665957833334 0.061407069791711254 0.021756682834057319 0.0025705296632198911 -0.010288827875999024 -0.0050249188898637501 -0.0064272096915826233 0.0031043047975999032 0.00054019590418248424 -0.0075112474111650044 0.0012961654062262945 -0.0055937235704984559 0.062712885588716183 -0.015900807629743108 0.013056234697671056 -0.0040383839893979876 0.015529294031339432 -0.0070400266368163024 0.0006207411041215772
leaf_weight=2018.237750031054 42.342925210483372 3656.0339928679168 12367.079282179475 315.63643227890134 972.03987186029553 1581.8009273633361 2492.7106828168035 709.98249148949981 6854.9468356706202 1385.8265610076487 120.19170446693897 3287.3851715102792 64.289273105561733 200.16921220719814 879.92222858965397 1171.6386609449983 653.9798332862556 646.91172917932272 2973.3524679765105 1247.2881090939045 1813.7743702605367 6110.8430338799953 491.27387616038322 11.300933450460432 116.68928959220648 179.84295745193958 137.20272220671177 121.9749651029706 690.71255858242512 28663.594429291785
leaf_count=8679 1760 21138 82057 1891 5728 8417 17170 4565 49658 10658 1032 28708 355 1200 6501 4923 4183 3253 25758 9941 11179 32039 4139 54 433 1037 829 629 6008 165998
internal_value=9.99699e-05 0.000110059 -0.000320568 -0.000969665 9.90314e-05 0.00634587 -0.0026502 0.00390219 -0.00337015 -0.00106077 0.00140466 0.00418757 0.0310034 0.0027603 -0.00020091 -0.00477114 0.00197337 0.000459812 0.000307512 -0.00093586 -0.00422896 0.000555107 0.00254333 0.00396965 0.00285873 0.0162777 -0.00186785 0.00516314 0.000685389 0.000440056
internal_weight=81979 81936.6 36713.6 26680 16306.7 2553.84 10373.3 1025.62 9347.66 13752.9 10033.6 3672.04 184.481 3487.55 6361.57 2051.56 4310.01 45223 42146.5 9818.82 3061.06 6757.75 3076.52 2326.07 2134.93 191.144 750.452 259.178 32327.7 29354.3
internal_count=519920 518160 248184 180144 106860 14145 73284 6456 66828 92715 68040 31295 1387 29908 36745 11424 25321 269976 254176 56412 21120 35292 15800 10203 9112 1091 5597 1458 197764 172006
is_linear=0
shrinkage=0.035


Tree=148
num_leaves=31
num_cat=0
split_feature=6 5 5 10 10 4 6 2 5 5 2 5 5 2 2 10 4 2 4 5 5 6 5 5 2 10 11 6 11 10
split_gain=6.73698 27.2687 11.259 13.0194 12.7072 19.2677 10.7864 19.7095 43.6843 13.2634 14.1527 14.1277 11.8094 10.7234 10.6631 10.0964 10.0051 8.3977 8.20368 7.76637 7.48337 6.36598 13.8708 10.1115 6.0873 5.88848 12.1983 9.7424 8.36408 12.3847
threshold=0.43134848773479467 47.499412536621101 45.452220916748054 6.3144264221191415 -4.7294728755950919 52.920207977294929 2.8644508123397832 49.107086181640632 46.181444168090827 50.079999923706062 50.080970764160163 45.452220916748054 45.452220916748054 50.971370697021491 50.081499099731452 -0.69140237569808949 56.839122772216804 53.844207763671882 46.520668029785163 45.449871063232429 45.424163818359382 99.693408966064467 46.028558731079109 46.395015716552741 52.91411209106446 22.41047286987305 1.0000000180025095e-35 15.526998519897463 1.0000000180025095e-35 12.557685852050783
decision_type=2 2 2 2 2 2 2 2 2 2 2 2 2 2 2 2 2 2 2 2 2 2 2 2 2 2 2 2 2 2
left_child=1 2 3 15 -4 17 7 8 12 11 -11 24 -2 -7 -12 19 -14 -6 -13 -1 -17 25 -23 -24 -9 28 -27 -28 29 -8
right_child=6 -3 4 -5 5 13 21 9 -10 10 14 18 16 -15 -16 20 -18 -19 -20 -21 -22 22 23 -25 -26 26 27 -29 -30 -31
leaf_value=-0.0031983555142942903 -0.0027344076236654616 0.016318929868128926 -0.031311649092745801 0.043341784598416228 0.0016236997994250027 -0.039240308459002858 0.0078956927634392417 0.0047658782115249064 0.058216077028038056 0.02002484930607976 -0.010068443070369297 0.0028635313422072776 0.0076229095971586973 -0.006218340381342731 0.029753223652152352 0.020996818633397175 0.033527433974501086 -0.028636121266527485 -0.0026342429371622096 0.032476960393004413 -0.020041287126088277 -0.032026187370963764 0.040332080671236496 -0.011293183880677703 0.017298069194673058 -0.033996805924717877 -0.023338379419134449 -0.00071067222044881174 -6.3260772523934499e-05 -0.012183986051778624
leaf_weight=15.864770263433456 80.687264531850815 60.531401060521603 39.483690775930882 7.5657495409250251 108.6299087330699 32.033684514462948 301.90009384602308 319.54907798022032 22.40326951444149 90.138283543288708 43.579278968274593 486.48781272768974 61.517858348786831 20.45691891759634 9.284670338034628 5.5803611576557151 26.2836924046278 11.694862969219683 1041.9565477222204 12.63138622045517 35.188300505280495 22.109893191605806 6.7068103011697557 11.245114142075179 56.076671317219734 16.296341232955456 25.556017130613327 208.99133878946304 78861.592781808227 41.999956324696541
leaf_count=129 595 470 154 53 533 116 1913 2329 43 727 376 2388 212 99 80 48 75 82 5342 80 270 1150 69 500 448 178 205 1605 499564 373
internal_value=-1.69497e-05 -0.00485926 -0.00935001 0.00203802 -0.0134963 -0.00926018 3.72752e-06 0.00239972 0.013136 0.00139039 0.0116427 0.000612163 0.00685379 -0.0267887 -0.00260471 -0.00281702 0.0156892 -0.0014293 -0.000879199 0.0128314 -0.0139597 -6.36594e-05 -0.0138755 0.00851846 0.00668818 -5.64677e-05 -0.00540216 -0.00327686 -3.93951e-05 0.0054005
internal_weight=82084 349.661 289.13 76.8306 212.299 172.815 81734.4 2237.96 190.892 2047.07 143.002 1904.07 168.489 52.4906 52.8639 69.2648 87.8016 120.325 1528.44 28.4962 40.7687 79496.4 40.0618 17.9519 375.626 79456.3 250.844 234.547 79205.5 343.9
internal_count=520206 2034 1564 580 984 830 518172 12615 925 11690 1183 10507 882 215 456 527 287 615 7730 209 318 505557 1719 569 2777 503838 1988 1810 501850 2286
is_linear=0
shrinkage=0.035


Tree=149
num_leaves=31
num_cat=0
split_feature=6 2 2 10 10 2 2 10 4 4 7 4 7 7 9 10 2 9 7 10 10 7 7 2 7 2 10 2 4 8
split_gain=7.97673 23.3608 40.9051 96.2981 59.3567 47.9625 47.7275 65.6394 53.9186 46.1223 41.3718 94.8746 37.077 30.8627 91.0712 41.4224 44.0658 39.7942 84.3721 73.282 39.4986 109.565 61.1547 38.552 29.8953 68.6773 37.6693 22.7078 21.5821 18.4066
threshold=55.945737838745124 50.078802108764656 49.82098579406739 -5.7159907817840567 8.0838499069213885 48.996879577636726 49.021945953369148 -6.9107091426849356 51.111791610717781 52.920207977294929 64.699142456054702 52.040727615356452 59.841144561767585 54.053018569946296 0.45955000817775732 3.8988591432571416 52.786775588989265 -0.30304999649524683 56.680021286010749 -0.39110626280307764 1.263342618942261 48.710355758666999 49.614255905151374 50.079301834106452 60.380186080932624 51.255708694458015 14.079446315765383 50.475614547729499 38.841281890869148 -6.4999999999999991
decision_type=2 2 2 2 2 2 2 2 2 2 2 2 2 2 2 2 2 2 2 2 2 2 2 2 2 2 2 2 2 2
left_child=-1 2 5 10 28 29 8 -8 -7 -6 12 -12 -4 14 15 16 -3 18 27 -20 21 -16 -22 -17 25 -19 -26 -15 -5 -2
right_child=1 13 3 4 9 6 7 -9 -10 -11 11 -13 -14 17 20 23 -18 24 19 -21 22 -23 -24 -25 26 -27 -28 -29 -30 -31
leaf_value=0.00022975733212725064 -0.013886569542797191 -0.0041010599858291377 0.025221331159584245 -0.028731707500731854 0.049911016504842871 0.0066060108372647157 0.027662007541578718 -0.0048152864018937841 -0.030381386650735909 0.011044442540316224 0.092217863320316798 0.0015427593674445233 -0.036379284901561192 0.0313767825720093 0.019545204250385317 -0.020953229090591378 0.00027653984678346785 -0.014174946373202815 0.02462711952534841 0.0006381279803672989 -0.0015593501550214208 -0.010888154150174856 0.013751821305867669 0.0060451118916656412 -0.002562123216089905 -0.001775534202446228 0.013684204624445509 -0.013795358380474364 0.0018821491353418918 0.0018501571341769199
leaf_weight=48600.822817921638 92.425544001162052 5636.8080345559865 85.741695549339056 27.655456706881523 51.214300937950611 66.433866620063782 79.332638625986874 1550.975552469492 170.82700314000249 138.2224283516407 33.122643992304802 24.553688034415245 13.086870364844797 13.527939736843107 625.99491829238832 67.459816221147776 5624.0706229377538 917.66135793179274 283.69504479318857 346.83157135732472 1079.3290372416377 187.59996061772108 452.72479250095785 1248.9352754922584 6084.0145598193631 1358.177300889045 179.0967933088541 268.96402137726545 2995.2027771146968 3766.4041370619088
leaf_count=290801 609 40448 793 207 145 190 308 9498 595 974 128 187 52 137 3468 605 37483 5334 1714 2356 5530 1362 2759 7638 44822 10697 1204 1588 26479 22173
internal_value=-5.64915e-05 -0.000472349 0.00104094 0.00410101 0.00278855 -0.000758381 -0.00536229 -0.00321782 -0.020008 0.0217545 0.0308439 0.054285 0.0167673 -0.00103732 -4.56416e-05 -0.00122699 -0.00191425 -0.00260211 0.00433697 0.0114602 0.00628396 0.0125154 0.00296538 0.00464436 -0.00334522 -0.00678151 -0.00209475 -0.011525 0.00159223 0.00146862
internal_weight=82070.9 33470.1 9095.2 3368.8 3212.29 5726.4 1867.57 1630.31 237.261 189.437 156.505 57.6763 98.8286 24374.9 14922.9 12577.3 11260.9 9451.97 913.019 630.527 2345.65 813.595 1532.05 1316.4 8538.95 2275.84 6263.11 282.492 3022.86 3858.83
internal_count=520284 229483 62338 28965 27805 33373 10591 9806 785 1119 1160 315 845 167145 99293 86174 77931 67852 5795 4070 13119 4830 8289 8243 62057 16031 46026 1725 26686 22782
is_linear=0
shrinkage=0.035


Tree=150
num_leaves=31
num_cat=0
split_feature=11 7 7 6 6 10 2 2 2 7 7 7 7 2 2 9 9 2 7 7 2 2 2 7 10 9 10 2 10 5
split_gain=9.11871 75.8578 52.2332 59.6732 51.8209 47.8766 105.321 105.859 45.7481 42.2862 36.057 126.149 56.1931 34.2056 124.071 40.9339 31.0076 36.0459 30.0891 132.26 70.4872 106.518 96.9605 120.355 80.2785 56.6798 38.915 31.0349 30.0866 26.3347
threshold=56.046949386596687 56.680021286010749 60.380186080932624 56.734876632690437 19.544479370117191 1.5202921032905581 51.430761337280281 52.506393432617195 51.080837249755866 64.163467407226577 36.589582443237312 39.231353759765632 34.66917800903321 49.856487274169929 50.051361083984382 2.6875499486923222 1.2834500074386599 50.619283676147468 67.648265838623061 67.683456420898452 49.856487274169929 50.079427719116218 49.666902542114265 71.087303161621108 8.4382386207580584 0.20564999431371692 5.885000705718995 50.459417343139656 2.366353034973145 45.449871063232429
decision_type=2 2 2 2 2 2 2 2 2 2 2 2 2 2 2 2 2 2 2 2 2 2 2 2 2 2 2 2 2 2
left_child=18 4 3 -3 -2 6 8 -8 -6 16 12 -12 -7 15 -15 -11 -4 -18 -1 25 22 24 23 -21 -22 26 -20 -23 -24 -5
right_child=1 2 9 29 5 10 7 -9 -10 13 11 -13 -14 14 -16 -17 17 -19 19 20 21 27 28 -25 -26 -27 -28 -29 -30 -31
leaf_value=-0.00047458677489427606 -0.0022199411747045564 -0.00057842358460292911 -0.0017525958715746501 0.0053467215688090489 0.0038878440012080858 0.0037843762151456343 0.031078052416490982 0.007596084317446879 -0.021226675321087608 -0.00061159769016003022 0.030972657114745995 0.0027152591903328391 -0.01836567142483457 -0.01457679336408968 -0.00067713134895098321 0.0048664251289377812 0.001191947561255111 0.011675274734312169 0.06088277648854299 0.0080639799107370281 0.011991906565963441 -0.0068667572494323292 -0.027277209307143505 -0.0090763442608402245 0.050675721689471764 0.006611892217005518 -0.012409623570567485 0.0045404884140950071 -0.0062041615648241394 -0.017771657313948717
leaf_weight=51207.388883523643 1209.3147869929671 784.7114545032382 686.01219888590276 67.083647832274437 398.03031123615801 385.86045215278864 421.2760625295341 535.04061608761549 113.4613433778286 5032.2520152842626 212.78333827108145 2074.8860791325569 219.18317171931267 865.93762739934027 8534.7354215951636 2499.5009148968384 715.06962775904685 921.58862674981356 78.641789205372334 1104.5445063458756 849.81976961996406 557.54933689814061 224.40460460633039 918.2893420252949 70.725344553589821 52.184914760291576 9.5407687723636609 611.63209178764373 133.90223781391978 539.58254152536392
leaf_count=332293 5974 4451 4841 691 2830 1786 1992 2827 545 29986 981 10767 855 3467 62609 12088 3807 4793 312 5302 5949 4472 1162 6012 169 229 74 4904 677 3334
internal_value=2.21929e-05 0.000560703 -0.000416897 -0.00696384 0.0041853 0.00596337 0.0111124 0.017965 -0.00169395 5.60922e-05 0.0033459 0.00535654 -0.0042418 -0.000551083 -0.00195937 0.00120574 0.00448412 0.00710212 -0.000230608 0.00247685 0.00142177 0.00611274 -0.00269283 0.000278956 0.015013 0.0358343 0.0528341 -0.000894295 -0.0194529 -0.0152001
internal_weight=82034.9 26216.3 20646.5 1391.38 5569.84 4360.52 1467.81 956.317 511.492 19255.1 2892.71 2287.67 605.044 16932.4 9400.67 7531.75 2322.67 1636.66 55818.6 4611.23 4470.87 2089.73 2381.14 2022.83 920.545 140.367 88.1826 1169.18 358.307 606.666
internal_count=520179 158624 130067 8476 28557 22583 8194 4819 3375 121591 14389 11748 2641 108150 66076 42074 13441 8600 361555 29262 28647 15494 13153 11314 6118 615 386 9376 1839 4025
is_linear=0
shrinkage=0.035


Tree=151
num_leaves=31
num_cat=0
split_feature=6 5 6 5 5 7 5 7 7 2 4 5 11 7 7 6 5 5 5 9 5 7 2 2 5 7 2 11 5 4
split_gain=9.8017 17.5535 10.3042 20.5051 12.7703 16.6987 10.6023 33.5485 36.658 20.6376 16.9577 12.0783 9.46084 86.8993 84.3296 54.7491 44.6488 95.2165 64.1095 26.3205 34.6598 31.4853 24.5451 42.9697 79.2171 80.551 50.6032 130.427 50.4013 30.1246
threshold=5.6323618888854989 43.508358001708991 0.43134848773479467 50.051733016967781 45.558958053588874 42.775737762451179 45.498958587646491 48.710355758666999 48.045326232910163 46.85585021972657 48.447837829589851 45.489482879638679 56.295450210571296 57.632680892944343 57.865306854248054 15.526998519897463 45.596515655517585 46.028558731079109 45.565744400024421 2.6139500141143803 45.45686340332032 60.380186080932624 50.102197647094734 50.664962768554695 45.558958053588874 63.42186355590821 50.998905181884773 42.127450942993171 45.554418563842781 39.342920303344734
decision_type=2 2 2 2 2 2 2 2 2 2 2 2 2 2 2 2 2 2 2 2 2 2 2 2 2 2 2 2 2 2
left_child=1 -1 3 4 5 -3 7 8 -4 -8 -11 -9 22 15 -15 -14 18 -18 -17 20 -16 -21 -2 24 28 -26 27 -25 -24 -28
right_child=12 2 6 -5 -6 -7 9 11 -10 10 -12 -13 13 14 19 16 17 -19 -20 21 -22 -23 23 26 25 -27 29 -29 -30 -31
leaf_value=0.037044288081726016 0.00071841242185621379 0.022454045983343392 0.010418978702867511 0.014332969590910346 -0.017283831699463285 -0.0070419375705235154 0.024905368080309461 0.0010808157596792713 0.050392132138610386 0.0029329156346819697 -0.0022006683541220843 0.022489452417231413 -0.0051881454469691838 -0.02579541456461917 0.00080494774116974654 0.0029276641254552629 0.01647337644747834 0.0028587570555978726 -0.038004755138526816 -0.013039356504060457 -0.0028636762898148851 0.0020115032597933422 -0.0026405126333043883 0.041376854537640076 -0.0048823342832089193 -0.026447208738332697 0.0030075747844915514 0.0026091368590768693 0.019287045043423864 -0.0010875041263357732
leaf_weight=16.176798433065414 17552.158493457362 27.311964765191078 268.12085255235434 57.936283610761166 115.62171803414822 141.76400194317102 41.5869285389781 1223.8445380851626 30.87854477763176 1545.9486386403441 1605.9060329347849 32.414348192512989 642.67636027932167 161.04730853624642 5497.4729285957292 2168.5203463239595 1121.5904426202178 1436.6916886549443 47.092504978179932 174.74344836175442 7393.5099270222709 5564.676237815991 1870.8644004538655 119.11830199509859 519.15213690325618 359.77906078472733 2381.3733452241868 942.92577583249658 137.03266421705484 28756.802624186501
leaf_count=36 135607 155 1672 450 521 883 119 7389 127 8279 9204 264 3225 786 39451 11600 4791 8035 150 919 46779 31341 12798 439 1728 1233 11362 6114 602 173598
internal_value=1.21131e-05 0.00149677 0.00137665 -0.00447261 -0.00835353 -0.00215274 0.00180085 0.00417068 0.0146939 0.000643758 0.000315181 0.00165274 -8.64856e-05 0.000486039 -0.000639519 0.0043917 0.00568348 0.00883364 0.00204109 -0.000420589 -0.00129866 0.00155029 -0.000349918 -0.00088455 -0.0049749 -0.0137336 -0.000517508 0.00699176 -0.00113346 -0.000774028
internal_weight=81954.7 5107.51 5091.33 342.634 284.698 169.076 4748.7 1555.26 298.999 3193.44 3151.85 1256.26 76847.2 24208 18791.4 5416.57 4773.89 2558.28 2215.61 18630.4 12891 5739.42 52639.2 35087 2886.83 878.931 32200.2 1062.04 2007.9 31138.2
internal_count=519657 29099 29063 2009 1559 1038 27054 9452 1799 17602 17483 7653 490558 147077 119276 27801 24576 12826 11750 118490 86230 32260 343481 207874 16361 2961 191513 6553 13400 184960
is_linear=0
shrinkage=0.035


Tree=152
num_leaves=31
num_cat=0
split_feature=5 5 10 5 5 2 5 5 9 5 9 9 4 5 10 11 2 6 13 1 0 1 6 5 10 6 5 13 13 11
split_gain=11.4229 13.4574 11.0162 28.4134 132.465 103.152 63.4297 59.1958 53.2517 27.5944 38.7509 46.0814 23.3353 42.2199 20.7348 17.1995 10.7226 15.1352 13.2995 11.7463 15.3101 11.0983 12.2486 10.1103 13.6957 10.5312 8.58936 8.12475 20.8776 18.7145
threshold=98.366512298583999 92.948387145996108 -0.61513367295265187 46.023597717285163 46.036748886108406 51.59552192687989 46.181444168090827 46.016338348388679 -4.7622499465942374 43.508358001708991 -0.94275000691413868 1.7159499526023867 47.032857894897468 46.157749176025398 -1.4375951886177061 59.146549224853523 4.4529647827148446 79.18173980712892 1.5268065333366396 66.614727020263686 35.20000076293946 45.721399307250984 22.696355819702152 96.985183715820327 1.263342618942261 60.306907653808601 97.700561523437514 1.0152545571327212 1.1561079621315005 71.000350952148452
decision_type=2 2 2 2 2 2 2 2 2 2 2 2 2 2 2 2 2 2 2 2 2 2 2 2 2 2 2 2 2 2
left_child=1 2 3 7 5 -5 -6 8 -1 10 -4 -12 13 -11 -9 -14 17 19 21 20 -3 26 -23 25 -25 -20 -18 -2 -29 -30
right_child=27 16 9 4 6 -7 -8 14 -10 12 11 -13 15 -15 -16 -17 18 -19 23 -21 -22 22 -24 24 -26 -27 -28 28 29 -31
leaf_value=0.013701013882921855 0.0001109356342392201 -0.0019418952441290502 -0.0062380649641460536 0.033313029327962256 -0.0098674553671707424 0.0033545670529064302 0.00087681746757800171 -0.028162116010634387 -0.0012118838737366776 0.0042052961123778213 0.076841766057892849 0.0057467230661982505 -0.00041453760522262932 -0.0013795002518508966 0.0089730064189984943 0.0011346553541545148 -6.8025558890641232e-05 -0.01060547129617804 -0.0011164550697606989 0.006675973663145025 0.012074660811728252 -0.018561737433857077 -0.0062936605137714893 -0.0035009686205434458 0.010795499792899692 -0.017820836846407499 -0.01686776799458117 0.017993099801575069 0.0062692263653541152 -0.0090087412395021844
leaf_weight=297.04899717867374 513.50436121970415 975.65752828121185 35.312811031937599 267.00304648280144 718.19048458710313 298.49869670718908 10537.548050032929 129.62242659181356 19051.079920886084 4832.2679197080433 22.443360522389412 22.20736837387085 24660.706595963798 2521.401352699846 20.74610485509038 13628.6469106609 474.52350290864706 143.9136268645525 297.99917450547218 366.25648606568575 104.95786335319281 114.42339710146189 801.29468166083097 140.90783046931028 192.95818390697241 54.213891424238682 39.742388032376766 139.82233066856861 445.90497059375048 124.858164742589
leaf_count=1143 2755 5513 161 525 3527 665 80691 462 112282 26804 58 50 168685 18073 79 79759 2728 899 1647 2136 433 633 4653 768 1017 281 218 721 2335 520
internal_value=0.000125405 7.44302e-05 0.000173632 -0.000331908 0.00102165 0.017539 0.000189987 -0.00115289 -0.00098201 0.000520073 0.0209625 0.0423597 0.000483739 0.00228951 -0.022972 0.000136709 -0.00198507 0.000181904 -0.00361688 0.00126498 -0.000566099 -0.00553826 -0.00784912 0.000379415 0.00474683 -0.00374204 -0.00140408 0.00348012 0.00590215 0.00290689
internal_weight=81973.7 80749.6 77042.7 31319.7 11821.2 565.502 11255.7 19498.5 19348.1 45723 79.9635 44.6507 45643 7353.67 150.369 38289.4 3706.85 1590.79 2116.06 1446.87 1080.62 1429.98 915.718 686.079 333.866 352.213 514.266 1224.09 710.585 570.763
internal_count=520221 513890 492964 199374 85408 1190 84218 113966 113425 293590 269 108 293321 44877 541 248444 20926 8981 11945 8082 5946 8232 5286 3713 1785 1928 2946 6331 3576 2855
is_linear=0
shrinkage=0.035


Tree=153
num_leaves=31
num_cat=0
split_feature=5 6 13 13 6 2 13 11 13 0 13 13 0 10 13 13 6 13 6 7 5 9 6 13 13 6 7 0 11 7
split_gain=10.7888 15.6129 12.7097 20.6594 15.3598 15.644 14.1907 13.8243 13.416 13.0069 18.2479 12.9541 12.6834 12.6067 10.6047 14.2521 28.3185 20.4158 26.8948 15.3711 13.9932 12.6219 12.3402 11.0894 9.88579 8.56592 8.56497 8.53758 8.52786 101.129
threshold=98.467041015625014 31.531767845153812 1.4928698539733889 2.020408153533936 64.298782348632827 2.3889746665954594 1.6530054211616518 66.488849639892592 1.3423423767089846 42.399999618530281 1.1428944468498232 1.0362972021102907 10.000000000000002 -1.350740313529968 1.0000000180025095e-35 1.0362972021102907 90.082221984863295 1.1428944468498232 73.686916351318374 40.298776626586921 96.323913574218764 -1.1216500401496885 51.585536956787116 1.0152545571327212 4.2572462558746347 64.702835083007827 71.992401123046889 35.20000076293946 47.611949920654304 56.680021286010749
decision_type=2 2 2 2 2 2 2 2 2 2 2 2 2 2 2 2 2 2 2 2 2 2 2 2 2 2 2 2 2 2
left_child=14 12 8 4 5 -4 -6 25 9 11 -11 -3 24 -10 28 16 22 18 19 -17 26 -22 -16 -24 -2 -5 -19 -20 29 -1
right_child=1 2 3 7 6 -7 -8 -9 13 10 -12 -13 -14 -15 15 17 -18 20 27 -21 21 -23 23 -25 -26 -27 -28 -29 -30 -31
leaf_value=-0.0003015079116445737 -0.0079844436451144071 -0.0020551448579594158 0.072656306199819373 0.014068034141441577 0.0233901740027311 0.024883234069857915 -0.019207410956075199 -0.0068439231295841351 0.015818002043122604 0.020362900993216734 -0.024307211040493302 0.0088131366639245777 -0.024718534521229411 -0.027215211442540823 -0.029499239785745295 0.059106246339722605 0.031029798725429804 -0.010435482285934869 -0.017594785768699734 0.017695233060099774 -0.010699344363301671 0.0016326737780295241 -0.010035258260853167 0.019498262301095116 0.0360152992359246 -0.013528072954934897 0.0014499805632038471 0.024562098745019103 -0.00034629013365584694 0.0059974706111327733
leaf_weight=28211.705083107576 19.582925543189052 455.85721223056316 9.7696876153349859 120.18268670886755 20.658374279737473 58.166132256388664 16.424103297293186 87.055681824684143 10.229438737034796 87.052764236927032 12.018066078424452 189.2889895811677 41.898669824004173 33.302390739321709 38.51155062019825 14.078579999506472 20.056213617324829 314.67825783789158 30.377089343965054 50.76520062237978 115.28816656023264 817.20460741966963 320.27863931655884 15.490937344729899 8.1687549054622632 14.65399333834648 95.614341475069523 6.4023812860250464 47318.347146264277 3509.867286093533
leaf_count=178247 114 2534 49 624 58 302 83 387 57 328 45 978 194 185 205 77 73 1587 213 295 598 4503 1902 101 49 81 648 35 306907 18996
internal_value=-6.11192e-05 0.00325394 0.00426592 0.0100636 0.0228061 0.0326209 0.00433141 0.00394108 0.00184327 0.00296255 0.0147227 0.00112979 -0.0127066 -0.0168421 -0.00010978 -0.00273689 -0.00862981 -0.00111934 0.0139346 0.0274036 -0.00227146 9.26477e-05 -0.0108353 -0.00860881 0.00536802 0.0109552 -0.00765124 -0.0097034 -4.85487e-05 0.000395362
internal_weight=82063 1184.31 1114.66 326.911 105.018 67.9358 37.0825 221.892 787.749 744.217 99.0708 645.146 69.6504 43.5318 80878.7 1838.75 394.337 1444.41 101.623 64.8438 1342.79 932.493 374.281 335.77 27.7517 134.837 410.293 36.7795 79039.9 31721.6
internal_count=520455 6068 5711 1584 492 351 141 1092 4127 3885 373 3512 357 242 514387 10237 2281 7956 620 372 7336 5101 2208 2003 163 705 2235 248 504150 197243
is_linear=0
shrinkage=0.035


Tree=154
num_leaves=31
num_cat=0
split_feature=2 12 8 2 9 10 7 10 1 7 1 4 10 10 5 2 10 7 4 10 4 7 7 11 5 10 7 11 12 12
split_gain=7.66577 10.8557 8.87225 8.51363 10.587 40.3993 32.2636 23.7942 9.51038 14.5869 13.8296 14.1063 12.4598 12.775 10.3865 10.1516 9.39143 9.07067 8.66679 8.40385 7.32197 7.05072 10.9659 6.88143 6.81522 6.47708 17.9068 9.3306 6.1791 7.51968
threshold=99.632465362548842 63.91038894653321 1.5000000000000002 54.515148162841804 -4.7622499465942374 12.557685852050783 20.186177253723148 8.4382386207580584 98.82376861572267 39.775512695312507 72.377178192138686 56.993158340454109 -6.2426600456237784 9.343633174896242 99.069286346435561 2.0574656724929814 -6.0641770362853995 53.114164352416999 40.180032730102546 22.41047286987305 72.505500793457045 25.586957931518558 35.611213684082038 77.268501281738295 93.459373474121108 7.502749204635621 18.460414886474613 8.9120998382568377 87.099601745605483 82.792373657226577
decision_type=2 2 2 2 2 2 2 2 2 2 2 2 2 2 2 2 2 2 2 2 2 2 2 2 2 2 2 2 2 2
left_child=3 -2 28 8 5 25 7 -6 10 21 14 17 24 -14 -1 -16 -8 -12 -9 -7 -4 -10 -23 -22 -11 26 -5 -27 29 -3
right_child=1 2 20 4 6 19 16 18 9 12 11 -13 13 -15 15 -17 -18 -19 -20 -21 23 22 -24 -25 -26 27 -28 -29 -30 -31
leaf_value=3.2630983776541361e-05 0.034548500050878811 0.01106653733913467 -0.027898578500461686 0.066416391276131276 -0.036063218646670392 -0.0034412543030599659 -0.01680692254203631 0.035698220610418996 -0.021032684059005477 0.01006953246878619 -0.0021301532977912037 0.02554836550066833 0.0057360586443141355 0.04945732283073323 0.016357166972801925 0.0023842952314157501 -0.0015797203255213585 -0.010754049916660886 -0.017277829760152203 -0.032472657320088576 0.005798073327001039 0.0073506894615040144 -0.010909780166158367 -0.022296911445757964 0.052367853803884555 0.02448759496790149 0.00057554466404911289 0.069540039312798382 0.005132609028843594 0.048441036984482384
leaf_weight=78525.254844816402 14.706459082663057 25.225221231579781 13.856585957109926 5.837529860436919 57.069767963141203 40.897446416318417 50.685277245938778 8.2620236575603467 23.958812408149242 9.2645872831344622 331.24735417217016 16.936945892870426 376.17224025726318 7.6395146399736396 89.116973541676998 225.12273143976927 1482.5224738903344 275.94413112848997 5.6511385589838019 17.181722115725279 48.120620511472225 87.817817598581314 72.94313944876194 12.854242093861101 11.029923580586908 18.725907251238826 22.2895442917943 9.0521814525127393 128.75729168206453 8.920654743909834
leaf_count=500498 67 117 63 40 485 370 212 58 115 48 1747 75 2572 28 457 1271 7857 1690 43 197 223 515 369 42 60 127 163 62 616 39
internal_value=1.6418e-05 0.00609648 0.0041971 -2.32619e-06 -0.00243953 0.00781455 -0.00317602 -0.0261195 4.99202e-05 0.00447864 1.69705e-05 -0.00516904 0.00820334 0.00672556 5.81661e-05 0.00640063 -0.00209617 -0.00606987 0.0139356 -0.0124731 -0.0056815 -0.0036323 -0.000904423 -0.000223426 0.0345044 0.0288932 0.0159411 0.0409497 0.0087833 0.0219164
internal_weight=82023.1 252.441 237.735 81770.6 1718.18 113.984 1604.19 70.9829 80052.4 588.826 79463.6 624.128 404.106 383.812 78839.5 314.24 1533.21 607.191 13.9132 58.0792 74.8314 184.72 160.761 60.9749 20.2945 55.9052 28.1271 27.7781 162.903 34.1459
internal_count=520226 1167 1100 519059 9614 959 8655 586 509445 3707 505738 3512 2708 2600 502226 1728 8069 3437 101 567 328 999 884 265 108 392 203 189 772 156
is_linear=0
shrinkage=0.035


Tree=155
num_leaves=30
num_cat=0
split_feature=6 10 7 10 7 6 9 5 10 9 7 2 2 5 10 6 5 6 6 2 9 6 6 2 6 6 6 7 6
split_gain=11.28 9.79786 15.2374 13.722 11.9961 13.1587 11.8821 9.74181 7.80709 7.18995 42.6389 19.6728 19.862 17.4519 16.7332 10.5608 5.79185 5.24116 3.29342 3.12874 1.88976 2.41098 1.4882 1.36506 1.21541 3.62363 1.82121 0.825037 0.777641
threshold=99.693408966064467 22.41047286987305 90.347183227539077 16.556191444396976 35.846035003662116 29.112630844116214 4.7590000629425058 46.117029190063484 4.5968675613403329 5.2697000503540048 83.923740386962905 50.664962768554695 50.434299468994148 45.582262039184577 16.556191444396976 39.838054656982429 50.079050064086921 37.858283996582038 50.815494537353523 50.080711364746101 7.6709501743316659 41.822921752929695 59.896903991699226 50.079809188842781 15.930356025695803 23.877877235412601 11.516717910766603 18.460414886474613 33.471933364868171
decision_type=2 2 2 2 2 2 2 2 2 2 2 2 2 2 2 2 2 2 2 2 2 2 2 2 2 2 2 2 2
left_child=1 2 9 -4 22 24 18 -2 16 10 14 12 -11 -13 -1 -12 -9 -8 -7 23 21 -5 27 -18 26 -26 -6 -3 -22
right_child=7 4 3 20 5 6 17 8 -10 11 15 13 -14 -15 -16 -17 19 -19 -20 -21 28 -23 -24 -25 25 -27 -28 -29 -30
leaf_value=-6.5673229286059627e-05 -0.032391058889296422 -0.024166150142679015 0.055398331302485962 0.0033877467317976724 -0.016341959162108077 0.00051372905958832189 0.012775590642972528 -0.031514716109882809 0.038416785961712198 0.0034189633224404551 -0.011421786533640267 -0.014221133374220362 0.019557722578005712 0.0040686005643603002 0.0086504112676145106 -0.036643702869592301 0 -0.007519154937349946 0.023381835704198051 -0.014171423502482284 0.0049494882995792079 0.032299973034892182 -0.036920719986295224 0.049899603150846579 -0.0010425234096385386 -0.025840368703973719 -0.038475602589548005 -0.005391332217432647 -0.011990021651890342
leaf_weight=80331.994451683015 23.736902234144509 9.9683993458747917 10.15305185317993 9.3735428452491742 18.810809560120109 11.293897353112696 17.404772609472275 7.0731624737381953 4.3994151484221211 613.78880529850721 41.21269628405571 131.59240011125803 109.94852751493454 122.16703549027443 269.92188529670238 43.808964256197214 1.1963484380394223 102.41198240220547 29.162261053919792 1.9313303604722021 6.6134414300322533 5.8391881734132776 13.55416766554117 1.6874494608491657 16.758782610297207 12.877020686864851 8.1666941717267019 6.1974958777427664 4.9091563895344734
leaf_count=508770 1186 113 69 73 159 64 127 276 46 3264 391 680 263 445 1399 439 63 900 166 95 58 43 133 76 127 92 66 26 42
internal_value=-4.64487e-05 -3.71998e-05 -1.6054e-05 0.0222332 -0.00699186 -0.00404668 0.00105726 -0.0184399 0.00204688 -2.64075e-05 -6.26533e-05 0.00295593 0.00589928 -0.00540332 -3.63122e-05 -0.0247198 -0.0124342 -0.00444789 0.0173013 0.0148442 0.00814048 0.0159817 -0.0275859 0.0350342 -0.0184313 -0.0124434 -0.0242094 -0.0179747 -0.00200933
internal_weight=81988 81947.9 81701.3 36.8884 246.606 216.886 160.273 40.0246 16.2877 81664.4 80686.9 977.497 723.737 253.759 80601.9 85.0217 11.8883 119.817 40.4562 4.81513 26.7353 15.2127 29.7201 2.8838 56.6133 29.6358 26.9775 16.1659 11.5226
internal_count=519651 517909 515936 285 1973 1701 1257 1742 556 515651 510999 4652 3527 1125 510169 830 510 1027 230 234 216 116 272 139 444 219 225 139 100
is_linear=0
shrinkage=0.035


Tree=156
num_leaves=31
num_cat=0
split_feature=6 7 5 7 5 7 11 7 4 5 2 2 5 5 7 4 4 11 2 4 7 2 5 2 7 7 2 4 7 4
split_gain=7.03319 15.8885 34.1121 57.6774 65.9766 35.82 34.6126 29.9053 20.5708 16.8702 16.029 32.6156 14.3913 57.0865 37.7589 67.7324 22.9567 15.6798 26.5543 66.2101 20.4565 25.5964 22.3337 17.6714 9.23322 18.3109 10.0188 8.70446 7.7247 16.813
threshold=86.606227874755874 38.938592910766609 45.558958053588874 33.509216308593757 45.565744400024421 32.421426773071296 44.758750915527351 36.454193115234382 45.947998046875007 45.745761871337898 53.427110671997077 53.189384460449226 46.117029190063484 49.068109512329109 70.530574798583999 51.725412368774421 54.321641921997077 67.773700714111342 47.838615417480476 54.022077560424812 73.779590606689467 53.017904281616218 45.442907333374031 49.738378524780281 64.290679931640639 61.993902206420906 50.069299697875984 49.70594787597657 38.85840034484864 48.226026535034187
decision_type=2 2 2 2 2 2 2 2 2 2 2 2 2 2 2 2 2 2 2 2 2 2 2 2 2 2 2 2 2 2
left_child=-1 2 10 5 8 6 -4 -6 -5 -7 11 -2 17 14 16 -16 -14 18 19 -3 21 -19 -22 -20 25 -15 -26 -13 -12 -30
right_child=1 12 3 4 7 9 -8 -9 -10 -11 28 27 13 24 15 -17 -18 20 23 -21 22 -23 -24 -25 26 -27 -28 -29 29 -31
leaf_value=5.8958429321329959e-06 -0.010418137147723812 0.04434999890752906 -0.0020864267023304427 0.025642013205187913 0.0017302302555260534 -0.030718644247810938 0.013943875736308857 0.016112957345473699 0.061975314835055507 -0.0044870521750182768 -0.020734835191168265 0.02125855844936398 -0.035004535752311994 -0.00054882556636244952 0.048058676922326633 -0.028900461279357852 -0.012563064505082324 0.0068235010115555335 -0.0082889497354061235 -0.00959920371002616 0.006641137257812066 0.058702243214083738 -0.014629800003822566 -0.001496206543736961 0.006148714148018433 0.019825898664159926 -0.0067967338557673625 -0.017854565487899557 0.064076285712994549 -0.024616427257762356
leaf_weight=73234.758232444525 206.61331231053919 50.048513025045395 1168.1967463949695 61.230339840054512 530.89310474786907 69.787486493587494 191.30530443042517 266.10742167476565 29.493667999282479 54.037779382430017 120.37434596382082 62.987746976315975 129.92774742096663 461.59593663644046 25.394047468900681 29.270061179995537 102.00120149925351 427.1140143815428 547.67668030504137 60.804544538259506 115.29863256495446 11.24317319691181 124.94919549301267 3284.5080706104636 86.160537542775273 60.312283109873533 451.86955498158932 7.0198030248284331 3.5645361207425577 5.6987033998593688
leaf_count=449935 1455 233 9728 217 3523 333 1433 2161 109 395 1294 687 456 5133 47 82 312 1894 4191 478 1095 33 784 27040 945 643 4854 69 42 65
internal_value=-0.000106041 -0.00104411 0.00114093 0.00274929 0.00980239 -0.00147005 0.00017104 0.00655254 0.0379686 -0.0194295 -0.00821574 -0.00340437 -0.00206212 -0.00524659 -0.0190845 0.00690199 -0.0252421 -0.00113205 -0.00197904 0.0148386 0.00377562 0.00827456 -0.00440435 -0.00247035 -0.00148684 0.00181905 -0.0047046 0.0170803 -0.0183447 0.011198
internal_weight=81980.2 8745.48 2777.31 2371.05 887.725 1483.33 1359.5 797.001 90.724 123.825 406.258 276.621 5968.17 1346.53 286.593 54.6641 231.929 4621.64 3943.04 110.853 678.605 438.357 240.248 3832.18 1059.94 521.908 538.03 70.0076 129.638 9.26324
internal_count=519666 69731 21511 17899 6010 11889 11161 5684 326 728 3612 2211 48220 12472 897 129 768 35748 31942 711 3806 1927 1879 31231 11575 5776 5799 756 1401 107
is_linear=0
shrinkage=0.035


Tree=157
num_leaves=31
num_cat=0
split_feature=0 12 4 6 6 4 6 6 5 6 10 9 5 2 5 5 4 11 5 5 2 5 9 5 6 2 5 2 8 10
split_gain=9.34373 15.3878 11.7567 8.32022 11.7958 14.1656 12.2733 8.09704 11.2989 7.71178 7.13459 24.344 39.7645 46.7462 42.6939 38.9655 31.3932 26.7478 21.5137 123.715 79.7402 51.0712 50.4838 66.0346 37.3268 5.1618 7.79961 3.92221 3.88844 7.10061
threshold=42.399999618530281 68.107746124267592 24.968491554260257 85.05926895141603 69.05271148681642 38.841281890869148 63.500877380371101 99.693408966064467 46.028558731079109 43.764425277709968 -0.61513367295265187 -0.76295000314712513 46.205049514770515 54.126050949096687 46.369321823120124 43.508358001708991 56.271806716918952 56.528549194335945 46.023597717285163 46.036748886108406 51.59552192687989 46.181444168090827 -4.7622499465942374 45.967329025268562 88.128208160400405 52.786775588989265 46.484361648559577 50.079050064086921 1.5000000000000002 0.4901107400655747
decision_type=2 2 2 2 2 2 2 2 2 2 2 2 2 2 2 2 2 2 2 2 2 2 2 2 2 2 2 2 2 2
left_child=7 2 -2 4 6 -6 -4 10 -9 -3 18 12 13 -12 -14 16 -13 -17 22 20 -20 -21 24 -24 -1 26 -10 -28 -11 -30
right_child=1 9 3 -5 5 -7 -8 8 25 28 11 15 14 -15 -16 17 -18 -19 19 21 -22 -23 23 -25 -26 -27 27 -29 29 -31
leaf_value=0.0087996990202964323 -0.0049196084493344661 -0.017844901909345741 0.016379856306291431 -0.0097607141530150522 0.068813244217850525 0.021754326903215691 -0.012290800672917265 -0.032894007935072835 0.046255433651939057 0.010023393848065245 0.0043072070218144456 0.059163385381969316 -0.01952506272208486 -0.0088860647983533235 -0.00044651933063789926 -0.0010437919170463578 -0.00088917377987260892 0.00078012514317244526 0.030720499087273527 -0.0091125092650430235 0.0039435935205395286 0.00048639047037197982 -0.0010678993209493376 -0.014074689206348292 0.049753446930007619 -0.028412347084722189 -0.028532681471115543 0.013350560913624675 -0.02204449376462176 0.0013161866363736625
leaf_weight=275.70548076927662 42.71810545027256 30.534907072782516 89.424730844795704 14.135376296937464 9.2890259921550733 47.771918624639511 22.029079258441925 20.913186334073544 4.9596211016178158 43.142484225332737 5614.7074828892946 23.692064598202705 150.67478238046169 348.40316949039698 2815.715512342751 20633.617506604642 18.444582641124725 18841.275693617761 264.49884429574013 718.11919544264674 282.00506871938705 12224.850155305117 18669.706214603037 490.05261694639921 29.675068832933903 3.7297038044780484 3.9969468712806684 5.4369619078934193 17.794322371482849 108.57020714879036
leaf_count=1042 185 130 350 55 35 200 88 1172 28 177 30415 57 923 2859 20382 141132 41 112770 509 3525 622 89329 110610 1794 126 83 214 243 74 463
internal_value=-1.46731e-05 0.00515391 0.0114133 0.0152761 0.0174538 0.0303816 0.0106035 -4.1808e-05 -0.0158177 -0.00188042 -3.40012e-05 0.000236153 0.0018866 0.00353411 -0.00142296 -0.000136646 0.0331866 -0.000173065 -0.000431363 0.000642512 0.0169419 -4.61781e-05 -0.00117592 -0.00140152 0.0129218 0.00407496 0.0140067 -0.00455377 0.00102463 -0.00203634
internal_weight=81865.6 425.41 225.368 182.65 168.515 57.0609 111.454 81440.2 39.0364 200.042 81401.1 48446.5 8929.5 5963.11 2966.39 39517 42.1366 39474.9 32954.6 13489.5 546.504 12943 19465.1 19159.8 305.381 18.1232 14.3935 9.43391 169.507 126.365
internal_count=519633 1757 913 728 673 235 438 517876 1740 844 516136 308579 54579 33274 21305 254000 98 253902 207557 93985 1131 92854 113572 112404 1168 568 485 457 714 537
is_linear=0
shrinkage=0.035


Tree=158
num_leaves=31
num_cat=0
split_feature=11 2 2 2 5 6 5 5 2 2 10 5 10 6 5 10 5 10 2 11 2 2 11 2 2 2 2 5 6 2
split_gain=7.97758 44.9221 76.902 71.1028 64.3925 105.679 50.9222 46.8673 37.1501 35.4379 53.1236 43.7734 42.8364 29.1267 28.3948 57.2656 53.2739 48.9923 23.7609 21.0613 40.8399 48.5532 79.1581 82.3863 35.9783 97.9309 50.8991 39.18 41.4239 35.959
threshold=56.046949386596687 51.620014190673835 51.443305969238288 52.506393432617195 45.558958053588874 67.861434936523452 46.023597717285163 46.181444168090827 52.410648345947273 51.329244613647468 4.4254078865051278 45.449871063232429 -2.0397789478301998 11.922789573669435 45.503585815429695 9.9290294647216815 45.711332321166999 5.504620075225831 51.558494567871101 50.668849945068366 51.641031265258796 50.664962768554695 44.489250183105476 50.998905181884773 50.080711364746101 51.641031265258796 49.856487274169929 45.449871063232429 39.428533554077156 52.506393432617195
decision_type=2 2 2 2 2 2 2 2 2 2 2 2 2 2 2 2 2 2 2 2 2 2 2 2 2 2 2 2 2 2
left_child=19 2 9 4 8 6 -6 -7 -3 -2 12 -12 -11 -10 17 -16 -17 18 -4 20 21 -1 23 -23 26 27 -21 -26 -29 -22
right_child=1 3 14 -5 5 7 -8 -9 13 10 11 -13 -14 -15 15 16 -18 -19 -20 24 29 22 -24 -25 25 -27 -28 28 -30 -31
leaf_value=0.00051677429645635752 -0.00010941669703611905 0.002966853315514285 0.031048178030618961 8.6762940179144912e-05 0.017628599230181979 0.048522584031163905 -0.0061597883227799376 -0.014535971286516697 -0.016380213975665206 0.046404308315566418 -0.013704192763418201 0.031279043669493176 -0.0034515193736677197 0.029189441112911385 -0.025655097706573867 -0.024839472995772636 0.064945781224088367 -0.01724204880788487 -0.00017340330863772828 -0.002561241315895441 -0.0032590967453595084 0.030681758197102619 0.00068851895550830057 0.0076937816574285884 0.0017227845979953616 0.0009207211940117497 0.0046075713522399338 -0.0033477762592852237 -0.010317105757860233 3.0007077128482759e-06
leaf_weight=14359.459351117723 19102.276443612762 1634.9314529318362 46.811318151652813 3595.5735233267769 309.20498095452785 141.94351394474506 169.99994201958179 15.522049844264982 19.538986884057522 22.018081359565258 31.059403643012047 158.85878689214587 281.19436503015459 111.6104686036706 264.15897844918072 14.21550337970257 16.836738958954811 168.93332741968334 78.882281819358468 2347.3341993717477 5430.2943871663883 221.65210707485676 2225.8999699624255 1372.8992336280644 686.58583152852952 4995.9279216490686 2508.2549226172268 1858.8388564586639 2398.8262878311798 17388.696424634196
leaf_count=107069 119770 10882 270 19326 1146 530 512 45 75 166 273 621 1767 428 1094 46 38 1011 474 13985 27887 858 13925 6086 6806 31740 21552 10921 16685 104246
internal_value=4.07779e-05 0.000544846 -0.000245144 0.00320412 0.00786457 0.0174046 0.00917879 0.0422203 0.00441513 0.000129552 0.00938576 0.0238591 0.000258372 0.0222892 -0.0126883 -0.0203543 0.0240314 -0.00494919 0.0115217 -0.000195652 0.000212709 0.0014504 0.00495683 0.0109074 -0.00132764 -0.00253406 0.00114066 -0.00602595 -0.00727724 -0.000773069
internal_weight=81978.2 26183.6 20185.2 5998.32 2402.75 636.67 479.205 157.466 1766.08 19595.4 493.131 189.918 303.212 131.149 589.838 295.211 31.0522 294.627 125.694 55794.7 40998.9 18179.9 3820.45 1594.55 14795.8 9940.18 4855.59 4944.25 4257.67 22819
internal_count=520234 158474 125530 32944 13618 2233 1658 575 11385 122597 2827 894 1933 503 2933 1178 84 1755 744 361760 260071 127938 20869 6944 101689 66152 35537 34412 27606 132133
is_linear=0
shrinkage=0.035


Tree=159
num_leaves=28
num_cat=0
split_feature=6 5 5 10 7 10 7 6 7 5 9 7 7 10 7 10 9 5 6 10 6 5 10 7 5 6 9
split_gain=7.90686 12.2154 21.8103 7.73876 16.9676 16.4444 13.0746 10.4237 14.9787 12.0283 7.63371 46.1692 66.4617 28.5635 41.326 25.2292 18.9709 5.4077 4.76278 3.7004 3.60791 2.50797 3.51251 2.12162 2.58672 1.49035 0.567212
threshold=99.693408966064467 46.284826278686531 46.395015716552741 22.41047286987305 90.347183227539077 16.556191444396976 35.846035003662116 31.531767845153812 76.442924499511733 45.961141586303718 1.0234499573707583 67.520690917968764 68.936416625976577 4.5968675613403329 71.689678192138686 -5.3034546375274649 -0.84275001287460316 50.079050064086921 26.709086418151859 -5.181654453277587 88.510322570800795 50.080970764160163 3.447013378143311 53.64912414550782 45.452220916748054 11.922789573669435 7.6709501743316659
decision_type=2 2 2 2 2 2 2 2 2 2 2 2 2 2 2 2 2 2 2 2 2 2 2 2 2 2 2
left_child=3 19 -3 4 10 -6 18 23 9 -9 13 15 -13 16 -15 -12 -1 -4 -5 -2 -10 22 -19 -8 -25 -7 -27
right_child=1 2 17 6 5 25 7 8 20 -11 11 12 -14 14 -16 -17 -18 21 -20 -21 -22 -23 -24 24 -26 26 -28
leaf_value=0.00030804107551429165 0.016726937143559186 0.12103406985636819 -0.030009759969198704 -0.002881542673032702 0.059423853194438395 -0.005619232559404724 0.0010810183887606762 0.0044337695068439528 -0.0019900229985469601 0.042143622980541015 -0.007134201193537088 -0.0095547700233974894 -0.00017900844394610311 0.0030025848065352327 -0.011418480930735077 0.0024945184355756882 -0.0010301724121316806 0.043379867650937029 -0.03656873874412616 -0.032524547181002436 -0.017805520369642745 -0.017998360938385236 -0.016714134374777093 -0.012320365632590931 -0.030375727713007419 0.018082586700244211 0.0047080530976197129
leaf_weight=22198.638259839267 1.3467143643647457 1.1313059739768494 5.1509878709912282 7.5412481203675297 10.279998101294039 6.2973826602101353 7.8880704864859572 28.863404706120491 93.423527747392654 16.012166827917099 343.21208504214883 1007.3805777020752 11409.910355105996 4818.9482100233436 255.42563970386982 10463.33751443401 31215.326299987733 3.4039959125220776 20.881179347634315 24.385102664120495 21.504303060472012 1.1799103170633314 0.97244119457900513 42.247165136039257 14.308799646794794 10.947424478828907 9.5581279993057251
leaf_count=134242 37 8 244 61 68 52 36 149 854 57 1803 5724 74077 26504 1928 56434 215593 160 209 1226 194 59 29 393 61 82 83
internal_value=-3.77143e-05 -0.0159224 0.0125231 -3.01959e-05 -1.11773e-05 0.023407 -0.00613641 -0.00321935 0.00154666 0.0185448 -2.21198e-05 0.000514634 -0.000940768 -0.000235371 0.00227362 0.00218756 -0.000473889 -0.00595089 -0.0281937 -0.0292564 -0.0051124 0.0162214 0.0281553 -0.0150191 -0.0173704 0.00801757 0.0125878
internal_weight=82039.5 37.5705 11.8386 82001.9 81749.3 37.0829 252.67 224.247 159.803 44.8756 81712.2 23223.8 12417.3 58488.3 5074.37 10806.5 53414 10.7073 28.4224 25.7318 114.928 5.55635 4.37644 64.444 56.556 26.8029 20.5056
internal_count=520367 1763 500 518604 516590 285 2014 1744 1254 206 516305 138038 79801 378267 28432 58237 349835 492 270 1263 1048 248 189 490 454 217 165
is_linear=0
shrinkage=0.035


Tree=160
num_leaves=31
num_cat=0
split_feature=6 11 7 2 7 2 2 7 4 2 2 9 2 2 2 2 2 7 4 2 7 7 2 0 1 4 6 8 6 13
split_gain=16.5973 12.7363 38.0543 30.3303 20.797 17.8092 18.7647 17.8033 30.9998 15.5029 48.3883 40.7885 26.5248 23.9854 39.974 33.5156 13.7977 14.2437 13.5585 14.6159 10.7482 12.7371 9.61154 7.87385 10.8625 11.9633 14.2979 13.164 10.8834 8.03292
threshold=83.469596862792983 24.956450462341312 21.560606956481937 52.04185867309571 21.006519317626957 52.873287200927741 54.398979187011726 22.281182289123539 42.728067398071296 50.408788681030281 50.717582702636726 3.9356000423431401 50.894683837890632 49.794338226318366 50.069013595581062 48.996879577636726 54.368049621582038 18.460414886474613 37.592622756958015 50.079809188842781 24.84964752197266 41.438684463500984 54.515148162841804 35.20000076293946 96.214260101318374 30.041594505310062 81.892669677734389 -1.4999999999999998 63.918010711669929 1.0000000180025095e-35
decision_type=2 2 2 2 2 2 2 2 2 2 2 2 2 2 2 2 2 2 2 2 2 2 2 2 2 2 2 2 2 2
left_child=23 2 4 20 18 -5 -7 8 -3 13 11 -11 -12 15 -15 -9 17 -10 19 -2 -4 -22 -20 29 25 -25 27 -27 -26 -1
right_child=1 7 3 5 -6 6 -8 9 16 10 12 -13 -14 14 -16 -17 -18 -19 22 -21 21 -23 -24 24 28 26 -28 -29 -30 -31
leaf_value=0.00026296234084077769 0.021023404273177275 -0.0044837873906074218 -0.029317958280365708 0.043609532356874627 -0.033045287841980422 0.011183534429976912 0.055134667079275168 0.00054155501162873898 0 -0.013796900263239906 0.016825582104505948 0.015874219919405547 -0.0019101706490969538 0.0093954551030362831 -0.00040975482965877421 -0.010132935784653643 -0.0022501929869039551 0.056713237001428177 0.050170961489235139 -0.010417884683523998 0.014382544853040628 -0.016816228803302444 -0.0084025437449263812 -0.0027230912831291486 -0.010208187773952595 0.026591088471209463 0.041439392789439068 0.0054606259694738842 0.0063893518717556231 -0.0018552587092032502
leaf_weight=67650.975434280932 20.638445761054754 52.123584357090294 15.627167522907255 36.178930714726448 31.478646334260702 120.09389466047287 12.664064422249792 954.89755485579371 7.0218360424041739 657.00338999554515 93.286134090274572 61.237894773483276 5510.9700332693756 673.06896830908954 2080.8720985036343 576.70345820114017 9.0409680381417257 26.8152682967484 8.9594911951571685 113.7453256379813 40.568682067096233 25.295113783329725 4.6950589101761571 161.60030851513147 121.61577335745096 38.621736109256744 14.630865857005118 478.92722518742085 78.838837124407291 2265.181993111968
leaf_count=417414 204 504 142 96 263 583 93 6359 56 4512 799 193 39969 5358 21745 3663 78 168 76 953 129 88 53 709 549 159 55 1941 367 12853
internal_value=3.84856e-05 -0.0012176 0.00467968 0.0134879 -0.00757443 0.0219221 0.0157337 -0.00145548 0.0135579 -0.00159161 -0.00269309 -0.0112425 -0.0015947 3.19825e-05 0.00198615 -0.0034764 0.0353304 0.0453938 -0.0019628 -0.00544156 -0.00395481 0.00223758 0.0301961 0.000236081 0.00349851 0.00557472 0.00810786 0.00708958 -0.00364614 0.000194214
internal_weight=81943.4 11133 429.945 250.428 179.517 168.937 132.758 10703 95.0017 10608 6322.5 718.241 5604.26 4285.54 2753.94 1531.6 42.8781 33.8371 148.038 134.384 81.491 65.8638 13.6546 70810.4 894.235 693.78 532.18 517.549 200.455 69916.2
internal_count=520131 86084 2680 1131 1549 772 676 83404 806 82598 45473 4705 40768 37125 27103 10022 302 224 1286 1157 359 217 129 434047 3780 2864 2155 2100 916 430267
is_linear=0
shrinkage=0.035


Tree=161
num_leaves=31
num_cat=0
split_feature=10 11 6 8 5 5 13 10 5 6 9 9 2 2 2 10 10 4 10 9 2 10 5 5 4 6 9 6 6 2
split_gain=10.3815 10.1245 8.36047 15.8833 15.608 41.5091 19.3234 18.6895 17.371 14.8352 13.9636 12.3653 17.8259 36.7521 19.5529 16.578 16.2499 13.6607 12.6437 12.2457 68.874 12.1106 11.3002 10.0746 9.46596 7.37339 7.12754 5.71214 5.37117 4.7154
threshold=22.41047286987305 8.9120998382568377 29.924695014953617 -9.4999999999999982 50.080711364746101 50.080192565917976 5.1315789222717294 -2.5692464113235469 50.079553604125984 8.725584030151369 0.53614997863769542 5.2697000503540048 50.664962768554695 50.434299468994148 51.228878021240241 5.2747633457183847 16.556191444396976 53.882928848266609 6.6462218761444101 -4.3752000331878653 54.368049621582038 -8.9486303329467756 45.558958053588874 45.610874176025398 60.001817703247077 15.930356025695803 4.4084999561309823 50.022300720214851 42.208784103393562 52.04185867309571
decision_type=2 2 2 2 2 2 2 2 2 2 2 2 2 2 2 2 2 2 2 2 2 2 2 2 2 2 2 2 2 2
left_child=2 -2 3 -1 5 8 7 -6 -5 -7 -8 16 13 15 27 -13 19 23 -15 20 -4 -21 -16 -18 -19 -3 28 -14 -27 -30
right_child=1 25 11 4 6 9 10 -9 -10 -11 -12 12 14 18 22 -17 17 24 -20 21 -22 -23 -24 -25 -26 26 -28 -29 29 -31
leaf_value=0.043176668142716819 -0.031929186366479893 -0.021409724304841195 0.00055638295046110968 0.00070544605168689043 0.0033497541090684053 0.022110669168511805 -0.0075471189555785445 -0.0048018686792868255 -0.0052305376699780413 0.0073538766430249055 0.024947519036776132 -0.00310113881294558 -0.0046572926700295799 0.044375125188661532 -0.013395083379818481 0.010599141612584684 -0.015022351765334863 0.026554726475803044 0.016160445588485624 0.0038859351357997682 0.030027152510049508 -0.00049271646438395331 0.0074230362118107704 0.0090126310655740099 0.0068513342965868841 -0.0086349471671869609 -0.0064100506481253889 -0.038045024976921069 0.025232333323915983 -0.0012308951297610462
leaf_weight=9.8853444159030897 18.047865472733974 28.881936207413673 1131.9446612540632 23495.909791044891 437.57668869197369 122.60708369314671 22.554936282336712 1597.374144949019 618.82195068895817 269.79079965502024 51.77521775662899 221.20979876071215 9.4492709636688215 36.390736326575279 47.019692674279213 209.44701873511076 36.579576626420021 61.41922390460968 46.367510139942169 784.33639597147703 105.52458257228136 52115.354049032554 95.249284505844116 48.905829660594463 61.20731108635664 14.21714925020933 150.99970778636634 23.681909635663033 22.908996120095253 11.789932310581205
leaf_count=34 210 239 6098 131100 2819 976 93 11984 5229 2303 234 1270 38 78 258 1097 214 299 117 4953 752 346677 355 302 291 87 1262 121 124 80
internal_value=-2.53993e-05 -0.00718066 -3.61434e-06 0.000505431 0.000488023 0.000736913 -0.00239963 -0.00304495 0.000552661 0.0120181 0.0150187 -0.000250029 0.00440655 0.00770018 -0.00518569 0.00355297 -0.000309243 0.0094322 0.0289569 -0.000346959 0.00309292 -0.000427605 0.000457322 -0.00123484 0.0168849 -0.00509353 -0.0026255 -0.0290632 0.00883143 0.0162184
internal_weight=81907.2 246.846 81660.4 26626.3 26616.4 24507.1 2109.28 2034.95 24114.7 392.398 74.3302 55034.1 688.815 513.415 175.4 430.657 54345.3 208.112 82.7582 54137.2 1237.47 52899.7 142.269 85.4854 122.627 228.798 199.916 33.1312 48.9161 34.6989
internal_count=519694 2002 517692 154772 154738 139608 15130 14803 136329 3279 327 362920 3334 2562 772 2367 359586 1106 195 358480 6850 351630 613 516 590 1792 1553 159 291 204
is_linear=0
shrinkage=0.035


Tree=162
num_leaves=31
num_cat=0
split_feature=0 5 10 5 6 13 13 13 13 13 13 13 5 10 6 10 12 10 0 6 9 12 5 6 2 9 10 5 2 2
split_gain=8.15722 12.3225 10.4905 11.2326 9.51923 15.3124 19.5869 27.9365 21.9974 20.085 23.2583 13.0553 15.9137 16.4227 11.7539 10.3264 10.2569 15.7213 11.5765 10.1855 9.15302 8.44354 8.39395 8.18684 17.1217 25.7009 30.3378 24.4141 20.8878 38.2416
threshold=20.800000190734867 50.399023056030281 -12.683357715606688 95.190334320068374 31.934988975524906 3.0776515007019047 2.353266835212708 2.5978407859802251 2.8991596698760991 1.9433962106704714 1.6001024246215823 6.066176414489747 95.819477081298842 -0.1737837418913841 21.904274940490726 4.1114916801452646 59.917381286621101 4.4254078865051278 35.20000076293946 46.887861251831062 2.2597500085830693 66.697643280029311 94.997447967529311 24.689868927001957 46.85585021972657 3.0151000022888188 2.8394057750701909 45.554418563842781 48.996879577636726 49.021945953369148
decision_type=2 2 2 2 2 2 2 2 2 2 2 2 2 2 2 2 2 2 2 2 2 2 2 2 2 2 2 2 2 2
left_child=1 23 3 -3 11 6 9 -8 -9 10 -6 12 14 -14 21 -13 18 -18 -7 -11 -19 -2 -16 -1 25 27 -27 -25 -26 -30
right_child=4 2 -4 -5 5 16 7 8 -10 19 -12 15 13 -15 22 -17 17 20 -20 -21 -22 -23 -24 24 28 26 -28 -29 29 -31
leaf_value=0.00073133745832448663 0.0064142970978729374 0.0058383891641325637 -0.0023978261498537184 0.049198324327685047 0.00095118038503310407 -0.019711327090153979 0.038629811178067762 -0.01379556126470213 0.016985025851441852 -0.027291127503332058 0.01413380529345897 0.05079778102275348 0.016812795614735542 -0.022491116480721572 0.012522479481753871 0.0061740305936374322 0.0097013941233929455 0.0095903543007357251 0.0060519043745023817 -0.0054386411985206514 -0.021178260106170237 -0.014094500319475463 0.039013203432682365 -0.00087826794654162444 0.0026771911027087523 0.012521051242087461 -0.007267905069970053 -0.022074344928693194 -0.01053363975417205 -9.3822047311496935e-05
leaf_weight=21447.158692680299 96.828719675540924 49.067921744659543 3004.4090809337795 7.9973103627562514 2216.7551074028015 97.239076986908913 40.654013641178608 45.384092926979065 72.872264347970486 38.7850187048316 176.43988405913115 13.77384475618601 17.703980453312397 42.740480817854404 124.73213901370764 12.411393016576765 81.029942579567432 14.888415127992628 26.425375521183014 81.824916012585163 46.786923453211784 32.002789996564388 16.562648430466652 110.89633264113218 3332.0002369163558 149.95437867101282 255.33944188989699 168.6981949955225 432.7882401458919 49768.094592694193
leaf_count=124029 481 379 19287 46 10993 526 169 187 291 155 820 47 78 200 635 36 390 71 119 426 204 173 75 989 19664 642 1410 538 1294 336175
internal_value=0.000135814 6.42966e-05 -0.00211216 0.0126321 0.00184156 0.00118237 0.0019825 0.0138723 0.00510002 0.00122392 0.0019304 0.00723787 0.0052873 -0.0107956 0.00893316 0.0307163 -0.00680167 -0.000344839 -0.0141463 -0.012657 -0.013611 0.0012102 0.0158792 0.000152472 -7.63907e-05 -0.005572 4.68024e-05 -0.0137187 -5.86806e-06 -0.000184131
internal_weight=82022.2 78726.4 3061.47 57.0652 3295.84 2939.09 2672.72 158.91 118.256 2513.8 2393.19 356.756 330.571 60.4445 270.126 26.1852 266.37 142.705 123.664 120.61 61.6753 128.832 141.295 75664.9 54217.8 684.888 405.294 279.595 53532.9 50200.9
internal_count=520529 504453 19712 425 16076 14351 13041 647 478 12394 11813 1725 1642 278 1364 83 1310 665 645 581 275 654 710 484741 360712 3579 2052 1527 357133 337469
is_linear=0
shrinkage=0.035


Tree=163
num_leaves=31
num_cat=0
split_feature=10 7 2 9 7 10 11 7 5 10 5 5 5 2 2 2 2 4 2 5 5 5 4 10 2 5 7 11 6 4
split_gain=7.97437 25.7117 18.7673 14.0176 9.24244 7.89296 25.562 29.3515 47.8419 44.4998 32.4154 65.3818 39.8041 26.705 109.79 85.9482 23.0867 39.0002 22.8705 19.7125 18.2158 159.013 85.7303 55.6961 54.9706 35.626 45.707 32.5033 36.3389 22.3868
threshold=-15.079775810241697 30.715738296508793 51.149106979370124 -7.7415499687194815 18.460414886474613 0.86936265230178844 46.244850158691413 31.598712921142582 45.86523628234864 8.8588023185729998 45.745761871337898 50.069540023803718 45.661050796508796 53.471158981323249 53.078521728515632 53.120206832885749 53.576904296875007 43.671176910400398 54.076992034912116 45.452220916748054 46.023597717285163 46.036748886108406 59.102712631225593 -2.62231433391571 48.924234390258796 46.181444168090827 24.034657478332523 13.683300018310549 73.686916351318374 56.839122772216804
decision_type=2 2 2 2 2 2 2 2 2 2 2 2 2 2 2 2 2 2 2 2 2 2 2 2 2 2 2 2 2 2
left_child=1 3 -3 4 -1 20 13 8 -8 -10 12 -12 -9 14 19 -16 17 -15 -18 -7 27 22 23 -22 -24 26 -23 28 -2 -27
right_child=5 2 -4 -5 -6 6 7 10 9 -11 11 -13 -14 16 15 -17 18 -19 -20 -21 21 25 24 -25 -26 29 -28 -29 -30 -31
leaf_value=0.011807181922122659 0.0053468472578321125 0.021165247831730537 -0.0098328550959690692 -0.013318823928310911 -0.019854046325485434 0.006631366327910916 -0.0083209624728538371 0.00034924790470313382 0.016470287082393557 -0.019513524809584102 -0.0049672816127752963 0.00069062753570839353 0.011038153388957857 -0.02822190307085316 0.046203185722754621 0.011161363316113938 0.0040960866003670396 -0.0013311437110520002 -0.0057707347311981155 0.00034994567667323356 0.024410833365331921 0.004433574206465095 0.021504041112707012 0.0045696038250927652 0.070383904899490479 0.00052668731996159657 -0.011974225703854499 -0.0010149346086166565 0.041696691346951406 -0.0041702367516368672
leaf_weight=67.86335776001215 164.01472453773022 130.07395710796118 28.44006160646677 91.158945629373193 12.635874606668947 730.21346814371645 176.02550615370274 17782.712427835912 431.492032289505 45.797625601291656 4563.0613293610513 5533.5512668667361 436.54767139349133 100.4248877838254 97.973674120381474 669.14009535126388 747.94665906205773 192.19303683377802 466.5231796419248 3778.6748859193176 246.20713618397713 302.59780476801097 68.430811733007431 586.79745153710246 49.183785676956177 14833.872366029769 658.31250161677599 27507.614959905855 41.920879051089287 1355.8752885181457
leaf_count=516 616 682 91 708 50 5399 1085 114140 2540 213 19076 42185 1608 335 428 3566 4612 923 3821 21345 481 1389 127 1394 77 112322 3264 167870 195 8597
internal_value=-2.0409e-05 0.0054012 0.0155383 -0.00394774 0.00660479 -4.24935e-05 0.00034715 -0.000105492 0.00722401 0.012976 -0.000275048 -0.0018659 0.00060622 0.00228111 0.00345519 0.0156894 -0.00182409 -0.0106355 0.000298809 0.00136977 -0.000346711 0.000516564 0.0144442 0.0104602 0.042341 -0.000255643 -0.00680062 -0.000910816 0.0129129 0.000132706
internal_weight=81897.3 330.172 158.514 171.658 80.4992 81567.1 35752.3 28969.2 653.315 477.29 28315.9 10096.6 18219.3 6783.09 5276 767.114 1507.09 292.618 1214.47 4508.89 45814.8 18101.3 950.619 833.005 117.615 17150.7 960.91 27713.6 205.936 16189.7
internal_count=519655 2047 773 1274 566 517608 221276 180847 3838 2753 177009 61261 115748 40429 30738 3994 9691 1258 8433 26744 296332 127651 2079 1875 204 125572 4653 168681 811 120919
is_linear=0
shrinkage=0.035


Tree=164
num_leaves=31
num_cat=0
split_feature=10 7 10 11 2 2 10 2 2 11 7 7 6 7 6 9 6 10 10 10 6 7 10 7 7 6 7 4 6 6
split_gain=9.77075 14.7341 12.6093 9.94916 12.6534 19.17 10.7365 16.2114 27.1662 12.845 25.2571 17.1742 12.6846 8.08009 8.29451 11.8968 7.61183 7.35446 6.69416 22.8622 5.75635 5.38749 4.58446 3.91131 3.09826 2.9731 2.6274 2.20853 1.99618 0.951069
threshold=22.41047286987305 90.347183227539077 16.556191444396976 1.0000000180025095e-35 50.079809188842781 48.696319580078132 14.079446315765383 49.856487274169929 50.619283676147468 90.86985015869142 83.923740386962905 63.42186355590821 70.618785858154311 18.460414886474613 31.531767845153812 2.3614000082015996 54.773326873779304 3.8988591432571416 -5.889366388320922 3.8308068513870244 51.177995681762702 53.114164352416999 -15.079775810241697 71.992401123046889 67.648265838623061 69.837554931640639 96.418178558349624 59.387786865234382 52.76214790344239 5.6323618888854989
decision_type=2 2 2 2 2 2 2 2 2 2 2 2 2 2 2 2 2 2 2 2 2 2 2 2 2 2 2 2 2 2
left_child=1 3 -3 4 5 28 9 12 -9 10 -5 -11 -8 -2 21 25 20 -7 22 -20 -17 -15 -6 -18 -23 -16 27 -4 -1 -26
right_child=13 2 26 6 18 17 7 8 -10 11 -12 -13 -14 14 15 16 23 -19 19 -21 -22 24 -24 -25 29 -27 -28 -29 -30 -31
leaf_value=-0.01842524729626727 -0.028676832946650358 0.052690354013034062 0.0025660074342695174 -9.3357573868554355e-05 0.003874356861932958 0.020177196753653086 -0.020334377706278776 0.013616284390891208 -0.00077104723356418879 -0.005282003649979005 -0.018283671923221327 0.0091019025898718253 0.015263017330644823 0.0096295862211016429 0.0091717182966317111 -0.00070598865852753996 -0.033396064015058229 0.049408408436992401 0.034124572336064564 -0.0021596114432228296 0.025730725921690577 -0.034778687150409118 -0.0071430063570025563 -0.0082612250973371076 -0.00023876074575153068 0.035457528395918196 -0.0012748496987918234 0.034045437462941974 0.00076512117046102042 -0.016045169490415474
leaf_weight=11.319008849561216 18.660719901323318 10.622725069522856 5.8076853826642036 79989.656114281155 88.572932623326778 44.987691543996334 51.515546940267086 300.77923008799553 342.31228138878942 136.15554196387529 92.820187035948038 390.28090362623334 15.145843833684919 8.5704906284809095 13.210818313062193 39.487334191799164 8.0596604198217374 14.969905361533163 30.603440023958683 64.69940847158432 12.522089041769503 12.080684952437876 94.331987872719765 78.991348337382078 6.2704276815056792 10.421387553215025 15.138008899986744 5.7750306874513626 13.100774489343165 42.387713916599751
leaf_count=74 231 69 41 508471 607 269 229 1705 1477 555 889 1968 67 33 71 312 31 93 127 500 76 55 648 723 59 59 130 44 76 377
internal_value=-2.60703e-05 -4.78721e-06 0.021743 -1.50285e-05 0.00576326 0.0175795 -4.09354e-05 0.00424234 0.00595571 -7.87778e-05 -0.000114711 0.00536606 -0.0120576 -0.00691464 -0.00504164 -0.00065643 -0.0046311 0.0281452 0.00211431 0.00960612 0.00581988 -0.0151104 -0.00177603 -0.010951 -0.0187949 0.0218313 0.00801166 0.0200122 -0.00815471 -0.0141866
internal_weight=81969.3 81718.6 37.3435 81681.3 362.585 84.3774 81318.7 709.753 643.092 80608.9 80082.5 526.436 66.6614 250.663 232.002 162.693 139.06 59.9576 278.208 95.3028 52.0094 69.3093 182.905 87.051 60.7388 23.6322 26.7207 11.5827 24.4198 48.6581
internal_count=520066 518039 284 517755 2394 512 515361 3478 3182 511883 509360 2523 296 2027 1796 1272 1142 362 1882 627 388 524 1255 754 491 130 215 85 150 436
is_linear=0
shrinkage=0.035


Tree=165
num_leaves=31
num_cat=0
split_feature=6 2 2 2 2 4 7 2 4 10 2 4 10 10 10 2 4 7 11 7 7 2 10 7 7 11 2 7 10 2
split_gain=6.64205 12.3036 18.4457 14.484 20.3347 32.1392 22.3224 21.7889 15.3824 13.9189 11.8305 11.6328 10.868 10.0377 9.26054 23.7078 15.3951 9.09221 12.3337 21.5814 19.8255 8.80111 7.28343 24.7582 38.7296 57.2767 26.8361 41.6293 42.3665 32.3875
threshold=94.375640869140639 50.36027908325196 50.500419616699226 49.738378524780281 48.996879577636726 59.387786865234382 73.581996917724624 49.204040527343757 41.425701141357429 8.0838499069213885 50.069299697875984 52.751367568969734 2.9932075738906865 -2.1303765773773189 -1.2689077258110044 50.051733016967781 57.157743453979499 73.481372833251967 55.343450546264656 54.376531600952156 65.280933380126967 50.079809188842781 -5.5668718814849845 21.560606956481937 21.006519317626957 23.535450935363773 53.883504867553718 25.243726730346683 -8.9486303329467756 53.427110671997077
decision_type=2 2 2 2 2 2 2 2 2 2 2 2 2 2 2 2 2 2 2 2 2 2 2 2 2 2 2 2 2 2
left_child=22 3 -3 4 6 8 13 -7 -6 14 11 -11 -8 -2 15 -5 -16 18 20 -20 -4 -12 23 24 -1 -26 29 28 -28 -25
right_child=1 2 17 9 5 7 12 -9 -10 10 21 -13 -14 -15 16 -17 -18 -19 19 -21 -22 -23 -24 26 25 -27 27 -29 -30 -31
leaf_value=-0.00051360787260302989 -0.010411870225274459 -0.019612139150207999 -0.0045198407294956494 0.033116830656864014 0.026933503339747741 -0.017884498299961735 -0.023193947171255971 0.050199245357780947 -0.022127674933949022 0.068844272169897303 -0.0046213206949015217 0.017471965372733822 0 0.013630419959268574 -0.0023376356258978967 0.0035930730820560191 0.016968490795590728 -0.023409920043471699 0.017144301259915298 -0.001337398853688096 0.018848083659333742 0.033297209303618687 4.908519466258222e-06 0.0024557976191451943 -0.031809966588416359 0.0092566798350169222 0.058943993159365875 0.00077059875995874236 0.015087937117419929 -0.006596501553980073
leaf_weight=815.90659653395414 24.157630231231451 80.068156483583152 1414.3973357034847 37.831159727647901 7.5026207566261283 8.6163393706083315 46.493562038056552 14.208914512768386 140.2506445934996 9.0166838914155978 24.566195365041494 14.888973820954559 50.896850921213627 138.63396527152508 465.11629364918917 250.94670381769538 55.950601872056723 24.484453924931586 99.801303066313267 332.90200006775558 45.037407781928778 9.7652309834957105 72228.661915548146 4465.8282605707645 124.34470484405756 61.536262296140194 32.954076252877712 222.71645603328943 144.26606125384569 541.940947920084
leaf_count=5524 114 517 12159 219 17 37 446 74 1056 17 193 114 408 998 5443 3126 511 244 520 2757 447 46 455167 23696 787 353 139 1420 797 2512
internal_value=4.07515e-05 -0.00149828 -0.00322353 0.00114889 -0.00408536 -0.0134525 0.00205147 0.0244666 -0.0194577 0.00375566 0.0201823 0.0387336 -0.011114 0.00998638 0.002547 0.00756579 -0.000228354 -0.00252734 -0.00224364 0.00293296 -0.00378399 0.0064776 0.000105352 0.00123602 -0.00381342 -0.0181959 0.00217316 0.0108914 0.0235105 0.00147386
internal_weight=81933.7 3295.53 1996.69 1298.84 430.761 170.579 260.182 22.8253 147.753 868.082 58.2371 23.9057 97.3904 162.792 809.845 288.778 521.067 1916.62 1892.14 432.703 1459.43 34.3314 78638.2 6409.49 1001.79 185.881 5407.71 399.937 177.22 5007.77
internal_count=519858 29463 16644 12819 3150 1184 1966 111 1073 9669 370 131 854 1112 9299 3345 5954 16127 15883 3277 12606 239 490395 35228 6664 1140 28564 2356 936 26208
is_linear=0
shrinkage=0.035


Tree=166
num_leaves=31
num_cat=0
split_feature=6 9 7 9 9 2 2 6 9 2 7 10 10 10 11 9 7 1 7 9 2 11 5 5 11 2 9 7 10 7
split_gain=8.18157 8.20587 8.97345 9.99157 8.58605 8.09198 17.2921 31.5453 35.5779 21.001 20.3236 63.8587 24.5351 18.5728 15.1609 24.0703 25.4832 27.6972 16.9548 35.6476 29.782 15.9714 14.8468 16.8247 14.8211 50.1799 104.587 45.0937 51.7577 46.5071
threshold=98.581562042236342 -2.58554995059967 30.476851463317875 -3.2763500213623042 -5.3122000694274893 50.091802597045906 50.664962768554695 74.854026794433608 4.4084999561309823 50.36027908325196 69.650360107421889 7.775179624557496 4.1867012977600107 4.7782890796661386 29.57714939117432 -7.7415499687194815 27.69983005523682 35.540561676025398 24.84964752197266 -2.167850017547607 50.079809188842781 30.261050224304203 50.079809188842781 45.449871063232429 54.550350189208991 50.998905181884773 -1.1965499520301817 56.680021286010749 1.8229469060897829 60.380186080932624
decision_type=2 2 2 2 2 2 2 2 2 2 2 2 2 2 2 2 2 2 2 2 2 2 2 2 2 2 2 2 2 2
left_child=5 2 3 4 -2 14 7 10 9 -9 12 -12 -7 -10 15 22 17 -17 19 -16 -21 -20 23 -1 25 26 -8 28 -26 -29
right_child=1 -3 -4 -5 -6 6 24 8 13 -11 11 -13 -14 -15 18 16 -18 -19 21 20 -22 -23 -24 -25 27 -27 -28 29 -30 -31
leaf_value=-0.012108136221054671 -0.022479962772612494 -0.0049380661985101732 0.034737707771682606 -0.022884551492952487 0.026400022651385101 0.0015638175729295707 0.035651121476247424 -0.0003472902553518409 0.041997707044224321 -0.010356462195071022 -0.011376485378846961 0.021269357250621429 -0.0046390881142034388 0.0030161178132466497 -0.0024374660990302936 0.0063821093738111751 0.0027420945329322019 -0.010591954678453027 0.018781976982242706 0.0068959996028154077 0.029906803615800344 0.00046180593332884122 0.0012357432881297981 0.040142099215808184 0.007744004091092627 -0.00063634747266785917 0.0027598755565163401 -0.0073664759032509254 0.00061089956503814359 0.00051998572965774854
leaf_weight=9.0332800373435003 4.98657377436757 624.47653292771429 12.302238233387468 12.925707911141219 17.36126346886158 3441.1222366020083 137.28637792170048 347.48885951191187 24.957107752561569 999.8183217421174 512.99486401677132 84.760417744517326 1009.581959426403 37.10801138728857 286.71345292776823 139.48710934817791 409.67046540230513 724.50097986683249 57.629959054291248 207.91330987215042 103.64231070131063 29602.101002600044 54.255665078759193 33.52014422416687 2079.3155770823359 31127.261782925576 837.85896927863359 1135.9022749997675 3114.232543617487 4710.9937244132161
leaf_count=61 50 7225 47 132 147 18146 465 2219 57 5906 3070 369 3768 110 2388 669 1887 6311 422 1514 870 213948 405 178 10728 181686 5246 6962 15093 29949
internal_value=-1.64394e-05 -0.00386005 0.00999283 0.000589605 0.0147908 1.53125e-05 -0.000263552 -0.00195255 -0.00658129 -0.00778189 -0.000658132 -0.00671344 0.000154619 0.0191374 0.000452853 -0.00314587 -0.00443128 -0.0078401 0.000616159 0.0064467 0.0146302 0.000498144 0.0135915 0.0288702 -1.05407e-05 -0.000391136 0.00742309 0.00109544 0.00346885 -0.00101175
internal_weight=81901.2 672.052 47.5758 35.2735 22.3478 81229.2 49600.7 6457.83 1409.37 1347.31 5048.46 597.755 4450.7 62.0651 31628.5 1370.47 1273.66 863.988 30258 598.269 311.556 29659.7 96.8091 42.5534 43142.9 32102.4 975.145 11040.4 5193.55 5846.9
internal_count=520028 7601 376 329 197 512427 283774 33645 8292 8125 25353 3439 21914 167 228653 9511 8867 6980 219142 4772 2384 214370 644 239 250129 187397 5711 62732 25821 36911
is_linear=0
shrinkage=0.035


Tree=167
num_leaves=31
num_cat=0
split_feature=10 2 2 5 7 7 9 7 4 2 2 9 7 5 2 4 5 10 7 2 7 5 7 11 10 2 11 7 7 2
split_gain=5.92807 32.9806 80.1297 86.8286 49.0836 68.5474 41.505 50.589 36.952 30.8571 99.5494 139.896 45.0557 83.2949 82.3606 35.2678 37.1904 34.3509 30.8632 29.5996 24.0828 31.6847 19.9492 17.9309 14.9838 12.6382 33.4317 167.981 65.3079 56.8552
threshold=-5.5668718814849845 50.078802108764656 49.107086181640632 44.901058197021491 70.669719696044936 69.762519836425795 0.86105000972747814 64.699142456054702 53.615533828735359 50.510725021362312 51.023017883300788 -0.41605000197887415 43.682548522949226 45.489482879638679 51.739131927490241 72.498649597167983 50.080711364746101 -15.079775810241697 60.755035400390632 50.842672348022468 74.670307159423842 45.452220916748054 69.86682510375978 35.788949966430671 -7.1923861503601065 53.844207763671882 38.438798904418952 22.281182289123539 27.393962860107425 50.079809188842781
decision_type=2 2 2 2 2 2 2 2 2 2 2 2 2 2 2 2 2 2 2 2 2 2 2 2 2 2 2 2 2 2
left_child=1 2 4 -4 5 8 7 -5 -1 15 11 19 14 -14 -12 16 17 -3 -13 -11 21 -6 -7 -18 -8 26 28 29 -2 -28
right_child=25 9 3 6 20 22 24 -9 -10 10 12 18 13 -15 -16 -17 23 -19 -20 -21 -22 -23 -24 -25 -26 -27 27 -29 -30 -31
leaf_value=0.004585118483116029 -0.002407269289591387 0.0062913178828135343 -0.040587599523672024 0.014276369600762742 -0.011951860258790447 -0.037847273901292534 0.014882602916372618 0.038328193972569535 -0.025677788255025671 0.0087714619588313489 0.020346653223339971 -0.020179245999672253 0.0082985449866611206 -0.018870391186254182 -0.00059048559653959352 0.036880896150092969 -0.0011802235908850833 -0.010040232014715413 0.010924213224926574 0.057947678543962676 0.0059282822474668265 0.05294070546632354 -0.015041748661838964 0.029110882324900632 -0.0043469455581518993 -0.0018045032951411928 -0.0084228610970052339 -0.00037926488552618388 0.0043385663380597324 0.041893785215574929
leaf_weight=376.59041146188974 2613.3851236021146 185.60836394503713 34.408775322139263 411.25695338472724 12.366846203804014 78.378946788609028 76.141762457787991 145.9521903321147 56.062258809804916 18.45405039191246 253.18745392560959 55.993346780538559 213.56300073862076 387.76754953246564 2447.454171824269 23.281335920095444 43.613698080182076 1016.5954481568187 124.33918855339289 98.058809824287891 206.64075148943812 31.17049615085125 124.46101436018944 50.983464971184731 138.44611586164683 5136.9278935473412 32.965294264256954 62063.501005612314 5361.9695563372225 152.44936069101095
leaf_count=1608 14968 1430 89 2709 92 229 494 638 216 100 655 165 1549 2067 12285 161 403 7893 859 221 1248 92 348 427 829 33108 220 404755 30113 384
internal_value=-4.05699e-05 0.00096418 0.00517852 0.0131575 -0.002082 -0.00725699 0.0156022 0.0206348 0.000607408 -0.000484543 0.00119294 0.0205799 -0.00055238 -0.00921149 0.00137524 -0.00506097 -0.00584162 -0.00751048 0.00118146 0.0503314 0.0110167 0.0344669 -0.0240024 0.0151791 0.00247367 -0.00012881 -6.11364e-06 -0.000279568 0.00212718 0.0329125
internal_weight=81972 6610.78 1691.88 806.206 885.671 635.493 771.797 557.209 432.653 4918.9 3598.82 296.845 3301.97 601.331 2700.64 1320.08 1296.8 1202.2 180.333 116.513 250.178 43.5373 202.84 94.5972 214.588 75361.2 70224.3 62248.9 7975.35 185.415
internal_count=520355 36807 8592 4759 3833 2401 4670 3347 1824 28215 17901 1345 16556 3616 12940 10314 10153 9323 1024 321 1432 184 577 830 1323 483548 450440 405359 45081 604
is_linear=0
shrinkage=0.035


Tree=168
num_leaves=31
num_cat=0
split_feature=0 1 7 7 1 10 2 1 9 7 2 1 9 6 13 13 6 13 13 6 6 1 0 8 6 1 1 6 7 10
split_gain=7.69614 15.3596 14.2515 14.6387 12.8077 13.1237 10.8746 10.7894 17.722 25.8432 11.7398 10.7437 19.5642 10.2872 12.6383 14.3712 27.4333 13.6003 39.4345 13.137 11.6805 10.4773 10.4417 10.1701 9.96814 9.93687 17.3547 13.5459 12.382 14.1267
threshold=20.800000190734867 52.533315658569343 28.970054626464847 23.790318489074711 92.936672210693374 -5.7159907817840567 46.85585021972657 4.7503163814544687 3.9356000423431401 79.546710968017592 46.684959411621101 74.793636322021499 -3.4302499294281001 57.146558761596687 1.1428944468498232 1.0152545571327212 74.084007263183608 1.5268065333366396 1.6530054211616518 71.357231140136733 67.042541503906264 46.071245193481452 33.600000381469734 -8.4999999999999982 39.054794311523445 47.930479049682624 30.549678802490238 55.162445068359382 40.298776626586921 4.6909906864166269
decision_type=2 2 2 2 2 2 2 2 2 2 2 2 2 2 2 2 2 2 2 2 2 2 2 2 2 2 2 2 2 2
left_child=1 6 3 11 -4 24 7 -1 9 -9 -10 12 -3 25 15 19 21 22 -19 -15 -20 -17 -16 -7 -6 26 28 -28 29 -2
right_child=13 2 4 -5 5 23 -8 8 10 -11 -12 -13 -14 14 17 16 -18 18 20 -21 -22 -23 -24 -25 -26 -27 27 -29 -30 -31
leaf_value=0.0020905270266217079 0.0072293763625505747 -0.020804085040110915 -0.0078149557127922716 0.019320000993322654 0.037593506862421307 0.035215396749217212 6.2967841998288132e-05 -0.0041701012572227152 -0.0032179759417872 -0.021205245468788117 0.0094207538116131834 -0.020477853768488773 0.036890677383780927 -0.0044961384726058783 -0.0050271668685328988 0.0089307816287840722 -0.010570859005067428 0.027325500905365355 0.00034559214379734104 0.0036242199556861692 -0.015124294673048539 0.031829130169692674 -0.02162886064642745 -0.002941797944106097 0.0024379318826297943 0.00091730273369702083 0.012460399947514548 0.045283547495891502 -9.509735462020145e-05 0.037613641886226207
leaf_weight=482.66337685286999 195.43265677243471 12.652484998106958 732.43677112460136 62.836483165621758 17.493433423340321 7.8898541554808608 75222.055895661935 1139.6095617990941 181.50291113182902 120.28755560610443 176.22600790858269 27.470736801624298 14.60747493803501 424.06287495046854 109.23727808147669 45.840681336820126 45.486215196549892 51.299683071672916 139.10123324394226 572.47308111935854 102.89791795611382 56.82017420232296 82.668754890561104 487.00530652329326 22.751051850616932 846.11241956055164 177.93996320664883 16.506550006568432 409.05069003999233 20.224313981831074
leaf_count=3135 931 69 4427 376 76 50 483616 6327 1497 684 478 143 68 2130 553 204 277 172 652 2842 521 248 351 3298 128 4147 836 72 2085 78
internal_value=-2.38939e-06 -7.18598e-05 -0.00372384 0.0078743 -0.00480937 -0.000677087 -6.31025e-06 -0.00248992 -0.00386131 -0.00581449 0.00299578 -0.00522951 0.010033 0.00165446 -0.000318388 0.00168372 0.0118247 -0.00505112 -0.000280039 0.000160854 -0.00623153 0.0218202 -0.0122752 -0.0022635 0.0183248 0.00358882 0.00633613 0.0154567 0.00346993 0.0102396
internal_weight=82002.6 78707.5 1385.14 117.567 1267.58 535.14 77322.3 2100.29 1617.63 1259.9 357.729 54.7307 27.26 3295.15 1629.89 1144.68 148.147 485.205 293.299 996.536 241.999 102.661 191.906 494.895 40.2445 1665.27 819.154 194.447 624.708 215.657
internal_count=520471 504372 8635 656 7979 3552 495737 12121 8986 7011 1975 280 137 16099 7950 5701 729 2249 1345 4972 1173 452 904 3348 204 8149 4002 908 3094 1009
is_linear=0
shrinkage=0.035


Tree=169
num_leaves=31
num_cat=0
split_feature=6 7 10 2 4 4 2 4 2 6 10 2 2 7 2 7 2 7 7 2 2 2 7 10 4 2 7 10 11 2
split_gain=6.40536 15.6823 20.6785 15.7414 13.6396 13.1646 11.8659 15.4602 19.1674 10.3004 9.30572 8.69667 17.3337 18.6144 17.8254 16.0915 28.4727 27.9377 18.4915 13.871 12.9027 71.0712 14.2651 10.8903 8.6241 8.50341 8.42905 7.98128 7.7672 5.87485
threshold=0.43134848773479467 43.627508163452156 -1.0000000180025095e-35 52.603368759155281 51.619573593139656 48.280258178710945 51.329244613647468 46.520668029785163 50.842672348022468 4.4541819095611581 1.3371118903160097 49.666902542114265 50.069299697875984 67.934066772460952 50.025510787963874 70.107513427734389 49.336395263671882 69.762519836425795 75.94882965087892 48.849718093872077 51.228878021240241 51.149106979370124 48.710355758666999 1.3371118903160097 54.645147323608406 50.08058166503907 34.66917800903321 1.3371118903160097 55.808250427246101 51.840492248535163
decision_type=2 2 2 2 2 2 2 2 2 2 2 2 2 2 2 2 2 2 2 2 2 2 2 2 2 2 2 2 2 2
left_child=1 2 5 -4 6 25 7 -3 -9 11 -5 15 13 14 -13 17 18 19 -17 -2 21 -14 -22 -18 -19 -1 -12 -8 -15 -29
right_child=9 4 3 10 -6 -7 27 8 -10 -11 26 12 20 28 -16 16 23 24 -20 -21 22 -23 -24 -25 -26 -27 -28 29 -30 -31
leaf_value=0.016426750404596915 -0.029216359133284603 -0.022278277809274102 0.046056071689747582 -0.019725322481474728 -0.01895441698079325 0.02121912494121939 -0.024640089889293976 0.0082310161401233546 0.068790644005648424 -2.5152480082064562e-05 0.047767715495021131 0.02283315494628893 0.0028946349628464043 -0.026225362984426296 -0.0054162404250672411 -0.0071105372211203374 0.0399938927972893 0.055817996137157752 0.014004526299945478 0.011186488908807985 0.0022345945447249044 0.042406990362741127 -0.0045033590298474745 0.0028417208807553491 0.020264940943760603 -0.017254058826569631 -0.0050071471153246196 -0.017036096983883094 -0.0089729527205001554 0.027145093197744968
leaf_weight=9.9955942630767805 11.083181232213972 13.697413779795168 20.380509190261364 10.333069711923601 111.80949966609478 17.472985774278641 30.299147039651871 36.983599923551083 7.1283850967884055 77872.223414605483 6.9172236546874029 35.759807132184505 1051.261953689158 56.69094854593277 107.54631235450506 210.53694376349449 29.500875167548656 22.022481173276901 65.98943354934454 80.96636775135994 1286.3082953765988 58.150810115039349 548.18314734846354 15.001517593860624 16.596914812922478 58.649375572800636 6.4574770852923393 5.8541946262121183 79.149786397814751 7.3164981082081795
leaf_count=74 71 57 121 60 645 106 187 257 33 497262 45 182 7135 293 828 1200 107 62 338 268 6246 232 3355 67 38 306 36 32 456 57
internal_value=4.00263e-05 -0.00472497 0.00478995 0.0240861 -0.0105679 -0.00513898 -0.00116483 0.00910125 0.0192242 6.02179e-05 0.00402695 0.00187083 0.00122989 -0.00708763 0.001672 0.00641846 0.00216385 0.0167412 -0.0020206 0.0060366 0.00202267 0.00500108 0.000216258 0.027896 0.0414378 -0.0121162 0.022949 -0.0148933 -0.0163356 0.00715509
internal_weight=81890.3 343.295 130.206 44.0883 213.089 86.118 101.279 57.8094 44.112 81547 23.7078 3674.75 3223.05 279.147 143.306 451.698 321.029 130.669 276.526 92.0495 2943.9 1109.41 1834.49 44.5024 38.6194 68.645 13.3747 43.4698 135.841 13.1707
internal_count=520156 2016 748 262 1268 486 623 347 290 518140 141 20878 18727 1759 1010 2151 1712 439 1538 339 16968 7367 9601 174 100 380 81 276 749 89
is_linear=0
shrinkage=0.035


Tree=170
num_leaves=31
num_cat=0
split_feature=9 7 7 7 7 9 5 5 7 10 6 5 5 9 9 5 5 5 11 10 7 5 10 7 7 7 6 10 9 9
split_gain=7.26729 52.9397 66.8858 42.1181 39.3354 55.5566 57.6148 60.9093 45.1841 33.8473 33.3345 30.1859 30.2088 43.128 29.9476 28.9347 37.2766 27.0986 25.9996 25.3328 41.2771 32.2966 22.8065 24.3463 53.6151 33.1824 21.3847 21.378 20.0151 19.6856
threshold=-3.1450001001358028 22.281182289123539 23.790318489074711 21.006519317626957 21.560606956481937 -2.3281500339508052 46.859218597412116 50.079809188842781 24.405713081359867 -3.7061865329742427 78.006248474121108 50.069395065307624 91.619560241699233 -2.3281500339508052 -2.8313499689102168 46.036748886108406 45.745761871337898 45.745761871337898 19.779600143432621 0.037306053563952453 23.291272163391117 50.069395065307624 6.6462218761444101 33.602645874023445 37.797212600708015 24.405713081359867 4.831806182861329 -4.838106393814086 -0.72544997930526722 -4.7622499465942374
decision_type=2 2 2 2 2 2 2 2 2 2 2 2 2 2 2 2 2 2 2 2 2 2 2 2 2 2 2 2 2 2
left_child=1 3 9 -1 5 -2 10 -8 11 29 28 14 13 -13 -6 16 -5 -16 -17 21 -21 -11 23 25 -25 -4 -20 -9 -7 -3
right_child=4 2 22 15 8 6 7 27 -10 19 -12 12 -14 -15 17 18 -18 -19 26 20 -22 -23 -24 24 -26 -27 -28 -29 -30 -31
leaf_value=-0.00060859919568909289 -0.0046792140573029507 0.026481708853958917 0.0072360044448780102 -0.019083154030375693 0.0032293423793578234 0.012022901116952344 -0.021847159667865729 -0.018415708426551929 4.7954553865721775e-05 0.033426273451399875 0.056280207411740196 -0.003686071292892609 -0.010561912978670309 0.024825757812690408 0.01892824969826052 -0.03124643297251602 0.026783202772471471 -0.011470811966243714 0.048308722831707888 -0.01134340538128724 0.051837092130053788 -0.0062594021140975299 -0.015952352244023714 0.01420373230110996 -0.0020437525032262855 -0.0053043916546884453 -0.012474545627172916 0.0365233289428607 0.033867170523878075 0.00085837859227964333
leaf_weight=1150.7945857606828 234.09634069539607 44.350496865808964 388.02436299622059 44.016908280551434 235.13304813485593 129.25876042246819 77.195261500775814 10.024558909237383 75223.183315272443 205.1694368943572 38.830596655607224 135.61063190549612 133.34245062619448 123.05764968506992 36.277656177990139 131.62016820535064 41.229694905690849 1089.6974158491939 6.7075124606490126 51.0291733071208 15.945280924439428 28.018678680062294 85.867404714226723 514.86539834737778 479.15720743313432 769.41805300489068 121.66118684783578 44.461323492228985 87.891698740422726 200.71799800544977
leaf_count=8252 1489 136 1507 398 1058 534 505 78 484313 735 172 1324 649 1039 324 905 309 5290 38 208 40 174 357 1523 1781 4454 973 231 246 775
internal_value=6.68671e-05 0.00147101 0.00432644 -0.0038348 -1.04784e-05 0.00875176 0.0168732 -0.00188874 -8.14345e-05 0.0153108 0.0265278 -0.00563477 0.00290532 0.00988576 -0.00809979 -0.0145424 0.00306162 -0.0104724 -0.020333 0.023184 0.00402965 0.0286228 0.00164195 0.00235308 0.00636944 -0.00109217 -0.00896478 0.0261686 0.0209883 0.00559503
internal_weight=81876.7 4278.59 2782.56 1496.03 77598.1 621.759 387.662 131.681 76976.3 545.231 255.981 1753.12 392.011 258.668 1361.11 345.235 85.2466 1125.98 259.989 300.163 66.9745 233.188 2237.33 2151.47 994.023 1157.44 128.369 54.4859 217.15 245.068
internal_count=519817 22565 11690 10875 497252 3255 1766 814 493997 2068 952 9684 3012 2363 6672 2623 707 5614 1916 1157 248 909 9622 9265 3304 5961 1011 309 780 911
is_linear=0
shrinkage=0.035


Tree=171
num_leaves=31
num_cat=0
split_feature=10 7 7 7 11 11 7 7 10 7 6 7 6 7 10 2 6 11 10 4 4 6 9 2 6 11 4 7 7 9
split_gain=7.73001 14.7166 14.3365 14.8649 13.5419 12.7357 27.1181 15.1675 22.9294 33.901 23.1485 18.7288 16.8284 15.3027 14.1713 17.3102 8.99301 8.51416 8.21849 8.18474 7.27579 5.71003 9.5984 4.92918 2.41835 3.00129 4.26393 3.52297 1.73724 1.54423
threshold=22.41047286987305 90.347183227539077 35.846035003662116 73.829555511474624 90.86985015869142 90.86985015869142 83.923740386962905 78.280700683593764 5.504620075225831 79.546710968017592 60.697797775268562 73.038913726806655 42.58998107910157 63.42186355590821 14.079446315765383 49.856487274169929 42.208784103393562 1.0000000180025095e-35 16.556191444396976 64.45630264282228 58.358053207397468 39.838054656982429 5.2697000503540048 50.079681396484382 28.326513290405277 85.897052764892592 60.756464004516609 96.418178558349624 60.900808334350593 7.6709501743316659
decision_type=2 2 2 2 2 2 2 2 2 2 2 2 2 2 2 2 2 2 2 2 2 2 2 2 2 2 2 2 2 2
left_child=1 5 -2 16 18 6 14 11 9 -9 -10 13 -13 -7 17 -16 20 -1 -3 28 -4 23 -23 -8 -5 26 -26 -27 -18 -6
right_child=2 4 3 24 29 7 21 8 10 -11 -12 12 -14 -15 15 -17 19 -19 -20 -21 -22 22 -24 -25 25 27 -28 -29 -30 -31
leaf_value=0.005465180618750177 -0.028695360982631819 0.067943134927491072 -0.026053176965117358 -0.01674183617610437 0.012640844615970113 -0.0025270223836391988 -0.0022864463618743323 0.054512013520986884 0.010550297899271576 -0.0025271840615474525 0.049267202622335034 0.0026472782076857608 -0.029344736533672828 0.01219793667286221 -0.013085131512939028 0.0071189822018439489 0.022810669050538083 -0.0001645971577202748 0.019740072502020305 -0.0047298345235486814 0.010045525854785041 -0.033418586057677196 -0.0034644128814858089 -0.02921288992398333 -0.01661683703116278 -0.015859685179607622 0.017197044537566819 -0.002548224829659339 0.046101507053461437 -0.0070329298962785109
leaf_weight=329.5724419131875 29.871577210724354 7.7734900414943704 10.009459897875788 36.451218008995056 6.9227957576513299 178.22573621571064 40.974401332437992 13.471424490213392 45.101820752024651 119.00448143854737 33.306981042027473 37.38789214193821 41.659583561122417 165.59002465009689 56.386373199522495 551.55343924835324 15.078163653612139 79974.877674757503 11.949717849493027 8.7665229067206365 17.615351259708405 42.908779069781303 19.785338863730431 9.9511767104268056 5.891062460839751 45.195041365921497 13.124589078128336 55.759280379861593 9.7851758450269681 12.496120445430279
leaf_count=2084 294 47 53 352 53 698 384 83 281 796 203 214 222 561 255 2754 83 508733 87 37 71 446 157 91 43 465 102 497 29 108
internal_value=-9.46979e-05 -7.58685e-05 -0.00626056 -0.003056 0.0211632 -8.6342e-05 -0.000125106 0.00485254 0.0125036 0.00351298 0.0274166 0.00100396 -0.0142506 0.00455642 -0.000100939 0.00521882 0.0114142 -0.000141351 0.0409873 0.023379 -0.00315319 -0.0171526 -0.0242385 -0.00805381 -0.00879633 -0.00622932 0.00612029 -0.00865411 0.0334011 0
internal_weight=81946.4 81698.9 247.547 217.676 39.1421 81659.8 81026 633.748 210.885 132.476 78.4088 422.863 79.0475 343.816 80912.4 607.94 61.2547 80304.5 19.7232 33.6299 27.6248 113.62 62.6941 50.9256 156.421 119.97 19.0157 100.954 24.8633 19.4189
internal_count=520283 518257 2026 1732 295 517962 514904 3058 1363 879 484 1695 436 1259 513826 3009 273 510817 134 149 124 1078 603 475 1459 1107 145 962 112 161
is_linear=0
shrinkage=0.035


Tree=172
num_leaves=31
num_cat=0
split_feature=5 13 13 13 5 6 10 6 2 6 10 6 6 4 13 6 13 10 6 0 1 4 13 4 10 13 11 2 2 2
split_gain=7.27922 14.2216 21.8652 16.1465 13.5378 12.0779 11.6818 11.6447 10.8441 19.2638 9.98191 9.57104 9.20451 10.8637 10.1667 18.7874 12.371 14.2483 11.4387 11.4086 9.81016 9.68745 9.65584 9.05284 8.19712 7.74488 7.21292 39.843 79.4744 84.3422
threshold=98.662231445312514 1.0000000180025095e-35 1.0362972021102907 1.0811126828193667 96.323913574218764 81.493175506591811 -7.9400031566619864 68.672176361083999 2.7374348640441899 60.697797775268562 16.556191444396976 51.585536956787116 36.276556015014656 69.30914688110353 1.0152545571327212 76.414443969726577 3.2795698642730717 -7.1923861503601065 72.913951873779311 42.399999618530281 72.377178192138686 60.756464004516609 6.4583332538604745 56.409147262573249 -4.9548523426055899 1.4599317908287051 46.012449264526374 51.636827468872077 50.842672348022468 50.998905181884773
decision_type=2 2 2 2 2 2 2 2 2 2 2 2 2 2 2 2 2 2 2 2 2 2 2 2 2 2 2 2 2 2
left_child=1 26 5 7 6 8 -5 23 9 -3 -6 -10 13 22 15 19 17 -16 -19 -14 24 -21 25 -4 -17 -2 27 28 -1 -30
right_child=12 2 3 4 10 -7 -8 -9 11 -11 -12 -13 14 -15 16 20 -18 18 -20 21 -22 -23 -24 -25 -26 -27 -28 -29 29 -31
leaf_value=0.00070461308610974193 -0.038545401570944868 0.039045430231340099 0.053248801620630906 0.032303722754230386 0.00081796004613468403 0.00061857278319930723 -0.0077919167257012849 -0.0017351441296601488 -0.034528476547297876 -0.0091371688776377916 -0.033690492121159661 -0.014430505496746172 -0.0097554922252364572 -0.032640232121154078 -0.024220078183355701 0.03916454204177805 -0.007841368609422231 0.012535355893171488 -0.0030533120436301705 0.037255735376544065 -0.0032539015492822833 -0.0053566764888283817 0.032719323919943942 0.0038385996644753955 0.0096109105061216501 -0.0013742828100018816 -0.00026250622523557658 -0.00061443587454963885 0.029472125514261815 0.0059905710340863536
leaf_weight=8705.4905451796949 7.3397136554121962 10.287574730813501 14.273407928645613 8.2591097354888898 1054.7098033502698 100.91200222074986 412.59915387257934 14.804715223610399 35.95746111869812 118.28364340215921 9.5635862424969655 171.46480558812618 206.39177786558867 17.042127996683121 14.393002204596995 12.113735459744928 58.917517878115177 379.57134076952934 66.825592778623104 11.612798839807512 73.608702827244997 12.928406044840811 7.8664761930704108 7.1457965821027747 139.7189618870616 47.378705993294716 51367.598843401298 16917.44024579227 210.3410519734025 1690.4868660885841
leaf_count=65971 33 59 89 42 5724 603 2270 101 194 677 55 994 1087 77 63 47 306 1873 359 49 414 55 29 39 780 276 334592 94675 614 7691
internal_value=-5.28865e-05 -9.06877e-05 -0.00303643 -0.00104737 -0.00162007 -0.00993202 -0.00692866 0.0217715 -0.0131155 -0.00501014 0.000476221 -0.0180675 0.0028333 -0.00852661 0.00377341 -2.44794e-05 0.00711683 0.00905486 0.0101848 -0.00704409 0.00713467 0.0150707 -0.00152084 0.0378115 0.0122076 -0.00696993 -1.74489e-05 0.000439642 0.00212151 0.00860397
internal_weight=81905.3 80849.6 1958.26 1521.36 1485.13 436.905 420.858 36.2239 335.993 128.571 1064.27 207.422 1055.71 79.627 976.082 456.374 519.707 460.79 446.397 230.933 225.441 24.5412 62.5849 21.4192 151.833 54.7184 78891.4 27523.8 10606.3 1900.83
internal_count=519838 514390 10847 8320 8091 2527 2312 229 1924 736 5779 1188 5448 415 5033 2432 2601 2295 2232 1191 1241 104 338 128 827 309 503543 168951 74276 8305
is_linear=0
shrinkage=0.035


Tree=173
num_leaves=31
num_cat=0
split_feature=10 7 10 11 10 4 4 2 11 7 7 10 5 11 5 4 6 13 5 2 11 5 5 7 4 6 6 6 2 12
split_gain=6.45855 16.173 10.7106 10.0702 8.12307 17.5574 16.0787 17.3964 11.7902 25.0951 15.9964 31.1519 23.1538 8.20662 8.02714 7.17759 6.96836 8.54716 6.2178 10.4783 5.20696 4.94264 8.15406 2.0695 1.46099 1.30154 0.882905 1.24323 0.807208 0.32306
threshold=22.41047286987305 90.347183227539077 16.556191444396976 1.0000000180025095e-35 16.556191444396976 69.30914688110353 53.548316955566413 50.079681396484382 90.86985015869142 83.923740386962905 76.442924499511733 6.0274863243103036 45.45686340332032 1.0000000180025095e-35 45.601842880249031 67.195690155029311 17.09495830535889 1.6530054211616518 45.610874176025398 50.069395065307624 66.488849639892592 46.474193572998054 45.606363296508796 96.418178558349624 59.387786865234382 3.6760848760604863 21.125327110290531 47.28900337219239 50.434299468994148 37.510398864746101
decision_type=2 2 2 2 2 2 2 2 2 2 2 2 2 2 2 2 2 2 2 2 2 2 2 2 2 2 2 2 2 2
left_child=1 4 -3 -2 8 6 14 -8 9 13 12 -12 -10 -1 -6 -11 25 18 20 -20 -18 22 -7 24 -4 -5 -25 -28 -27 -19
right_child=3 2 23 16 5 21 7 -9 10 15 11 -13 -14 -15 -16 -17 17 29 19 -21 -22 -23 -24 26 -26 28 27 -29 -30 -31
leaf_value=0.00534145852314082 -0.033516531854865722 0.049078219081270684 0.0044938370637040738 -0.0013297993768415577 -0.01222715069396719 -0.016227205647990954 -0.0072847314819671658 0.020724315027910667 -0.013196363638408575 -0.021084884773267497 0.0036283739528893836 0.033393178177505554 0.0060591413904140211 -9.4725766215772103e-05 0.0067061181194713656 0.0020944340782025187 0.013062215078690138 -0.039000627960625117 0.038736614411179704 0.00084618894646316576 -0.0056954581046151581 -0.036000451650051821 0.016576002308457193 -0.010127797460652248 0.031533304390073923 -0.029969081985727227 0.018556580337749477 -0.0043393790988069721 -0.014072754007018445 -0.016989566747361018
leaf_weight=340.7970323190093 14.214506205171345 11.924408391118048 5.5640751272439957 5.0684112310409573 48.15355346724391 34.184599600732327 32.688363283872604 142.13323204964399 105.68606482446194 88.614929996430874 141.21467988193035 61.747908860445023 270.55118753015995 80225.142227105796 61.298458784818649 19.207538407295942 20.0851896032691 5.4652799591422081 11.851214811205862 31.980152875185013 130.90930575877428 8.6405287161469442 11.73213669657707 5.3641749471426019 5.6626242026686668 11.835224583745003 4.6113788485527021 4.9809496477246284 13.336442679166794 5.3064329698681814
leaf_count=2190 180 76 39 45 278 199 179 652 579 882 914 373 906 509949 368 154 117 41 52 205 1144 41 30 47 43 101 40 42 118 40
internal_value=-4.23245e-05 -2.50064e-05 0.0225349 -0.00564983 -3.58497e-05 0.00536548 0.0088718 0.015438 -5.85124e-05 -9.43449e-05 0.00491359 0.0128137 0.000615129 -7.15908e-05 -0.00158839 -0.0169063 -0.00383303 -0.00145656 0.000242634 0.0117586 -0.00309852 -0.0126421 -0.00755553 0.00909041 0.0199046 -0.0193108 0 0.00657513 -0.0225093 -0.0306865
internal_weight=81880 81629.9 38.1076 250.052 81591.8 338.831 284.274 174.822 81253 80673.8 579.2 202.963 376.237 80565.9 109.452 107.822 235.838 205.598 194.826 43.8314 150.994 54.5573 45.9167 26.1832 11.2267 30.2401 14.9565 9.59233 25.1717 10.7717
internal_count=520024 517981 287 2043 517694 1747 1477 831 515947 513175 2772 1287 1485 512139 646 1036 1863 1599 1518 257 1261 270 229 211 82 264 129 82 219 81
is_linear=0
shrinkage=0.035


Tree=174
num_leaves=31
num_cat=0
split_feature=10 9 7 7 7 7 2 9 7 7 2 2 2 10 11 7 7 10 6 2 11 9 7 2 7 7 6 2 10 7
split_gain=7.1839 23.6892 52.4269 49.1678 44.4931 39.8746 35.8304 34.6539 34.6068 37.01 33.7287 65.1696 38.9432 28.8683 24.0719 41.7735 33.0156 22.1968 21.2157 18.1611 44.2516 58.8392 76.2361 72.871 62.7818 50.7835 46.353 41.6022 77.8064 41.5482
threshold=-0.61513367295265187 -0.76295000314712513 31.598712921142582 31.811714172363285 30.715738296508793 28.417278289794925 53.755762100219734 3.1096500158309941 23.291272163391117 23.790318489074711 52.786775588989265 53.796842575073249 52.120557785034187 5.0591044425964364 54.550350189208991 69.762519836425795 67.648265838623061 16.556191444396976 53.984622955322273 52.404092788696296 51.965950012207038 -2.8313499689102168 22.281182289123539 53.883504867553718 21.560606956481937 24.405713081359867 70.216053009033217 52.297090530395515 -3.1773324012756343 21.006519317626957
decision_type=2 2 2 2 2 2 2 2 2 2 2 2 2 2 2 2 2 2 2 2 2 2 2 2 2 2 2 2 2 2
left_child=19 8 4 -4 5 7 -7 -3 13 -10 12 -12 -11 -2 15 -5 -16 18 -15 27 21 24 23 -23 29 -24 -26 -1 -29 -21
right_child=1 2 3 14 -6 6 -8 -9 9 10 11 -13 -14 17 16 -17 -18 -19 -20 20 -22 22 25 -25 26 -27 -28 28 -30 -31
leaf_value=-3.6060416914621821e-05 -0.0098112941322998967 0.01265992638862708 -0.021386410456359875 -0.0017772958316775651 0.02178595274346698 -0.011447163639327542 0.010491216223321245 -0.024670636610239185 0.037483149633937618 0.0024367603318324747 0.0081217072089260437 -0.0025132566145197083 -0.0045382257508305339 0.00075355092702878432 0.0017524396802553216 0.004941119274016673 -0.00094198910016792144 -0.016163283472402798 0.028661464949686872 -0.001603642827214307 0.0050168068571168744 0.030389843423238545 -0.013513783936017093 -0.0043179051739928847 0.002604509876439628 -0.0035432668082657497 0.015471212634038407 0.038403576835307561 0.0032902187454309315 -0.02097747637295189
leaf_weight=21078.861902594566 514.91311974823475 493.72249622642994 134.42214487493038 15013.446356090717 210.61399444937706 274.56044689565897 135.34977627545595 31.613438010215759 36.140683211386204 3500.3582678819075 2420.3170188609511 994.62121349480003 1360.9876543600112 74.626656986773014 11985.681499394588 1225.0843493528664 10404.088101448491 39.493901114910841 60.413114501163363 589.23767509963363 1138.561032935977 152.59480553865433 689.80712140258402 142.42715215869248 1359.1463803350925 6756.7184865372255 459.0516361258924 96.084538646042347 386.33372383844107 175.77515565231442
leaf_count=139238 3231 2751 902 103685 1488 1870 1041 145 138 22875 13751 6768 6823 500 67868 7875 69044 443 428 3449 6571 331 3299 1188 5865 41890 2341 563 2645 1015
internal_value=-2.88921e-06 0.00026632 -9.93512e-05 -0.000317699 0.007276 0.0039851 -0.00417988 0.0103661 0.00188812 0.00251381 0.00235666 0.0050223 0.000482171 -0.00563972 -0.00024376 -0.00126979 0.00050009 0.00661603 0.0133856 -0.000401805 -0.00152747 -0.00225015 -0.00377666 0.013644 0.00232164 -0.00446918 0.00586227 0.000196378 0.0103503 -0.00608153
internal_weight=81935.1 48910.5 39908.6 38762.7 1145.86 935.246 409.91 525.336 9001.87 8312.42 8276.28 3414.94 4861.35 689.447 38628.3 16238.5 22389.8 174.534 135.04 33024.6 11463.3 10324.8 7741.55 295.022 2583.21 7446.53 1818.2 21561.3 482.418 765.013
internal_count=520021 311626 256669 249374 7295 5807 2911 2896 54957 50355 50217 20519 29698 4602 248472 111560 136912 1371 928 208395 65949 59378 46708 1519 12670 45189 8206 142446 3208 4464
is_linear=0
shrinkage=0.035


Tree=175
num_leaves=31
num_cat=0
split_feature=7 11 7 6 7 9 7 11 5 7 1 9 7 5 6 7 7 9 4 7 6 5 0 6 8 12 9 7 7 6
split_gain=8.02991 25.1765 32.8783 21.8013 18.8781 44.1491 27.6008 17.3435 16.6912 10.9572 12.7712 11.8109 8.59908 8.16796 7.87055 7.40816 8.71754 12.8614 12.0092 7.33802 17.6545 8.10644 13.4442 6.5714 6.12104 14.722 6.45564 39.444 96.1744 38.4787
threshold=76.442924499511733 80.381748199462905 80.263469696044936 50.815494537353523 80.263469696044936 2.9244999885559086 80.857158660888686 72.342250823974624 50.069299697875984 79.546710968017592 83.647720336914077 2.3614000082015996 90.347183227539077 50.069299697875984 76.021450042724624 80.626018524169936 85.718479156494155 5.2697000503540048 72.498649597167983 78.280700683593764 16.700766563415531 50.079681396484382 28.000000000000004 95.516082763671889 2.5000000000000004 53.976158142089851 1.1190999746322634 57.632680892944343 57.865306854248054 15.526998519897463
decision_type=2 2 2 2 2 2 2 2 2 2 2 2 2 2 2 2 2 2 2 2 2 2 2 2 2 2 2 2 2 2
left_child=24 3 19 9 7 6 -6 8 -5 10 11 -2 13 -11 -9 -4 17 -17 -18 20 -3 23 -23 -21 26 -26 -1 29 -29 -28
right_child=1 2 15 4 5 -7 -8 14 -10 12 -12 -13 -14 -15 -16 16 18 -19 -20 21 -22 22 -24 -25 25 -27 27 28 -30 -31
leaf_value=-0.00010659919449411889 -0.0048310884775047917 0.03049904181124145 -0.019760256905941319 -0.022103345854506049 0.051981983287446479 -0.010360812017793304 -0.002873867679147804 0.0014791028043533311 -0.005839463706200824 -0.012522016894825596 0.028507024937616723 0.0047539448631555596 0.017656707776659931 0 -0.011006977099769236 -0.0062892250147035967 -0.015229141973706221 0.013456984742537354 0.00030558056801136913 0.010992485402448966 -0.010220262088700367 0.044220715678930864 -0.0065699044447914091 0.039886662962087149 0.033126356525646411 -0.011323288248011494 -0.0035449889491339748 -0.029218090533344308 2.2603538924534143e-05 0.0048981812657128585
leaf_weight=59857.018853122368 268.42649113386869 17.657180927693844 27.75160650536418 230.56544906180352 27.819731995463371 103.33812308963388 17.983663592487574 129.40146981924772 119.17935172095895 174.68331927806139 20.216735169291496 377.97849772870541 16.148212470114231 101.106161005795 115.91976940538734 69.451759157702327 93.972818214446306 93.605548195540905 168.3932669274509 186.48410204052925 43.518334493041039 24.506784215569496 7.981962986290454 9.7693094909191114 9.0900578051805478 112.67617548257113 797.10895023494959 138.28016445226967 14816.197950897738 3840.5617580320686
leaf_count=388849 1806 55 228 1538 271 1038 189 744 1107 1267 137 2041 117 967 842 603 820 704 1504 829 235 160 30 47 33 479 3844 645 90361 18933
internal_value=8.47098e-07 -0.00197404 0.00339357 -0.00432108 -0.00881326 0.00227271 0.0306143 -0.0116028 -0.0166072 -0.000821697 0.00164687 0.000761791 -0.00647154 -0.0079566 -0.00440901 -0.00248298 -0.00130453 0.00501403 -0.00526134 0.0125849 0.00166165 0.0154598 0.031674 0.0126224 6.16585e-05 -0.00775337 7.38021e-05 0.000625295 -0.000248858 0.00344512
internal_weight=82016.8 2445.86 743.093 1702.77 744.208 149.142 45.8034 595.066 349.745 958.559 666.622 646.405 291.938 275.789 245.321 453.175 425.423 163.057 262.366 289.918 61.1755 228.742 32.4887 196.253 79570.9 121.766 79449.2 19592.1 14954.5 4637.67
internal_count=520423 17279 5215 12064 5729 1498 460 4231 2645 6335 3984 3847 2351 2234 1586 3859 3631 1307 2324 1356 290 1066 190 876 503144 512 502632 113783 91006 22777
is_linear=0
shrinkage=0.035


Tree=176
num_leaves=28
num_cat=0
split_feature=8 0 4 13 6 7 4 5 7 11 10 11 10 10 7 5 5 7 11 10 7 6 7 4 10 11 10
split_gain=5.75446 15.7519 14.4287 13.4403 6.53255 7.4865 9.56695 6.67187 5.4735 72.8336 79.8491 67.7944 89.0383 60.9249 54.0261 46.1844 41.1155 34.9285 29.3853 29.5996 23.9471 23.0011 17.8181 4.46204 2.51158 2.17831 0.683792
threshold=2.5000000000000004 55.20000076293946 58.129676818847663 1.1976477503776553 45.742458343505866 63.42186355590821 67.195690155029311 97.138477325439467 51.746061325073249 48.378450393676765 -1.9495523571968076 52.381050109863288 1.8637498617172243 2.8394057750701909 27.158969879150394 45.711332321166999 45.554418563842781 50.288488388061531 63.924749374389656 -1.7742630839347837 52.885164260864265 39.838054656982429 43.682548522949226 67.195690155029311 3.8308068513870244 72.342250823974624 5.6272141933441171
decision_type=2 2 2 2 2 2 2 2 2 2 2 2 2 2 2 2 2 2 2 2 2 2 2 2 2 2 2
left_child=1 8 24 23 -4 7 -7 -6 11 10 15 13 14 22 -13 -10 -15 -14 21 -20 -12 -11 -1 -3 -2 -8 -9
right_child=2 3 4 -5 5 6 25 26 9 18 20 12 17 16 -16 -17 -18 -19 19 -21 -22 -23 -24 -25 -26 -27 -28
leaf_value=-0.00054752958475268426 0.0057981683862134304 0.049346474376530718 -0.030654335837635927 -0.0067185477266634517 -0.00079517122794906718 0.029457705805969417 -0.015737239997302574 -0.019153010088956736 0.0048551538524161265 -0.00031193646309680864 -0.0097160895928386261 0.030172472216804268 -0.0012198543282832687 -0.0017794258546038812 0.0067337581659815413 0.015946805924225677 0.0059448525534310471 0.01697871338602755 -0.0034603642555016915 0.0015406493563546915 0.0011623087525688533 -0.0024490769086020522 -0.0028975081178811354 0.018250787554611989 0.031566219026128994 0.003199347737498236 -0.03499863161308342
leaf_weight=24852.085595692508 10.729135587811472 13.953562133014204 19.74662384390831 13.119563139975069 18.275727115571499 10.990225955843924 16.718881204724315 13.493001952767374 1228.0073211267591 10640.62818454206 263.81410770863295 124.81158543378115 3217.6836687028408 1197.3869446665049 3117.6831465838477 738.09355952125043 2848.4855323294178 133.7750196158886 1751.1713349157944 8392.5267903674394 3907.9781119860709 14706.955456274562 4702.6100275674835 13.123005412518976 9.4724974632263166 11.63367987424135 14.325356811285017
leaf_count=159776 49 48 89 47 79 44 72 62 6314 67555 1931 532 16382 8452 18438 3498 16247 899 10646 47111 23481 107312 31115 48 39 45 49
internal_value=-2.53852e-05 -1.37875e-05 -0.00749396 0.0216758 -0.0127448 -0.00827831 0.00277494 -0.0177483 -2.474e-05 -0.0003061 0.00321375 0.000266489 0.00351112 -0.000370115 0.00764535 0.00902742 0.0036572 -0.000487483 -0.000915082 0.000676398 0.000470976 -0.00155224 -0.000921753 0.0354829 0.0189562 -0.00785245 -0.0283077
internal_weight=81989.3 81863.9 125.385 40.1961 105.183 85.4369 39.3428 46.0941 81823.7 41629.2 6137.89 40194.5 6593.95 33600.6 3242.49 1966.1 4045.87 3351.46 35491.3 10143.7 4171.79 25347.6 29554.7 27.0766 20.2016 28.3526 27.8184
internal_count=520360 519832 528 143 440 351 161 190 519689 267848 35224 251841 36251 215590 18970 9812 24699 17281 232624 57757 25412 174867 190891 96 88 117 111
is_linear=0
shrinkage=0.035


Tree=177
num_leaves=31
num_cat=0
split_feature=8 13 4 10 7 5 2 4 5 13 13 12 1 5 13 5 7 0 1 7 13 7 12 10 6 2 10 5 1 1
split_gain=5.93069 13.6049 11.9141 9.41712 10.3287 9.35568 7.65416 24.874 18.4329 9.47571 18.8218 7.98706 8.16716 8.60346 13.2361 9.46148 7.5442 6.91238 6.6205 8.16046 14.786 9.5684 7.87875 8.5096 6.22135 6.06523 12.7067 5.93221 5.25035 8.4638
threshold=-5.4999999999999991 3.6375660896301274 49.507812500000007 0.35295455157756811 60.827449798583991 98.158565521240249 3.1099752187728886 48.989637374877937 95.505905151367202 1.680790960788727 1.0362972021102907 1.2591067552566531 1.0000000180025095e-35 92.948387145996108 1.6001024246215823 50.079999923706062 20.186177253723148 13.59999990463257 99.468643188476577 37.797212600708015 1.77005010843277 48.045326232910163 6.1723651885986337 1.3371118903160097 78.404720306396499 5.8231091499328622 -3.1773324012756343 98.366512298583999 50.006980895996101 64.904582977294936
decision_type=2 2 2 2 2 2 2 2 2 2 2 2 2 2 2 2 2 2 2 2 2 2 2 2 2 2 2 2 2 2
left_child=1 2 3 25 5 -5 7 18 -9 10 -10 17 16 15 -15 -14 -13 28 19 20 -2 -21 23 -20 -24 -1 -27 -18 -8 -30
right_child=6 -3 -4 4 -6 -7 11 8 9 -11 -12 12 13 14 -16 -17 27 -19 22 21 -22 -23 24 -25 -26 26 -28 -29 29 -31
leaf_value=-0.011221197171140651 0.0066554717314757485 0.039537213776286023 0.030621048145674713 0.0066560075948315089 -0.01885356242869413 0.055277670888665947 -0.0034202869560538422 0.066008219172669982 0.00056795935442260296 -0.0073375648039157243 0.061446147685223343 0.03655616710942633 -7.5092655387225642e-05 -0.0035855802664044537 0.0014462280802189065 0.0014019942022464422 0.0025208216598562234 -0.0090016699306866791 -0.0057539261879852172 -0.0062712001241978128 -0.016309662466300074 0.0011340379217685895 0.021207647920862972 0.018882019287535926 -0.0056691886337446517 -0.016388465580651181 0.0425916254702913 0.015627528989545829 0.030748399982561445 0
leaf_weight=235.75714645162225 425.90886356681585 7.3828362673521033 9.5719708651304227 15.409489192068582 9.5226440057158452 6.7604299113154402 137.21114148199558 10.568254455924032 14.537261046469213 14.52599350363016 10.414101928472517 8.4405354857444745 70316.251011738554 1923.876223012805 956.80494174361229 5745.3650933951139 308.23006522655487 225.58799055963755 61.304785184562206 283.27341655641794 36.440583810210228 859.78160929679871 61.33197295665741 22.899027310311794 11.886550828814505 9.1079636588692683 7.3029410764574996 48.806357011198997 15.262012667953966 33.918157041072845
leaf_count=1428 2130 37 59 106 78 50 929 47 75 63 47 32 435871 10604 4945 51880 1813 1402 379 1462 166 4911 343 151 81 55 47 277 107 241
internal_value=-2.67977e-06 -0.00490158 -0.00614792 -0.00749495 0.0101929 0.0231961 1.53568e-05 0.00226371 0.0264077 0.0145322 0.0273684 -3.57064e-05 -1.03436e-05 -3.46246e-05 -0.00191192 3.64016e-05 0.0052038 -0.0048917 0.00156264 0.000884083 0.00480529 -0.000698121 0.00839888 0.000978064 0.0167357 -0.00977085 0.010211 0.00436298 6.23733e-05 0.00981816
internal_weight=81833.4 300.815 293.433 283.861 31.6926 22.1699 81532.6 1812.87 50.0456 39.4774 24.9514 79719.8 79307.8 78942.3 2880.68 76061.6 365.477 411.979 1762.83 1605.4 462.349 1143.06 157.422 84.2038 73.2185 252.168 16.4109 357.036 186.391 49.1802
internal_count=519816 1860 1823 1764 234 156 517956 9855 232 185 122 508101 505422 503300 15549 487751 2122 2679 9623 8669 2296 6373 954 530 424 1530 102 2090 1277 348
is_linear=0
shrinkage=0.035


Tree=178
num_leaves=31
num_cat=0
split_feature=6 2 2 5 2 4 5 5 7 9 9 7 2 2 9 7 4 2 9 2 7 4 7 7 5 9 2 4 2 4
split_gain=6.71578 11.1448 46.0173 37.205 32.3104 32.8795 26.9912 55.4338 31.8839 69.7572 22.1744 29.3482 21.6177 20.8158 19.5782 42.9166 17.6842 28.96 18.521 17.6663 16.4057 13.0724 12.8111 12.5672 11.7928 18.7824 11.3912 7.49136 5.46424 19.0707
threshold=85.83111953735353 49.738378524780281 50.069013595581062 45.452220916748054 48.996879577636726 41.918203353881843 45.515445709228523 45.543027877807624 48.710355758666999 -0.089050002396106706 1.0794499516487124 69.86682510375978 51.970317840576179 49.107086181640632 -1.1712500452995298 64.699142456054702 56.687097549438484 49.95216369628907 3.0151000022888188 47.838615417480476 53.64912414550782 56.839122772216804 43.856449127197273 44.598613739013679 45.549871444702156 3.0151000022888188 46.85585021972657 49.805486679077156 54.398979187011726 34.832588195800788
decision_type=2 2 2 2 2 2 2 2 2 2 2 2 2 2 2 2 2 2 2 2 2 2 2 2 2 2 2 2 2 2
left_child=28 3 14 10 24 -6 8 23 12 -10 27 21 -4 -7 15 22 17 -16 -18 -13 -9 -12 -3 -8 25 -5 -26 -2 -1 -30
right_child=1 2 6 4 5 13 7 20 9 -11 11 19 -14 -15 16 -17 18 -19 -20 -21 -22 -23 -24 -25 26 -27 -28 -29 29 -31
leaf_value=0.00016349956531306044 0.029906012668356106 0.018049052904233788 -0.027356240624603487 -0.0042426712518666048 0.022720042261962486 -0.037471773823165626 0.017166414101039033 0.0010112921409042106 0.015507598442123995 -0.0050906553835724701 0.016904929768261079 -0.0072674195779904027 -0.0085867863394372135 -0.01481765703544082 -0.0098542373408758398 0.080569222036207325 0.03155796547723045 0.0097658796179654721 0.0038010752560202923 0.010263232602466813 -0.0033092713394955345 0.084512090807750281 -0.035859977795830424 0.051389006907413111 -0.0041365291067815861 -0.035531425294518505 0.010045665118184707 -0.016622687861387628 0.012144425008535202 -0.0025186735366623074
leaf_weight=70537.795827150345 3.7042502164840689 34.802171537652612 89.250641500577331 153.26442387513816 23.943514719605446 61.504294328391552 28.39630760345608 3814.6120511656627 237.82788579631597 1287.9910169038922 7.3585949148982746 95.274852914735675 483.4579446259886 273.46881345566362 134.36864851135761 13.74653624743223 63.641166123561561 287.81524693127722 55.855198113247752 260.48833510652184 1498.6882367189974 7.6619585826992989 5.5368724018335334 27.451616034843028 150.67483274266124 27.20854271389544 126.72600579075515 66.001023229211569 114.30591773241758 1907.0721843242645
leaf_count=434540 34 397 583 790 56 271 335 28434 2047 11653 74 996 4723 1365 1099 39 447 2465 401 2559 12840 49 22 350 791 139 494 698 942 10559
internal_value=-1.53995e-06 -0.000885983 -0.000406942 -0.00395049 -0.00837195 -0.0162253 -0.00115494 0.000159462 -0.00451998 -0.001869 0.00423259 0.00765239 -0.0115581 -0.0190774 0.00894609 0.028921 0.00689902 0.003498 0.0187535 0.00554305 -0.000206379 0.0543633 0.00992598 0.0346 -0.00218309 -0.00913445 0.00232747 -0.0137395 0.000111985 -0.00168156
internal_weight=81879.9 9320.72 8063.44 1257.28 816.79 358.917 7467.68 5369.15 2098.53 1525.82 440.489 370.784 572.709 334.973 595.766 54.0856 541.68 422.184 119.496 355.763 5313.3 15.0206 40.339 55.8479 457.874 180.473 277.401 69.7053 72559.2 2021.38
internal_count=520192 74151 65835 8316 3906 1692 60965 41959 19006 13700 4410 3678 5306 1636 4870 458 4412 3564 848 3555 41274 123 419 685 2214 929 1285 732 446041 11501
is_linear=0
shrinkage=0.035


Tree=179
num_leaves=31
num_cat=0
split_feature=6 10 7 11 7 7 10 10 7 11 10 7 11 7 10 9 7 7 11 7 11 10 7 7 7 9 4 7 10 7
split_gain=8.04845 7.97388 19.4487 18.4125 83.3882 57.8751 67.3396 19.4557 17.4873 38.1839 50.5941 25.734 16.8984 49.8389 28.2831 15.9907 14.9538 14.9197 15.3608 22.2455 14.3004 14.297 13.6072 11.6317 9.33911 7.40356 7.30049 8.46229 6.65494 4.78876
threshold=99.358459472656264 -1.0000000180025095e-35 70.530574798583999 51.367450714111335 71.004535675048842 70.733211517333999 8.0838499069213885 8.0838499069213885 69.578166961669936 78.74444961547853 3.6910141706466679 69.762519836425795 56.528549194335945 68.936416625976577 0.17546480894088748 7.6709501743316659 78.280700683593764 79.546710968017592 74.977397918701186 70.733211517333999 63.66365051269532 -8.9486303329467756 73.829555511474624 39.632768630981452 87.417869567871108 2.7615000009536748 43.237737655639656 34.582567214965827 -5.4341070652008048 69.650360107421889
decision_type=2 2 2 2 2 2 2 2 2 2 2 2 2 2 2 2 2 2 2 2 2 2 2 2 2 2 2 2 2 2
left_child=1 15 8 4 7 6 -5 -4 12 10 -10 -11 13 -3 -14 17 -17 18 23 -20 -7 -19 -6 -1 -23 26 27 -2 -18 -27
right_child=25 2 3 5 22 20 -8 -9 9 11 -12 -13 14 -15 -16 16 28 21 19 -21 -22 24 -24 -25 -26 29 -28 -29 -30 -31
leaf_value=-0.0011768421710472272 -0.0018138413155312986 0.0001449085389145578 0.020269250590656106 -0.017803158801618073 -0.0066893045249802 -0.0027280878532207043 0.013832174893100672 0.051642046319159481 0.0069244197051305618 0.038114189516353085 -0.0071910536926238994 0.0044572032361800693 0.012073358546582527 -0.010946890212651229 0.0012745476774887275 -0.011384922695666046 0.054135837361410998 0.029794553051007675 -0.0037839391740532346 0.01114718493966094 0.00055730084287063195 -0.0090099681432903242 0.0096030937790524424 6.3940892458919999e-05 -0.03040017140651612 0.03836486454277236 -0.010879178774684094 0.04531328248991013 0.015451465337703973 0.00075484689057288398
leaf_weight=16966.097592931241 19.315002301707867 23264.116823457181 67.306947439908981 480.0763768479228 266.46349645406008 2840.5703928954899 98.602788239717484 39.996057718992233 1029.3890375941992 64.364451810717583 444.48516123741865 49.882488407194614 305.29927719384432 506.25521072000265 10358.031276121736 10.256870500743387 13.175837799906729 9.0372373312711698 194.14081958681345 325.23019476234913 3778.3217682987452 120.6178674288094 81.067212071269751 20340.987287107855 31.871107440441847 5.8004105277359512 186.53205485176295 5.2311361990869036 11.407408654689791 12.322600179351864
leaf_count=106777 255 152525 287 2111 1674 21878 197 68 6179 165 2660 174 1919 3159 55573 47 86 69 672 1831 25726 1066 543 130919 269 24 3314 23 78 148
internal_value=-8.80381e-05 -6.95443e-05 0.000252985 -0.0013491 0.00547071 -0.00178159 -0.012389 0.0323235 0.000593545 0.00418396 0.00266119 0.0236129 0.000427655 -9.13877e-05 0.00158526 -0.000440194 0.0229891 -0.00046235 -0.00041671 0.00555524 -0.000851762 -0.0110523 -0.00285541 -0.000500154 -0.0136616 -0.00662642 -0.00850118 0.00906667 0.0375136 0.0142752
internal_weight=81926.3 81697.1 43674.2 7652.41 454.834 7197.57 578.679 107.303 36021.8 1588.12 1473.87 114.247 34433.7 23770.4 10663.3 38022.8 34.8401 37988 37826.5 519.371 6618.89 161.526 347.531 37307.1 152.489 229.201 211.078 24.5461 24.5832 18.123
internal_count=520416 516652 274838 52484 2572 49912 2308 355 222354 9178 8839 339 213176 155684 57492 241814 211 241603 240199 2503 47604 1404 2217 237696 1335 3764 3592 278 164 172
is_linear=0
shrinkage=0.035


Tree=180
num_leaves=31
num_cat=0
split_feature=6 5 5 2 10 10 5 5 6 2 5 2 5 2 4 10 11 10 11 7 10 5 5 10 2 7 7 4 7 7
split_gain=6.81081 23.1454 11.7279 13.7375 12.4822 9.1897 11.2277 8.22627 7.38325 15.5077 33.0369 24.9088 23.6367 21.5918 26.5139 15.7323 10.206 14.8514 13.2927 9.27398 6.99965 5.93446 14.1851 5.83325 29.0719 15.707 15.1669 13.2321 12.7705 12.0097
threshold=0.43134848773479467 46.369321823120124 45.452220916748054 52.356567382812507 1.3371118903160097 -1.0000000180025095e-35 50.060390472412116 45.558958053588874 4.831806182861329 49.666902542114265 46.181444168090827 50.069299697875984 44.901058197021491 49.336395263671882 51.469001770019538 -1.5203504562377927 44.623649597167976 -5.0674018859863272 21.875050544738773 68.408538818359389 6.3144264221191415 45.656616210937507 45.489482879638679 -11.258804321289061 53.948734283447273 25.243726730346683 78.280700683593764 45.008037567138679 21.560606956481937 18.460414886474613
decision_type=2 2 2 2 2 2 2 2 2 2 2 2 2 2 2 2 2 2 2 2 2 2 2 2 2 2 2 2 2 2
left_child=1 2 20 21 7 -3 -7 -5 9 10 13 12 -11 15 -15 -2 18 -18 -13 -14 -1 22 -4 24 26 28 -10 -27 -26 -25
right_child=8 5 3 4 -6 6 -8 -9 23 11 -12 16 19 14 -16 -17 17 -19 -20 -21 -22 -23 -24 29 25 27 -28 -29 -30 -31
leaf_value=-0.0018412614584284767 0.011579464903281954 0.00076983574054035751 -0.032801431210437895 0.0092712146138662788 0.020147683880932535 0.061777640878641633 0.013636499076363204 -0.019092849319921796 0.00061210096323727312 0.038092534536174935 0.035273986752450817 -0.0085223180434689707 -0.0045925306311223489 -0.012429436333872168 0.034174669007253841 -0.0038047537262822584 -0.011912768462950826 0.00088923114331699031 0.0052892563775662812 -0.017102264359349952 0.03098700136191047 -0.035460422202760522 -0.0031860659704830928 -0.0057572458466843271 0.019183949847609641 -0.00038608617449602749 0.049010759246529235 0.034447642994157639 0.085199111332215402 2.9104263435591915e-05
leaf_weight=67.80337443202734 117.54550873488188 40.578951559960842 36.105526313185692 16.53460393846035 20.156716927886009 7.3893191516399375 26.579043440520763 43.448184363543987 903.69559121318161 11.823688447475432 46.286019682884216 91.431793801486492 150.90419847518206 19.80566842854023 54.151154957711697 259.67121066153049 117.08049623668194 1899.3684811666608 1104.2294629737735 144.22203757613897 8.1718174368143064 30.739103026688099 44.460333779454231 441.14887923374772 7.8366516269743425 29.828332279808819 7.2086050584912291 22.810099385678768 7.7034309506416321 76123.784316356294
leaf_count=524 598 282 127 91 111 40 204 253 5380 23 102 487 1131 89 202 1362 640 11423 5884 790 58 87 247 3406 54 201 43 167 30 486312
internal_value=8.51607e-05 -0.00483772 -0.00965751 -0.0142632 -0.00306256 0.0122782 0.0254907 -0.0111398 0.000105934 0.00156901 0.00734975 0.000748359 -0.0087605 0.00441214 0.021601 0.000985006 0.00166116 0.000138013 0.00422225 -0.0107591 0.00188463 -0.0221859 -0.0167362 3.00465e-05 0.00271339 0.0246259 0.00104546 0.0148673 0.0549061 -4.20369e-06
internal_weight=81902.5 341.967 267.42 191.444 80.1395 74.5473 33.9684 59.9828 81560.5 4016.52 497.46 3519.06 306.95 451.174 73.9568 377.217 3212.11 2016.45 1195.66 295.126 75.9752 111.305 80.5659 77544 979.083 68.1785 910.904 52.6384 15.5401 76564.9
internal_count=520348 2024 1498 916 455 526 244 344 518324 22731 2353 20378 1944 2251 291 1960 18434 12063 6371 1921 582 461 374 495593 5875 452 5423 368 84 489718
is_linear=0
shrinkage=0.035


Tree=181
num_leaves=31
num_cat=0
split_feature=7 11 6 2 7 11 2 10 9 10 2 0 2 5 10 10 10 5 5 11 10 5 10 5 7 5 6 5 6 7
split_gain=12.9772 21.6471 24.5875 25.0719 21.9206 21.2348 41.7996 19.4854 17.6613 34.0682 16.2314 18.4486 15.1699 14.1456 13.1013 11.5253 10.7214 18.3402 83.9259 63.5026 62.2769 50.783 50.7417 48.0927 52.1957 24.9068 23.2458 21.8048 16.9939 14.1781
threshold=76.442924499511733 78.74444961547853 51.177995681762702 50.051733016967781 80.263469696044936 70.36264801025392 50.079050064086921 -5.5668718814849845 3.0151000022888188 2.8394057750701909 50.079427719116218 39.20000076293946 50.069395065307624 45.442907333374031 10.569621562957765 4.8704793453216562 1.0472377538681032 46.023597717285163 46.036748886108406 71.000350952148452 3.3292797803878789 46.016338348388679 3.2757411003112797 46.117029190063484 24.034657478332523 50.079809188842781 2.8644508123397832 45.558958053588874 56.35083198547364 69.86682510375978
decision_type=2 2 2 2 2 2 2 2 2 2 2 2 2 2 2 2 2 2 2 2 2 2 2 2 2 2 2 2 2 2
left_child=16 2 7 8 10 6 -5 13 -4 -10 12 14 15 -2 -12 -3 29 21 19 20 -19 26 -21 24 -20 -25 -18 -28 -23 -1
right_child=1 4 3 5 -6 -7 -8 -9 9 -11 11 -13 -14 -15 -16 -17 17 18 23 22 -22 28 -24 25 -26 -27 27 -29 -30 -31
leaf_value=-0.00049529167292784683 -0.026403988319681625 0.001681108114588715 -0.024019703037560746 0.03122446380821764 -0.0028154391396331916 -0.010851405573684355 -0.0077191921009831434 -0.003109891721447715 0.0041234052712797427 -0.026335545893734255 0.041902039567608559 -0.020902275864478001 -0.029966877369844998 0.016300622358726872 0.0025014727551743209 0.016901041312196823 0.0080160242127471585 -0.0030133024744633274 -0.020448149442243869 0.052685676139396162 -0.018996847105379203 0.019551193718546567 0.0023530521069975237 -0.0013673708339560708 0.029321950722258981 0.0022089386575020044 0.00025421791507402019 0.0029293830638186199 0.066904625169763615 0.0014573707148047277
leaf_weight=41639.114100849256 9.6279959008097631 180.90796932578087 180.37114260345697 54.24624384008348 484.11214840039611 175.05641560815275 86.257584230974317 782.49529565870762 107.75981975439936 75.82025177963078 40.97637440264225 8.7109602242708188 13.566213451325892 102.77376656979322 14.392721340060232 92.221538284793496 573.50225929915905 554.73496291786432 31.426113687455654 27.79719603061676 649.89635102078319 23.482253164052963 176.00294181704521 5351.0216706721112 129.21616547554731 4302.3869782071561 16062.133303184062 4864.4292682437226 16.475639820098877 5112.5553547954187
leaf_count=269310 85 709 1177 557 4153 1677 844 5420 552 498 264 31 110 518 109 466 3225 1431 92 49 1885 59 372 34569 364 29240 104358 24253 41 33963
internal_value=-1.80704e-05 -0.00254835 -0.00496466 -0.0099813 0.00200027 -0.00272321 0.00735844 -0.00114211 -0.0162354 -0.00847814 0.00865771 0.0245024 0.00503354 0.0124201 0.0319663 0.00687999 5.85346e-05 0.000544091 -0.000602727 -0.00859013 -0.0116491 0.00114192 0.00943151 0.000543453 0.0194891 0.000225865 0.00106755 0.000876489 0.0401779 -0.000281586
internal_weight=81923.5 2409.3 1574.41 679.511 834.888 315.56 140.504 894.897 363.951 183.58 350.776 64.0801 286.696 112.402 55.3691 273.13 79514.2 32762.5 11222.5 1408.43 1204.63 21540 203.8 9814.05 160.642 9653.41 21500.1 20926.6 39.9579 46751.7
internal_count=520381 17170 11328 5305 5842 3078 1401 6023 2227 1050 1689 404 1285 603 373 1175 503211 199938 68002 3737 3316 131936 421 64265 456 63809 131836 128611 100 303273
is_linear=0
shrinkage=0.035


Tree=182
num_leaves=31
num_cat=0
split_feature=2 7 10 10 4 5 5 7 7 9 9 10 5 2 2 7 5 7 7 9 5 5 0 2 7 10 5 10 9 9
split_gain=8.52578 14.1156 32.0811 41.2823 59.2893 42.1084 39.2755 33.3782 63.8063 31.7241 31.6837 34.0077 64.6 53.4459 54.6753 49.1875 44.7341 22.4655 59.2787 118.013 52.9447 90.491 48.1469 22.4212 19.3215 18.1073 16.5337 13.6975 12.4531 14.4998
threshold=50.091802597045906 67.379653930664077 -3.4286378622055049 6.6462218761444101 52.751367568969734 45.442907333374031 45.409994125366218 69.650360107421889 69.072742462158217 4.1519999504089364 0.88005000352859508 4.1114916801452646 46.023597717285163 50.306278228759773 50.842672348022468 61.289329528808601 46.090986251831062 60.380186080932624 57.632680892944343 -0.94275000691413868 46.284826278686531 46.028558731079109 1.0000000180025095e-35 51.752593994140632 70.019687652587905 -0.72974395751953114 45.549871444702156 -4.3425676822662345 -7.7415499687194815 -3.2763500213623042
decision_type=2 2 2 2 2 2 2 2 2 2 2 2 2 2 2 2 2 2 2 2 2 2 2 2 2 2 2 2 2 2
left_child=28 10 7 6 26 -6 23 8 27 -8 17 13 15 -12 -15 -13 -14 18 25 -20 21 -19 -22 -4 -9 -2 -5 -3 -1 -30
right_child=1 2 3 4 5 -7 9 24 -10 -11 11 12 16 14 -16 -17 -18 20 19 -21 22 -23 -24 -25 -26 -27 -28 -29 29 -31
leaf_value=0.013008292518543647 -0.0014523087819290892 0.011957893461183032 0.039318171859489472 0.024789790935529573 -0.014559566297559674 0.0054350604222094551 -0.0070965226847871776 -0.036563737650758897 0.053908423956919228 0.013400176439175002 -0.013494979908428868 -0.0020423286637373393 -0.028841571272392751 0.010574960831263113 0.0021916052556022292 0.0075176685828662734 -0.0060927018784040343 -0.0029991155602573237 0.032061295654062905 0.0025510554718414656 -0.030376778585643398 0.023297896846059533 0 0.0052215572257909328 0.0016591234162208507 0.00024715936601828805 0.067624847195610585 -0.017135859958696986 -0.0037956479733135076 0.00054506579331619449
leaf_weight=95.681641973555088 14690.245329978876 80.535689877346158 29.278051607310772 58.497062139213085 168.50627145171165 541.12939302250743 2491.8494291640818 17.076596617698669 46.439082510769367 95.12316208332777 223.00399865582585 1739.9076009066775 123.52699916064739 1202.4548455644399 4603.5030372617766 1059.8552004257217 731.42124473303556 4023.7512624869123 196.37469830363989 1055.854261752218 157.09253810346127 166.10968542098999 107.38258278369904 115.02557271625847 170.13466711901128 16080.622077031061 13.907430753111838 25.310171321034431 971.29764988645911 30850.676783632487
leaf_count=634 79709 529 255 367 1605 2859 16843 45 368 371 1080 8310 354 6514 25792 4915 2180 26804 880 7831 485 389 687 1082 1422 96405 43 163 6796 224630
internal_value=3.55926e-06 -0.000281573 -0.0023167 -0.00331133 0.00377081 0.000666342 -0.00534222 0.00793936 0.0200658 -0.00633624 -0.000111523 0.00166788 -0.000994508 0.00328288 0.00393028 0.00157524 -0.00941164 -0.000584119 -0.0002599 0.00720196 -0.00291296 -0.00195063 -0.01808 0.0123664 -0.00193091 -0.000563969 0.0337623 0.00485892 0.000450567 0.000412263
internal_weight=81931.6 50013.9 3852.81 3513.32 782.04 709.636 2731.28 339.496 152.285 2586.97 46161.1 9683.67 3654.71 6028.96 5805.96 2799.76 854.948 36477.4 32023.1 1252.23 4454.34 4189.86 264.475 144.304 187.211 30770.9 72.4045 105.846 31917.7 31822
internal_count=520347 288287 25952 23425 4874 4464 18551 2527 1060 17214 262335 49145 15759 33386 32306 13225 2534 213190 184825 8711 28365 27193 1172 1337 1467 176114 410 692 232060 231426
is_linear=0
shrinkage=0.035


Tree=183
num_leaves=30
num_cat=0
split_feature=6 5 11 6 5 5 5 5 2 10 9 10 2 7 7 4 7 7 11 10 5 2 9 2 7 9 4 7 7
split_gain=6.9658 10.6729 12.5818 6.10491 11.5953 11.0904 30.838 31.4719 16.289 10.8896 7.50573 6.27637 20.9906 14.4861 17.1238 17.082 14.1594 13.9369 17.0077 21.0713 19.8831 8.19729 6.75139 64.0096 56.128 3.45743 6.80363 5.18668 1.57503
threshold=99.693408966064467 46.028558731079109 69.251052856445327 4.4541819095611581 43.508358001708991 46.369321823120124 46.205049514770515 46.181444168090827 49.021945953369148 9.343633174896242 -2.3281500339508052 -11.258804321289061 53.948734283447273 25.243726730346683 21.560606956481937 45.114046096801765 78.280700683593764 18.460414886474613 1.0000000180025095e-35 12.557685852050783 50.079809188842781 51.149106979370124 -3.1450001001358028 52.197240829467781 21.560606956481937 -1.5208500027656553 47.930606842041023 35.611213684082038 69.26322174072267
decision_type=2 2 2 2 2 2 2 2 2 2 2 2 2 2 2 2 2 2 2 2 2 2 2 2 2 2 2 2 2
left_child=3 -2 25 4 -1 6 7 -6 -7 -10 -8 12 16 14 -14 -15 21 18 19 -13 -20 -5 23 -19 -24 -3 27 -27 -28
right_child=1 2 -4 11 5 8 10 -9 9 -11 -12 17 13 15 -16 -17 -18 22 20 -21 -22 -23 24 -25 -26 26 28 -29 -30
leaf_value=0.032577109091716135 -0.032614086082686983 -0.029359719662724798 0.085859852227908165 0.0034463017138349869 0.00030083367864682892 0.03437610220991795 -0.0025554966805372793 0.031643365082764836 0.0044063409809634796 -0.023436623750883991 -0.031873577921405709 0.017162515814513418 0.0087138273302454633 -0.0036983833687215671 0.079305674877925489 0.034813130139538878 0.048245143051928757 -0.0059620871456089065 -0.01744795051890409 -0.011979933448623871 0.00067310157265526994 -0.0034269351806666109 0.011374575711601267 0.0048814003171114674 -0.00020882490476008264 -0.00030235860105769333 -0.020618130678841967 0.078679308037269982 0.0060550909610029117
leaf_weight=13.718916356563566 19.226544014178216 4.4591391086578414 1.2625006549060334 556.50629464909434 3018.181703992188 21.242494247853756 14.952806703746317 38.973327815532684 878.7368321865797 16.694276362657547 43.964024372398853 70.170876458287239 8.1696554757654667 34.88106869161129 9.0446146503090858 22.435061812400818 6.9871833547949782 963.37798992171884 196.08518734574318 52.185061477124691 117.75241073593497 342.21319602429867 515.26199980080128 2160.1622273884714 72755.922148987651 1.5496332226321112 6.0187201425433141 1.4244737615808842 3.4782604854553938
leaf_count=28 1172 138 17 3658 15908 46 86 76 6485 125 181 536 55 238 34 159 42 5333 1211 531 1100 1681 2622 10054 468198 77 239 27 85
internal_value=2.53034e-06 -0.014936 0.00396493 9.59054e-06 0.00133497 0.00122051 0.000222251 0.000710858 0.00460315 0.00385897 -0.0246839 -5.92571e-05 0.00272229 0.0204807 0.0480671 0.0115273 0.00123646 -9.48643e-05 -0.0063277 0.00467928 -0.0106422 0.000820618 -5.91189e-05 0.00153409 -0.000127149 -0.00534574 0.00396543 0.0443309 -0.0104578
internal_weight=81895 37.4193 18.1927 81857.6 4046.46 4032.75 3116.07 3057.16 916.674 895.431 58.9168 77811.2 980.237 74.5304 17.2143 57.3161 905.707 76830.9 436.194 122.356 313.838 898.719 76394.7 3123.54 73271.2 16.9302 12.4711 2.97411 9.49698
internal_count=520142 1755 583 518387 22935 22907 16251 15984 6656 6610 267 495452 5867 486 89 397 5381 489585 3378 1067 2311 5339 486207 15387 470820 566 428 104 324
is_linear=0
shrinkage=0.035


Tree=184
num_leaves=31
num_cat=0
split_feature=0 5 10 5 2 2 7 5 7 10 12 6 10 13 13 13 13 6 6 9 0 6 7 5 5 6 9 6 2 10
split_gain=6.99101 9.92872 12.5832 8.47045 17.3962 10.6466 15.0414 22.2383 15.9896 11.7755 9.75474 9.66444 9.69518 9.50464 18.9297 28.9253 18.8252 17.6295 14.9342 8.63258 8.21314 10.8044 8.12613 7.45213 12.5741 27.2754 27.577 12.3348 20.0232 13.2412
threshold=20.800000190734867 91.718109130859389 -10.341341495513914 92.948387145996108 1.3056819438934328 2.0574656724929814 63.478757858276374 99.283889770507827 61.535604476928718 -1.3104421496391294 18.264039993286136 71.735794067382827 -1.2689077258110044 1.5268065333366396 1.1428944468498232 1.0471491217613222 1.8019480705261233 61.516042709350593 48.874351501464851 -1.0988499522209165 39.20000076293946 18.322186470031742 68.936416625976577 50.079999923706062 50.079553604125984 37.463397979736335 7.6709501743316659 2.8644508123397832 50.080970764160163 2.9932075738906865
decision_type=2 2 2 2 2 2 2 2 2 2 2 2 2 2 2 2 2 2 2 2 2 2 2 2 2 2 2 2 2 2
left_child=1 23 -3 4 -2 6 8 9 10 -8 -5 20 -13 14 15 -7 18 -18 -15 -16 21 -6 -14 24 -1 -26 -27 28 -25 -29
right_child=3 2 -4 5 11 13 7 -9 -10 -11 -12 12 22 16 19 -17 17 -19 -20 -21 -22 -23 -24 27 25 26 -28 29 -30 -31
leaf_value=-1.615043158924906e-05 -0.0064538237183485057 0.016751383790704424 -0.0024569228239746123 0.0052839201106905992 -0.0073093165867816282 -0.001911993367659558 0.026394305247469559 0.04893897280618114 -0.029165005429174426 0.0033860794066224711 -0.015026211567817119 -0.0062483994309282809 0.039952823151175258 0.054688003859832281 -0.036368274960535657 0.016611143265052482 0.0032143530281200918 -0.012403937268663854 0.011243091567997163 -0.009587244471554162 -0.0058282449236087283 0.010833708848786372 -0.0020897059997370699 0.019969074735815232 -0.010192237709079661 -0.00044471495820544281 0.045646868418938204 0.00028202161357287721 -0.0051594630891235215 0.0054305572030143153
leaf_weight=69142.900748702697 119.76418301463127 41.577525556087494 2633.443899396807 260.88867761939764 44.807240538299084 1189.855786934495 35.901115968823433 18.996349602937698 19.389009870588779 110.76670084893703 31.666868902742863 9.6811005696654302 28.835810482501984 9.9423139244317991 15.681400395929812 112.26616907864809 476.85790079832077 107.85004130750895 124.50175452232361 183.85784710198641 54.283610589802265 326.03985946625471 6.4733629450201979 103.89982086420059 470.95964227616787 732.6723153218627 15.450304090976713 4614.4707603147253 60.725130639970303 705.36847482249141
leaf_count=425433 584 224 16948 1328 236 5889 141 74 98 561 108 53 157 54 62 535 2199 509 564 874 272 1767 40 817 4022 6544 105 43041 516 5967
internal_value=1.06718e-05 -5.54598e-05 -0.00215084 0.00159159 0.0053899 0.000757315 0.00549397 0.0139927 0.000933911 0.0091781 0.00302666 0.00842781 0.0237899 -0.000259811 -0.00184705 -0.000300377 0.00304316 0.000308575 0.0148121 -0.0118637 0.00674403 0.00861175 0.0321756 1.83714e-05 -7.83994e-05 -0.00360092 0.00054557 0.00126098 0.0106775 0.000966706
internal_weight=81809.8 78521.5 2675.02 3288.31 589.885 2698.42 477.609 165.664 311.945 146.668 292.556 470.121 44.9903 2220.81 1501.66 1302.12 719.152 584.708 134.444 199.539 425.131 370.847 35.3092 75846.4 70362 1219.08 748.123 5484.46 164.625 5319.84
internal_count=519722 503617 17172 16105 3109 12996 2310 776 1534 702 1436 2525 250 10686 7360 6424 3326 2708 618 936 2275 2003 197 486445 436104 10671 6649 50341 1333 49008
is_linear=0
shrinkage=0.035


Tree=185
num_leaves=31
num_cat=0
split_feature=9 7 7 10 5 7 7 9 10 5 7 7 7 7 7 5 10 5 5 7 5 5 5 7 7 10 10 11 7 9
split_gain=6.11496 72.3236 70.3112 71.8016 82.5372 60.8821 60.5038 72.7904 56.1622 49.9004 38.8304 37.561 42.6328 86.3333 65.1162 39.998 37.4326 37.3465 64.9136 45.5093 32.5843 82.2575 79.4885 31.305 30.8591 28.7723 28.3651 27.597 26.8824 36.3319
threshold=-0.059949999675154679 34.582567214965827 56.680021286010749 -1.9936631917953489 45.442907333374031 56.244001388549812 59.841144561767585 -1.0074500441551206 -0.13834803551435468 45.661050796508796 64.499298095703139 35.611213684082038 48.045326232910163 44.850858688354499 43.856449127197273 50.069395065307624 3.5701320171356206 45.558958053588874 45.452220916748054 50.487710952758796 46.284826278686531 46.484361648559577 46.117029190063484 49.822107315063484 68.936416625976577 -0.46739223599433893 0.76350408792495739 53.881149291992195 53.64912414550782 -1.0301499962806699
decision_type=2 2 2 2 2 2 2 2 2 2 2 2 2 2 2 2 2 2 2 2 2 2 2 2 2 2 2 2 2 2
left_child=2 -2 5 4 -4 16 7 -6 -7 -10 -8 15 13 14 -13 -3 28 18 -18 -19 22 -22 24 25 -5 -14 -25 -15 -1 -30
right_child=1 11 3 20 6 8 10 -9 9 -11 -12 12 23 27 -16 -17 17 19 -20 -21 21 -23 -24 26 -26 -27 -28 -29 29 -31
leaf_value=-0.00079540494180912167 0.0063550234455714899 -0.022029101585668214 -0.016244550649090053 0.00416705633263396 0.038551136454883679 -0.030926476090084757 -0.0009124569159411843 0.01072352166357581 -0.010999870527894388 0.087181727767283876 0.012595258182207343 0.0012247039236719655 0.0059791986524033959 0.0037889033729051002 -0.011822996196720982 0.0045327520906398265 0.0079408686032018932 0.0085561654211205509 -0.0097621202857257963 -0.0077540408231376017 -0.03727620089054548 -0.001126458388835169 0.044214285381688825 -0.0020277275430286026 -0.0053025723669862211 -0.010613744571626581 6.1838926535120142e-06 0.013107056745839171 0.015498013625624682 0.0012204143334186527
leaf_weight=28272.00025876984 1908.4352383837104 199.43594377487898 135.50655971094966 2053.2630037553608 201.25772349536419 134.0753533244133 408.52994058094919 272.02435023337603 17.003151036798958 9.0826552063226682 714.68277685344219 4056.3685763673857 155.43074946664274 680.10161699540913 528.89872266259044 105.3646629601717 460.02256246656179 1655.1060236152261 563.46152656245977 238.84688139334321 84.711236074566841 790.47563130874187 55.660069316625595 14173.304745004512 529.13121757656336 701.39436560310423 20600.57035963051 920.84986727684736 281.4488678202033 970.79010525532067
leaf_count=181735 10707 815 962 12736 643 587 2575 1359 150 40 3061 23301 851 5010 2786 830 3562 9406 3236 1040 229 5739 106 96601 2851 4062 131956 5142 1618 6588
internal_value=-2.68912e-05 -0.000307397 0.000299255 0.00406002 0.00989101 -0.000305676 0.0121207 0.0226167 -0.0217783 0.0245019 0.00767891 -0.000609536 -0.000520005 0.00216149 -0.000280588 -0.0128364 -0.000198917 0.00358227 -0.00179839 0.00649318 0.00118179 -0.00466431 0.00312474 -0.000985802 0.00222298 -0.0075928 -0.000822634 0.00915684 -0.000572879 0.00444283
internal_weight=81877.2 44030.2 37847.1 5245.24 1732 32601.8 1596.49 473.282 160.161 26.0858 1123.21 42121.7 41816.9 6186.22 4585.27 304.801 32441.7 2917.44 1023.48 1893.95 3513.24 875.187 2638.05 35630.7 2582.39 856.825 34773.9 1600.95 29524.2 1252.24
internal_count=520284 282061 238223 30261 8600 207962 7638 2002 777 190 5636 271354 269709 36239 26087 1645 207185 17244 6798 10446 21661 5968 15693 233470 15587 4913 228557 10152 189941 8206
is_linear=0
shrinkage=0.035


Tree=186
num_leaves=31
num_cat=0
split_feature=10 7 4 2 10 0 5 1 6 7 7 5 5 6 6 6 13 9 0 6 2 5 2 5 9 6 6 6 6 7
split_gain=7.85068 15.2034 10.9629 10.8718 7.16396 5.92343 11.7145 8.44738 10.8509 10.2283 8.23727 6.88248 13.1133 12.4176 5.80476 14.9689 9.83873 5.79709 5.61928 4.1425 5.71673 5.13577 4.67819 6.77412 3.61023 3.4333 2.85961 3.03633 3.04187 2.50432
threshold=22.41047286987305 90.347183227539077 69.30914688110353 54.594764709472663 16.556191444396976 20.800000190734867 50.399023056030281 5.2774562835693368 50.815494537353523 71.992401123046889 20.186177253723148 46.484361648559577 46.284826278686531 0.82844331860542308 51.585536956787116 46.887861251831062 3.0776515007019047 7.6709501743316659 26.400000572204593 49.267099380493171 52.04185867309571 45.452220916748054 52.222757339477546 45.554418563842781 3.1096500158309941 41.432065963745124 90.491043090820327 17.09495830535889 23.08715915679932 69.650360107421889
decision_type=2 2 2 2 2 2 2 2 2 2 2 2 2 2 2 2 2 2 2 2 2 2 2 2 2 2 2 2 2 2
left_child=1 5 4 17 -3 6 11 8 -8 -9 18 12 -1 -13 15 -12 -16 19 -7 22 21 -21 29 -24 -22 -4 27 -19 -29 -2
right_child=3 2 25 -5 -6 10 7 9 -10 -11 14 13 -14 -15 16 -17 -18 26 -20 20 24 -23 23 -25 -26 -27 -28 28 -30 -31
leaf_value=-3.8396785894246195e-05 -0.02651340012229628 0.063911568280331926 0.014018133661963052 -0.028552470743192376 0.019125661354705687 -8.0442184483330061e-05 -0.0018453612351929784 -0.003737557140623648 0.008506337916146604 0.0041128559299236497 0.0013614220623751059 0.010532781498291345 -0.0034027471529946836 0.0005904111893300796 0.0010655143331017314 0.010173201050301837 -0.0093791621552613402 -0.019456632011521639 -0.032638119790091936 0.038073994503752644 0.017392530228930347 0.0077575593317371662 -0.0061604844706248029 0.033451853359211421 -0.013523335438818351 -0.01496618019602705 -0.024824837616962539 0.015901520316777926 -0.0060419171807684809 -0.0024231836650089045
leaf_weight=57119.159240004607 12.186911448836328 8.0480437278747559 11.436557464301588 23.36396523937583 11.981845341622829 12.598933294415476 351.37283388525248 2258.4774608127773 190.19569964706898 221.92498349025846 1003.0714802443981 154.63121446967125 1454.7306330222636 16538.826853511855 1824.1771519035101 309.27044101804495 116.7383301705122 18.867023773491383 13.640639595687388 10.245278209447862 5.5784619450569179 21.665790289640427 16.637669868767265 6.7198551893234244 15.401016801595686 7.5849604234099379 11.842345528304575 7.5809620693325988 86.570306830108166 10.386382371187208
leaf_count=333021 64 48 96 285 86 55 2252 14218 1293 1690 4964 1142 5507 142560 8939 1490 583 176 39 65 30 120 153 20 127 62 116 67 767 63
internal_value=2.33834e-05 4.23577e-05 0.0216554 -0.00619617 0.0392203 3.17123e-05 -2.92512e-05 -0.00216568 0.00178437 -0.00303125 0.00148884 5.64552e-05 -0.000122118 0.000683427 0.00165032 0.0034483 0.000430098 -0.0037364 -0.0177293 0.00253317 0.0091946 0.018398 -0.00501393 0.00567643 -0.00464447 0.00196972 -0.00873871 -0.00682903 -0.00408224 -0.0161909
internal_weight=81854.9 81607.9 39.0514 247.046 20.0299 81568.8 78289.3 3021.97 541.569 2480.4 3279.5 75267.3 58573.9 16693.5 3253.26 1312.34 1940.92 223.682 26.2396 98.8214 52.8905 31.9111 45.9308 23.3575 20.9795 19.0215 124.861 113.018 94.1513 22.5733
internal_count=520098 518045 292 2053 134 517753 501683 19453 3545 15908 16070 482230 338528 143702 15976 6454 9522 1768 94 642 342 185 300 173 157 158 1126 1010 834 127
is_linear=0
shrinkage=0.035


Tree=187
num_leaves=31
num_cat=0
split_feature=6 5 5 5 2 2 2 5 4 6 5 5 6 7 2 7 7 1 7 0 0 10 7 7 2 2 9 7 7 10
split_gain=6.59983 15.7304 8.4074 39.9059 24.0724 23.5337 15.9203 18.4002 13.9488 13.5106 12.1982 11.3029 9.37193 6.83336 6.1372 11.9802 14.6548 7.51586 9.83225 7.81661 7.10911 5.93618 18.1203 18.1412 14.9517 15.3439 10.3936 6.14345 5.99915 5.8148
threshold=6.0266718864440927 43.508358001708991 46.036748886108406 45.967329025268562 46.85585021972657 49.021945953369148 50.069299697875984 46.205049514770515 54.645147323608406 0.43134848773479467 45.711332321166999 45.452220916748054 3.6760848760604863 27.158969879150394 99.632465362548842 28.017315864562992 24.84964752197266 42.870702743530281 47.849605560302741 60.799999237060554 33.600000381469734 -15.079775810241697 28.417278289794925 18.460414886474613 51.149106979370124 52.297090530395515 -7.7415499687194815 61.535604476928718 1.0000000180025095e-35 2.6346368789672856
decision_type=2 2 2 2 2 2 2 2 2 2 2 2 2 2 2 2 2 2 2 2 2 2 2 2 2 2 2 2 2 2
left_child=1 -1 3 9 -5 12 13 -8 -6 11 -11 -3 -4 -7 21 16 -16 18 -17 20 -19 22 23 26 27 -26 -2 -24 -23 -20
right_child=14 2 5 4 8 6 7 -9 -10 10 -12 -13 -14 -15 15 17 -18 19 29 -21 -22 28 24 -25 25 -27 -28 -29 -30 -31
leaf_value=0.031904345433663855 0.012269077413178319 0.00412275529331259 0.036563713351451622 0.015122422878144325 -0.013188739862750442 0.019468344725528022 0.014593571592575025 0.0020307333279866876 -0.035789069142310795 0.00088228941461348652 0.0073527623477425332 -0.012119662237243187 0.0089096746284035525 -0.010284704720144198 0.0060258842219532739 -0.0023694453347917078 0.058914090701153443 -0.0085441844692221696 0.050624617440280822 -0.029477759620103777 0.0063455060620525826 -0.010496357643662203 0.024302539795831347 -0.024858018917954704 -0.028474767258447022 0.019343145779206664 -0.0082287288395086009 0.0083154438363183432 -0.00011035205501231032 0.014424235997444211
leaf_weight=19.547731593251228 65.153534315526485 75.898335002362728 33.626378186047077 29.880233287811279 161.38818496465683 9.2417318597435933 162.07217390090227 1184.6092620491982 42.953827470541 3028.0584584325552 404.55889500677586 163.22910143435001 29.253597594797611 143.15965881943703 17.075083322823051 20.454366348683834 10.049056790769098 58.575468726456165 9.5332550331950205 9.9580451697111112 114.61873813718557 67.405491903424263 78.609576731920242 37.207528054714203 18.599778041243557 13.38468550890684 54.989335082471371 51.283584408462048 75771.797904612496 15.144977055490015
leaf_count=44 485 585 63 58 454 75 519 8393 114 16798 2015 833 88 1053 63 94 45 327 52 34 494 618 358 196 54 59 491 323 485372 68
internal_value=2.77246e-06 0.0011752 0.00105941 0.000189431 -0.0137902 0.00322926 0.00233755 0.00355562 -0.0180946 0.00108591 0.00164846 -0.00693863 0.0240817 -0.00834253 -8.13424e-05 0.00532603 0.0269973 0.00263528 0.0152996 -0.000500389 0.00125335 -9.96245e-05 0.00465661 -0.00376021 0.0128593 -0.00826696 0.00283699 0.0181337 -0.000119786 0.0298337
internal_weight=81901.3 5487.48 5467.93 3905.97 234.222 1561.96 1499.08 1346.68 204.342 3671.74 3432.62 239.127 62.88 152.401 76413.8 255.409 27.1241 228.285 45.1326 183.152 173.194 76158.4 319.228 157.35 161.878 31.9845 120.143 129.893 75839.2 24.6782
internal_count=520225 31092 31048 20857 626 10191 10040 8912 568 20231 18813 1418 151 1128 489133 1177 108 1069 214 855 821 487956 1966 1172 794 113 976 681 485990 120
is_linear=0
shrinkage=0.035


Tree=188
num_leaves=31
num_cat=0
split_feature=11 7 7 7 10 7 7 6 7 10 7 7 2 11 7 7 10 6 7 7 7 2 10 5 5 11 2 5 9 2
split_gain=6.06505 75.1715 78.8769 72.5074 64.4403 47.1367 62.7185 48.8579 45.8346 42.8989 63.5524 126.56 48.9118 35.4637 35.545 104.705 30.1951 27.8888 27.2629 42.1652 26.7546 25.7421 24.3126 23.7369 72.6309 43.6732 22.2808 20.1079 19.6062 18.932
threshold=46.012449264526374 48.045326232910163 47.443729400634773 27.69983005523682 -2.1792682409286495 25.243726730346683 26.097272872924808 72.128566741943374 22.281182289123539 -0.6548396348953246 43.856449127197273 44.850858688354499 52.401636123657234 24.956450462341312 68.741054534912124 67.648265838623061 -3.0567976236343379 54.773326873779304 48.710355758666999 54.053018569946296 18.460414886474613 54.368049621582038 0.72843012213706981 45.608633041381843 45.72456359863282 38.194150924682624 50.842672348022468 45.651060104370124 0.044549999758601196 53.537023544311531
decision_type=2 2 2 2 2 2 2 2 2 2 2 2 2 2 2 2 2 2 2 2 2 2 2 2 2 2 2 2 2 2
left_child=1 2 9 5 13 8 7 22 20 23 12 -12 -11 26 15 -15 -10 -6 -19 -20 -2 -22 -7 25 -25 -1 -3 -8 -29 -18
right_child=3 4 -4 -5 17 6 27 -9 16 10 11 -13 -14 14 -16 -17 29 18 19 -21 21 -23 -24 24 -26 -27 -28 28 -30 -31
leaf_value=0.0059319293951297387 -0.025891679337906617 -0.02166446799711251 -0.015272353179164897 -0.00035811555148286924 -0.00050152032565323787 0.052861013006039598 -0.023476027505275689 0.10275460702904599 0.022346403598746057 -0.0025141873533882234 0.033397574865765764 -0.00082768292204200118 0.0032134643623079381 0.012060671953460929 -0.0034886890095014145 0.069379672377611362 0.0015785463189595479 -0.028368594564996359 0.018506411949660302 0.0025153424035058592 0.031062867186529383 -0.012084701581039891 0.0062889078800417381 -0.0091213114116692143 -0.00090098804018393574 -0.0022479606461134317 0.014736658111515512 0.0066842623535487708 0.026936916113843429 -0.021391012650349008
leaf_weight=1443.5481860898435 14.124081164598463 64.459634460508823 426.95032437425107 53023.481374168769 2196.4522205144167 31.83503770083189 17.020872719585896 15.714636445045469 34.065811090171337 2899.3322498332709 226.41100371815264 316.01806188374758 4929.114356001839 1184.9841838106513 160.72665430605412 39.683277815580368 68.05449915677309 25.615953736007214 297.46822079271078 630.79975298792124 99.082599386572838 19.690045349299908 24.768868267536163 1517.6558325123042 9933.7898847302422 1788.9332652278244 29.203152149915695 145.71432447247207 99.389306724071503 120.09301276504993
leaf_count=6964 73 213 2352 344211 12317 155 140 85 146 20371 1021 2220 29234 5786 741 136 347 143 2072 3695 331 121 139 8421 65384 11181 91 1010 551 548
internal_value=6.64274e-06 0.000423248 -0.000380146 -0.000211263 0.00449919 0.0110582 0.0204736 0.0491924 0.00214494 -0.000103534 0.00189564 0.0134733 0.00109125 0.0105246 0.0119367 0.0139678 -0.00755205 0.00166613 0.00666103 0.00765882 0.0183596 0.0238184 0.0329755 -0.00124372 -0.0019916 0.00140338 -0.0102122 0.0123981 0.0149861 -0.0130742
internal_weight=81824.2 28111.1 23481.8 53713 4629.39 689.553 334.443 72.3185 355.11 23054.8 8370.88 542.429 7828.45 1479.06 1385.39 1224.67 222.213 3150.34 953.884 928.268 132.897 118.773 56.6039 14683.9 11451.4 3232.48 93.6628 262.125 245.104 188.148
internal_count=520199 172342 147148 347857 25194 3646 2080 379 1566 144796 52846 3241 49605 6967 6663 5922 1041 18227 5910 5767 525 452 294 91950 73805 18145 304 1701 1561 895
is_linear=0
shrinkage=0.035


Tree=189
num_leaves=31
num_cat=0
split_feature=10 7 9 11 2 2 7 2 4 7 7 4 2 7 11 13 10 13 13 12 8 10 5 7 2 4 12 2 4 10
split_gain=5.73206 15.1271 12.806 9.48941 11.5859 8.79099 8.27819 5.73808 5.00342 4.62336 5.12888 12.4539 5.11847 4.20128 4.16214 4.08107 13.3305 14.5485 4.96571 4.9031 4.30884 15.251 7.58454 5.83463 4.47437 18.0083 17.9734 2.71943 1.87257 6.03318
threshold=-15.079775810241697 28.417278289794925 -7.7415499687194815 1.0000000180025095e-35 51.149106979370124 50.079681396484382 13.469102859497072 51.970317840576179 55.167417526245124 13.469102859497072 18.460414886474613 35.864292144775398 53.675346374511726 1.0000000180025095e-35 17.161250114440922 6.4583332538604745 8.0838499069213885 10.101009845733644 8.012820243835451 99.205783843994155 -8.4999999999999982 -0.84239029884338368 91.199184417724624 59.841144561767585 3.4979486465454106 27.499504089355472 39.52125549316407 51.303001403808601 27.500529289245609 -7.1923861503601065
decision_type=2 2 2 2 2 2 2 2 2 2 2 2 2 2 2 2 2 2 2 2 2 2 2 2 2 2 2 2 2 2
left_child=1 2 6 -3 5 14 -1 -6 -7 -4 11 -11 -12 28 -5 20 17 19 -18 -17 21 22 -15 -23 26 -26 -22 -19 29 -2
right_child=13 3 9 4 7 8 -8 -9 -10 10 12 -13 -14 15 -16 16 18 27 -20 -21 24 23 -24 -25 25 -27 -28 -29 -30 -31
leaf_value=0.011419773468436862 -0.0095525731142975575 0.037704115644138489 -0.02717503447942517 0.013710415707057286 -0.027014563114706201 0.014142011307616663 -0.020350124988297118 0.0050371497272148173 0.033817908990089643 0.014044989357524408 -0.029860669585961331 -0.02859567342007055 0 0.013776818525604055 -0.0099624584957173357 0.025253801167791915 -0.02738000298518679 -0.00034473416946597573 0.0025454628116256626 -0.00010812211461347124 0.00077672533231857167 0.043758969280380963 -0.020595402773620351 -0.0028838073327577835 -0.0065640754912201617 -5.9321915993926607e-05 0.015457077776867403 -0.028472858302016055 -0.024523388663903092 0.026966727007372539
leaf_weight=71.237643830478191 59.821711130440235 15.460908785462378 19.2301029805094 14.149548128247259 13.410936713218691 62.555994272232056 10.796839162707327 12.201350986957548 23.076793074607849 26.520904503762722 17.539471194148067 11.296305395662783 11.12833124399185 8.3793927505612356 22.351844757795334 54.921576552093029 14.964212432503702 9.2099420726299304 11.020486623048781 10.551314584910868 2073.4112457223237 7.4572016969323141 53.139027904719114 4.8584964349865913 524.08832482993603 78580.172551384196 106.77263665944338 7.891528218984603 7.4775967486202708 5.2482201904058448
leaf_count=530 542 39 179 28 41 382 43 55 161 231 96 101 72 27 99 247 48 50 56 42 11574 57 322 38 3287 501348 496 38 71 44
internal_value=-4.68726e-05 0.00454409 -0.00279988 0.012112 0.00919811 0.0137046 0.00699777 -0.0117904 0.0197893 -0.0122357 -0.00753891 0.000798085 -0.0184973 -6.56369e-05 -0.000500914 -5.80115e-05 0.00669808 0.0136017 -0.0147299 0.021109 -6.71782e-05 -0.00847367 -0.0156845 0.0257713 -5.93728e-05 -0.000102572 0.0015043 -0.0144079 -0.0084391 -0.00620909
internal_weight=81870.3 330.957 167.75 163.207 147.746 122.134 82.0345 25.6123 85.6328 85.7151 66.485 37.8172 28.6678 81539.4 36.5014 81466.8 108.559 82.5744 25.9847 65.4729 81358.3 73.8341 61.5184 12.3157 81284.4 79104.3 2180.18 17.1015 72.5475 65.0699
internal_count=520344 2057 1252 805 766 670 573 96 543 679 500 332 168 518287 127 517630 481 377 104 289 517149 444 349 95 516705 504635 12070 88 657 586
is_linear=0
shrinkage=0.035


Tree=190
num_leaves=31
num_cat=0
split_feature=10 7 7 11 6 10 6 9 10 9 7 9 6 10 4 7 10 6 10 10 9 11 7 7 7 7 6 6 7 7
split_gain=6.87923 12.2622 14.8868 9.42454 6.6677 6.61488 8.16617 8.88455 7.80585 11.0818 15.1201 10.2433 5.78448 10.4088 11.3058 14.5824 13.3537 8.98532 12.0346 6.39815 5.60835 5.58526 67.5238 41.7421 5.37869 14.6411 4.99027 4.94556 4.18962 11.5788
threshold=-15.079775810241697 28.417278289794925 18.460414886474613 19.779600143432621 98.581562042236342 4.5968675613403329 98.976982116699233 1.0985500216484072 -4.250598430633544 0.79334998130798351 58.867916107177741 3.5986999273300175 0.43134848773479467 -5.4341070652008048 52.978338241577156 50.288488388061531 1.3371118903160097 2.0562301874160771 -9.6117405891418439 -1.7742630839347837 0.32164999842643743 49.554449081420906 64.699142456054702 48.045326232910163 35.788860321044929 37.281826019287116 99.693408966064467 40.634757995605476 46.291160583496101 61.289329528808601
decision_type=2 2 2 2 2 2 2 2 2 2 2 2 2 2 2 2 2 2 2 2 2 2 2 2 2 2 2 2 2 2
left_child=1 2 3 -1 12 8 7 20 9 10 -6 26 13 -2 16 -16 -15 18 -14 -20 -7 22 -19 -23 -3 -26 -10 -4 -8 -30
right_child=4 24 27 -5 5 6 28 -9 11 -11 -12 -13 17 14 15 -17 -18 21 19 -21 -22 23 -24 -25 25 -27 -28 -29 29 -31
leaf_value=0.0069040151352247432 -0.02290424145529843 0.024443456433596931 -0.0086447481370526564 -0.030482467767011551 0.005788791192109068 -0.0063347072388684963 0.02646956051977702 -0.024747016482542957 -0.0063768863057986477 -0.023214673538091271 0.061333653780237571 0.028327999987741919 -0.018344412195532133 -0.0032904059602753464 0.020938924030726423 -0.018216028392882708 0.016227145611476354 0 0.0064798083238437306 0.0015912381646537262 0.033142303592839754 0.0020365200712712216 0.0064308937683553898 -0.00074445026933605619 -0.034255117562501089 0.011636206645288461 -0.02208770682031087 -0.034143421499900427 -0.017946737774742622 0.015004490104996404
leaf_weight=119.18794293142855 33.050490327179432 33.134195819497108 23.577527604997158 8.0327627360820753 45.460274879820645 10.511623755097391 15.389329349622129 20.026363343000412 451.24997802078724 11.631876548752187 6.2392664616927496 9.255720569752155 31.42678577452898 157.40133668482304 12.781563706696032 79.630537629127502 58.020101547241211 34101.718278855085 498.3670547530055 974.87151654809713 6.3187500089406958 8170.8130073845387 2123.9188644476235 34625.968737911433 8.3083531856536847 123.65422683954239 26.056228480301797 16.77526056021452 16.969694641418755 47.798576395958662
leaf_count=951 174 86 131 76 419 63 106 131 4540 139 45 64 164 957 79 456 351 215725 2660 5591 42 47285 11519 225543 19 712 1475 88 151 399
internal_value=8.08165e-05 0.00509783 -0.00153625 0.00431301 6.0211e-05 -0.00342272 0.00408014 -0.00932408 -0.0050356 0.00640767 0.0134579 -0.00654751 8.90543e-05 -0.00445478 -0.00239704 -0.0125922 0.00197453 0.00010842 0.00278708 0.00325231 0.00892074 5.72995e-05 0.00037719 -0.000213312 0.0118486 0.00850516 -0.00728471 -0.0198727 0.0103611 0.00615067
internal_weight=81867.5 332.67 167.573 127.221 81534.9 666.908 117.014 36.8567 549.893 63.3314 51.6995 486.562 80868 340.884 307.834 92.4121 215.421 80527.1 1504.67 1473.24 16.8304 79022.4 36225.6 42796.8 165.097 131.963 477.306 40.3528 80.1576 64.7683
internal_count=520141 2063 1246 1027 518078 7574 892 236 6682 603 464 6079 510504 2017 1843 535 1308 508487 8415 8251 105 500072 227244 272828 817 731 6015 219 656 550
is_linear=0
shrinkage=0.035


Tree=191
num_leaves=31
num_cat=0
split_feature=2 4 7 7 2 7 7 7 7 5 11 5 6 9 6 6 10 2 10 7 7 7 9 10 7 10 6 9 11 7
split_gain=6.53705 12.6071 59.9277 53.177 87.5964 77.9751 47.19 45.2187 43.709 40.7082 40.0777 27.4256 26.085 25.927 23.4473 22.8495 21.6307 20.2081 38.1349 19.4583 41.3465 26.4046 16.9046 14.2117 27.4982 13.8371 12.9176 12.2824 18.0785 23.3956
threshold=50.091802597045906 40.531728744506843 21.560606956481937 21.560606956481937 53.883504867553718 24.405713081359867 24.405713081359867 21.006519317626957 20.186177253723148 45.745761871337898 33.321449279785163 45.745761871337898 37.858283996582038 -4.0630500316619864 51.177995681762702 78.404720306396499 -2.62231433391571 53.883504867553718 -11.258804321289061 44.598613739013679 33.602645874023445 47.595426559448249 -1.3484500050544737 -10.341341495513914 26.097272872924808 22.41047286987305 91.679241180419936 -7.7415499687194815 29.57714939117432 26.097272872924808
decision_type=2 2 2 2 2 2 2 2 2 2 2 2 2 2 2 2 2 2 2 2 2 2 2 2 2 2 2 2 2 2
left_child=27 2 7 4 10 9 11 17 -6 22 -3 -4 -13 -9 -11 -12 -10 18 -2 20 -8 -21 -5 24 -7 -19 -25 -1 29 -29
right_child=1 3 6 5 8 23 19 13 16 14 15 12 -14 -15 -16 -17 -18 25 -20 21 -22 -23 -24 26 -26 -27 -28 28 -30 -31
leaf_value=0.0126973378877258 0.010270052257992674 -0.00055526158021800649 -0.016133434223390648 0.0090366176647304931 -0.026606904994236041 0.069626919185868399 -0.0034939922222141898 -0.031605006201820288 -0.0078171569479049928 -0.0059403182396856116 0.027476806991837955 0.0044450411043754348 0.016484708652028782 -0.0022129273969726674 -0.015764905699429468 0.063419139950712591 0.023797411021494304 0.004429250161161225 -0.015769464112801744 -0.02546824577409719 0.0089169362366353852 -0.00084169029783717731 0.059306348216971172 -0.00015478909627107714 0.0056102848640525466 -0.028608649668302892 -0.0025726044054609153 -0.0074905514005901572 0.00053606105110634615 0.0023455559792599197
leaf_weight=98.50228638201952 94.883291617035866 58.26977351307869 44.070381425321102 24.406585333868861 77.536488547921181 7.7150972485542288 675.54658787045628 114.46070194989443 52.314857415854931 693.32314671576023 173.47397303581238 361.46705182641745 574.98123399633914 54.94840376637876 527.29632175154984 25.246438831090927 51.889268316328526 389.86220081150532 244.14442901313305 74.135277986526489 638.41737223416567 187.43708708882332 12.169580437242983 41749.057870920748 271.36556503828615 15.336796715855597 2894.6347271865234 777.71721301600337 30505.937203878537 476.26089992560446
leaf_count=641 352 145 412 235 539 26 3524 715 428 3082 337 1205 2145 295 2833 54 386 3283 902 239 2115 739 107 239425 1707 211 23431 6467 222251 2396
internal_value=1.31406e-05 -0.000236078 0.00179868 -0.000387697 0.0117282 -0.000503157 0.00455003 -0.00588829 -0.00682385 -0.0090976 0.0248556 0.0105755 0.0118527 -0.0221679 -0.0101977 0.0323142 0.00792027 -0.00215332 -0.0084542 0.000792219 0.00253255 -0.00790444 0.026861 -0.000262322 0.00759898 0.00310762 -0.000311757 0.000405183 0.00036652 -0.00375011
internal_weight=81946.8 50088.4 3469.69 46618.7 438.731 46180 2556.05 913.636 181.741 1257.2 256.99 980.519 936.448 169.409 1220.62 198.72 104.204 744.227 339.028 1575.54 1313.96 261.572 36.5762 44922.8 279.081 405.199 44643.7 31858.4 31759.9 1253.98
internal_count=520627 288872 16137 272735 1889 270846 10379 5758 1353 6257 536 3762 3350 1010 5915 391 814 4748 1254 6617 5639 978 342 264589 1733 3494 262856 231755 231114 8863
is_linear=0
shrinkage=0.035


Tree=192
num_leaves=31
num_cat=0
split_feature=0 5 5 6 10 13 6 5 6 6 9 6 13 13 6 6 6 5 6 5 6 10 6 6 5 4 7 5 6 10
split_gain=5.30405 12.3187 11.2149 11.6523 14.6332 16.7742 10.3644 9.61795 9.25686 15.5228 11.1951 9.80948 8.83187 12.485 16.9649 12.389 10.4942 10.144 9.61083 8.65889 15.9346 11.837 7.73826 10.4676 8.99497 7.46299 6.97652 6.87674 10.644 11.0313
threshold=20.800000190734867 91.718109130859389 93.145778656005874 18.735167503356937 0.5953885316848756 6.066176414489747 12.692308425903322 67.966215133667006 25.079114913940433 27.915388107299808 0.41165000200271612 42.989906311035163 1.0362972021102907 1.0000000180025095e-35 50.411310195922859 23.08715915679932 61.927646636962898 93.939392089843764 72.523471832275405 98.30551910400392 44.552886962890632 6.3144264221191415 39.428533554077156 71.735794067382827 92.846138000488295 62.182466506958015 58.867916107177741 50.079999923706062 1.2435246706008913 4.4254078865051278
decision_type=2 2 2 2 2 2 2 2 2 2 2 2 2 2 2 2 2 2 2 2 2 2 2 2 2 2 2 2 2 2
left_child=1 27 6 4 -4 -6 -2 26 -5 10 -10 -11 13 15 -15 17 -16 -3 -17 -14 25 -22 24 -24 -9 -21 -8 -1 -29 -30
right_child=2 12 3 8 5 -7 7 22 9 11 -12 -13 19 14 16 18 -18 -19 -20 20 21 -23 23 -25 -26 -27 -28 28 29 -31
leaf_value=-0.000154807445536313 -0.017053325299283311 -0.013475618314563908 0.039809434145394673 -0.01522364453787089 -0.013662044395642408 0.036542234847857305 0 0.01060064882431442 0.049943553620766704 -0.0052177079615340731 0.0039532573531953358 0.00086524643065003166 -0.0017572840441076329 -0.029835854106595554 0.016825015339761711 -0.0016360904641741626 -0.0085879319337248822 0.00045146463353789868 0.011821476687009856 0.00024801489166481768 0.017231782933323812 -0.013623591745346433 0.0018268587581703884 0.016760636849284388 0.033960766190557136 -0.022867105829135873 -0.02658901694872412 0.014684572956317114 0.00052618149249548528 0.0067984376149997907
leaf_weight=70345.050642765593 23.279409378767014 194.76566111296415 19.518503755331039 47.603843286633492 24.551341906189919 11.192211136221884 55.223553001880646 165.84868551790714 12.278955340385439 381.87048219889402 13.87321502715349 2143.9909725561738 639.82406780868769 44.706524550914764 20.515703946352005 1101.0409177690744 280.74285386502743 93.781433403491974 68.213588699698448 83.817768543958664 125.72155287861824 16.45669761300087 291.21346018463373 71.390182480216026 22.979496240615845 20.51184194535017 14.677332319319246 69.345931611955166 5056.9491725517437 368.12888613343239
leaf_count=436387 127 1150 82 216 115 32 235 902 51 1800 68 10330 4043 242 146 7110 1981 566 493 521 838 116 1500 383 115 109 90 549 46882 2958
internal_value=-8.6393e-05 -0.000144238 0.00128793 0.000279093 0.0160668 0.00232246 0.00542657 0.00630091 -5.86662e-05 0.000226153 0.0266478 -5.29909e-05 -0.00247148 -0.00387711 -0.00985382 -0.00244929 -0.00679416 -0.00893622 -0.000837456 0.00038211 0.00595104 0.0135552 0.00785644 0.00481674 0.0136117 -0.0043694 -0.00582128 -6.1571e-05 0.00113071 0.000954027
internal_weight=81829.1 78529.6 3299.49 2654.88 55.2621 35.7436 644.612 621.333 2599.62 2552.01 26.1522 2525.86 2690.1 1803.77 345.965 1457.8 301.259 288.547 1169.25 886.332 246.508 142.178 551.432 362.604 188.828 104.33 69.9009 75839.5 5494.42 5425.08
internal_count=520137 504091 16046 12694 229 147 3352 3225 12465 12249 119 12130 17315 11688 2369 9319 2127 1716 7603 5627 1584 954 2900 1883 1017 630 325 486776 50389 49840
is_linear=0
shrinkage=0.035


Tree=193
num_leaves=31
num_cat=0
split_feature=10 2 2 5 5 2 2 5 7 5 10 4 4 2 10 6 5 2 4 12 6 6 5 5 4 10 10 4 6 2
split_gain=5.95258 22.8219 36.6099 31.9893 37.636 22.3076 47.603 35.0196 34.8903 21.8755 23.7777 18.6413 15.8581 28.6452 16.7934 15.5058 13.4587 12.4194 11.2409 10.9176 10.1388 9.23324 7.37851 43.0673 60.7606 272.514 144.914 50.5234 39.325 35.2123
threshold=-6.9107091426849356 53.883504867553718 53.576904296875007 46.620765686035163 46.24426460266114 48.029621124267585 47.903882980346687 50.080711364746101 63.283521652221687 46.324718475341804 -9.6117405891418439 47.498542785644538 39.342920303344734 53.706521987915046 -7.9400031566619864 21.904274940490726 45.897418975830085 54.398979187011726 57.497629165649421 58.889062881469734 24.278181076049808 81.493175506591811 46.395015716552741 46.24426460266114 54.984086990356452 4.9617679119110116 6.3144264221191415 50.628896713256843 61.516042709350593 52.404092788696296
decision_type=2 2 2 2 2 2 2 2 2 2 2 2 2 2 2 2 2 2 2 2 2 2 2 2 2 2 2 2 2 2
left_child=1 2 5 4 11 6 21 8 -7 10 -6 17 14 20 -4 -9 -15 -3 19 -5 -14 -1 23 -2 26 28 29 -28 -26 -25
right_child=22 3 12 18 9 7 -8 15 -10 -11 -12 -13 13 16 -16 -17 -18 -19 -20 -21 -22 -23 -24 24 25 -27 27 -29 -30 -31
leaf_value=7.0088773590929878e-05 -8.2056503136702374e-05 -0.003322490021237955 -0.028629030389611333 -0.00029489447491132562 0.079954752429056614 -4.8137135322240132e-05 -0.039354241729124967 0 0.0095112132980630197 0.017026086336322594 0.029740565751703682 0.048941011827589559 0.00079793857932656002 0.0021664460913081835 -0.0012966766029867578 0.039337473887906128 -0.025627122906405102 0.035874359431119413 -0.021368038752336196 0.045413493246605284 0.04552748768807241 -0.021091585721537354 0.00054017397677163788 -0.031106351126094535 0.033007120667639459 -0.02436758768293032 0.046555837315741429 -0.014718679273853383 0.080991443916922576 -0.012447904603496559
leaf_weight=284.41944818943739 54819.865429352969 109.88494364637882 94.31161979585886 139.92631694674492 18.330450743436813 2317.7461618250236 46.93536165356636 16.544041201472282 584.71059453021735 63.005086885765195 35.520320743322372 9.6441902220249158 10.44569367170334 39.05364902317524 39.639955040067434 43.924408085644245 44.858746610581875 10.073506727814673 30.404955081641674 5.8947330564260474 15.890219271183012 26.85096057318151 21998.061453401111 157.7361297160387 46.649850115180016 121.27804006636143 64.863728895783424 21.372032448649406 41.44264230132103 594.12772486172616
leaf_count=1457 322634 1045 368 993 66 12958 144 107 3258 512 146 81 36 144 150 307 186 66 144 17 63 196 171752 436 95 243 114 48 83 2318
internal_value=6.47819e-05 0.0013835 0.000468909 0.00906605 0.0171909 0.00143366 -0.00680156 0.00243319 0.00187731 0.0315336 0.0478814 0.00409102 -0.012585 -0.00264682 -0.0206483 0.0286281 -0.0127108 0.000126952 -0.0022836 0.0017428 0.0285908 -0.00178233 -2.68215e-06 -0.000216565 -0.007244 0.00957664 -0.0114595 0.0312939 0.0561856 -0.0164005
internal_weight=81853.4 3988.02 3565.33 422.685 246.458 3321.13 358.206 2962.93 2902.46 116.856 53.8508 129.603 244.2 110.248 133.952 60.4684 83.9124 119.958 176.226 145.821 26.3359 311.27 77865.4 55867.3 1047.47 209.371 838.1 86.2358 88.0925 751.864
internal_count=520167 22444 19374 3070 1916 18427 1797 16630 16216 724 212 1192 947 429 518 414 330 1111 1154 1010 99 1653 497723 325971 3337 421 2916 162 178 2754
is_linear=0
shrinkage=0.035


Tree=194
num_leaves=31
num_cat=0
split_feature=9 7 7 7 7 7 7 7 2 5 5 7 7 7 7 2 7 7 5 7 11 5 9 2 5 2 4 2 2 7
split_gain=5.05433 90.4973 53.1617 76.7645 57.5648 55.765 93.4122 62.0743 55.5686 51.2354 50.7556 45.9683 41.3217 91.8958 57.3609 40.0466 47.1621 38.3897 36.5402 35.3766 31.7671 26.5665 33.1061 26.3715 24.1981 22.7619 21.2463 19.523 40.3791 18.3004
threshold=-0.94275000691413868 27.69983005523682 48.710355758666999 45.461721420288093 43.157150268554695 61.121740341186531 64.699142456054702 68.936416625976577 52.120557785034187 45.489482879638679 45.449871063232429 67.648265838623061 25.243726730346683 26.097272872924808 22.281182289123539 54.368049621582038 18.460414886474613 44.850858688354499 45.764883041381843 49.614255905151374 40.900350570678718 45.651060104370124 0.044549999758601196 53.675346374511726 50.08058166503907 53.468648910522468 46.67218208312989 52.506393432617195 52.554931640625007 24.405713081359867
decision_type=2 2 2 2 2 2 2 2 2 2 2 2 2 2 2 2 2 2 2 2 2 2 2 2 2 2 2 2 2 2
left_child=2 12 3 4 -1 8 -7 11 9 10 -4 -8 14 23 15 16 -2 20 -11 -10 -6 -15 -23 -14 -19 -16 -21 -5 -29 -27
right_child=1 -3 5 27 17 6 7 -9 19 18 -12 -13 13 21 25 -17 -18 24 -20 26 -22 22 -24 -25 -26 29 -28 28 -30 -31
leaf_value=-0.00016837678309554891 -0.028005518923733742 -0.00032684749907341178 0.0088215166215190027 -0.015680857449623612 0.018971801895172287 -0.016058026353833639 0.010541483682888212 -0.0051939161213360972 0.032042401857184571 0.00019331534852391765 0.037505073784891853 0.043882629587796797 0.026742203668904379 -0.028422825970224549 0.0090298491099879263 -0.018541653393090624 0.031398275095792481 -0.009881663903364684 0.014807969626532845 -0.0073013031340374629 0.0024388968728851564 0.0048789913961724378 0.028653566325587129 0.061800046568360308 0.025791858826722792 -0.017864789392328124 0.012689853223474297 0.049121663458312433 -0.0073974149222739228 0.0052537466071916703
leaf_weight=17824.132055225782 17.664838843047619 58950.319626166951 133.15903863310814 472.53940861299634 420.79370670765638 346.86379557847977 274.68820553272963 293.9980541691184 35.849002115428448 360.09139647334814 178.21450440585613 61.890670068562031 53.058848738670349 20.762122042477131 85.959851838648319 30.089477770030499 146.92655604332685 159.10434418171644 503.91412018984556 364.30768159031868 216.92008020728827 258.74383319914341 99.267956376075745 58.096198335289955 26.412932023406029 166.34475227445364 78.309838183224201 16.22302670776844 169.50543554872274 55.022283971309662
leaf_count=110404 93 382942 959 2244 1842 1673 1188 1306 222 1725 923 280 430 172 516 202 499 1262 2453 2054 1281 1815 536 201 217 697 477 145 1168 313
internal_value=1.60075e-05 -0.000150259 0.000470635 -0.000165186 0.000249345 0.00513692 -0.00148416 0.00653164 0.00905311 0.0131445 0.025315 0.0167826 0.0103291 0.0175552 0.00324617 0.0180811 0.0248758 0.00929351 0.00873093 -0.000988067 0.0133692 0.00927556 0.0115398 0.0454387 -0.00467616 -0.00615104 -0.00373208 -0.0119047 -0.00223355 -0.0120888
internal_weight=81879.2 59942.3 21936.9 19305.6 18647.4 2631.29 977.441 630.577 1653.85 1175.38 311.374 336.579 991.937 489.929 502.008 194.681 164.591 823.231 864.006 478.467 637.714 378.774 358.012 111.155 185.517 307.327 442.618 658.268 185.728 221.367
internal_count=520239 388416 131823 118563 115006 13260 4447 2774 8813 6060 1882 1468 5474 3154 2320 794 592 4602 4178 2753 3123 2523 2351 631 1479 1526 2531 3557 1313 1010
is_linear=0
shrinkage=0.035


Tree=195
num_leaves=31
num_cat=0
split_feature=6 5 5 10 0 5 2 7 10 6 10 5 7 7 1 7 7 7 5 4 10 5 6 5 1 7 9 7 2 9
split_gain=10.2368 6.44599 25.2988 6.48905 6.18239 10.0779 10.1229 11.1867 9.66749 15.214 12.717 13.3781 12.1921 23.2859 8.81457 8.3972 9.95734 9.12819 8.38241 9.91154 13.3938 9.49817 8.86372 8.09239 7.7446 7.45928 19.6769 63.6234 56.5736 15.3523
threshold=99.358459472656264 50.080192565917976 50.079809188842781 4.7782890796661386 20.800000190734867 91.718109130859389 3.9525544643402104 22.878716468811039 -2.468779325485229 37.463397979736335 -6.9107091426849356 91.820991516113295 33.509216308593757 38.415365219116218 95.784008026123061 71.901817321777358 64.163467407226577 72.425422668457045 92.846138000488295 24.968491554260257 -2.1303765773773189 96.258708953857436 59.896903991699226 45.692289352416999 18.395910263061527 59.565095901489265 0.50374999642372142 59.142082214355476 49.856487274169929 0.029749999754130844
decision_type=2 2 2 2 2 2 2 2 2 2 2 2 2 2 2 2 2 2 2 2 2 2 2 2 2 2 2 2 2 2
left_child=4 2 3 -2 5 25 7 -7 9 10 -6 -12 -11 -14 -9 16 -8 -17 19 23 -21 24 -23 -10 -20 26 27 -1 -28 -27
right_child=1 -3 -4 -5 8 6 15 14 18 12 11 -13 13 -15 -16 17 -18 -19 21 20 -22 22 -24 -25 -26 29 28 -29 -30 -31
leaf_value=-6.745487240869686e-05 -0.01099729217553868 -0.031798287983896972 0.065191062517468659 0.0045011335438178337 -0.011812360771985091 0.019472952757670203 -0.0032286003673751462 -0.0013308608983529141 -0.018099020640348351 -0.0055868251435034887 0.0023465446035517801 0.034062005739268111 0.0240130338044738 0.0017798781856208756 0.0085893788231625641 0.024473093734910748 -0.010444058418844292 0.000294021801300165 -0.0077690099638049598 0.053029160455472506 0.0082201363025139057 0.0051002613130173586 -0.00057559376360462084 0.0021733552113042324 -0.00075373622086614175 0.0016053830182462901 -0.016329938059697572 0.022681549780002887 0.0022838985521211764 -0.00067547966080563936
leaf_weight=37599.263987120241 165.94990540808067 11.896294293925164 5.150609688833355 40.094653233885765 13.322539947926996 36.295733325183392 1143.5410485714674 882.57203266769648 27.3797667324543 135.85968881100416 24.269113563001156 52.912756264209747 74.00927772372961 256.8171671628952 124.46535197272897 20.901453413069248 296.35782051086426 166.81870424747467 278.0362543463707 7.7794494181871405 235.26080010086298 558.37047342211008 843.49331115931273 165.52425988763571 633.97081788629293 4230.8396647907794 203.86996471136808 150.40617069602013 8679.034726459533 24765.364881489426
leaf_count=243011 2975 276 89 361 51 269 7266 5566 128 580 119 207 245 1099 855 115 1831 1363 1447 37 1315 2572 4092 915 3279 25332 632 1036 49200 163840
internal_value=6.56689e-05 -0.00740769 -0.00588598 -0.00794183 8.62573e-05 2.35523e-05 -0.00208893 0.000596351 0.00156844 0.00577071 0.0188553 0.0243055 0.00319032 0.0068207 -9.19729e-05 -0.00381399 -0.00472351 0.00311577 0.000712961 0.00516061 0.00985241 -0.000123467 0.00168176 -0.000730726 -0.00290503 9.82719e-05 0.000372435 2.34774e-05 0.00185448 -0.000342402
internal_weight=81829.8 223.091 211.195 206.045 81606.7 78299.7 2670.95 1043.33 3307.01 557.191 90.5044 77.1819 466.686 330.826 1007.04 1627.62 1439.9 187.72 2749.82 435.944 243.04 2313.87 1401.86 192.904 912.007 75628.8 46632.6 37749.7 8882.9 28996.2
internal_count=520103 3701 3425 3336 516402 500316 17265 6690 16086 2301 377 326 1924 1344 6421 10575 9097 1478 13785 2395 1352 11390 6664 1043 4726 483051 293879 244047 49832 189172
is_linear=0
shrinkage=0.035


Tree=196
num_leaves=31
num_cat=0
split_feature=10 7 7 7 5 6 5 5 5 2 7 5 1 5 10 5 5 2 2 4 2 10 5 5 10 4 2 5 5 7
split_gain=8.08649 23.2035 47.0396 37.8088 89.9492 74.3267 36.5512 115.31 59.7412 34.6568 28.2534 32.0554 25.7268 23.5333 25.7156 21.5582 68.8459 35.9714 19.2609 19.093 16.0319 26.1548 14.9145 91.8841 76.637 97.4613 56.8203 54.5033 47.1143 46.3086
threshold=0.07230719551444055 34.66917800903321 35.611213684082038 35.846035003662116 46.016338348388679 70.983528137207045 45.70252990722657 45.661050796508796 46.369321823120124 50.078678131103523 33.880672454833991 45.489482879638679 19.863629341125492 45.558958053588874 4.4254078865051278 45.86523628234864 46.218702316284187 52.659847259521491 50.080711364746101 46.440656661987312 51.443305969238288 0.79934075474739086 46.023597717285163 46.036748886108406 -2.2745329141616817 46.966392517089851 48.924234390258796 46.028558731079109 46.181444168090827 24.034657478332523
decision_type=2 2 2 2 2 2 2 2 2 2 2 2 2 2 2 2 2 2 2 2 2 2 2 2 2 2 2 2 2 2
left_child=22 10 9 4 -4 -6 7 -5 -8 12 11 19 -3 14 -12 17 -17 -13 -11 -2 -15 -22 -1 24 25 27 -27 -24 29 -25
right_child=1 2 3 6 5 -7 8 -9 -10 18 13 15 -14 20 -16 16 -18 -19 -20 -21 21 -23 23 28 -26 26 -28 -29 -30 -31
leaf_value=-0.00086804807435814037 0.0027422053009844207 0.020250358461713445 -0.0040893480243864109 0.00060150078339868841 0.017440093519597639 0.080261179860764365 -0.0046648381764746614 0.018049873354050703 0.0003430335072652551 0.034321371931738044 0.0058114269697349596 0.015992573446120512 -0.03321944487568667 0.0019113122910657562 -0.021893224756826882 0.011448811066923996 -0.000775579366331959 -0.0033248700685134009 -0.0072071293285248892 0.037697126567444984 0.0019418856487623997 0.020586820245304813 -0.019162396756155397 0.002803765764681213 0.0030548797832815641 0.013932143865154694 0.066230152536613254 0.021622753569416557 0.00038644262311706269 -0.014384350329227564
leaf_weight=23264.010834944434 33.194643080234528 11.610041841864584 145.303223349154 22978.201526648365 71.456304728984833 34.025840349495411 4420.1231522085145 472.7833198402077 8577.6442542634904 13.504417739808558 153.8188816383481 126.42185790091753 104.49376258999109 145.66600233037025 55.025620274245739 824.24489743076265 1783.0107446052134 1631.000885669142 298.06238238047808 46.397806324064732 129.72827971540391 326.55959673970938 55.023056335747242 299.28680453263223 455.53361104428768 37.813614044338465 83.000063866376877 141.59600452333689 14575.634310194291 530.80542175099254
leaf_count=138861 208 64 882 148791 352 170 14901 1284 65653 116 1355 375 410 1171 456 4382 12939 9598 2055 352 699 1327 128 1383 1037 72 144 261 107723 2727
internal_value=6.01889e-05 0.000395914 8.75936e-05 0.000222387 0.0137443 0.038222 0.000128858 0.000954171 -0.00135963 -0.0114418 0.00257253 0.00147373 -0.0277108 0.00857944 -0.0015104 0.00106847 0.00308862 -0.00192463 -0.00530144 0.0233783 0.012089 0.0153138 -0.00030038 0.000515463 0.0122846 0.0254667 0.0501182 0.0101423 -7.51935e-05 -0.00818208
internal_weight=81825 42382.3 37127.2 36699.5 250.785 105.482 36448.8 23451 12997.8 427.671 5255.07 4444.27 116.104 810.798 208.845 4364.68 2607.26 1757.42 311.567 79.5924 601.954 456.288 39442.7 16178.7 772.966 317.433 120.814 196.619 15405.7 830.092
internal_count=519876 267540 234678 232033 1404 522 230629 150075 80554 2645 32862 27854 474 5008 1811 27294 17321 9973 2171 560 3197 2026 252336 113475 1642 605 216 389 111833 4110
is_linear=0
shrinkage=0.035


Tree=197
num_leaves=31
num_cat=0
split_feature=5 11 10 6 10 2 2 6 10 9 6 2 11 5 10 9 2 6 9 5 10 2 2 2 2 2 5 6 10 9
split_gain=6.65893 13.112 23.0985 13.401 12.5276 24.1678 15.7197 31.0016 12.4011 20.0073 24.2645 20.6397 19.8201 30.0968 24.8733 23.3391 19.3354 19.1452 20.0086 17.0803 18.0696 16.3032 35.6487 17.9599 16.2919 16.0021 13.539 12.0802 10.8241 24.9696
threshold=45.452220916748054 90.86985015869142 12.557685852050783 68.272686004638686 4.9617679119110116 47.475122451782234 49.539876937866218 31.531767845153812 -0.46739223599433893 3.4526499509811406 49.642675399780281 50.511508941650398 43.232400894165046 44.901058197021491 2.4086596965789799 2.3614000082015996 53.435911178588874 33.093893051147468 -1.7932000160217283 44.901058197021491 -1.225976228713989 50.230611801147468 48.208747863769538 51.432224273681648 53.427110671997077 50.717582702636726 45.449871063232429 49.267099380493171 14.079446315765383 -2.2165499925613399
decision_type=2 2 2 2 2 2 2 2 2 2 2 2 2 2 2 2 2 2 2 2 2 2 2 2 2 2 2 2 2 2
left_child=8 28 4 -4 6 -6 7 -3 9 10 11 -1 16 14 15 -14 17 -10 -19 20 -12 22 26 -23 -21 -13 -11 -24 -2 -30
right_child=1 2 3 -5 5 -7 -8 -9 12 21 19 25 13 -15 -16 -17 -18 18 -20 24 -22 23 27 -25 -26 -27 -28 -29 29 -31
leaf_value=-0.0028837162164153784 -0.0002426383936050839 0.019983724068825266 -0.002080501388185909 -0.031419976646077589 0.045639627019821841 0.010594541867735686 0.0091567047429811487 -0.034219834477445428 0.0021413706124436922 -0.0055201666721327626 -0.02706793380472625 0.01276824513580461 0.045070173084459285 0.00072131747742881325 -0.0049246021559230411 -0.012336821985843481 -0.0073681368775870967 0.0011961415541885975 0.020117819724028475 -0.0028407963141845469 0.023944342530618144 -0.02796810390539492 0.021064934351750633 0.019670001900517729 -0.017028841153239896 0.0020491447984626611 0.040513135014859362 0.066529105644873035 -0.014612323668502077 0.007439180576532139
leaf_weight=1085.2135707214475 65201.315269398037 20.66755174100399 105.46439029276371 22.698734559118748 28.516371361911297 147.19729710370302 167.47957096993923 31.581689141690731 259.26673977822065 41.933910697698593 66.511329278349876 194.83013202250004 46.716537344269454 10169.070316673256 28.41795552521944 10.028736859560011 97.591194976121187 96.285570457577705 244.10858946759254 1547.4562714835629 8.9630239158868772 20.166587144136429 13.389739140868185 17.148898683488369 105.48804752528667 1363.8105878382921 8.7579744756221753 19.818705201148987 71.170667294412851 492.36323165148497
leaf_count=8097 386286 49 435 121 72 529 943 105 1773 347 294 1459 227 85059 155 23 824 646 1870 15049 49 151 81 140 1157 10805 66 134 620 2070
internal_value=-4.13131e-06 -0.000156709 0.00535526 -0.00749371 0.00954401 0.0165027 0.00390784 -0.0126693 0.00065024 -0.000897013 -0.00128835 0.000817643 0.00128575 0.000896419 0.021522 0.0347724 0.00699388 0.00934957 0.0148014 -0.0045127 -0.0207306 0.0130773 0.0215935 -0.00593829 -0.00375829 0.00339938 0.00280287 0.0493304 -0.000200765 0.00462505
internal_weight=81733.4 66288.5 523.606 128.163 395.442 175.714 219.729 52.2492 15445 4493.49 4372.27 2643.85 10951.5 10254.2 85.1632 56.7453 697.252 599.661 340.394 1728.42 75.4744 121.216 83.9003 37.3155 1652.94 1558.64 50.6919 33.2084 65764.8 563.534
internal_count=519636 391230 2254 556 1698 601 1097 154 128406 37829 36910 20361 90577 85464 405 250 5113 4289 2516 16549 343 919 628 291 16206 12264 413 215 388976 2690
is_linear=0
shrinkage=0.035


Tree=198
num_leaves=31
num_cat=0
split_feature=10 5 5 10 9 2 5 6 2 2 5 7 5 2 9 6 5 6 6 2 5 6 5 4 5 5 4 2 7 5
split_gain=5.83157 24.5796 66.8882 72.2226 69.3576 48.5473 44.4044 43.0154 42.5494 75.2266 38.129 62.4458 25.8095 67.7937 34.2492 31.6033 31.0037 24.6729 23.3533 22.9911 20.8365 28.8275 23.581 19.3521 15.1685 34.7448 151.235 51.1268 93.9857 40.93
threshold=1.0472377538681032 46.023597717285163 46.036748886108406 3.3292797803878789 2.4813500642776494 48.924234390258796 46.016338348388679 62.717140197753913 50.894683837890632 49.666902542114265 46.117029190063484 24.034657478332523 45.558958053588874 49.539876937866218 -2.167850017547607 37.463397979736335 45.596515655517585 18.322186470031742 57.146558761596687 51.641031265258796 50.079809188842781 44.137369155883796 50.079999923706062 72.498649597167983 45.784391403198249 46.057298660278327 51.619573593139656 48.924234390258796 40.298776626586921 46.028558731079109
decision_type=2 2 2 2 2 2 2 2 2 2 2 2 2 2 2 2 2 2 2 2 2 2 2 2 2 2 2 2 2 2
left_child=24 6 3 4 7 -6 12 -3 9 -5 11 -4 14 -14 15 -2 -15 -13 -8 -10 21 -12 -22 -16 -1 26 29 -28 -29 -26
right_child=1 2 10 8 5 -7 18 -9 19 -11 20 17 13 16 23 -17 -18 -19 -20 -21 22 -23 -24 -25 25 -27 27 28 -30 -31
leaf_value=-0.00087301076877241153 0.0017212837922313279 -0.01114551818923527 -0.025021810283419182 -0.020366860173987068 0.0068901871360637053 0.052137524925527576 0.013248390237935215 0.0096276627617685861 -0.03307880762121259 0.0034808127178705198 0.001155994525562428 0.0018046549543137642 -0.021734031344407979 0.0095664988728385199 0.00062195767401401043 -0.019751832610596928 0.0024324757146339969 0.035921947368026688 0.067266277461609028 -0.0046097197406177086 0.019416931433921897 -0.0038726473586741775 0.0011767775656693939 -0.0095127179744231936 -0.00089654013304858824 -0.00025441484552356908 0.009844407378352564 0.0050469818186525892 0.0497721228139043 0.010538220973514239
leaf_weight=26239.8303421624 144.30150875449181 377.6816645860672 34.669243812561035 365.83111989125609 75.621734641492367 47.109677672386169 23.487376809120178 179.2384690605104 179.91867311298847 289.23038254678249 2489.8115623965859 35.650677591562271 130.2123078359291 919.09728658944368 16824.766315064393 197.75136385671794 3987.9476319225505 100.29770371317863 17.234317898750305 44.107600331306458 87.87080080062151 3173.8637486007065 4337.6000295560807 233.14909810200334 2689.8002328462899 17667.863386156037 225.55000311136246 92.797164708375931 153.23795071616769 446.29572791047394
leaf_count=161927 779 939 101 1134 172 89 58 519 540 697 15802 85 509 2595 110251 1041 21912 286 41 108 717 21915 29382 1722 14609 129636 488 392 320 1489
internal_value=-5.87271e-05 0.000288976 -0.00100288 -0.00775622 0.000803037 0.0245399 0.000968536 -0.00444313 -0.0143763 -0.00983528 2.29743e-05 0.0163921 0.000901265 0.00310741 0.000262075 -0.0106897 0.00377146 0.0270892 0.0371341 -0.0275411 -0.000254429 -0.00166092 0.00154397 0.000482586 -0.000309846 0.000384401 0.00351417 0.0219767 0.0330025 0.000730774
internal_weight=81811.8 34296.5 11818.5 1558.74 679.652 122.731 22477.9 556.92 879.088 655.062 10259.8 170.618 22437.2 5037.26 17400 342.053 4907.04 135.948 40.7217 224.026 10089.1 5663.68 4425.47 17057.9 47515.4 21275.5 3607.68 471.585 246.035 3136.1
internal_count=520255 211394 72486 4198 1719 261 138908 1458 2479 1831 68288 472 138809 25016 113793 1820 24507 371 99 648 67816 37717 30099 111973 308861 146934 17298 1200 712 16098
is_linear=0
shrinkage=0.035


Tree=199
num_leaves=31
num_cat=0
split_feature=11 10 5 5 2 2 5 5 2 6 10 6 5 6 10 5 6 5 2 2 2 10 5 5 2 6 5 5 9 6
split_gain=5.35103 55.1693 45.8175 40.0977 56.3471 94.8115 39.4646 49.515 46.2844 57.3456 43.2479 33.6657 32.8776 32.8356 27.825 30.7461 26.0354 23.9306 22.2878 38.5247 31.2854 21.4749 28.8927 55.3927 48.9864 40.6391 37.7696 48.055 25.2378 29.6807
threshold=38.438798904418952 -2.9423618316650386 45.582262039184577 45.668912887573249 52.197240829467781 52.410648345947273 46.117029190063484 45.558958053588874 53.830442428588874 26.306232452392582 4.1867012977600107 36.68388748168946 46.395015716552741 75.256149291992202 9.343633174896242 46.218702316284187 96.696147918701186 45.754474639892585 52.297090530395515 51.303001403808601 53.017904281616218 -3.1773324012756343 50.080711364746101 50.081102371215827 53.948734283447273 65.851165771484389 50.079050064086921 46.023597717285163 0.39665000140666967 65.097888946533217
decision_type=2 2 2 2 2 2 2 2 2 2 2 2 2 2 2 2 2 2 2 2 2 2 2 2 2 2 2 2 2 2
left_child=1 2 16 4 -4 -6 7 10 9 -9 -3 -12 14 -5 15 -8 18 -10 19 -1 -20 22 24 25 26 -24 27 -2 29 -26
right_child=21 6 3 13 5 -7 12 8 17 -11 11 -13 -14 -15 -16 -17 -18 -19 20 -21 -22 -23 23 -25 28 -27 -28 -29 -30 -31
leaf_value=0.006319084115825953 -0.00019779694626814872 0.0030586783365617568 -0.028354905373528565 -0.00073322010056707792 0.076190960710661421 -0.0085935764072013407 -0.0039829248147598088 0.0017928852985421397 -0.011556553856043952 0.015236572695643422 0.0034751098362146987 -0.022035858703178774 0.0012423645029154705 -0.0078420258714956802 0.047103813307050033 -0.02576511478713513 0.037513799312388282 0.0041428591070858676 0.014606038781809891 -0.011231857356375876 -0.0014013100461238363 -0.00036877367749792996 0.022199742547549205 0.005385472594781511 0.0066001329564712215 0.097064247578589086 -0.0064113921659434926 0.0066845468074646234 0.082089246389463313 0.044271350347913241
leaf_weight=363.80696438997984 5861.3716916032135 1057.0448830472305 176.94580636918545 3993.2643297314644 16.790951639413834 196.98404571320862 222.80387703888118 566.16194004565477 164.05057902261615 1249.5496007520705 99.614586196839809 170.40308587998152 2357.1194090666249 994.29844871722162 9.2846563905477506 123.68196281418204 27.637041121721268 426.09402380138636 377.59881803393364 263.30192112922668 245.87747119367123 59371.301010673866 29.563730426132679 894.19218776375055 87.767819069325924 12.592094227671621 878.16966154798865 1575.8101361691952 7.3515775874257079 35.949939087964594
leaf_count=1214 32081 6424 641 22720 73 1266 1531 2371 1269 5604 552 975 16925 7087 18 455 123 2919 1322 1057 1688 387002 260 5252 631 119 8063 10235 36 282
internal_value=6.76335e-07 0.000648979 -0.00158515 -0.00300153 -0.0137908 -0.00164232 0.00295713 0.00529149 0.00828452 0.0110511 -0.000131074 -0.0126161 -0.000252965 -0.00215283 -0.0101603 -0.0118199 0.00436712 -0.000219213 0.0036055 -0.00104374 0.00828838 -0.000122774 0.00143299 0.00726451 0.000785071 0.0461162 0.000448523 0.00126007 0.0219512 0.017817
internal_weight=81856.4 13102.3 6656.51 5378.28 390.721 213.775 6445.81 3732.92 2405.86 1815.71 1327.06 270.018 2712.89 4987.56 355.77 346.486 1278.22 590.145 1250.59 627.109 623.476 68754.1 9382.77 936.348 8446.42 42.1558 8315.35 7437.18 131.069 123.718
internal_count=520195 76234 37191 31787 1980 1339 39043 20114 12163 7975 7951 1527 18929 29807 2004 1986 5404 4188 5281 2271 3010 443961 56959 5631 51328 379 50379 42316 949 913
is_linear=0
shrinkage=0.035


Tree=200
num_leaves=28
num_cat=0
split_feature=13 10 5 5 5 10 11 6 2 5 7 11 7 5 2 2 13 5 5 4 9 2 5 5 10 10 9
split_gain=6.93694 6.18702 23.3972 66.9159 45.8621 127.334 126.505 45.722 41.5303 22.5831 26.9854 25.7042 18.9944 24.4814 15.7089 14.3306 13.6376 9.79558 111.824 71.1963 47.7752 41.0769 36.985 35.4434 6.3414 5.95322 1.76576
threshold=10.101009845733644 0.72843012213706981 46.023597717285163 45.967329025268562 46.036748886108406 2.4970160722732548 66.124500274658217 65.097888946533217 50.894683837890632 46.117029190063484 24.034657478332523 34.133449554443366 31.811714172363285 45.610874176025398 54.316396713256843 53.285451889038093 6.4583332538604745 46.023597717285163 46.036748886108406 59.102712631225593 -4.7622499465942374 52.222757339477546 46.181444168090827 45.967329025268562 -2.725619792938232 1.0472377538681032 1.9544499516487124
decision_type=2 2 2 2 2 2 2 2 2 2 2 2 2 2 2 2 2 2 2 2 2 2 2 2 2 2 2
left_child=1 16 3 12 5 6 -4 25 -7 10 -6 -11 15 -14 -9 -3 17 20 19 -19 21 -1 -20 -22 -18 -5 -2
right_child=26 2 4 7 9 8 -8 14 -10 11 -12 -13 13 -15 -16 -17 24 18 22 -21 23 -23 -24 -25 -26 -27 -28
leaf_value=-0.003288023992927709 -0.0078909295355565016 -0.015702960227781115 -0.00083076725296544487 0.030721641120821916 -0.015929952663160794 -0.0088908717962951269 0.041664324154092394 0.054341024949188875 -0.024089474097224332 -0.0075478127535201179 0.018066790684188417 0.00011916065215189999 0.00057690594498710718 0.0040341815514267337 0.008091473712574666 -0.002482950880085827 0.044411906632245784 0.0085091216649401877 -0.0070932427980778682 0.038181834834373499 -0.00068493134881882642 0.02185353281997892 8.486372680562811e-05 -0.0093149539571630198 0.0092173206812502188 0.0059251504422131503 -0.029781381279197782
leaf_weight=126.96156748384237 10.743511356413366 115.64781276881695 425.19584495946765 12.997032791376112 34.132307045161724 804.76369616761804 106.61097756028175 51.371648579835892 304.93809954822063 564.31950627081096 155.62293932586908 10251.67672201246 20341.715126425959 2862.8433131882921 11.691457633860407 753.26956412103027 10.663823530077936 829.45409782230854 929.43610612489283 112.09287708997726 26068.331422302406 209.84203783422709 16033.511997677386 595.68824295233935 16.53967060148716 102.18686309456825 10.412255883216856
leaf_count=359 63 575 1084 59 105 2230 224 138 869 3817 447 69693 129912 14965 108 4991 37 1830 4579 192 160408 931 119775 2369 73 347 62
internal_value=-5.48203e-06 -1.18748e-07 0.000335623 0.000972208 -0.000884489 -0.00634042 0.00772484 0.0222914 -0.013088 -6.96979e-05 0.0118737 -0.000280742 0.000813328 0.00100387 0.0460851 -0.00426333 -0.00027599 -0.000291366 0.000343168 0.0120786 -0.000712388 0.0123701 -0.000308343 -0.000878267 0.0241383 0.00897607 -0.0196762
internal_weight=81852.7 81831.5 36899 24251.7 12647.3 1641.51 531.807 178.247 1109.7 11005.8 189.755 10816 24073.5 23204.6 63.0631 868.917 44932.5 44905.3 17904.5 941.547 27000.8 336.804 16962.9 26664 27.2035 115.184 21.1558
internal_count=520242 520117 229564 151095 78469 4407 1308 652 3099 74062 552 73510 150443 144877 246 5566 290553 290443 126376 2022 164067 1290 124354 162777 110 406 125
is_linear=0
shrinkage=0.035


Tree=201
num_leaves=31
num_cat=0
split_feature=10 2 2 2 5 2 6 2 2 7 4 10 5 7 4 1 11 10 5 5 7 7 2 9 2 2 2 5 5 4
split_gain=8.70957 22.7482 47.6496 32.8559 52.1159 36.1812 50.7131 31.6901 49.0078 49.2701 40.8025 24.4975 25.7857 22.5553 14.53 11.343 10.2012 9.45815 23.7573 32.1708 26.1048 91.0221 74.4387 21.0132 24.3541 37.4208 61.0959 40.7869 21.5383 19.5961
threshold=-6.9107091426849356 48.029621124267585 47.838615417480476 50.078802108764656 44.901058197021491 49.107086181640632 52.76214790344239 50.510725021362312 51.023017883300788 44.598613739013679 47.69026184082032 -15.079775810241697 50.080711364746101 73.50925445556642 54.562303543090827 5.2774562835693368 19.779600143432621 1.0000000180025095e-35 46.395015716552741 46.324718475341804 39.632768630981452 38.85840034484864 53.468648910522468 -0.56514999270439137 54.126050949096687 52.452733993530281 52.120557785034187 47.320657730102546 43.508358001708991 35.864292144775398
decision_type=2 2 2 2 2 2 2 2 2 2 2 2 2 2 2 2 2 2 2 2 2 2 2 2 2 2 2 2 2 2
left_child=1 2 15 4 -3 13 -7 11 10 -10 -9 14 -13 -6 -5 -1 -17 18 19 20 21 -2 -22 24 25 26 -19 -27 -25 -26
right_child=17 3 -4 7 5 6 -8 8 9 -11 -12 12 -14 -15 -16 16 -18 23 -20 -21 22 -23 -24 28 29 27 -28 -29 -30 -31
leaf_value=0.013379457152668105 -0.0018330808976250441 -0.039586433231884863 -0.037654573535851887 0.0025283413376995861 -0.0098265072069227116 0.0068924984885910612 0.031822951342268715 0.042370678706784327 0.0041026340677146732 -0.011168571463806978 0.0068258461169640626 -0.0091157835382471002 0.019981104805453627 0.01609563022209123 0.029882672558766241 -0.019389970055187011 -0.0011716533147677333 0.0020171001743570409 0.00081198133688822991 -0.022453129271392164 0.00011548643945719318 -0.02006909948564627 -0.024582638018626972 0.02700381677442884 0.007230409468583731 0.005334579690223943 -0.0086798259105407855 -0.02168322340832125 -0.00013611745174499417 -0.0087644694848040081
leaf_weight=51.1912846788764 8407.5301531720906 24.290132105350494 51.631092019379139 159.50462397001684 121.01856316626072 233.73261193931103 175.8237679367885 67.345843270421028 1661.523314957507 305.5970357907936 96.595778122544289 676.11730019096285 38.606666915118694 61.22311732172966 27.369434416294098 45.637789789587259 205.10364117845893 3673.9704435141757 11486.547059604898 85.604758381843567 14359.415243516676 348.55148107931018 150.25752190686762 35.055853262543678 118.61844199895859 3728.6591060757637 794.88893594220281 68.85746518522501 34185.896299644373 432.72768203821033
leaf_count=246 47964 64 187 1241 400 1241 952 160 8154 1888 505 5380 316 200 188 187 1163 23895 89861 423 85496 1768 512 78 1013 21267 3530 212 218236 3589
internal_value=1.97393e-05 0.00161195 -0.00684983 0.00243514 0.00979955 0.0118891 0.0176534 0.00093455 0.00326338 0.00172308 0.0216047 -0.00456025 -0.00751371 -0.00104757 0.00668224 -0.00147344 -0.00456654 -6.2015e-05 -0.0004908 -0.00113194 -0.00105242 -0.00256156 -0.000141138 0.000284908 0.0018084 0.00228417 0.000111628 0.00483838 -0.00010748 -0.00530511
internal_weight=81878.9 4002.31 353.564 3648.75 616.088 591.798 409.556 3032.66 2131.06 1967.12 163.942 901.598 714.724 182.242 186.874 301.933 250.741 77876.6 34837.9 23351.4 23265.8 8756.08 14509.7 43038.7 8817.72 8266.38 4468.86 3797.52 34221 551.346
internal_count=520316 22472 1783 20689 2857 2793 2193 17832 10707 10042 665 7125 5696 600 1429 1596 1350 497844 226024 136163 135740 49732 86008 271820 53506 48904 27425 21479 218314 4602
is_linear=0
shrinkage=0.035


Tree=202
num_leaves=31
num_cat=0
split_feature=10 5 2 2 6 11 5 2 5 5 7 5 7 4 2 10 6 7 7 7 10 5 10 6 2 4 11 10 5 10
split_gain=6.34891 16.5949 25.8673 37.2538 31.8713 28.2228 28.7095 27.6674 42.046 39.6827 22.5096 15.945 19.0355 13.3123 37.8995 13.074 14.2276 12.6377 19.4621 12.3649 11.4996 10.9042 16.8431 10.1086 6.5455 26.8894 37.9455 28.0158 32.809 27.8395
threshold=-6.9107091426849356 50.078802108764656 53.883504867553718 53.507390975952156 51.971612930297859 19.779600143432621 46.218702316284187 48.029621124267585 45.45686340332032 43.508358001708991 22.878716468811039 50.080711364746101 87.417869567871108 42.541114807128913 53.796842575073249 -11.258804321289061 90.491043090820327 21.560606956481937 25.243726730346683 69.26322174072267 -8.4042339324951154 45.679006576538093 -9.6117405891418439 22.306142807006839 53.865806579589851 45.592992782592781 23.535450935363773 -2.8878698348999019 45.762720108032234 -4.838106393814086
decision_type=2 2 2 2 2 2 2 2 2 2 2 2 2 2 2 2 2 2 2 2 2 2 2 2 2 2 2 2 2 2
left_child=1 2 3 7 21 10 -7 8 -1 -9 -5 12 15 -13 23 16 -3 20 -19 -17 -6 -4 -23 -15 -2 26 29 -28 -29 -26
right_child=24 11 4 5 17 6 -8 9 -10 -11 -12 13 -14 14 -16 19 -18 18 -20 -21 -22 22 -24 -25 25 -27 27 28 -30 -31
leaf_value=0.0022189242147195734 8.4106047922988193e-05 -0.0037052751900897608 -0.01193737744760782 -0.026963375876122842 0.025266370130412292 -0.011772553624278141 0.015425756758412226 -0.039426136963252922 -0.036088888812531431 0.0047858438710153281 0.0056321075309260201 -0.00068994712488311362 0.027795207083957212 0.0011272046559039903 -0.01450630934936907 -0.0089846349876143011 0.025488531289761147 0.055246834181171156 0.019295555143091482 -0.029373140906194119 -0.010170553874023647 0.026108375460764995 6.5950492205548336e-05 0.036007944561390601 0.021175433520177211 0.00092126246380348634 -0.012046717963497489 -0.011852446733203657 0.0010758805428104346 0.00024147332412194727
leaf_weight=100.26133409328759 72478.913185750134 287.19335330277681 43.791764102876186 122.37112192809582 26.109004827216268 109.8319970369339 82.563903942704201 24.339226260781288 52.882737703621387 2127.9271357990801 32.145077787339687 281.66841314733028 19.255216538906097 13.071993865072725 36.402137398719788 280.01694652438164 21.184592055156827 32.214425452053547 47.071402583271265 41.94223640114069 18.300740286707878 42.574195452034473 103.71845719963312 54.107905656099319 100.47269383817911 3091.429843232967 670.37377875018865 349.42083245888352 764.35444683395326 339.17236426100135
leaf_count=726 463518 2397 358 501 263 421 275 65 158 9902 102 1608 137 80 170 2738 213 168 418 377 171 255 645 313 661 18083 4426 2543 5765 2536
internal_value=6.70973e-05 0.00142667 0.00275903 0.00162996 0.0122522 -0.00904492 -4.90166e-05 0.0032419 -0.0110826 0.00426815 -0.0201432 -0.00238461 -0.00573164 0.00324104 0.0139209 -0.00680082 -0.00161635 0.0260272 0.0343962 -0.0117286 0.0105868 0.00318001 0.0077932 0.0294169 -2.74922e-06 -0.00118827 -0.00412327 -0.00639413 -0.00297939 0.00507121
internal_weight=81795.1 4000.95 2966.1 2652.32 313.78 346.912 192.396 2305.41 153.144 2152.27 154.516 1034.84 649.592 385.25 103.582 630.337 308.378 123.696 79.2858 321.959 44.4097 190.084 146.293 67.1799 77794.1 5315.22 2223.79 1784.15 1113.78 439.645
internal_count=519993 22461 14428 12150 2278 1299 696 10851 884 9967 603 8033 5862 2171 563 5725 2610 1020 586 3115 434 1258 900 393 497532 34014 15931 12734 8308 3197
is_linear=0
shrinkage=0.035


Tree=203
num_leaves=31
num_cat=0
split_feature=6 5 4 2 2 4 2 4 7 6 5 2 2 5 10 7 2 2 7 4 6 7 7 7 10 11 7 7 7 10
split_gain=6.53554 21.3758 11.2686 18.1197 16.3228 9.76027 13.3549 9.50279 5.41097 5.11669 11.5464 10.8777 36.7866 27.1047 32.506 14.3333 12.6119 11.9294 5.63452 15.6804 19.8272 18.4151 12.4542 16.2082 11.9953 7.37094 48.6482 59.1481 49.2886 15.3458
threshold=0.43134848773479467 47.499412536621101 41.681951522827156 52.356567382812507 52.554931640625007 53.099758148193366 51.620014190673835 51.882596969604499 29.259167671203617 6.0266718864440927 43.508358001708991 49.666902542114265 50.069299697875984 45.452220916748054 0.69654214382171642 64.699142456054702 51.228878021240241 48.696319580078132 75.636428833007827 64.45630264282228 76.021450042724624 75.742977142333999 85.718479156494155 78.280700683593764 -5.7159907817840567 67.773700714111342 60.380186080932624 60.755035400390632 57.632680892944343 8.0838499069213885
decision_type=2 2 2 2 2 2 2 2 2 2 2 2 2 2 2 2 2 2 2 2 2 2 2 2 2 2 2 2 2 2
left_child=1 2 -1 5 -5 6 -4 -6 -3 10 -2 13 15 17 -15 -13 -14 -12 25 20 -20 -22 23 -21 -24 29 28 -28 -27 -11
right_child=9 8 3 4 7 -7 -8 -9 -10 18 11 12 16 14 -16 -17 -18 -19 19 22 21 -23 24 -25 -26 26 27 -29 -30 -31
leaf_value=-0.0316967201257057 0.028340561258068175 0.033279527682082935 0.0026205264668346046 0.035714928388349491 -0.0069251159508362465 -0.024341125164975143 -0.02627954344978058 0.02746619654089516 0.0076230393475159308 -0.00024357244695364925 -0.011741403545470389 -0.0011103709973319931 0.0037620913111104741 0.018679684971825296 -0.001649168466177707 -0.015393101851878232 -0.00022772564653142821 0.0041797428613540169 -0.0013541118242169844 -0.0050534200418612856 0.015101563001713158 -0.011411349391006567 0.013580691763410565 0.0094872682922945342 -0.0073471094922546408 -0.0013567157998364469 0.057846396183712089 0.0029052851141230696 -0.018673207971733503 0.0026427615217470028
leaf_weight=24.322539448738098 18.117050006985664 12.299061067402361 61.379516988992691 16.750632084906101 64.53648641705513 66.243207313120365 27.650249250233173 10.762281358242033 53.131602101027966 65825.29439552594 123.01112058013678 137.07220946997404 1558.5931442081928 244.40567617118359 157.54611856490374 236.26507536321878 2562.0151893943548 106.45699723064899 1716.6851457804441 123.43193611502647 33.734678870067 436.17887447029352 39.437898881733418 379.60279929451644 197.67007137462497 1186.1155131608248 23.372875444591045 3842.6718602692708 242.05610325187445 2335.5167414024472
leaf_count=114 39 87 362 86 396 359 154 69 404 431191 959 1076 10275 761 555 1357 13303 744 12787 715 321 4008 291 2317 1829 4721 154 18337 1178 11492
internal_value=-5.502e-05 -0.00491288 -0.00925324 -0.00692277 0.00529814 -0.0142025 -0.00643124 -0.00168059 0.0128951 -3.48007e-05 0.0010335 0.000931207 0.000324758 0.00523048 0.0107069 -0.0101814 0.00128014 -0.00433586 -0.000106841 -0.00161268 -0.00310444 -0.00947071 0.00278357 0.0059031 -0.00380283 -4.67302e-05 0.00121104 0.00325115 -0.00430534 -0.00014454
internal_weight=81862.3 337.076 271.645 247.322 92.0494 155.273 89.0298 75.2988 65.4307 81525.3 5143.48 5125.37 4493.95 631.42 401.952 373.337 4120.61 229.468 76381.8 2926.74 2186.6 469.914 740.143 503.035 237.108 73455 5294.22 3866.04 1428.17 68160.8
internal_count=520441 2031 1540 1426 551 875 516 465 491 518410 29069 29030 26011 3019 1316 2433 23578 1703 489341 22268 17116 4329 5152 3032 2120 467073 24390 18491 5899 442683
is_linear=0
shrinkage=0.035


Tree=204
num_leaves=31
num_cat=0
split_feature=5 5 6 13 13 11 13 10 5 0 13 1 9 12 12 8 13 13 13 4 10 6 10 8 1 0 12 1 4 4
split_gain=5.00219 10.5441 11.8241 11.98 19.4017 17.6161 12.8629 13.7683 11.061 10.7097 16.6002 10.5088 8.39654 8.21466 8.95301 8.11061 7.96345 14.5866 14.5001 14.5479 12.6127 12.4594 9.23964 6.33261 6.03087 4.3871 5.15253 7.8555 6.9942 15.4063
threshold=99.795604705810561 98.366512298583999 29.112630844116214 1.5628815889358523 1.6530054211616518 66.894851684570327 1.3423423767089846 -1.8638429045677183 91.718109130859389 10.000000000000002 4.2572462558746347 32.909568786621101 -0.38324999809265131 53.976158142089851 79.466030120849624 -11.499999999999998 2.353266835212708 1.8019480705261233 3.1754032373428349 34.832588195800788 8.0838499069213885 43.764425277709968 -0.69140237569808949 -5.4999999999999991 99.998081207275405 49.600000381469734 5.320847988128663 45.364969253540046 40.180032730102546 46.67218208312989
decision_type=2 2 2 2 2 2 2 2 2 2 2 2 2 2 2 2 2 2 2 2 2 2 2 2 2 2 2 2 2 2
left_child=1 8 9 6 11 -6 12 -8 13 10 -3 -5 -4 15 -15 -1 17 21 19 -18 -20 -10 -19 -17 -16 26 27 -2 -28 -30
right_child=25 2 3 4 5 -7 7 -9 16 -11 -12 -13 -14 14 24 23 18 22 20 -21 -22 -23 -24 -25 -26 -27 28 -29 29 -31
leaf_value=0.035169941827420795 -0.0072541461310142415 -0.018980927233458036 -0.0034337831849579983 0.058636422565806735 0.013288899228972688 -0.004817259410942667 0.017856575436603371 -0.026627222297442039 -0.0043751328179358921 -0.026826714400241727 0.039467190690481949 0.018702706043776017 0.005467937678139567 0.027597729328600763 -0.015405757516127759 -0.014213145184089454 -0.0059983637048292076 0 0.00051351470365735674 0.014863870768723331 -0.016924588715434966 -0.0001331809577743016 -0.016334844624925366 0.00010636879517408255 0.018380280774502808 0.011572835876277002 -0.02418906002589153 0.034743369173143898 0.0261025010442823 -0.010581861980438551
leaf_weight=7.2799338325858107 13.897856839001181 13.743027567863466 177.24852445721626 12.751132287085055 180.0851933285594 102.24762135744095 10.390495277941225 34.796945638954639 1391.8847139254212 28.390981793403625 9.2365112230181676 25.141798265278339 472.27420745044947 26.987208269536495 14.601776413619518 37.044339798390865 54.399864889681339 61.261191882193089 415.02808153629303 155.69581393897533 56.994923576712608 2178.8212245926261 141.29439631849527 76028.819124201313 10.324590265750885 15.516577340662478 31.455593429505825 7.7894365713000289 15.379898875951765 102.26080038398504
leaf_count=22 79 83 925 44 962 446 57 209 8055 139 54 95 2527 147 82 184 313 336 2308 718 308 12513 874 488046 60 49 155 54 75 483
internal_value=4.60134e-05 5.9197e-05 0.00351553 0.00435297 0.00994976 0.0067119 0.00175459 -0.0161136 1.33387e-05 -0.0127088 0.00475504 0.033256 0.00302674 0.000112636 0.0139255 0.000102972 -0.00168141 -0.00231132 0.00179143 0.00942658 -0.00160234 -0.00178929 -0.0114362 9.91537e-05 -0.00100298 -0.00566989 -0.00732393 0.00821822 -0.00966316 -0.00558287
internal_weight=81833 81646.7 1066.31 1014.94 320.226 282.333 694.71 45.1874 80580.4 51.3705 22.9795 37.8929 649.523 76125.1 51.9136 76073.1 4455.38 3773.26 682.119 210.096 472.023 3570.71 202.556 76065.9 24.9264 186.3 170.784 21.6873 149.096 117.641
internal_count=520402 519507 5541 5265 1547 1408 3718 266 513966 276 137 139 3452 488541 289 488252 25425 21778 3647 1031 2616 20568 1210 488230 142 895 846 133 713 558
is_linear=0
shrinkage=0.035


Tree=205
num_leaves=31
num_cat=0
split_feature=2 2 10 11 2 2 7 7 10 4 5 11 10 2 5 2 2 2 5 2 5 7 2 11 9 7 9 9 5 10
split_gain=6.76005 18.0388 44.6936 43.7243 38.3477 38.8171 31.7681 28.3092 35.2382 35.1635 18.8253 16.7112 51.3978 53.7163 103.922 77.7392 43.2041 120.552 29.1462 26.3195 91.0008 79.2675 30.3224 85.1688 23.8663 21.5614 10.7105 19.2891 19.9344 28.8886
threshold=50.091802597045906 50.460123062133796 10.569621562957765 50.668849945068366 50.459417343139656 50.408788681030281 73.28943252563478 49.302305221557624 4.5968675613403329 55.781038284301765 45.45686340332032 57.429449081420906 4.4254078865051278 50.842672348022468 45.558958053588874 50.998905181884773 50.998905181884773 51.432224273681648 45.661050796508796 50.664962768554695 45.558958053588874 61.121740341186531 50.998905181884773 48.482049942016609 0.09054999798536302 67.648265838623061 -7.7415499687194815 -3.6045500040054317 50.079999923706062 -7.5363545417785636
decision_type=2 2 2 2 2 2 2 2 2 2 2 2 2 2 2 2 2 2 2 2 2 2 2 2 2 2 2 2 2 2
left_child=26 2 3 4 5 -2 10 9 -9 -5 -4 19 13 14 -13 -15 18 -18 -14 20 24 -22 23 -21 -3 -24 -1 28 29 -28
right_child=1 11 6 7 -6 -7 -8 8 -10 -11 -12 12 16 15 -16 -17 17 -19 -20 22 21 -23 25 -25 -26 -27 27 -29 -30 -31
leaf_value=0.011986241147211958 0.0070008298922117178 0.0072957732526343867 -0.0087273264127803452 -0.0053374270215877199 0.047365625766313091 -0.010724699583786947 0.070456679606453049 -0.010510456837920833 0.00032134181701665106 0.032617892868836006 0.021703894173668293 0.003310932037519804 -0.0031414437043357992 -0.012929239512101185 0.026339943042971329 0.0029913328876700869 0.015566975103494834 -0.0033017093517889898 -0.015661199658575622 0.017811367535055772 -0.0045126843263665062 -0.028014219173517586 -0.00049708386617601042 -0.0012868573928175692 -0.0024856420577253576 0.0089674899210941388 -0.00086292680371245886 0.00048081285801737531 0.0037197202466145458 -0.017059887338974289
leaf_weight=96.359980754554272 522.34856138378382 493.18500411510468 36.590936556458473 75.174720421433449 22.644220426678658 211.99824305810034 11.838963627815245 1386.5021297028288 498.95225658733398 48.391308158636093 73.225400865077972 833.28825756255537 532.89185996633023 411.77460872102529 337.0589683111757 4194.8262412487529 508.07211218774319 2242.5182877406478 400.05724655091763 427.32442548125982 427.2216231469065 299.44221596419811 33993.971810363699 859.85732776205987 799.21198987029493 296.57231287751347 278.0655447114259 30983.660838535987 218.95367820747197 263.12779040262103
leaf_count=637 2887 3218 191 215 101 725 73 7925 2346 104 154 6244 3124 2078 921 23817 2226 11480 941 1952 1149 1036 201146 5878 6199 2386 1978 225729 1327 2103
internal_value=-1.72755e-05 -0.000271423 -0.00295625 -0.00387336 0.00328683 0.00186803 0.0177274 -0.00657501 -0.00764138 0.00958467 0.0115111 -0.000106472 0.00120812 0.00326841 0.00996271 0.00156471 -0.00202116 0.000184567 -0.00852635 -0.000437468 -0.00432412 -0.0142269 -0.000216609 0.00505515 0.00124379 -0.000414815 0.00038116 0.000345411 -0.00515909 -0.00876435
internal_weight=81785.1 49944.9 2887.67 2766.01 756.991 734.347 121.655 2009.02 1885.45 123.566 109.816 47057.3 9460.49 5776.95 1170.35 4606.6 3683.54 2750.59 932.949 37596.8 2019.06 726.664 35577.7 1287.18 1292.4 34290.5 31840.2 31743.8 760.147 541.193
internal_count=520290 288516 14721 14303 3713 3612 418 10590 10271 319 345 273795 50831 33060 7165 25895 17771 13706 4065 222964 11602 2185 211362 7830 9417 203532 231774 231137 5408 4081
is_linear=0
shrinkage=0.035


Tree=206
num_leaves=31
num_cat=0
split_feature=10 5 5 2 7 5 4 7 9 9 2 7 2 5 7 5 5 6 2 2 7 7 9 9 7 2 5 5 7 2
split_gain=5.75984 28.3541 101.033 51.0174 89.0788 44.3964 40.0795 38.7159 44.5836 76.5216 38.1215 45.1049 45.5467 33.801 81.3019 40.0012 32.0703 28.4112 26.8485 26.1974 20.225 14.3164 21.1073 16.5908 51.7625 59.8345 71.1664 51.7821 42.0205 31.5717
threshold=3.2757411003112797 46.023597717285163 46.057298660278327 50.894683837890632 73.50925445556642 45.961141586303718 59.670026779174812 35.942852020263679 1.3057999610900881 -1.3222499489784239 51.432224273681648 43.856449127197273 51.228878021240241 45.554418563842781 54.63191223144532 45.501287460327156 46.028558731079109 26.306232452392582 50.562084197998054 51.752593994140632 71.087303161621108 79.115924835205092 7.6709501743316659 2.7615000009536748 70.733211517333999 50.069299697875984 46.023597717285163 50.080841064453132 69.762519836425795 48.849718093872077
decision_type=2 2 2 2 2 2 2 2 2 2 2 2 2 2 2 2 2 2 2 2 2 2 2 2 2 2 2 2 2 2
left_child=21 5 3 4 6 10 -3 8 9 -4 11 -2 -13 15 -15 -12 -5 -6 20 -20 -9 23 -23 -1 28 26 -26 -27 29 -25
right_child=1 2 7 16 17 -7 -8 18 -10 -11 13 12 -14 14 -16 -17 -18 -19 19 -21 -22 22 -24 24 25 27 -28 -29 -30 -31
leaf_value=-0.00017528148357518858 -0.026570398565676237 -0.0026762471184947055 -0.001606729055585342 0.0012469272619961573 -0.0046117972609993731 0.023238595364929001 0.02417585098601949 0.0023217187971102545 -0.013678157061045302 0.018420607049853641 -0.0011155372770861947 0.0025804122399494971 0.012098096761510989 0.0049021486766793161 -0.015648151582258182 -0.01126087956493976 -0.033097133539517619 -0.029959013659262061 -0.014114754169786012 -0.0023455562562134219 -0.0035865130715711812 -0.0082771750869179931 0.023055234994233516 0.047223756735106398 0.0061479075535068881 -0.012702975758349479 0.027387461122602649 0.015042673224536892 -0.017719424191189416 -0.0005749340603149718
leaf_weight=60517.303157067392 59.899134397506714 304.45828597247601 436.81128489039838 40.267920613288879 76.628504708409309 114.70428694039583 86.757034182548523 2530.7955418638885 117.84139030426741 500.07560326717794 2800.8719413047656 5027.6233440944925 702.01802149228752 2110.3122145924717 264.59514644555748 573.38526630681008 180.27499555051327 192.84587088599801 311.15622924268246 910.37570414692163 984.97136382758617 421.88254369050264 27.2225421667099 16.423561163246632 701.05200289655477 269.17974944785237 267.07893019542098 117.67524551600218 188.97939278930426 980.2375654950738
leaf_count=397660 275 846 2759 101 247 390 154 16538 576 2482 19464 30522 3312 8609 1930 4130 569 612 903 3623 8792 3384 181 81 3951 2296 730 706 584 3965
internal_value=5.43104e-05 0.000600961 -0.00121759 -0.012253 -0.00735568 0.00164296 0.00329788 0.000461655 0.00652423 0.00908225 0.00142608 0.00343078 0.0037493 -0.000591683 0.00260514 -0.00284386 -0.0268129 -0.0228121 -0.000887535 -0.00535648 0.000664049 -0.000103336 -0.00632478 -5.88352e-05 0.00271132 0.00738397 0.0120323 -0.0042315 -0.0026242 0.000242946
internal_weight=81833.7 18326.7 6673.26 881.233 660.69 11653.4 391.215 5792.03 1054.73 936.887 11538.7 5789.54 5729.64 5749.16 2374.91 3374.26 220.543 269.474 4737.3 1221.53 3515.77 63507 449.105 63057.9 2540.63 1354.99 968.131 386.855 1185.64 996.661
internal_count=520372 106834 38202 2529 1859 68632 1000 35673 5817 5241 68242 34109 33834 34133 10539 23594 670 859 29856 4526 25330 413538 3565 409973 12313 7683 4681 3002 4630 4046
is_linear=0
shrinkage=0.035


Tree=207
num_leaves=26
num_cat=0
split_feature=8 7 6 9 0 4 9 4 4 6 2 13 13 6 13 6 7 7 6 2 9 10 2 10 7
split_gain=5.99293 6.79263 5.75329 6.71329 5.31153 10.6227 11.2015 13.974 8.97461 7.5416 6.32805 5.46266 15.8047 18.9665 13.5774 5.62057 15.5943 6.58812 3.71588 2.98023 5.27846 2.47353 2.38145 1.49059 0.116772
threshold=3.5000000000000004 63.030187606811531 99.693408966064467 2.7615000009536748 42.399999618530281 67.195690155029311 1.0985500216484072 60.001817703247077 56.993158340454109 41.432065963745124 97.714717864990249 1.0000000180025095e-35 1.0152545571327212 74.464012145996108 1.1428944468498232 74.854026794433608 75.742977142333999 79.546710968017592 32.312974929809577 50.080970764160163 0.82664999365806591 -5.181654453277587 50.079050064086921 4.7782890796661386 69.49686431884767
decision_type=2 2 2 2 2 2 2 2 2 2 2 2 2 2 2 2 2 2 2 2 2 2 2 2 2
left_child=2 -2 4 19 11 6 8 -8 -6 18 -11 15 13 -13 -14 17 -17 -1 -7 20 22 -21 -4 -23 -22
right_child=1 -3 3 -5 5 9 7 -9 -10 10 -12 12 14 -15 -16 16 -18 -19 -20 21 24 23 -24 -25 -26
leaf_value=0.00028512391653037181 -0.027504112085964951 0.001911655203691896 -0.00082790295421396873 0.034896578820456159 0.0082185016319983352 -0.0069599359921815023 0.0018316482584313598 0.033670838768857611 -0.011132853606637603 -0.021874852443326483 0.0022838682746990908 -0.011759277136997832 0.0081592439064072826 -0.00071992368354198541 -0.00089506294267902768 -0.000265770702999097 -0.0058788515390431782 -0.002985536541324294 -0.040837329563837635 0.0081454154808524876 -0.0027831428213280635 -0.033676517123197844 0.036419711985215951 -0.0037510293908372991 -0.029766652889349095
leaf_weight=60619.865854047239 19.755282752215862 17.106370806694031 4.1174750477075559 2.3834944535046807 127.17708544433117 9.1310142204165476 29.534942820668221 40.52951768040657 37.111391447484493 13.930250078439711 134.10025455802679 349.97418093681335 229.04515890032053 421.06706376001239 1726.6144041866064 16526.484169997275 628.84047517180443 762.82756905257702 7.897874303162097 1.7380899796262372 1.0108354901894925 16.347552539780743 2.8138257879763842 3.1758979633450499 4.7223593695089221
leaf_count=369701 79 65 216 55 522 50 107 158 155 52 562 1948 1327 2474 9436 119933 5391 6049 33 47 53 969 137 72 226
internal_value=4.11926e-05 -0.0139166 4.7712e-05 -0.0137295 5.40578e-05 0.00407643 0.00886181 0.0205203 0.00377203 -0.00268568 -4.7891e-05 3.41619e-05 -0.00150553 -0.00574673 0.000164694 8.77214e-05 -0.000472195 0.000244326 -0.024192 -0.0180726 -0.00363019 -0.0259143 0.0155916 -0.0294922 -0.0270039
internal_weight=81737.3 36.8617 81700.4 36.3095 81664.1 399.412 234.353 70.0645 164.288 165.059 148.031 81264.7 2726.7 771.041 1955.66 78538 17155.3 61382.7 17.0289 33.926 12.6645 21.2615 6.9313 19.5235 5.73319
internal_count=519817 144 519673 1775 517898 1639 942 265 677 697 614 516259 15185 4422 10763 501074 125324 375750 83 1720 632 1088 353 1041 279
is_linear=0
shrinkage=0.035


Tree=208
num_leaves=31
num_cat=0
split_feature=6 9 10 4 8 7 13 0 12 13 9 10 9 12 10 4 9 13 13 6 13 0 6 10 10 9 13 10 2 2
split_gain=5.96585 8.79423 5.52858 10.0447 4.43478 9.03949 9.33529 8.29336 12.3 9.67644 9.65005 8.3476 7.68612 7.42498 7.31504 7.08119 6.65003 5.13966 18.0002 27.6426 25.9728 4.89434 7.75896 4.6693 8.87607 4.59561 4.22839 4.13015 2.15792 5.45279
threshold=99.693408966064467 2.7615000009536748 4.5968675613403329 51.566967010498054 2.5000000000000004 62.469350814819343 1.0000000180025095e-35 42.399999618530281 84.656642913818374 1.1976477503776553 0.53614997863769542 1.9062452316284182 1.4710499644279482 69.87100982666017 -1.8638429045677183 56.687097549438484 2.0321500301361088 1.0000000180025095e-35 1.0362972021102907 81.088863372802749 1.0811126828193667 20.800000190734867 21.904274940490726 4.2651145458221444 1.263342618942261 3.0151000022888188 2.2991542816162114 -15.079775810241697 50.080970764160163 50.079050064086921
decision_type=2 2 2 2 2 2 2 2 2 2 2 2 2 2 2 2 2 2 2 2 2 2 2 2 2 2 2 2 2 2
left_child=4 2 28 -4 7 15 -7 17 10 16 14 -12 -8 -14 -9 -6 -10 21 19 -19 -20 27 -23 24 -17 -11 -25 -1 29 -2
right_child=1 -3 3 -5 5 6 12 8 9 25 11 -13 13 -15 -16 23 -18 18 20 -21 -22 22 -24 26 -26 -27 -28 -29 -30 -31
leaf_value=0.0040131545011234497 -0.028056241475536897 0.040899737354405247 0.055217303102208827 -0.027716114464674806 0.0071218917430951149 -0.019740485377146007 0.035678777475924066 -0.019394596339379153 -0.0071906989290916809 -0.034807619193671625 0.032579062908219346 0.011051376176931615 0.02480420232914566 -0.0081228573370813028 0.0058435842463253271 -0.034709808588612112 0.02000479201828375 -0.0094776490194092514 0.020875706013441426 0.0053891150893724538 -0.00038610071500544673 -0.0063129945243680747 0.0030249543977444527 -0.043723394295048477 0.0047312613762699202 -0.0065279899274638849 -0.012521267659999656 6.0509182529339604e-05 -0.033699040118042291 0.021495786354625988
leaf_weight=324.477783203125 6.9536414239555615 2.4384949151426545 2.4756445661187163 3.1001175278797746 12.955350473523138 15.465500906109808 10.858614630997179 15.657234251499174 26.101763419806957 15.199853964149954 29.481023959815502 95.126131445169449 11.704927958548067 24.417445324361324 94.218128316104412 10.39530634135008 17.688635386526585 614.27287530526519 72.349658437073231 202.79560796916485 1849.6930217519403 118.37332322448492 1235.2209139838815 14.81805330514908 17.538167625665665 14.670762211084364 10.536933071911333 76817.213896371424 16.80613921629265 3.335346819832921
leaf_count=2036 408 54 40 76 56 70 43 57 123 65 121 355 47 106 385 41 74 3470 415 1261 10108 605 6364 59 87 57 32 492075 1012 161
internal_value=6.70259e-05 -0.0141948 -0.0193953 0.0103166 7.33816e-05 -0.00639796 0.00305493 8.37432e-05 0.00580759 -0.00656036 0.00973174 0.0163758 0.0109102 0.00266335 0.0020697 -0.0153435 0.00379945 6.1888e-05 -0.00142803 -0.00577751 0.00041895 0.000113982 0.00219993 -0.0209592 -0.0102607 -0.021679 -0.0318038 7.72672e-05 -0.0258811 -0.0109699
internal_weight=81706.3 35.1094 32.6709 5.57576 81671.2 128.69 62.4465 81542.5 308.144 73.661 234.483 124.607 46.981 36.1224 109.875 66.2438 43.7904 81234.4 2739.11 817.068 1922.04 78495.3 1353.59 53.2885 27.9335 29.8706 25.355 77141.7 27.0951 10.289
internal_count=519863 1751 1697 116 518112 541 266 517571 1237 319 918 476 196 153 442 275 197 516334 15254 4731 10523 501080 6969 219 128 122 91 494111 1581 569
is_linear=0
shrinkage=0.035


Tree=209
num_leaves=31
num_cat=0
split_feature=11 7 7 7 2 10 5 2 2 5 7 7 7 7 7 10 7 10 7 2 10 5 2 2 10 7 7 10 2 7
split_gain=4.51352 35.657 47.6825 54.8519 50.0625 49.1381 45.7054 38.2389 51.4632 37.2109 29.2311 81.4146 82.217 44.1363 41.2021 40.2082 50.1804 39.5956 40.0283 34.8476 23.3869 23.1351 19.1426 38.9121 19.0406 17.2621 94.498 82.5579 71.8298 71.3128
threshold=57.173250198364265 67.379653930664077 68.936416625976577 69.072742462158217 50.051788330078132 1.0817691683769228 45.489482879638679 49.95216369628907 49.977699279785163 45.449871063232429 37.080343246459968 39.356723785400398 38.938592910766609 34.582567214965827 38.698242187500007 -2.0397789478301998 40.298776626586921 -1.9055746197700498 34.419713973999031 50.078678131103523 7.775179624557496 45.452220916748054 50.069395065307624 50.078926086425788 2.366353034973145 69.762519836425795 71.004535675048842 -5.181654453277587 50.051733016967781 68.936416625976577
decision_type=2 2 2 2 2 2 2 2 2 2 2 2 2 2 2 2 2 2 2 2 2 2 2 2 2 2 2 2 2 2
left_child=25 10 4 -4 5 -3 -7 20 -9 -6 13 12 14 17 -12 19 -17 -2 -19 -13 -5 -11 -15 -24 -14 29 27 -27 -28 -1
right_child=1 2 3 7 9 6 -8 8 -10 21 11 15 24 22 -16 16 -18 18 -20 -21 -22 -23 23 -25 -26 26 28 -29 -30 -31
leaf_value=-0.00011241035300266498 0.028128690224736182 -0.027200858376246764 0.013398973825729816 0.0018174748252422564 -0.016101403633999437 0.017752552461298494 -0.015997054902924093 -0.01922222841541758 -0.0021048796244614166 0.033579799395216915 0.01456669083345268 -0.014928808954118879 0.0044389532456749316 -0.033345369844853263 -0.019315122206934925 -0.020783665348486316 0.003079692535640121 -0.0033640946286594832 0.030421844880894132 -0.00075428091520602215 -0.0063969092847192916 0.001172680128507545 0.051258878457468675 -0.011862771357641369 0.047730350593025155 -0.016987547775400045 -0.0071657953748541399 0.012270314922524181 0.0055639740722418663 -0.0091914468366455105
leaf_weight=53714.907097251154 63.556449979543686 245.83217899873853 354.53737529926002 5878.7636763555929 164.18040215969086 74.497805872932076 140.44955315627158 224.97911562025547 4647.5634389324114 27.795432306826115 204.88948732614517 281.08445753529668 14.731220014393328 47.42103336751461 55.035368800163269 108.56598024070263 7987.6652294467203 555.80765920877457 45.73883467912674 868.04211326455697 456.55204834789038 493.37504722550511 11.565995171666144 353.08731147646904 103.94868820905685 129.7428208515048 1382.6213947981596 1235.1958683161065 892.58917782083154 1080.3837890201248
leaf_count=349160 272 876 1861 33088 1558 281 718 553 38064 269 1057 1346 61 128 314 446 43913 2639 139 5120 2628 2923 92 1496 280 413 9230 6294 7683 7467
internal_value=2.79115e-05 0.000438622 -0.000814432 -0.000138608 -0.00762133 -0.0165333 -0.004245 -0.000568391 -0.0028997 -0.00160705 0.00192734 0.00253978 0.0184325 -0.00353587 0.0073286 0.00188667 0.00275681 0.0020327 -0.000746553 -0.00423553 0.00122367 0.00296327 -0.0125272 -0.00973371 0.0424811 -0.000136506 0.00219694 0.00947579 -0.0021685 -0.000291679
internal_weight=81845.1 23409.7 12708.5 11562.4 1146.13 460.78 214.947 11207.9 4872.54 685.351 10701.1 9623.96 378.605 1077.18 259.925 9245.36 8096.23 665.103 601.546 1149.13 6335.32 521.17 412.074 364.653 118.68 58435.4 3640.15 1364.94 2275.21 54795.3
internal_count=520369 140122 82819 76194 6625 1875 999 74333 38617 4750 57303 52537 1712 4766 1371 50825 44359 3050 2778 6466 35716 3192 1716 1588 341 380247 23620 6707 16913 356627
is_linear=0
shrinkage=0.035


Tree=210
num_leaves=31
num_cat=0
split_feature=9 7 2 7 2 2 2 6 2 2 7 9 6 5 7 7 7 4 9 7 7 7 7 2 10 6 7 7 2 7
split_gain=5.20923 72.2341 69.1388 67.2844 53.0296 37.2509 164.57 74.223 64.3523 109.002 96.2337 44.7536 43.3168 52.384 34.807 72.1855 36.6917 40.6241 30.0611 36.8682 50.3108 34.5506 32.6557 46.4464 28.0249 25.2492 25.0389 50.858 30.6754 24.2128
threshold=-1.6858499646186826 22.281182289123539 54.368049621582038 28.807779312133793 50.079809188842781 52.813299179077156 52.873287200927741 57.937923431396491 51.636827468872077 52.199489593505866 39.356723785400398 -3.6045500040054317 46.887861251831062 45.515445709228523 28.970054626464847 24.405713081359867 26.097272872924808 46.359703063964851 -3.0320500135421748 22.281182289123539 24.405713081359867 24.84964752197266 21.006519317626957 54.398979187011726 -4.0052795410156241 72.128566741943374 34.582567214965827 38.415365219116218 50.081499099731452 37.080343246459968
decision_type=2 2 2 2 2 2 2 2 2 2 2 2 2 2 2 2 2 2 2 2 2 2 2 2 2 2 2 2 2 2
left_child=3 2 4 18 -2 8 7 -7 26 10 -10 -11 -8 -14 15 -3 17 -17 19 22 24 -22 -1 -24 -21 -6 28 -28 -5 -16
right_child=1 14 -4 5 25 6 12 -9 9 11 -12 -13 13 -15 29 16 -18 -19 -20 20 21 -23 23 -25 -26 -27 27 -29 -30 -31
leaf_value=-0.00068965078812640017 -0.01315243110398992 -0.0087639008472706476 -0.018750921041977495 0.0025408139502199074 0.024231607271212884 0.023979505413164268 -0.0005230333315215408 0.076974500813233274 -0.032382317972093788 0.017954210904004866 -0.0033773177144277525 -0.00091096016285598753 -0.0074176014473565366 0.013563595310382278 -0.002007573074885814 0.0045516051820228675 0.0040231517070221197 0.024891406470412721 -0.0042953416100075933 0.0022538767830490541 -0.027260171731302619 -0.00094219758862560776 -0.017936266583464353 0.020870554538546651 0.013744689172368025 0.053087042786060794 0.015541334519373656 0.0028574154761429275 -0.016357883595355477 -0.00013408383650396702
leaf_weight=1162.9474760973826 38.718550890684128 448.04867188632488 54.935530193150043 616.65544957667589 168.58313185721636 92.899523332715034 1080.7916146740317 50.406447038054466 257.52928436733782 185.16695953160524 308.02273108065128 893.8604474272579 177.96165351290256 785.07661825791001 9943.4709279225208 232.70269230473787 1458.6309739062563 251.39233785122633 3267.7537938654423 467.37036539241672 68.200581915676594 540.821253657341 296.94990212284029 42.430896609090269 590.95467155054212 49.163256101310253 573.57118347287178 1195.8807178921998 125.98429642617702 56327.571245240048
leaf_count=8432 255 2146 414 4971 627 450 6126 293 772 545 1433 3861 1537 4512 61888 1716 10814 1568 22020 1784 602 3107 2377 312 2323 209 2514 5825 441 366014
internal_value=-6.87054e-05 -0.00018905 0.0166078 0.00058015 0.0242437 0.00313849 0.0068357 0.0429924 0.00119049 -0.00418834 -0.0166245 0.00233083 0.00428127 0.00967624 -0.000265523 0.00388241 0.00680503 0.0151522 -0.00193997 0.000486537 0.00407063 -0.00393276 -0.00348663 -0.0130262 0.00868234 0.0309492 0.00471482 0.00697805 -0.000669971 -0.000415313
internal_weight=81754.5 68973.2 311.4 12781.2 256.465 6343.81 2187.14 143.306 4156.67 1644.58 565.552 1079.03 2043.83 963.038 68661.8 2390.77 1942.73 484.095 6437.43 3169.68 1667.35 609.022 1502.33 339.381 1058.33 217.746 2512.09 1769.45 742.64 66271
internal_count=519888 445651 1505 74237 1091 33280 12918 743 20362 6611 2205 4406 12175 6049 444146 16244 14098 3284 40957 18937 7816 3709 11121 2689 4107 836 13751 8339 5412 427902
is_linear=0
shrinkage=0.035


Tree=211
num_leaves=31
num_cat=0
split_feature=5 10 5 9 11 11 4 2 2 2 2 5 2 2 10 10 2 2 5 4 4 11 10 5 5 2 4 2 5 2
split_gain=5.63524 13.3737 18.9995 33.8213 38.8989 20.0306 17.2728 26.1811 26.7398 23.6575 43.3554 30.1142 22.4375 22.0771 20.5033 19.9472 32.5393 16.2365 11.0617 9.47095 8.14464 8.12572 16.7928 17.5118 9.70559 13.2096 10.8144 9.78945 8.68892 8.24042
threshold=45.452220916748054 -1.0754613876342771 43.508358001708991 -1.0074500441551206 65.116851806640639 43.378349304199226 58.129676818847663 50.051361083984382 49.204040527343757 50.051361083984382 48.208747863769538 45.449871063232429 49.107086181640632 51.255708694458015 -4.9548523426055899 -2.5692464113235469 51.641031265258796 53.435911178588874 44.901058197021491 50.964372634887702 58.599813461303718 90.86985015869142 12.557685852050783 45.554418563842781 46.474193572998054 50.079050064086921 72.498649597167983 50.664962768554695 46.474193572998054 50.434299468994148
decision_type=2 2 2 2 2 2 2 2 2 2 2 2 2 2 2 2 2 2 2 2 2 2 2 2 2 2 2 2 2 2
left_child=1 6 3 -3 -5 17 7 8 12 10 11 -8 -1 20 -10 16 -9 18 -4 -17 -11 -2 24 -24 27 -26 -27 29 -25 -23
right_child=21 2 5 4 -6 -7 9 15 14 13 -12 -13 -14 -15 -16 19 -18 -19 -20 -21 -22 22 23 28 25 26 -28 -29 -30 -31
leaf_value=-0.0055053101356676145 -0.00022233517172871338 -0.0087461298847957697 -0.024122265125290868 0.054010184467200274 -0.0066729483987132679 0.00060965889428396276 -0.012725954855812583 0.0096273858632152046 -0.030284806725319118 0.011127748040945488 0.031285295365555958 0.040612621943239155 0.013594091998034977 0.01000874470727559 -0.0096870001600647421 -0.0055009267677947459 -0.0018885794820998195 -0.0062027215852449146 0.0090431346118030574 0.0012260232833948526 -0.029345449730861731 0.011553898432555108 -0.025252208389403574 0.012067127265209211 -0.02143018549763314 -0.0064207195389233262 0.013369046040762248 -5.466339454360732e-05 -0.010232888341765315 0.02890620973722775
leaf_weight=577.13343890197575 65753.03138878243 37.639379322528839 11.695164807140825 37.526966691017151 19.002699375152588 11002.07472999068 71.367945846170187 527.42210189579055 84.247669358737767 6.423759087920188 91.765861578285694 14.987753935158251 85.717537042684853 46.382919878698885 205.09004523931071 788.78059753635898 695.16619119234383 106.6163844531402 661.28119799122214 377.04449947038665 41.017656205222011 119.38785915821791 41.490215413272381 47.863172650337219 25.476880177855492 54.620342224836349 85.123754024505615 55.773529358208179 37.234145261347294 48.657503187656403
leaf_count=4529 389058 179 92 90 42 92193 654 4499 545 58 614 120 585 423 1421 6879 6208 924 4882 3470 340 307 167 137 157 416 495 216 248 102
internal_value=-4.73312e-05 0.00055359 0.00112113 0.0167182 0.0336807 0.00099475 -0.00131005 -0.00200271 -0.00690741 0.00715389 0.0146362 -0.00310047 -0.00301149 -0.00698057 -0.0157756 -4.27623e-05 0.00307671 0.00641421 0.00842843 -0.00331999 -0.0236265 -0.00018789 0.0041846 -0.00682874 0.00779278 0.00129961 0.0055917 0.0125331 0.00222388 0.0167329
internal_weight=81757 15488.4 11875.8 94.169 56.5297 11781.7 3612.55 3340.6 952.189 271.946 178.122 86.3557 662.851 93.8243 289.338 2388.41 1222.59 779.593 672.976 1165.83 47.4414 66268.7 515.627 126.588 389.04 165.221 139.744 223.819 85.0973 168.045
internal_count=520050 128747 98402 311 132 98091 30345 28136 7080 2209 1388 774 5114 821 1966 21056 10707 5898 4974 10349 398 391303 2245 552 1693 1068 911 625 385 409
is_linear=0
shrinkage=0.035


Tree=212
num_leaves=31
num_cat=0
split_feature=6 5 5 10 5 5 2 10 2 2 10 6 11 5 2 2 9 2 4 5 10 10 2 5 10 4 4 11 4 10
split_gain=6.03336 19.435 25.233 22.8741 17.5865 38.1009 21.8039 33.3261 17.6358 17.0737 23.1141 16.0976 12.8963 12.7267 12.0966 19.7584 11.4317 17.1711 11.3739 10.9947 9.36521 23.3892 22.3313 18.2543 23.8299 40.2255 17.7656 17.3414 24.4909 23.2893
threshold=29.924695014953617 50.080711364746101 50.080192565917976 -2.5692464113235469 50.079553604125984 50.078926086425788 50.079809188842781 -5.3034546375274649 50.079301834106452 50.080970764160163 0.45440666377544409 8.725584030151369 47.500650405883796 93.66062164306642 50.081499099731452 50.306278228759773 -1.4599500298500059 51.739131927490241 45.86389350891114 50.080841064453132 0.07230719551444055 -1.0000000180025095e-35 49.463737487792976 44.901058197021491 -1.3104421496391294 50.438951492309577 50.866407394409187 43.658349990844734 52.693721771240241 2.4086596965789799
decision_type=2 2 2 2 2 2 2 2 2 2 2 2 2 2 2 2 2 2 2 2 2 2 2 2 2 2 2 2 2 2
left_child=1 2 4 13 5 -1 -6 -8 -7 10 19 -4 -13 -3 18 -16 -15 -18 -11 -5 21 23 26 24 -2 -26 -23 -22 -29 -30
right_child=20 3 11 9 6 8 7 -9 -10 14 -12 12 -14 16 15 -17 17 -19 -20 -21 27 22 -24 -25 25 -27 -28 28 29 -31
leaf_value=0.00051771840677332685 -0.019739809520396934 0.00070936670834299755 0.020071623035066721 -0.018475266803769017 -0.015421229555629946 0.012051334294446643 -0.012468653132155019 0.0071947762929292529 0.0003365978038512352 0.0080921686166948812 0.0042108685371336349 -0.0030967767938130776 0.012011918043003325 -0.0025804809097571255 0.010105394086977625 -0.0079413785842734688 0.03221102598118674 -0.0010274298672431743 -0.01452213412275217 -0.0041597282319120275 0.0023436163938931292 -0.0010593965650509424 -0.0035172717733570344 -0.00037343192246107137 -0.022251510041202797 0.060059434543546376 -0.025501329862949767 -0.0012035701172578618 0.0032024304439213992 4.504855004090899e-06
leaf_weight=22772.640323914587 116.86391774564981 347.0008837133646 121.97076009213924 86.39596688747406 180.38027208298445 524.13911665230989 179.46712756156921 253.87088311463594 226.6979673281312 28.621400505304337 454.66385700553656 131.75355833023787 143.0880972892046 35.016970865428448 92.050180099904537 368.05221020430326 55.200606442987919 28.166688501834869 350.88621727377176 278.72170804440975 4223.6136255664751 54.331140302121639 705.59146640729159 24297.448623269331 14.956005061045291 12.698316834866999 114.13410103414208 12284.430724224076 3985.8276112638414 9306.2899389234371
leaf_count=125228 485 2387 946 747 1576 4348 1507 2146 1929 251 3349 1115 1212 148 809 2130 252 127 3115 1909 25823 233 5485 164378 100 39 420 86712 26344 54751
internal_value=5.47479e-05 0.000487075 0.000765431 -0.00272279 0.000621038 0.000773967 -0.00522264 -0.000940688 0.00852778 -0.00464757 -0.00104292 0.00951201 0.00475575 0.00412147 -0.00815442 -0.0043044 0.0139922 0.0209948 -0.0127848 -0.00759926 -0.000154238 -0.000649301 -0.00627297 -0.000447711 -0.0128171 0.015924 -0.0177023 0.000266102 -7.67598e-05 0.000964109
internal_weight=81775 26658.8 24534 2124.78 24137.2 23523.5 613.718 433.338 750.837 1659.39 819.782 396.812 274.842 465.385 839.61 460.102 118.384 83.3673 379.508 365.118 55116.2 25316 874.057 24442 144.518 27.6543 168.465 29800.2 25576.5 13292.1
internal_count=520001 155231 140007 15224 136734 131505 5229 3653 6277 12310 6005 3273 2327 2914 6305 2939 527 379 3366 2656 364770 171140 6138 165002 624 139 653 193630 167807 81095
is_linear=0
shrinkage=0.035


Tree=213
num_leaves=31
num_cat=0
split_feature=2 6 2 4 7 2 2 11 2 7 4 7 7 2 6 9 5 11 7 2 6 7 7 7 9 6 5 5 6 6
split_gain=5.83917 15.4366 33.3968 34.8923 52.5301 44.43 30.6265 26.4678 83.0954 47.5654 25.8091 44.8206 14.8797 49.6176 41.2584 43.4945 36.2779 30.5454 30.4337 21.3407 19.9408 14.928 59.1536 36.8186 14.8634 14.8181 16.3374 14.7553 12.8171 11.1963
threshold=50.091802597045906 50.815494537353523 50.717582702636726 62.182466506958015 73.481372833251967 50.434299468994148 50.953025817871101 54.550350189208991 50.998905181884773 67.648265838623061 49.555377960205085 65.280933380126967 60.380186080932624 51.225116729736335 11.133986473083498 -0.19534999877214429 45.449871063232429 56.786149978637702 73.581996917724624 50.36027908325196 13.102389335632326 43.157150268554695 39.775512695312507 44.850858688354499 -1.2709500193595884 71.357231140136733 45.470865249633796 45.45686340332032 7.1747236251831064 95.145130157470717
decision_type=2 2 2 2 2 2 2 2 2 2 2 2 2 2 2 2 2 2 2 2 2 2 2 2 2 2 2 2 2 2
left_child=-1 12 3 25 5 -5 10 9 -9 -8 11 -4 13 14 15 -2 19 18 -18 -14 -19 22 -15 -23 -16 27 -27 -3 -21 -12
right_child=1 2 6 4 -6 -7 7 8 -10 -11 29 -13 16 21 24 -17 17 20 -20 28 -22 23 -24 -25 -26 26 -28 -29 -30 -31
leaf_value=0.00040043776158123342 0.027987646709031221 0.001820430209122243 -0.0016117400877891227 -0.023098265974765813 -0.040183720250237108 0.023143786428615538 -0.0014725271646686246 -0.024616825302740175 0.0024204759482687587 0.028836146934382616 0.0025474666674008472 0.046093773855443755 -0.0096273076673370362 4.1835828686119564e-05 0.013356719187858449 0.0055853487921102458 -0.0053695723300785526 -0.0059479417200560937 0.028538564746303615 0.012597290361451637 0.0022271632213197428 -0.0072509362873200891 0.0071113489444050559 4.6304306445435999e-05 0.0020162032157811866 -0.010233616660434031 -0.0031617980008637244 -0.0057189679645209112 0.0034303798372307378 0.023405152892868455
leaf_weight=31864.165008100215 195.97710165381432 571.64239867031574 43.768817454576492 29.535472862422466 22.31439832597971 156.93343300372362 14115.527500624303 142.57065912941471 4806.6533477627672 62.89710795134306 384.76187241077423 52.075270392000675 134.79436869174242 10365.667345650494 160.59571450203657 233.76034362614155 2761.7753474265337 460.37366649508476 31.966006629168987 222.87565412372351 1758.6278042122722 991.37893888354301 1685.2791969999671 5776.142221018672 1181.8528496921062 991.93933302955702 677.90645010210574 712.03064063191414 1173.5461139604449 33.737121314741671
leaf_count=231794 707 4156 350 110 137 408 90764 838 28344 529 2311 132 1148 51600 532 953 14502 2094 161 1859 8423 4793 9132 35197 4983 7092 3627 2990 10374 287
internal_value=3.01766e-05 -0.000205936 -0.000877249 -0.0042151 0.00957629 0.0157146 -0.000339359 -0.000566481 0.00163635 -0.00133596 0.00808113 0.0244028 0.000357996 0.000820237 0.00641777 0.015851 -0.0010953 -0.00253638 -0.00497103 0.00361664 0.000526398 0.00029248 0.00103147 -0.00102237 0.00338522 -0.0051947 -0.00736975 -0.00235705 0.00490485 0.00428704
internal_weight=81803.1 49938.9 22804.3 3162.3 208.783 186.469 19642 19127.6 4949.22 14178.4 514.343 95.8441 27134.6 20590.7 1772.19 429.737 6543.96 5012.74 2793.74 1531.22 2219 18818.5 12050.9 6767.52 1342.45 2953.52 1669.85 1283.67 1396.42 418.499
internal_count=520327 288533 142075 18520 655 518 123555 120475 29182 91293 3080 482 146458 107897 7175 1660 38561 25180 14663 13381 10517 100722 60732 39990 5515 17865 10719 7146 12233 2598
is_linear=0
shrinkage=0.035


Tree=214
num_leaves=31
num_cat=0
split_feature=4 12 0 12 12 4 7 12 1 2 1 7 10 9 4 7 4 1 12 12 8 7 2 1 7 9 12 1 12 11
split_gain=5.70525 5.81053 4.99199 10.0849 14.8611 11.8198 10.6766 11.2543 7.54812 17.998 14.6041 17.872 11.2955 10.5742 9.66289 8.98872 15.2942 7.74622 7.6011 7.0396 9.21401 7.94408 6.52186 14.5899 9.27764 9.40754 8.75658 6.42305 6.25511 3.74869
threshold=15.239250183105471 7.6597130298614511 35.20000076293946 61.389579772949226 59.538976669311531 60.001817703247077 25.243726730346683 2.9198635816574101 94.759216308593764 3.4979486465454106 50.006980895996101 26.989735603332523 3.046944379806519 4.1519999504089364 48.989637374877937 72.086982727050795 59.670026779174812 53.999116897583015 27.312322616577152 3.3203631639480595 -8.4999999999999982 52.885164260864265 97.714717864990249 99.998081207275405 60.103242874145515 3.1096500158309941 87.099601745605483 32.909568786621101 99.205783843994155 32.889549255371101
decision_type=2 2 2 2 2 2 2 2 2 2 2 2 2 2 2 2 2 2 2 2 2 2 2 2 2 2 2 2 2 2
left_child=1 29 8 4 6 -6 -4 -8 10 12 19 17 14 -13 -10 28 -17 -12 -14 21 -21 -2 23 27 25 -24 -26 -5 -11 -1
right_child=2 -3 3 22 5 -7 7 -9 9 15 11 13 18 -15 -16 16 -18 -19 -20 20 -22 -23 24 -25 26 -27 -28 -29 -30 -31
leaf_value=0.0019991666308705343 -0.0058464093283959497 0.024150916303213074 -0.025852912814166944 -0.020253621629568761 0.0068839757653759793 0.058314834542874623 -0.0059027653147902849 0.0082892693786715613 0.0098753732629439893 -0.0025472010327392686 -0.015110973163228627 -0.0049983034547898403 0.041300796146014868 0.012151869086007983 -0.032292715893912069 0.029678674117102941 0.0012173998380890841 0.017949310779660624 0.0070967918559868264 -0.026832111506736447 -1.5038710483650068e-05 0.0019611981401110251 -0.0017792512415033337 -0.036006806741046081 0.012966891419883525 -0.023656168210802714 -0.0014887600855661791 0.0099311981597741579 0.0067877042164833637 0.013091964709075352
leaf_weight=379.67711378633976 515.89365520328283 16.10015531629324 12.786984659731386 11.704514615237711 11.384339325129988 10.916151300072668 83.37030815333128 358.20679514110088 164.35331979393959 553.34998441487551 9.2251913771033269 1358.6433831751347 23.524920098483562 44.545827582478523 6.0993100330233565 32.212592035531998 79.388195559382439 61.82227723300457 13.213542662560938 14.898624919354914 77150.194776867051 228.89025603979826 188.52297579497099 19.555083677172661 102.0593886077404 27.011481419205666 100.64415907114744 27.03564415872097 103.49104230850935 41.09094449877739
leaf_count=1903 3340 64 46 56 54 40 421 1439 1063 3394 37 7828 140 231 34 223 494 294 75 88 494895 1441 789 81 435 90 480 112 522 231
internal_value=-2.95874e-05 0.00395557 -5.11231e-05 0.00246556 0.00606308 0.0335102 0.00464405 0.00558814 -8.10865e-05 0.00297716 -0.00011879 -0.00356895 0.0121123 -0.00444225 0.00818179 0.000494976 0.00964754 0.0134387 0.0295987 -5.33792e-05 -2.05852e-05 -0.00343802 -0.00112242 -0.0120101 0.000398471 -0.00463064 0.00577749 0.000409194 -0.00105929 0.00312185
internal_weight=81749.8 436.868 81312.9 953.198 476.665 22.3005 454.364 441.577 80359.7 975.633 79384.1 1474.24 207.191 1403.19 170.453 768.442 111.601 71.0475 36.7385 77909.9 77165.1 744.784 476.533 58.2952 418.238 215.534 202.704 38.7402 656.841 420.768
internal_count=520340 2198 518142 4043 2000 94 1906 1860 514099 5945 508154 8390 1312 8059 1097 4633 717 331 215 499764 494983 4781 2043 249 1794 879 915 168 3916 2134
is_linear=0
shrinkage=0.035


Tree=215
num_leaves=31
num_cat=0
split_feature=5 2 12 5 10 13 13 1 13 10 5 10 9 7 13 5 10 2 9 5 11 10 7 4 10 10 7 4 9 5
split_gain=7.16377 8.83277 14.7398 14.8224 12.0545 11.0606 17.4909 16.6922 10.565 11.6602 9.35929 8.66594 7.93283 7.88382 8.47787 7.39131 15.7874 40.4761 34.9298 20.4551 21.829 19.8778 15.6613 15.3866 32.4582 14.8333 13.8292 31.4799 14.1351 13.7675
threshold=92.483322143554702 2.7374348640441899 39.805366516113288 96.520462036132827 0.35295455157756811 1.5268065333366396 1.6530054211616518 22.12866306304932 1.3245614171028139 -2.3218139410018916 98.158565521240249 16.556191444396976 1.4710499644279482 18.460414886474613 1.0471491217613222 50.079999923706062 -4.9548523426055899 50.08058166503907 -2.1202499866485591 50.080192565917976 40.346649169921882 1.7464545965194704 43.856449127197273 55.167417526245124 -0.28298069536685938 1.9473839402198794 22.878716468811039 33.490200042724616 1.6571499705314638 91.514999389648452
decision_type=2 2 2 2 2 2 2 2 2 2 2 2 2 2 2 2 2 2 2 2 2 2 2 2 2 2 2 2 2 2
left_child=15 2 -2 4 -4 8 7 -7 13 10 -10 -8 -9 -3 -15 -1 17 26 -19 23 22 -22 -21 24 -18 -25 27 -17 -28 -20
right_child=1 5 3 -5 -6 6 11 12 9 -11 -12 -13 -14 14 -16 16 19 18 29 20 21 -23 -24 25 -26 -27 28 -29 -30 -31
leaf_value=-5.8145930694192402e-05 0.00040893083229944237 0.023841976638497006 0.063478752349738182 0.0036165639976760535 0.0093566606518921732 0.050069854074902165 -1.6467277726780375e-05 0.023823402401746459 -0.0063551964296206191 -0.016090905257735568 0.038056391916744148 -0.024404158514854817 -0.0017590656933558746 -0.0036870855890943871 0.0026619545868117292 -0.0068300511965482744 0.0055287342575383583 -0.0040665238615091477 0.028305126842788918 0.0048976767491238941 -0.0012439275575665347 0.0039842529204494005 0.020702983941900125 0.0051367024038690172 0.028014604534666941 -0.027136727206464227 -0.015724912929646777 0.062928273544179139 0.01339193907083263 -0.010092238404476801
leaf_weight=70383.526396453381 1247.3525004275143 12.668015196919439 11.930512480437757 32.565826669335365 9.4397599548101407 14.30014133453369 1101.2433375492692 23.806522585451603 14.577084846794607 134.81019016355276 8.4683580845594388 17.353036113083363 36.053437985479832 2250.9637508280575 289.03255647420883 44.942313833162189 315.06503552757204 136.21647177543491 84.897142790257931 576.55846485309303 3151.9540070993826 1240.68004293181 88.51712354272604 50.288392020389438 104.80988176725805 25.57144183665514 307.4615063816309 8.7697712108492833 21.01829869300127 12.496847599744795
leaf_count=436920 6962 74 45 147 51 61 5895 116 76 805 45 113 150 13005 1476 443 3015 1211 728 4838 28382 10423 591 443 975 222 2501 87 176 65
internal_value=-4.1759e-05 -0.0012982 0.00119501 0.0189746 0.0410878 -0.00213127 0.000672183 0.0170417 -0.00336733 -0.0121464 0.0104001 -0.000418223 0.00847979 -0.00281806 -0.00296125 4.35837e-05 0.00120518 -0.00410494 0.00733881 0.00179577 0.00112848 0.000231612 0.00703412 0.00857693 0.0112009 -0.00582063 -0.0111188 0.0051876 -0.0138126 0.0232649
internal_weight=81757.3 5204.57 1301.29 53.9361 21.3703 3903.28 1192.76 74.1601 2710.52 157.856 23.0454 1118.6 59.86 2552.66 2540 76552.8 6169.25 615.802 233.61 5553.44 5057.71 4392.63 665.076 495.735 419.875 75.8598 382.192 53.7121 328.48 97.394
internal_count=520041 29021 7205 243 96 21816 6335 327 15481 926 121 6008 266 14555 14481 491020 54100 5211 2004 48889 44234 38805 5429 4655 3990 665 3207 530 2677 793
is_linear=0
shrinkage=0.035


Tree=216
num_leaves=31
num_cat=0
split_feature=5 13 13 8 13 10 13 13 13 6 7 2 6 13 13 6 5 10 6 7 6 5 6 8 0 5 6 11 12 6
split_gain=4.9143 11.1178 13.7648 13.7137 12.9839 19.6574 12.3725 12.644 11.8574 12.8381 11.5514 14.9504 10.076 8.53465 16.6917 23.434 9.69645 9.24285 9.70609 9.1575 8.86586 7.54091 7.31681 6.55151 6.50191 6.08199 5.93231 5.41442 5.24687 4.91621
threshold=98.366512298583999 2.9857397079467778 1.5628815889358523 2.5000000000000004 1.3423423767089846 -2.4178758859634395 5.7189540863037118 7.4175822734832773 1.6530054211616518 61.516042709350593 59.565095901489265 98.94547271728517 78.404720306396499 1.0000000180025095e-35 1.0152545571327212 90.082221984863295 96.258708953857436 16.556191444396976 77.61740875244142 71.992401123046889 33.471933364868171 99.387443542480483 29.112630844116214 2.5000000000000004 33.600000381469734 95.764884948730483 75.256149291992202 50.463050842285163 68.107746124267592 86.606227874755874
decision_type=2 2 2 2 2 2 2 2 2 2 2 2 2 2 2 2 2 2 2 2 2 2 2 2 2 2 2 2 2 2
left_child=13 2 4 8 10 -6 21 -8 27 -10 12 -12 -2 23 15 -15 19 18 -18 20 -16 22 -3 29 -24 -21 28 -4 -25 -1
right_child=1 6 3 -5 5 -7 7 -9 9 -11 11 -13 -14 14 16 -17 17 -19 -20 25 -22 -23 24 26 -26 -27 -28 -29 -30 -31
leaf_value=0.00013275686156412152 -0.004381577158644733 -0.020068660577929782 0.0060512785853018957 -0.027235771814240375 0.031323972977635631 -0.024376308591208557 0.035866456824175955 -0.012748970615229352 0.013909918739043358 -0.0073027338922839061 0.0029283650072470979 0.019907094795748325 0.0069059309340242809 -0.011642039735139683 0.0049717147322022592 0.02904960134074239 0.0022092334198222682 -0.033758448430345214 -0.011882551797754173 0.00848365766700559 -0.011044274510120923 -0.020249808996127303 0.0084213647656843291 -0.00073114146154223589 -0.01293141746434092 -0.012109362689659555 0.0097244680021982902 0.035932513077186069 -0.031891142955447427 -0.0007550584253759831
leaf_weight=70054.234555143863 321.88666567951441 24.966760583221912 10.748780220746992 10.197024740278719 8.5206685438752157 45.260665111243725 15.30401346832514 10.23037429153919 141.73361752927303 45.26510651409626 230.38725858926773 87.821942739188671 137.43300209194422 318.62678334489465 49.635753825306892 17.490810789167881 963.65414359420538 8.4683861434459669 62.939992107450962 76.844784956425428 253.98149517178535 52.72450403124094 52.590703539550304 10.547212116420271 25.076268896460533 21.741903319954872 8.9334323555231077 33.103131644427776 19.608865842223167 8574.208519609645
leaf_count=433413 1619 138 40 38 48 277 57 48 662 239 1291 400 771 1928 249 64 5318 53 383 519 1302 278 316 51 105 145 42 115 89 69257
internal_value=8.32018e-06 0.0021825 0.00354091 0.0108946 0.0013918 -0.0150936 -0.00581197 0.0163272 0.0126973 0.00872865 0.00255542 0.00767441 -0.000982894 -2.54874e-05 -0.00242613 -0.00943981 -0.000776707 0.0010102 0.00132988 -0.00538551 -0.00839678 -0.00956056 -0.0038875 2.85648e-05 0.00137645 0.00381081 -0.0141517 0.0290046 -0.0215195 3.58474e-05
internal_weight=81694.2 1253.25 1072.36 241.048 831.31 53.7813 180.893 25.5344 230.851 186.999 777.529 318.209 459.32 80440.9 1773.38 336.118 1437.27 1035.06 1026.59 402.204 303.617 155.358 102.634 78667.5 77.667 98.5867 39.0895 43.8519 30.1561 78628.4
internal_count=519255 6442 5500 1094 4406 325 942 105 1056 901 4081 1691 2390 512813 9961 1992 7969 5754 5701 2215 1551 837 559 502852 421 664 182 155 140 502670
is_linear=0
shrinkage=0.035


Tree=217
num_leaves=31
num_cat=0
split_feature=11 7 7 7 10 5 5 5 6 6 10 7 7 2 7 7 7 2 7 6 10 2 5 5 7 5 6 7 7 11
split_gain=6.40271 85.3859 38.3442 55.5757 51.1301 43.1179 72.2772 68.602 56.8646 39.8696 38.0655 95.1854 89.0665 41.1111 35.3414 61.2487 54.6761 37.9172 36.9514 33.2951 27.5161 30.7391 27.167 80.6006 43.3872 23.363 22.639 37.0553 22.8884 22.3595
threshold=43.658349990844734 27.69983005523682 48.710355758666999 45.461721420288093 -0.7679135501384734 45.711332321166999 45.656616210937507 46.023597717285163 80.317214965820327 61.927646636962898 -1.5997083187103269 43.856449127197273 44.850858688354499 52.786775588989265 25.243726730346683 26.097272872924808 22.281182289123539 54.368049621582038 18.460414886474613 74.084007263183608 -4.1648397445678702 53.468648910522468 45.610874176025398 45.72456359863282 34.582567214965827 45.651060104370124 49.642675399780281 54.053018569946296 65.280933380126967 33.740400314331062
decision_type=2 2 2 2 2 2 2 2 2 2 2 2 2 2 2 2 2 2 2 2 2 2 2 2 2 2 2 2 2 2
left_child=2 14 3 10 5 6 8 9 -4 -7 22 13 -13 -12 16 19 17 18 -2 -16 21 -18 24 -24 -1 -17 -6 -28 -29 -5
right_child=1 -3 4 29 26 7 -8 -9 -10 -11 11 12 -14 -15 15 25 20 -19 -20 -21 -22 -23 23 -25 -26 -27 27 28 -30 -31
leaf_value=-0.0027315525684123531 -0.023201429473547721 -0.00035059408756757702 0.005105261606451768 -0.022851875067817953 -0.0035648893321396 0.031167279813539932 -0.02597436006599485 0.0096197302715150482 0.038842728667576765 0.08699913952327383 -0.0013796567205055844 0.034686853449792124 -0.0064286352996975188 0.0037034952456933661 0.029008001306109279 -0.025512420289656366 0.070738117920399843 -0.018454614163511542 0.030418558221370729 0.076179695740275957 -0.010003117993224033 0 -0.011091043883417544 -0.00067417312384234461 0.0071191519958364426 0.012205117505922569 0.019278422415020261 -0.0061589866032235475 0.013736060440576381 -0.006723475489430566
leaf_weight=1041.2005860041827 16.927168019115925 58349.577012793627 741.01650968194008 130.68563217669725 916.77887388318777 107.39980593323708 84.393085286021233 342.58265006542206 66.070937734097242 18.323121100664139 3570.7610768470913 201.5632892921567 94.056205447763205 4286.3212310904637 84.392262138426304 20.48713044077158 10.457054466009138 28.785678394138813 143.9150847196579 23.901335664093494 257.4737548455596 23.061239995062351 1032.6168756876141 7632.0977964056656 1152.5334186013788 351.92610020563006 164.27090020477772 260.78239476680756 96.295531712472439 549.4126158207655
leaf_count=5789 91 379641 3737 582 4803 233 316 1672 337 45 23554 832 753 26321 457 173 45 194 488 139 1303 90 5661 48862 5894 2263 1056 1429 447 3153
internal_value=1.06297e-05 -0.000179958 0.000513568 -3.09145e-05 0.00434696 0.00921075 0.00467541 0.0178067 0.00791152 0.0398583 0.000320602 0.00212821 0.0215996 0.00139259 0.0101615 0.0168678 0.00342263 0.0180159 0.0246453 0.0399657 -0.00608658 0.0233266 -0.00103599 -0.00191732 0.00244128 0.0100612 -0.000249584 0.00556342 -0.000755488 -0.00985615
internal_weight=81800.1 59310.9 22489.2 19691.2 2797.91 1359.79 891.481 468.306 807.087 125.723 19011.2 8152.7 295.619 7857.08 961.327 480.707 480.62 189.628 160.842 108.294 290.992 33.5183 10858.4 8664.71 2193.73 372.413 1438.13 521.349 357.078 680.098
internal_count=520360 384884 135476 121401 14075 6340 4390 1950 4074 278 117666 51460 1585 49875 5243 3032 2211 773 579 596 1438 135 66206 54523 11683 2436 7735 2932 1876 3735
is_linear=0
shrinkage=0.035


Tree=218
num_leaves=31
num_cat=0
split_feature=6 5 11 1 8 5 6 11 6 7 6 7 13 11 0 2 6 5 12 4 2 4 7 4 7 7 2 11 2 2
split_gain=6.68857 6.04897 10.7247 10.1598 9.2808 8.64764 9.73312 9.05323 7.86874 7.81694 14.6117 8.57672 7.21934 8.80972 7.12126 13.2975 9.84194 6.00619 6.57624 5.5324 7.23727 5.62125 5.92483 14.6753 5.31574 4.53469 4.38382 10.0801 9.17469 4.34593
threshold=99.358459472656264 92.948387145996108 28.875400543212894 31.600819587707523 -12.499999999999998 98.30551910400392 35.890203475952156 66.894851684570327 51.585536956787116 21.560606956481937 53.163911819458015 26.097272872924808 1.7392619252204897 28.093850135803226 17.19999980926514 1.3056819438934328 12.692308425903322 93.861888885498061 42.208410263061531 43.237737655639656 52.452733993530281 56.839122772216804 49.986120223999031 52.304067611694343 73.481372833251967 34.582567214965827 46.85585021972657 82.75894927978517 49.107086181640632 53.537023544311531
decision_type=2 2 2 2 2 2 2 2 2 2 2 2 2 2 2 2 2 2 2 2 2 2 2 2 2 2 2 2 2 2
left_child=1 4 3 12 -1 9 7 -7 -8 10 -4 -11 13 -3 26 25 -17 -5 -19 20 -2 22 23 29 -23 -16 27 -6 -28 -21
right_child=19 2 5 17 14 6 8 -9 -10 11 -12 -13 -14 -15 15 16 -18 18 -20 21 -22 24 -24 -25 -26 -27 28 -29 -30 -31
leaf_value=0.040144539560761812 0.036065533389882984 0.012388045536679463 -0.0063741633291301376 0.019494199716449955 -0.0032647992828976212 -0.0032357818538786471 0.0079541111482977055 -0.027311110086630917 0.00046447260827058175 -0.012204611991466765 0.046384615136782631 -0.0022999886802798205 -0.016544200251202304 0.0468166077627803 0.0098578208748397334 -0.016738837103172959 0.0073149609444825891 -0.0097734466380945562 0.016331586193523838 -0.003600716166670871 -0.0039862158471075564 0.018134605752599557 -0.016647690455114862 0.053154301880061851 -0.010671736392979771 -0.0096081815658029535 0.0014145243959242651 0.0043482761920044573 -6.6257951785118465e-05 -0.027304892975729668
leaf_weight=6.2685540467500678 7.5820331471040872 98.112189412117004 13.953427255153658 12.92685706168413 1189.2354120388627 77.9730594009161 210.7778003141284 25.071779631078243 928.80512116849422 110.33351574838161 10.587378092110155 3313.8811070248485 8.2810034081339818 9.6588532179594022 16.133940249681473 20.877647213637829 478.85535886138678 70.289568662643433 13.268378801643847 63.740004192572087 15.104664428625254 17.260681435465816 89.645333830267191 4.4430934861302367 12.87565287016332 100.38170512765646 5535.6821950413287 258.10149891674519 69015.326173149049 10.658207898959516
leaf_count=20 91 484 65 53 6387 428 1085 108 4862 563 42 19168 42 43 76 113 2571 303 36 1223 173 96 1719 32 187 495 30586 1504 447225 211
internal_value=-5.20349e-05 -3.54233e-05 -0.00122706 0.00644193 4.07652e-05 -0.00157703 0.000921815 -0.00932622 0.00186051 -0.00247942 0.0168565 -0.00262395 0.0133908 0.0158604 3.69734e-05 0.00378181 0.00627092 -0.00188557 -0.00542961 -0.00611763 0.0098738 -0.00801155 -0.0105104 -0.00334704 0.00564321 -0.00680421 6.476e-06 -0.00190068 4.36156e-05 -0.007344
internal_weight=81746.1 81524.8 4903.92 212.537 76620.9 4691.38 1242.63 103.045 1139.58 3448.76 24.5408 3424.21 116.052 107.771 76614.6 616.249 499.733 96.4848 83.5579 221.31 22.6867 198.623 168.487 78.8413 30.1363 116.516 75998.3 1447.34 74551 74.3982
internal_count=519991 516259 27282 961 488977 26321 6483 536 5947 19838 107 19731 569 527 488957 3255 2684 392 339 3732 264 3468 3185 1466 283 571 485702 7891 477811 1434
is_linear=0
shrinkage=0.035


Tree=219
num_leaves=31
num_cat=0
split_feature=12 12 2 7 9 13 13 7 8 13 9 7 1 12 7 7 1 11 4 7 8 1 2 9 2 5 12 9 6 7
split_gain=4.53745 10.1481 7.28602 17.8812 13.5083 17.0875 24.686 7.47828 6.90185 6.77207 6.80748 9.38037 6.66731 15.4892 12.7509 15.2652 12.1527 11.1394 11.8089 10.5061 8.15153 7.40672 6.60249 6.52709 6.45449 5.86853 6.5173 5.51563 5.33481 7.89519
threshold=85.753021240234389 97.648921966552749 97.714717864990249 68.936416625976577 3.3246500492095952 1.6001024246215823 1.8019480705261233 27.158969879150394 2.5000000000000004 1.9433962106704714 0.64745000004768383 66.137874603271499 98.82376861572267 63.221685409545906 38.938592910766609 48.045326232910163 60.940095901489265 47.950050354003913 48.393972396850593 33.328706741333015 -1.4999999999999998 60.215017318725593 98.94547271728517 1.7465500235557558 2.0574656724929814 94.583545684814467 84.131786346435561 0.015150000341236593 52.76214790344239 47.443729400634773
decision_type=2 2 2 2 2 2 2 2 2 2 2 2 2 2 2 2 2 2 2 2 2 2 2 2 2 2 2 2 2 2
left_child=2 27 12 4 5 7 -7 -4 9 10 -3 -12 16 14 20 -16 21 18 -18 -19 -14 -1 -6 -15 -23 -5 -27 -2 29 -29
right_child=1 8 3 25 22 6 -8 -9 -10 -11 11 -13 13 23 15 -17 17 19 -20 -21 -22 24 -24 -25 -26 26 -28 28 -30 -31
leaf_value=-5.7098903254817893e-05 0.016036699945618099 -0.015217056747683063 0.021457913351620096 -0.002177975928733835 -0.035105932453212321 0.039234863993659094 0.0051431405159725416 -0.0023824517184720959 -0.018262047734368233 -0.0050014753082209358 0.014045730625383036 -1.115991159601961e-05 0.0094233612849018902 -0.026201494080786043 0.020684797243271602 0.004700494312649784 -0.00049193978068914229 0.022020717253291355 0.035225731808686683 -0.0075598931398984702 -0.0077281217442301958 0.041947373026573857 -0.0056832667178818592 -0.00069929070699709822 0.0048577377766730401 0.016063825104691492 0.047815963622650261 0.020734608927504863 -0.015446569813797353 -0.0080060438229288631
leaf_weight=78603.594075718429 9.3899061232805234 18.282599195837975 15.962758548557757 17.748692132532597 16.399059861898422 31.744414165616035 135.08913691341877 397.65986205637455 22.34316024184227 130.33055844157934 106.62862703949213 124.62068515270948 45.229636318981647 27.801920108497143 92.074003882706165 359.20349670574069 424.58240024745464 14.204054556787012 10.844575166702269 605.48997685313225 126.71761034429073 8.5833058655262011 22.811716549098492 22.657048597931862 16.828526586294174 90.719120860099792 8.5388338565826398 12.604333512485026 112.41048566251993 88.460142605006695
leaf_count=503148 39 103 60 99 55 142 625 1994 101 640 520 695 253 151 584 2328 2224 76 48 3614 693 35 81 126 95 468 38 64 569 459
internal_value=-6.27051e-05 -0.00303153 -3.97056e-05 0.00342313 0.00103337 0.0023968 0.011828 -0.00140585 0.00027455 0.00141933 0.00480615 0.00646636 -7.15717e-05 0.00339332 0.00491736 0.00800808 -0.000100987 -0.00383093 0.000444553 -0.00684308 -0.00315326 -5.08075e-05 -0.0186195 -0.0150767 0.0185504 0.0159269 0.0192258 -0.00900896 -0.010199 -0.00421822
internal_weight=81719.6 625.07 81094.5 736.674 619.667 580.456 166.834 413.623 402.206 379.862 249.532 231.249 80357.8 673.684 623.225 451.278 79684.1 1055.12 435.427 619.694 171.947 78629 39.2108 50.459 25.4118 117.007 99.258 222.865 213.475 101.064
internal_count=520127 3190 516937 3562 2957 2821 767 2054 2059 1958 1318 1215 513375 4135 3858 2912 509240 5962 2272 3690 946 503278 136 277 130 605 506 1131 1092 523
is_linear=0
shrinkage=0.035


Tree=220
num_leaves=31
num_cat=0
split_feature=6 8 10 13 9 13 6 7 7 7 7 5 7 10 7 5 7 4 7 7 10 9 7 7 10 10 5 5 7 7
split_gain=4.79284 13.7155 9.68752 16.7072 18.6188 16.4617 15.1243 13.9779 53.4006 88.6968 39.8153 35.1292 21.1777 14.5029 13.9236 11.8688 9.00634 29.5306 14.2734 17.9223 10.4494 10.2617 39.0483 79.6363 37.6236 37.6119 39.9166 35.2886 32.7532 99.2407
threshold=38.663455963134773 -10.499999999999998 -3.2385629415512081 1.9433962106704714 -1.7202499508857725 3.2795698642730717 0.43134848773479467 54.053018569946296 54.63191223144532 54.481985092163093 48.710355758666999 45.558958053588874 63.42186355590821 -1.5997083187103269 60.900808334350593 50.078926086425788 75.742977142333999 64.45630264282228 90.347183227539077 83.923740386962905 22.41047286987305 0.86105000972747814 57.292371749877937 60.380186080932624 16.556191444396976 2.1126986742019658 45.596515655517585 45.449871063232429 67.648265838623061 68.741054534912124
decision_type=2 2 2 2 2 2 2 2 2 2 2 2 2 2 2 2 2 2 2 2 2 2 2 2 2 2 2 2 2 2
left_child=1 -1 3 6 -5 -6 15 10 9 -9 11 -4 -10 -12 -8 -3 21 18 19 -18 -20 28 25 27 -25 26 -23 -24 -2 -30
right_child=16 2 7 4 5 -7 14 8 12 -11 13 -13 -14 -15 -16 -17 17 -19 20 -21 -22 22 23 24 -26 -27 -28 -29 29 -31
leaf_value=0.041594696095895077 -0.00079816720810457721 -0.017747407647375913 0.0031729099974703383 -0.020191035489956134 0.054431614067191866 0.012844389952437944 0.0023731493953708461 0.0034646355793534313 0.0024695788332053932 0.036552478701154502 0.0029438767965897826 -0.00121025782284465 -0.00057889227785341466 -0.0063647832350617953 -0.0012748813037928362 0.026434328229805217 -0.0054407326337776929 0.0044330924791126155 0.048257926098056902 -0.033481870887134328 -0.00058236642577179538 0.0021157779389613038 0.010650269282510229 0.00024171200188027232 0.02574184516531285 0.00090436202552120876 0.014123507132549023 -0.014194556132277852 0.023996571537214281 0.00091657082599543732
leaf_weight=9.0602789372205716 29310.714343443979 75.440215393900871 3103.0473996028304 11.220777519047259 18.143021322786808 33.816483378410339 5204.7212668731809 405.27959374338388 3999.8687254041433 130.97655647993088 229.69312112778425 8046.1857677102089 9230.554844379425 1807.2338900566101 1696.9836020097136 7.4274089485406867 1184.7754891249351 502.91728652082384 9.4482607543468475 27.948883134871721 10.642944067716599 648.83519118418917 77.530733369290829 10257.277598356362 70.58047866076231 2041.026402532123 714.04495177231729 652.38640423119068 257.76138483732939 1952.4126113094389
leaf_count=31 202688 392 18945 45 72 143 27919 1759 24928 691 1572 46868 56289 11608 9273 56 9756 3486 60 322 86 3493 780 65672 322 10191 4010 4087 1734 12687
internal_value=-1.09702e-06 0.000316296 0.000304112 0.00145937 0.0192718 0.0281035 0.00129505 1.73575e-06 0.000782037 0.0116015 -0.000812386 9.17495e-06 0.000342297 -0.00531092 0.00147512 -0.0134889 -0.000227456 -0.00270196 -0.00561931 -0.00611439 0.0230191 -0.000133852 0.000637835 -0.000370706 0.000418638 0.00391551 0.00841664 -0.0115372 -0.000488129 0.00361915
internal_weight=81728 34009.7 34000.6 7047.75 63.1803 51.9595 6984.57 26952.8 13766.7 536.256 13186.2 11149.2 13230.4 2036.93 6901.7 82.8676 47718.3 1735.73 1232.82 1212.72 20.0912 45982.6 14461.7 11057.8 10327.9 3403.91 1362.88 729.917 31520.9 2210.17
internal_count=519965 200591 200560 37900 260 215 37640 162660 83667 2450 78993 65813 81217 13180 37192 448 319374 13710 10224 10078 146 305664 88555 70861 65994 17694 7503 4867 217109 14421
is_linear=0
shrinkage=0.035


Tree=221
num_leaves=31
num_cat=0
split_feature=13 13 13 6 6 4 6 1 1 6 13 6 13 13 6 13 6 13 5 5 13 13 2 1 0 4 7 6 5 11
split_gain=5.51748 30.4342 24.5261 23.2904 12.438 15.8157 10.9319 12.5615 16.8423 15.5344 8.54074 17.1952 14.5791 21.8941 25.1865 13.6695 11.6087 14.2796 11.1318 8.04712 6.95108 8.06317 6.84261 16.374 10.7122 10.4206 7.79284 6.51931 6.22083 5.97091
threshold=1.4599317908287051 1.680790960788727 1.3245614171028139 61.516042709350593 69.837554931640639 54.562303543090827 66.238193511962905 40.747163772583015 31.144551277160648 58.735633850097663 1.2579113841056826 53.163911819458015 1.1428944468498232 1.0362972021102907 73.686916351318374 1.3072453737258913 54.357910156250007 1.1834734082221987 98.976982116699233 96.423095703125014 1.3986697793006899 1.4185110926628115 97.714717864990249 82.850570678710952 26.400000572204593 69.30914688110353 54.053018569946296 62.717140197753913 96.423095703125014 48.16004943847657
decision_type=2 2 2 2 2 2 2 2 2 2 2 2 2 2 2 2 2 2 2 2 2 2 2 2 2 2 2 2 2 2
left_child=2 4 10 22 6 -6 7 8 -2 -9 12 -12 13 19 -15 18 -14 -18 -13 -1 -4 29 25 28 -25 26 -3 -5 -24 -22
right_child=1 3 20 27 5 -7 -8 9 -10 -11 11 15 16 14 -16 -17 17 -19 -20 -21 21 -23 23 24 -26 -27 -28 -29 -30 -31
leaf_value=3.1319861139127755e-05 0.018352691266845342 -0.0020425916241473148 -0.017800435072738804 -0.026717592319791383 0.05991043907095852 0.0069333716137890333 -0.017522727584111216 -0.0036910896446579388 0.072082452949615919 0.027717623689668788 -0.016441551027482092 0.050830117274214985 -0.034523932654406793 0.018719962948437301 -0.0080994824810459009 0.0046090271946284617 -0.027275465836328405 -0.00014686072069907847 0.006659156843141994 -0.0032373353075340573 0.035219995353395678 -0.020967642322335365 0.0013122309653169511 -0.017741529806281121 0.003912547229804538 -0.013045989462923234 0.0051850421822862702 -0.0078916510519034463 0.017749032744102958 0
leaf_weight=78784.874892138876 47.377686567604542 343.33009411394596 120.08250366896391 25.572612725198269 15.237394720315935 13.112105526030062 13.784022606909273 62.256153605878353 8.0527797266840917 26.877026103436947 21.138493210077286 20.336111664772037 21.093400090932846 152.77180114388466 58.568745821714401 38.863134242594242 30.699454061686993 99.033329337835312 11.433507859706877 932.77705043926835 6.7326508685946456 17.630673952400684 37.39834139496088 38.139238685369492 97.966185390949249 62.252361327409744 386.91970404982567 190.13429872319102 129.16967825591564 26.874585524201393
leaf_count=504049 244 1897 681 118 51 41 49 341 40 113 107 73 80 756 383 269 137 505 38 5217 48 130 178 205 458 323 2264 1021 577 188
internal_value=2.55491e-05 0.00212992 -1.36096e-05 0.000237857 0.0153199 0.0365106 0.0113176 0.0141969 0.0271974 0.0058643 1.46373e-05 0.0106396 2.26755e-06 2.29233e-05 0.011252 0.0189356 -0.0108403 -0.00674791 0.0357025 -6.871e-06 -0.0132114 -0.00221368 0.00231519 0.00678658 -0.00217241 0.000593526 0.00177885 -0.0102463 0.0141243 0.00768014
internal_weight=81840.5 1497.58 80342.9 1310.88 186.697 28.3495 158.348 144.564 55.4305 89.1332 80171.6 91.7712 80079.8 79929 211.341 70.6328 150.826 129.733 31.7696 79717.7 171.32 51.2379 1095.18 302.673 136.105 792.502 730.25 215.707 166.568 33.6072
internal_count=520581 7920 512661 7041 879 92 787 738 284 454 511614 487 511127 510405 1139 380 722 642 111 509266 1047 366 5902 1418 663 4484 4161 1139 755 236
is_linear=0
shrinkage=0.035


Tree=222
num_leaves=31
num_cat=0
split_feature=10 2 2 5 2 2 9 7 5 2 5 5 5 7 7 7 9 7 9 7 5 7 1 2 10 7 5 9 10 4
split_gain=5.25845 23.8649 59.1233 57.7656 32.1188 59.7647 59.3109 42.3461 78.1184 52.3156 30.137 34.2119 27.504 48.7575 40.417 32.5033 26.78 41.8325 26.2107 24.8973 23.4321 21.9142 20.7826 19.0316 17.3746 13.2378 8.83978 21.8069 33.9503 28.2454
threshold=-5.5668718814849845 50.078802108764656 49.107086181640632 44.901058197021491 50.510725021362312 51.023017883300788 -0.41605000197887415 43.682548522949226 45.489482879638679 51.739131927490241 50.081367492675788 91.100799560546889 92.647827148437514 70.733211517333999 66.409629821777358 74.670307159423842 1.0600499510765078 64.699142456054702 7.6709501743316659 60.755035400390632 45.452220916748054 57.632680892944343 44.733634948730476 50.842672348022468 -15.079775810241697 43.627508163452156 43.508358001708991 -1.0074500441551206 -2.4178758859634395 57.497629165649421
decision_type=2 2 2 2 2 2 2 2 2 2 2 2 2 2 2 2 2 2 2 2 2 2 2 2 2 2 2 2 2 2
left_child=1 2 12 -4 10 6 23 9 -9 -7 18 -12 13 14 -1 -15 17 -5 24 -8 -18 25 -23 -6 -3 -14 27 -2 -29 -30
right_child=26 4 3 16 5 7 19 8 -10 -11 11 -13 21 15 -16 -17 20 -19 -20 -21 -22 22 -24 -25 -26 -27 -28 28 29 -31
leaf_value=-0.0018411724218262353 -0.0061559652371738424 0.0036421960574908757 -0.03586405119314455 0.011020734756743122 0.0020498137624847049 0.017177879367709595 -0.017247098102374802 0.0085767082011642543 -0.017721085860765196 0.00037573524608214113 0.087055291345585886 -0.017374455999744787 0.005153042981317248 0.034855890807171615 -0.024756039812241261 0.0006588807988929837 0.019918486358541852 0.031806292440935836 0.041826797042393393 0.011550674404237758 -0.0062630188117732211 0.04706717341098289 0.0077256517255430545 0.040860460102287277 -0.0078126500606916973 -0.021417361194877783 -7.1278676800252443e-05 -0.0064665005863916297 0.04138889014170187 -0.0033176917194118606
leaf_weight=184.86951699107885 93.80395850725472 189.47368820756674 29.758025981485844 428.64411714114249 18.723666816949844 249.74110420048237 50.218668796122074 214.3314837468788 386.32427997887135 2428.0086402855814 8.3338073864579183 6.0786247849464408 181.28078185021877 40.268034234642982 193.45738059282303 202.04043666087091 59.833657732233405 165.12185131013393 13.312767535448073 130.3409214168787 134.20503886789083 28.460806623101234 39.647663436830044 103.63224871456623 1079.7258873702958 25.443962775170803 74923.386818057857 52.118979379534721 61.939724758267403 23.365892708301544
leaf_count=738 406 1437 85 2762 97 643 152 1561 2105 12314 70 29 822 160 579 1230 466 724 85 869 738 108 185 216 8642 110 482461 141 154 53
internal_value=3.29847e-05 0.000980862 0.00453401 0.0113353 -0.000265955 0.00144167 0.0162949 6.34944e-05 -0.0083267 0.00195007 -0.00498475 0.0439531 -0.00167236 -0.0057589 -0.0136047 0.0064667 0.0131617 0.0168478 -0.00556721 0.00346186 0.001823 0.00752051 0.0246226 0.0350301 -0.00609587 0.00177903 -5.00632e-05 0.0067706 0.0156293 0.0291451
internal_weight=81745.9 6591.28 1713.03 817.563 4878.25 3581.32 302.916 3278.41 600.656 2677.75 1296.92 14.4124 895.469 620.635 378.327 242.308 787.805 593.766 1282.51 180.56 194.039 274.833 68.1085 122.356 1269.2 206.725 75154.6 231.229 137.425 85.3056
internal_count=520142 36927 8707 4775 28220 17957 1334 16623 3666 12957 10263 99 3932 2707 1317 1390 4690 3486 10164 1021 1204 1225 293 313 10079 932 483215 754 348 207
is_linear=0
shrinkage=0.035


Tree=223
num_leaves=31
num_cat=0
split_feature=6 5 10 7 7 7 6 11 11 11 7 7 5 7 7 11 7 7 6 7 11 7 7 7 7 7 7 5 10 6
split_gain=5.8539 7.76373 4.51789 16.831 114.993 57.6008 40.2723 61.7128 38.806 30.7122 28.4272 27.031 19.7912 11.18 8.90659 14.4096 21.6049 14.6455 15.0771 10.8509 10.5012 31.7838 109.118 68.4267 27.5411 58.4687 31.5628 10.1168 9.98447 5.67292
threshold=99.693408966064467 46.028558731079109 -5.5668718814849845 63.283521652221687 65.454277038574233 61.535604476928718 70.618785858154311 53.445049285888679 61.199649810791023 99.997001647949233 65.280933380126967 69.578166961669936 45.424163818359382 60.827449798583991 76.442924499511733 80.381748199462905 87.417869567871108 90.347183227539077 23.08715915679932 90.347183227539077 56.046949386596687 69.762519836425795 71.004535675048842 68.936416625976577 67.379653930664077 68.936416625976577 37.080343246459968 50.079553604125984 22.41047286987305 49.267099380493171
decision_type=2 2 2 2 2 2 2 2 2 2 2 2 2 2 2 2 2 2 2 2 2 2 2 2 2 2 2 2 2 2
left_child=2 -2 3 5 6 8 10 -8 12 11 -5 -6 -1 -10 20 17 27 18 -16 -18 21 23 -23 -4 26 -26 -22 -17 -19 -11
right_child=1 -3 14 4 9 -7 7 -9 13 29 -12 -13 -14 -15 15 16 19 28 -20 -21 24 22 -24 -25 25 -27 -28 -29 -30 -31
leaf_value=0.019145083924466118 -0.030776699030333018 0.0021198961940655002 -0.00033587872042290906 0.010845570228875875 0.010783356387661824 -0.027195952918654988 0.079813227156589353 -0.0079280341418807663 -0.022715739162850648 0.017581862580835744 0.043651373139169738 -0.0033739520140983366 0.00067584831728046064 0.0052967828207738377 0.0013264938738985301 0.0032848525117408819 -0.026808889903769804 0.036832680638693861 -0.0068133082814323146 -0.0043701904362902022 -0.0035833111386683538 0.012163532660180347 -0.0022095509017848384 -0.01005303187702003 -0.007695812744225366 0.00025590527555017904 0.0023367720163561092 0.016289425298316208 -0.0075162619233200469 0.054223979604664747
leaf_weight=71.366042964160442 16.747456069570035 16.67480197455734 46433.466793950647 128.21544989943504 199.06480577588081 93.240622140467167 34.676425948739052 13.198365386575459 110.11989495158195 11.363208323717119 43.332406014204025 950.01429738476872 4880.9729859642684 19.934063151478767 373.4270196929574 414.45810752734542 31.744046047329903 16.843045175075531 1080.7937013357878 149.33098089694977 1225.7419986873865 1056.2525993920863 1666.1133588030934 904.32135728746653 1285.5382966548204 9476.5959831215441 10908.422217216343 89.088672176003456 8.8824288398027438 12.758964940905569
leaf_count=472 1164 566 306246 549 1061 495 92 97 524 73 92 5742 27352 160 2509 2453 255 110 8105 1454 5598 5175 12293 6179 7519 61743 61385 636 70 84
internal_value=-2.09594e-05 -0.0144937 -1.48105e-05 0.000865286 0.00427973 -5.26163e-05 0.0274867 0.0557477 0.000448175 -7.0456e-05 0.019337 -0.000909477 0.000946463 -0.0183625 -9.18639e-05 -0.00230401 0.00188603 -0.00424702 -0.00471871 -0.008443 -2.61105e-05 -0.000310185 0.00336644 -0.000521826 0.000594668 -0.000693779 0.00173798 0.00562172 0.0214912 0.0383623
internal_weight=81722.7 33.4223 81689.3 6568.26 1392.62 5175.63 219.423 47.8748 5082.39 1173.2 171.548 1149.08 4952.34 130.054 75121 2164.57 684.622 1479.95 1454.22 181.075 72956.5 50060.2 2722.37 47337.8 22896.3 10762.1 12134.2 503.547 25.7255 24.1222
internal_count=520253 1730 518523 36793 7790 29003 830 189 28508 6960 641 6803 27824 684 481730 15592 4798 10794 10614 1709 466138 329893 17468 312425 136245 69262 66983 3089 180 157
is_linear=0
shrinkage=0.035


Tree=224
num_leaves=31
num_cat=0
split_feature=4 7 7 2 6 7 4 7 10 2 2 10 7 2 2 2 2 6 10 2 2 2 10 7 10 7 4 2 10 4
split_gain=6.30608 74.3301 71.7097 62.066 48.3237 43.2845 43.1317 39.4008 46.5263 42.9189 39.5979 35.1152 29.712 24.4493 37.468 116.143 91.6284 78.1822 57.5348 54.4207 40.8834 22.3765 20.4144 26.98 27.0123 25.3087 24.5551 28.692 24.2283 20.0176
threshold=46.028636932373054 26.989735603332523 25.243726730346683 53.675346374511726 72.913951873779311 27.69983005523682 47.297773361206062 22.281182289123539 -4.1648397445678702 54.368049621582038 50.079809188842781 -3.4286378622055049 24.405713081359867 53.865806579589851 52.757917404174812 52.873287200927741 51.636827468872077 48.874351501464851 -2.9991496801376338 52.199489593505866 50.842672348022468 53.259717941284187 2.7836290597915654 24.034657478332523 -0.31956167519092554 24.034657478332523 44.899047851562507 53.917564392089851 -2.62231433391571 51.062023162841804
decision_type=2 2 2 2 2 2 2 2 2 2 2 2 2 2 2 2 2 2 2 2 2 2 2 2 2 2 2 2 2 2
left_child=5 2 7 11 29 22 -6 9 12 10 -2 -4 -9 14 16 17 20 -16 -17 -18 -7 -10 23 24 28 -24 27 -25 -1 -5
right_child=1 -3 3 4 6 13 -8 8 21 -11 -12 -13 -14 -15 15 18 19 -19 -20 -21 -22 -23 25 26 -26 -27 -28 -29 -30 -31
leaf_value=-0.00052386570986316737 -0.02823567885699475 -0.00035141427630378311 -0.015332512966482054 0.018298684622704689 0.01343014250643817 0.0018462874513614023 0.096544214212278059 0.0096256163190568435 0.0088108166664734432 -0.0193560913753325 0.025565977969134394 0.017107514652638739 0.067703806518548793 -0.0055694419373688983 0.0096262583292669526 -0.0036043475357888368 -0.011944759523953548 0.04286179437399272 0.0063233127903431097 -0.0010982819349043002 0.0096444131048671316 -0.01384226300417599 -0.00028948608324789164 -0.0086944732595488784 -0.0082984053465495651 0.017707215421049114 0.0034317237923241987 -0.00048812765003569859 0.0075063987293801622 0.049745573034596147
leaf_weight=2436.694475362543 17.763512916862965 61210.605518631637 55.216993852518499 98.080380082130432 11.431281909346579 5373.2674362771213 25.814518347382545 45.589328519999981 65.067825347185135 39.335120275616646 173.22270252555609 149.63731474429369 13.655466213822363 540.87588509032503 201.7725692614913 1082.1925008790568 867.43699555844069 153.00353924930096 2101.3624451011419 1636.7512787152082 972.97567479498684 278.48844576627016 292.2814059862867 1663.0512938052416 438.87814928777516 140.99094427376986 380.30195567151532 763.29513189801946 566.28479631990194 34.007953017950058
leaf_count=14402 129 398246 485 409 66 34779 97 183 523 276 601 1247 62 4084 987 6618 3667 862 12749 7133 3601 1328 2121 11026 2771 518 2908 4668 3806 107
internal_value=-2.34763e-05 -0.000196059 0.00923016 0.0213617 0.0370041 0.000523677 0.0720381 0.00203121 -0.00455752 0.0135602 0.0204285 0.00830387 0.0238525 0.00170596 0.0020245 0.00506861 0.00080635 0.0240435 0.00294633 -0.00486085 0.00304403 -0.00952105 -0.001763 -0.00227341 -0.000194264 0.00557253 -0.00481984 -0.00611677 0.000989701 0.0266985
internal_weight=81829.3 62217.9 1007.31 374.188 169.334 19611.4 37.2458 633.122 402.801 230.321 190.986 204.854 59.2448 12929.6 12388.8 3538.33 8850.43 354.776 3183.55 2504.19 6346.24 343.556 6681.78 6248.51 3441.86 433.272 2806.65 2426.35 3002.98 132.088
internal_count=520459 403759 5513 2411 679 116700 163 3102 2096 1006 730 1732 245 74480 70396 21216 49180 1849 19367 10800 38380 1851 42220 39581 20979 2639 18602 15694 18208 516
is_linear=0
shrinkage=0.035


Tree=225
num_leaves=31
num_cat=0
split_feature=0 5 10 7 11 7 7 7 4 7 2 6 10 11 7 2 2 7 10 10 7 2 7 7 2 2 6 9 4 2
split_gain=4.83885 4.45549 13.3734 33.9898 20.0273 27.2044 21.3147 12.5836 12.2633 23.2131 22.7833 11.2535 18.9904 8.00143 46.4339 64.4762 49.9365 41.8099 39.7849 36.0804 32.7748 56.9802 31.9852 23.9018 22.0345 37.6509 20.9847 12.2024 6.53876 6.26109
threshold=73.600002288818374 45.452220916748054 -0.28298069536685938 33.880672454833991 74.977397918701186 78.280700683593764 60.827449798583991 23.790318489074711 46.895202636718757 61.121740341186531 52.659847259521491 48.467041015625007 -3.8525112867355342 32.430349349975593 21.560606956481937 53.883504867553718 53.507390975952156 22.281182289123539 6.8402321338653573 -2.9423618316650386 24.405713081359867 53.259717941284187 20.186177253723148 24.84964752197266 53.883504867553718 53.507390975952156 39.428533554077156 -3.6045500040054317 53.882928848266609 52.404092788696296
decision_type=2 2 2 2 2 2 2 2 2 2 2 2 2 2 2 2 2 2 2 2 2 2 2 2 2 2 2 2 2 2
left_child=1 2 4 7 5 6 -1 -4 10 -10 -5 29 -13 17 15 16 -15 24 19 -19 21 -16 -17 -22 25 -3 -20 -26 -9 -6
right_child=-2 13 3 8 11 -7 -8 28 9 -11 -12 12 -14 14 20 22 -18 18 26 -21 23 -23 -24 -25 27 -27 -28 -29 -30 -31
leaf_value=0.0012950691824527658 0.024371593073459465 -0.0024569478855554507 -0.019127269626521996 0.01058468217990024 -0.0027565355991686444 -0.025679925276277455 -0.0034600707493602327 0.028943136261715435 -0.0015394358861337079 0.0019571457378682179 -0.0033671452907351887 0.0033547295803114862 0.043448534908433159 0.00086828079974187865 0.0094636695654057353 -0.032109569445547027 0.030019766305316265 0.00052069058081919469 0.0023038406937774172 0.0067125907275597512 0.012801379812484115 -0.010423049388829281 0.0040120772785322903 -0.00032996449211719197 0.0045818840307719922 -0.016741466756500727 -0.030141391621995799 -0.0067398733015899019 -0.002063548375032052 0.028834658093951915
leaf_weight=2258.1773686786182 9.1235355436801893 742.5950322560966 7.6245795786380759 408.94077231734991 48.781825706362724 55.214156990870833 2358.7972304197028 78.333734594285488 3683.6330396276899 6301.4538284577429 219.10853043943644 28.872271776199341 29.373310714960098 113.29149585962296 220.15262576751411 48.688585549592972 199.29469844698906 2791.8266556048766 37.209137059748173 1966.3017695797607 169.47865134617314 872.85019116755575 75.277866326272488 58056.02760367468 437.84457269497216 325.33869547024369 67.62042461335659 157.7548886500299 8.7309622988104802 8.2589239701628667
leaf_count=19027 36 5874 42 2958 334 591 19938 573 30866 52201 1629 241 215 751 1676 341 373 12774 139 10043 1549 4432 566 346511 3854 1138 243 1423 60 59
internal_value=-6.52349e-05 -6.82852e-05 0.000465882 0.0011537 -0.00107099 -0.00142891 -0.00113298 0.0219456 0.000965899 0.000666489 0.00570806 0.0132838 0.0240074 -0.000193272 -0.000320453 0.0110415 0.0195058 0.000969986 0.00260924 0.00308167 -0.000404337 -0.00640707 -0.0102337 -0.000291447 -0.00381675 -0.00682445 -0.0186285 0.00156636 0.0257636 0.00203208
internal_weight=81786 81776.9 15495.3 10707.8 4787.48 4672.19 4616.97 94.6893 10613.1 9985.09 628.049 115.286 58.2456 66281.6 59755.1 436.553 312.586 6526.49 4862.96 4758.13 59318.5 1093 123.966 58225.5 1663.53 1067.93 104.83 595.599 87.0647 57.0407
internal_count=520457 520421 128734 88329 40405 39556 38965 675 87654 83067 4587 849 456 391687 356199 2031 1124 35488 23199 22817 354168 6108 907 348060 12289 7012 382 5277 633 393
is_linear=0
shrinkage=0.035


Tree=226
num_leaves=31
num_cat=0
split_feature=0 10 13 13 13 6 11 6 10 6 2 6 6 10 4 13 2 2 2 10 6 1 7 0 10 11 7 6 10 10
split_gain=4.54509 7.13459 11.3277 28.8157 27.548 14.8656 18.6442 8.4196 12.9892 11.418 9.32304 8.21275 8.08543 7.6153 7.59854 9.27315 7.33104 7.24162 9.00446 7.62548 6.73361 6.67044 12.5886 15.1671 20.2294 19.073 13.129 12.2486 9.59279 8.04267
threshold=20.800000190734867 -0.88167428970336903 1.5268065333366396 1.6530054211616518 1.3245614171028139 67.042541503906264 49.343750000000007 37.463397979736335 -6.9107091426849356 42.989906311035163 99.468574523925795 87.002887725830092 11.516717910766603 1.0000000180025095e-35 24.968491554260257 1.2121657729148867 96.02249908447267 3.9525544643402104 99.468574523925795 8.8588023185729998 56.35083198547364 53.417547225952156 59.841144561767585 13.59999990463257 -3.5648289918899532 30.261050224304203 73.581996917724624 30.717752456665043 -2.3692722320556636 -4.838106393814086
decision_type=2 2 2 2 2 2 2 2 2 2 2 2 2 2 2 2 2 2 2 2 2 2 2 2 2 2 2 2 2 2
left_child=21 7 4 16 17 6 -5 8 -2 14 11 -11 -10 -6 -9 -16 -4 19 -19 -3 -12 -1 23 -23 25 -25 28 -26 -24 -28
right_child=1 2 3 5 13 -7 -8 9 12 10 20 -13 -14 -15 15 -17 -18 18 -20 -21 -22 22 26 24 27 -27 29 -29 -30 -31
leaf_value=6.1417484830266779e-05 -0.018381460828832429 0.0018696059822579012 0.04209556993432878 -0.0129843334738413 0.010226275431226693 -0.011540492820984705 0.0067241459733392434 -0.023061664548787136 -0.01237340789565977 0.004446015220434872 -0.034591639368034673 0.030666889025234782 0.017186126680262138 -0.02323175909699874 0.0087496804735514438 -0.022988902911929399 0.015851901493464979 -0.0034993166621155505 0.0054533549085729041 0.019235017259285673 -0.0031867850732171404 -0.0038123209064299594 -0.017470829013116498 -0.0047442593816968536 -0.013860042106642231 0.035253655220503263 0.022860898728274986 0.0052500038060660694 -0.0058402900483903817 -0.00055605741368124528
leaf_weight=77100.158284283709 15.341355338692663 619.37124962359667 24.87153897434473 66.550593815743923 8.5155504271388036 84.829603634774685 455.29326854646206 31.539544820785522 11.55881494283676 598.34261200577021 10.623477831482885 14.340220525860785 130.75835686922073 81.382245734333992 34.862143494188786 15.658212795853613 32.415057376027107 821.18381931632757 164.05096196383238 31.968716539442539 34.323289938271046 444.01459738612175 116.80596847087145 20.402408115565777 49.535903297364712 46.790183916687965 23.894966371357441 221.05920885503292 352.47111190110445 63.821465887129307
leaf_count=495663 58 3280 95 323 42 444 2132 144 57 2708 47 64 599 431 162 61 120 4235 773 119 148 2675 647 86 284 246 130 1468 2393 514
internal_value=7.23198e-05 0.00134708 0.000344477 0.00422906 -0.00114665 0.00195914 0.00418131 0.0040074 0.0113428 0.00242392 0.00397007 0.00511033 0.0146807 -0.019923 -0.00980121 -0.00115595 0.0277892 -0.000101753 -0.0019983 0.00275521 -0.0112377 1.87857e-05 -0.00242969 0.000427377 0.00601688 0.0230928 -0.0064473 0.00169533 -0.0087749 0.00589287
internal_weight=81726.7 3287.78 2390.43 663.96 1726.47 606.673 521.844 897.348 157.659 739.69 657.63 612.683 142.317 89.8978 82.0599 50.5204 57.2866 1636.57 985.235 651.34 44.9468 78439 1338.8 781.802 337.788 67.1926 556.994 270.595 469.277 87.7164
internal_count=520148 16042 11994 3114 8880 2899 2455 4048 714 3334 2967 2772 656 473 367 223 215 8407 5008 3399 195 504106 8443 4759 2084 332 3684 1752 3040 644
is_linear=0
shrinkage=0.035


Tree=227
num_leaves=31
num_cat=0
split_feature=5 5 6 2 9 10 2 5 9 2 7 7 6 6 7 9 2 2 2 2 7 5 7 2 6 4 9 5 5 4
split_gain=6.67708 15.196 30.1911 63.7556 105.418 54.2523 53.8557 51.2512 39.2095 34.4187 92.3776 33.0261 21.5744 19.7605 18.5758 15.3248 40.5156 52.1857 88.0328 35.3218 20.048 20.7054 18.5039 17.4634 25.6544 24.3883 14.7536 30.9946 25.9463 14.5064
threshold=46.484361648559577 46.117029190063484 24.689868927001957 53.507390975952156 -1.0988499522209165 16.556191444396976 53.883504867553718 46.474193572998054 5.2697000503540048 52.404092788696296 54.053018569946296 70.530574798583999 13.498980045318605 15.526998519897463 24.034657478332523 -2.4501500129699703 53.830442428588874 52.197240829467781 51.636827468872077 52.258813858032234 24.405713081359867 45.745761871337898 21.560606956481937 54.398979187011726 55.162445068359382 38.841281890869148 2.1182500123977666 45.558958053588874 45.558958053588874 47.23036193847657
decision_type=2 2 2 2 2 2 2 2 2 2 2 2 2 2 2 2 2 2 2 2 2 2 2 2 2 2 2 2 2 2
left_child=1 15 9 5 6 8 -5 -6 -4 10 12 -12 -3 14 -11 16 17 18 -1 -19 21 29 -23 24 -18 -25 27 -22 -28 -17
right_child=-2 2 3 4 7 -7 -8 -9 -10 13 11 -13 -14 -15 -16 20 23 19 -20 -21 26 22 -24 25 -26 -27 28 -29 -30 -31
leaf_value=0.0034260854150158244 0.00039292459077118849 0.053894640849064299 -0.0097938103842088297 -0.01461770131204969 0.025429753402671687 0.032565992210342863 0.0032788041397404473 -0.036268573320443621 0.028570635739156445 0.0063669373888500967 0.0073877178189487459 -0.016496155361342722 0.020346783567891023 0.0052874753745575168 -0.010930929784935659 0.0030632305853092946 -0.0014638518073751211 0.031211995549177207 -0.021284451129141565 0.0064077112723730702 0.00019772511527365655 0.017526511817640086 -0.011611887384943915 0.029106906468739702 -0.01619719336129076 -0.021289600984179608 2.6108434928228552e-05 -0.0017694417711732267 0.004852907901694398 0.054861203322861152
leaf_weight=708.63652488589287 23041.42776702065 55.573225140571594 1783.6261832788587 334.46096728462726 251.78720003832132 38.281959176063538 532.53851891960949 16.865059524774551 32.398777276277542 96.529415033757687 300.47223314642906 91.892324507236481 44.316821947693825 243.85606451332569 342.94444943964481 21.185835342854265 361.55616313964128 72.719465903937817 234.25612722337246 1756.7196939941496 28118.046558470465 27.74606004357338 395.04306011274457 36.688049897551537 242.19350627204403 16.304579799063504 5609.8778301985003 15065.168589123059 1803.0867488719523 9.1267233639955503
leaf_count=2297 179952 118 4465 1527 1309 63 3759 73 60 489 661 213 101 993 1270 188 2555 187 844 7481 193415 193 1930 253 2070 163 32444 75426 5422 70
internal_value=-0.000111764 -0.00031018 -0.00234759 -0.00421651 0.00230851 -0.00821574 -0.00362415 0.0214344 -0.00909324 0.00239947 0.00945097 0.00175409 0.0393604 -0.00267514 -0.00711093 -0.000154234 0.00211019 0.00396336 -0.00271852 0.00741071 -0.000306507 -0.00762992 -0.00965363 -0.00569733 -0.00739931 0.0133849 -0.000240666 -0.000488411 0.00120149 0.0198936
internal_weight=81685.3 58643.9 4165.54 2989.96 1135.65 1854.31 866.999 268.652 1816.02 1175.58 492.255 392.365 99.89 683.33 439.474 54478.4 3429.07 2772.33 942.893 1829.44 51049.3 453.102 422.789 656.742 603.75 52.9926 50596.2 43183.2 7412.96 30.3126
internal_count=519991 340039 15101 11256 6668 4588 5286 1382 4525 3845 1093 874 219 2752 1759 324938 15850 10809 3141 7668 309088 2381 2123 5041 4625 416 306707 268841 37866 258
is_linear=0
shrinkage=0.035


Tree=228
num_leaves=31
num_cat=0
split_feature=6 5 5 5 2 6 5 5 5 10 2 9 10 2 2 5 6 2 5 5 10 5 5 10 2 5 5 5 10 5
split_gain=5.59783 12.0083 6.48493 7.14747 15.683 13.2229 12.1253 39.1342 16.8433 9.71504 5.26907 5.2386 18.8051 18.7127 50.1866 57.0367 66.441 49.1364 34.041 48.9818 46.004 25.8356 48.027 23.8929 33.7444 21.2566 17.3832 14.7801 40.3878 35.175
threshold=4.831806182861329 43.508358001708991 45.400516510009773 45.498958587646491 52.757917404174812 0.43134848773479467 46.181444168090827 46.205049514770515 45.967329025268562 -0.6548396348953246 51.752593994140632 0.91374999284744274 4.5968675613403329 51.620014190673835 52.506393432617195 45.452220916748054 68.272686004638686 51.443305969238288 45.503585815429695 45.449871063232429 10.569621562957765 45.45686340332032 45.498958587646491 4.0330011844635019 52.654415130615241 45.449871063232429 45.424163818359382 45.449871063232429 -0.42680844664573664 45.45686340332032
decision_type=2 2 2 2 2 2 2 2 2 2 2 2 2 2 2 2 2 2 2 2 2 2 2 2 2 2 2 2 2 2
left_child=1 -1 10 4 5 -4 8 -8 -5 -6 -3 12 27 17 15 -15 -17 21 19 -19 -20 25 -23 26 -25 -13 -16 28 -2 -29
right_child=11 2 3 6 9 -7 7 -9 -10 -11 -12 13 -14 14 23 16 -18 18 20 -21 -22 22 -24 24 -26 -27 -28 29 -30 -31
leaf_value=0.032342775019187538 -0.0026869300588702703 -0.012180625039410099 -0.010403598507016516 0.0001360658202383033 0.023380028140058785 0.0031645650252532789 0.036435364054843433 0.0019519953950699667 -0.0088384423705055986 0.0058729415869810094 0.0042258387013713395 -0.0003887023084490592 0.0018894564702411807 -0.0017687634243448761 0.018746364031529062 0.0056004475842968138 0.022277641167369248 -0.025620510115487091 -0.024331438414857142 0.0075718890444649465 0.032852909826100313 -0.0070744965661071902 -4.4577011155638686e-05 -0.017859640105239969 -0.0018631551179976343 0.0035026496636708544 0.0013356770016486996 -0.0033177118183724103 0.0044109978656450347 -0.00027492251090216588
leaf_weight=14.363664165139197 1638.1428523468785 77.550878576934338 94.87644312530756 1512.9769293367863 70.717202745378017 1073.0769235268235 41.163816303014755 1056.1733248457313 307.24258220940828 89.655048616230488 33.299355767667294 3038.6068948055618 4601.4824250210077 713.46119366865605 72.270385643467307 1040.5062520727515 407.814617799595 75.841353530064225 230.8600470344536 187.12282831966877 17.833625368773937 1356.5089709637687 9702.5711034135893 185.63222733139992 1224.4067696314305 3951.3760506827384 1888.8723775772378 5281.3366757216863 2446.79466592893 39206.01964689279
leaf_count=28 15145 663 592 7622 479 6102 77 7450 903 640 263 27137 26048 5983 623 4359 1872 709 982 862 51 4599 60627 1035 6123 21326 10158 33504 23413 250487
internal_value=1.43989e-05 0.00123287 0.00112278 0.00134289 0.00347092 0.00205003 0.000370938 0.00327753 -0.00137815 0.013714 -0.00719447 -5.44528e-05 -0.000248521 0.000373552 0.00215998 0.00632179 0.0103109 -0.000158676 -0.010846 -0.00202325 -0.0201105 0.000144369 -0.000907951 -0.000507585 -0.00398299 0.00181019 0.00198823 -0.000451234 0.0015629 -0.000636359
internal_weight=81638.6 4371.1 4356.73 4245.88 1328.33 1167.95 2917.56 1097.34 1820.22 160.372 110.85 77267.5 53173.8 24093.7 5532.96 2161.78 1448.32 18560.7 511.658 262.964 248.694 18049.1 11059.1 3371.18 1410.04 6989.98 1961.14 48572.3 4084.94 44487.4
internal_count=519862 24819 24791 23865 7813 6694 16052 7527 8525 1119 926 495043 348597 146446 30153 12214 6231 116293 2604 1571 1033 113689 65226 17939 7158 48463 10781 322549 38558 283991
is_linear=0
shrinkage=0.035


Tree=229
num_leaves=31
num_cat=0
split_feature=2 6 2 10 2 2 2 9 10 5 2 5 7 7 5 4 9 10 5 5 5 4 5 4 5 2 10 9 6 5
split_gain=6.32157 13.1247 30.5595 33.1706 90.9695 41.6978 39.865 31.7532 80.0691 222.07 72.0793 40.2372 27.761 87.0433 30.6537 25.7296 21.0207 18.3433 26.7789 29.546 47.0713 31.4124 26.4582 42.6847 25.1579 74.1979 31.332 15.8632 11.9222 11.6549
threshold=50.091802597045906 50.022300720214851 50.717582702636726 -1.4796226024627683 50.953025817871101 52.222757339477546 50.894683837890632 2.1640499830245976 5.0591044425964364 45.558958053588874 50.619283676147468 46.117029190063484 35.846035003662116 35.788860321044929 46.028558731079109 54.984086990356452 0.10485000163316728 -6.9107091426849356 46.205049514770515 46.415723800659187 46.450481414794929 54.984086990356452 46.181444168090827 51.365997314453132 46.028558731079109 52.715166091918952 -11.258804321289061 -3.4302499294281001 1.2435246706008913 45.961141586303718
decision_type=2 2 2 2 2 2 2 2 2 2 2 2 2 2 2 2 2 2 2 2 2 2 2 2 2 2 2 2 2 2
left_child=-1 17 7 4 6 -6 -4 11 9 -9 -10 16 13 -5 -14 -13 -3 24 22 21 -21 -20 27 -24 28 26 -26 -19 -2 -30
right_child=1 2 3 12 5 -7 -8 8 10 -11 -12 15 14 -15 -16 -17 -18 18 19 20 -22 -23 23 -25 25 -27 -28 -29 29 -31
leaf_value=0.00034078599469434997 -0.019614912801995198 0.0013554913478489535 0.0066645430072881017 0.0023369919439487664 -0.0078930435085271238 -0.0012695639164977807 0.055186634857215595 -0.0051302803625277388 0.0011185064013811577 0.055782904538458945 -0.03255278910944584 -0.024856909477685221 0.00042262282804157882 0.034761787418249611 -0.0050170428866237893 0.005797848185304824 -0.0064245740031910687 0.0065834205674356275 -0.011607434303714229 0.021422943198843764 -0.0022435968068841051 0.010686152816084704 0.027857179849524266 -0.013305545246146654 0.0025385374453169708 0.0040134941871730776 0.049801098362616009 0.00018883158003580797 0.0024099634118377013 -0.014022571971130729
leaf_weight=31835.995909051038 33.715176790952682 564.93369487393647 38.569983279332519 3063.7750070099719 1622.7478952701204 4130.4692830373533 45.663292571902275 220.22230819240212 273.07005010545254 108.89151904731989 107.92201218754053 196.13899490237236 9448.9689539899118 104.14765601232648 1464.9047949165106 39.677916757762432 1701.9775961232372 485.12982439249754 676.50657961517572 107.71223539113998 1998.1642085164785 86.460287816822529 100.36174243688583 43.574521392583847 23.182827152311802 433.82075057923794 70.416538894176483 21817.758199453354 822.97970124334097 55.625675275921822
leaf_count=231778 159 3312 188 18997 9502 25426 87 1093 977 242 381 651 64773 357 5932 109 12071 2112 2972 234 10059 186 237 96 52 1961 176 121976 3997 163
internal_value=-4.44474e-05 -0.000290428 -0.000901017 -0.000389651 -0.00260799 -0.00313983 0.0333227 -0.00406837 0.00245479 0.0150888 -0.00844931 -0.0059222 0.000529536 0.0034137 -0.000307184 -0.0196673 -0.00448283 0.000237222 1.83372e-05 -0.00316504 -0.00102209 -0.00906339 0.000425603 0.0153428 0.00407897 0.0101584 0.0382899 0.000328471 0.000550895 0.00134983
internal_weight=81723.5 49887.5 23132.1 19919.2 5837.45 5753.22 84.2333 3212.83 710.106 329.114 380.992 2502.73 14081.8 3167.92 10913.9 235.817 2266.91 26755.4 25315.7 2868.84 2105.88 762.967 22446.8 143.936 1439.74 527.42 93.5994 22302.9 912.321 878.605
internal_count=520256 288478 144098 125262 35203 34928 275 18836 2693 1335 1358 16143 90059 19354 70705 760 15383 144380 137872 13451 10293 3158 124421 333 6508 2189 228 124088 4319 4160
is_linear=0
shrinkage=0.035


Tree=230
num_leaves=31
num_cat=0
split_feature=6 5 9 2 10 11 2 7 10 10 6 8 5 7 7 7 13 6 10 2 11 5 7 2 2 5 6 9 7 7
split_gain=4.75555 17.0484 14.4426 15.9315 15.6151 11.0833 14.9388 10.0601 6.86772 7.966 4.38778 14.525 13.6898 10.2253 45.6932 31.4221 8.67421 13.1906 11.6845 8.40991 18.3718 62.1155 28.1679 27.5879 76.7463 47.6237 24.0056 16.5906 63.6229 107.744
threshold=0.43134848773479467 50.051733016967781 0.67914998531341564 52.301790237426765 1.263342618942261 48.592649459838874 52.410648345947273 62.413892745971687 -4.7294728755950919 0.69654214382171642 23.08715915679932 -9.4999999999999982 50.080970764160163 39.231353759765632 42.247739791870124 36.454193115234382 5.1315789222717294 10.719758033752443 1.3371118903160097 50.091802597045906 56.528549194335945 45.449871063232429 57.40429878234864 50.842672348022468 50.998905181884773 46.117029190063484 72.523471832275405 0.58335000276565563 67.648265838623061 68.936416625976577
decision_type=2 2 2 2 2 2 2 2 2 2 2 2 2 2 2 2 2 2 2 2 2 2 2 2 2 2 2 2 2 2
left_child=1 2 4 -4 8 6 -6 -7 -1 -10 11 -2 13 15 -15 -13 18 -18 -14 27 23 26 -23 25 -25 -21 -22 28 -12 -30
right_child=10 -3 3 -5 5 7 -8 -9 9 -11 19 12 16 14 -16 -17 17 -19 -20 20 21 22 -24 24 -26 -27 -28 -29 29 -31
leaf_value=-0.020885179668454691 0.043315168985983692 0.012246749311394562 -0.025680081949917732 0.013349116097282397 -0.023203603375698448 0.0078908156302077061 0.02722321531165493 0.059032943919899022 -3.3123387867285756e-05 -0.033905916258230938 0.00023279256194216858 0.00060096579656303869 -0.0018028332727567774 0.0090324141370908446 0.00065285403765276721 -0.0060205158905171615 -0.013553748790312747 0.023679711357947216 -0.010168141478760889 -0.0026457527792779932 -0.0023719198664021233 0.0046473970156903138 0.00035216193023168197 0.012728420276827615 -0.00085024419677383822 -0.017477223969611121 -0.011616375510247958 -0.00056422527437096097 0.027785685249980523 0.0037370958552078474
leaf_weight=37.225970819592476 8.8822156861424428 62.184306532144547 76.28493233025074 14.59084679931402 14.510452799499037 9.8482737019658106 12.772484116256235 9.535296753048895 91.595278911292553 8.6236269846558553 10465.830038143322 5152.6670402213931 759.20928956568241 851.90947956591845 12296.357215106487 1057.1700021848083 17.004525393247604 32.600730553269386 280.9439120143652 2369.7302873339504 999.85318168252707 3228.6750959120691 4453.6822370779701 519.94575722236186 24371.620013912208 298.25281970947981 526.44314313633367 11929.258727648295 268.86958999931812 1494.8050782941282
leaf_count=177 26 466 433 83 74 60 78 62 540 51 86964 28410 5506 4795 71117 5680 94 132 1961 15674 8858 13481 22663 2462 150377 1041 5394 83294 1326 8941
internal_value=-1.13958e-05 -0.00415455 -0.00791362 -0.0192755 -0.00220852 0.0150712 0.000257415 0.0347385 -0.00817937 -0.00326253 5.72394e-06 0.000449312 0.000428655 0.00064388 0.00119684 -0.000525786 -0.00338577 0.0107648 -0.00407509 -0.000143103 -0.000476501 0.000876515 0.00215853 -0.000928859 -0.000565926 -0.00431112 -0.00556947 0.000364017 0.00127002 0.00741817
internal_weight=81720.9 337.171 274.987 90.8758 184.111 46.6665 27.2829 19.3836 137.445 100.219 81383.7 20456.7 20447.9 19358.1 13148.3 6209.84 1089.76 49.6053 1040.15 60927 36768.2 9208.65 7682.36 27559.5 24891.6 2667.98 1526.3 24158.8 12229.5 1763.67
internal_count=520220 2024 1558 516 1042 274 152 122 768 591 518196 117721 117695 110002 75912 34090 7693 226 7467 400475 219950 50396 36144 169554 152839 16715 14252 180525 97231 10267
is_linear=0
shrinkage=0.035


Tree=231
num_leaves=31
num_cat=0
split_feature=1 2 4 6 10 7 7 7 13 6 2 1 5 12 11 0 12 10 0 11 7 10 11 5 1 5 11 11 11 11
split_gain=5.00168 13.6164 18.9961 12.7573 10.9967 19.5835 10.1869 10.6952 10.0101 9.91033 10.4872 9.80338 9.28556 9.02627 8.95088 14.7049 23.6388 8.71635 7.89783 7.19698 8.88834 13.1381 7.79588 7.08732 10.5367 10.4273 9.15429 8.74037 6.99368 6.87532
threshold=94.759216308593764 49.738378524780281 54.891477584838874 22.696355819702152 -5.3034546375274649 57.632680892944343 37.080343246459968 34.123744964599616 6.066176414489747 31.124823570251468 3.4979486465454106 71.365444183349624 95.190334320068374 99.205783843994155 68.734096527099624 30.79999923706055 76.934593200683608 1.7074679136276247 60.799999237060554 32.430349349975593 33.602645874023445 -3.4286378622055049 47.72254943847657 98.662231445312514 68.33878326416017 97.447677612304702 58.989049911499031 77.268501281738295 41.600349426269538 80.381748199462905
decision_type=2 2 2 2 2 2 2 2 2 2 2 2 2 2 2 2 2 2 2 2 2 2 2 2 2 2 2 2 2 2
left_child=11 2 9 8 5 -5 7 -6 -3 12 -11 18 -2 -8 19 17 -17 -16 23 -13 21 -21 -22 25 27 -1 -26 -25 -12 -18
right_child=1 3 -4 4 6 -7 13 -9 -10 10 28 14 -14 -15 15 16 29 -19 -20 20 22 -23 -24 24 26 -27 -28 -29 -30 -31
leaf_value=2.1335971759983189e-05 0.010010433629402805 -0.019214819039055146 0.034736184960798035 0.058908323512696321 -0.0021989605293098848 -6.8619887637976821e-05 -0.0015132319338977929 -0.030956736597466439 0.021053933354327446 0.0078316550844894101 -0.019283111584806705 -0.018335140578433044 0.040067536575592269 0.0082492564360369391 0.0079346850313972827 0.04941801124859236 -0.012095934070538826 -0.021227791728255854 0.020512483712125953 0.026533657519501697 0.0013680966427994453 -0.0027582370726433273 -0.0076317385704534934 0.0036838463699000227 0.041221518205021408 -0.004917659412958842 0.0016325394272133737 -0.013528586908530761 -0.00053976866132147755 0.021093749688154265
leaf_weight=78421.473030049354 72.633978225290775 64.981332704424858 27.122721157968044 10.077657997608187 43.65926206856966 18.199062012135983 400.9945645108819 24.730987183749676 7.7178195267915717 212.6967858672142 28.418635606765747 45.896656826138496 15.05821956694126 161.96903066337109 22.926791034638882 18.884759679436684 19.572399251163009 25.550033882260323 22.243095353245735 26.523314692080021 152.85190819203854 58.359533950686455 494.167111299932 598.77435348927975 15.876424178481104 526.35040579736233 13.32163332402706 37.537340961396694 153.11988194286823 11.431148841977118
leaf_count=502173 418 397 128 40 217 105 2295 96 33 1311 155 189 95 826 116 54 82 134 87 123 778 336 2876 3115 79 2914 52 179 1013 31
internal_value=1.81906e-05 0.00222222 0.00661559 -0.000826003 0.000704201 0.0217521 -0.000253744 -0.0129371 -0.014662 0.00496353 0.0025606 -1.57273e-05 0.0155664 0.00129082 -0.00369611 0.00618434 0.0194198 -0.00738863 2.47137e-05 -0.00495972 -0.0040923 0.00647518 -0.00549575 1.86957e-05 0.00361329 -1.15535e-05 0.0239176 0.00264175 -0.00358403 0.000143933
internal_weight=81753.1 1241.38 509.05 732.33 659.631 28.2767 631.354 68.3902 72.6992 481.928 394.235 80511.7 87.6922 562.964 876.164 98.3651 49.8883 48.4768 79635.6 777.799 731.902 84.8828 647.019 79613.3 665.51 78947.8 29.1981 636.312 181.539 31.0035
internal_count=520447 7129 3120 4009 3579 145 3434 313 430 2992 2479 513318 513 3121 4719 417 167 250 508599 4302 4113 459 3654 508512 3425 505087 131 3294 1168 113
is_linear=0
shrinkage=0.035


Tree=232
num_leaves=31
num_cat=0
split_feature=6 5 7 10 5 6 10 1 13 11 10 10 7 10 1 5 13 13 6 1 10 10 12 0 7 12 8 8 0 1
split_gain=6.67089 7.99357 4.97568 4.17375 3.99503 7.37934 11.531 10.0081 8.67664 8.84062 8.65258 8.62546 12.6332 8.42302 7.26029 5.6051 8.77549 17.7992 10.8129 14.3138 10.5976 7.31201 6.89409 5.16675 7.34037 15.5578 5.66157 5.07003 4.34379 4.2564
threshold=99.693408966064467 46.028558731079109 60.900808334350593 2.1933937072753911 98.366512298583999 35.506744384765632 -2.3218139410018916 89.994098663330092 5.7189540863037118 66.488849639892592 1.7074679136276247 3.447013378143311 70.019687652587905 7.2648968696594247 54.354705810546882 93.050586700439467 2.353266835212708 2.5320513248443608 44.941236495971687 46.829305648803718 8.4382386207580584 4.7782890796661386 76.373752593994155 17.19999980926514 34.582567214965827 1.0000000180025095e-35 -2.4999999999999996 -13.499999999999998 17.19999980926514 94.034633636474624
decision_type=2 2 2 2 2 2 2 2 2 2 2 2 2 2 2 2 2 2 2 2 2 2 2 2 2 2 2 2 2 2
left_child=4 -2 -3 -4 15 6 14 11 9 -8 28 12 -7 -13 -6 23 18 21 19 -17 -19 -18 -20 27 26 -26 -25 -1 -9 -12
right_child=1 2 3 -5 5 7 8 10 -10 -11 29 13 -14 -15 -16 16 17 20 22 -21 -22 -23 -24 24 25 -27 -28 -29 -30 -31
leaf_value=0.028555138120129539 -0.03212264463216867 -0.013066450045707572 0.047496622502119563 -0.0040968493706029716 -0.0040118927975285124 0.0051044968289143261 -0.010199727593493481 0 0.0099476319042046246 -0.039403171043381841 -0.020173848496610764 -0.0048289576665567664 0.021876014494906917 0.006650140796989043 0.038741108303283388 -0.00084846777916852093 0.012312273457034539 0.0024604237631267356 9.2568675972270789e-06 -0.0092506847618523298 -0.012476415793442941 0.053302984027593564 -0.0063567695912727911 -0.0035680471106315317 -0.0074980125386379451 0.0053140107766803139 0.014787673807070736 -0.00010587705899895643 -0.015083100005767616 0.004107094520368529
leaf_weight=6.7597258612513533 16.689613258000463 10.056928380392494 3.3351458301767698 2.9457954121753573 9.0401319637894648 515.97951431199908 47.778799049556255 33.3030950948596 15.454149954020975 17.545241117477417 8.6495682746171934 193.62779840826988 61.375372335314751 130.2498416826129 8.8196305185556394 474.14899792522192 12.80712713301182 594.36847668141127 1671.2462086193264 525.85003189742565 63.619588822126389 10.108692623674868 236.92287774384022 25.213182598352432 168.9453004822135 365.61811612546444 94.011295199394226 76182.331055410206 79.608276575803757 126.10376434773207
leaf_count=22 1190 401 112 57 40 2686 281 235 64 82 48 977 325 558 41 2649 77 3229 9762 3100 316 37 1273 134 888 1985 437 488148 416 633
internal_value=-0.00011545 -0.0156563 0.00147031 0.0245814 -0.000108927 0.00185548 -0.00727552 0.00265003 -0.0129527 -0.0185311 -0.0035576 0.00436532 0.00692729 -0.00018598 0.0174813 -0.000139501 -0.00149139 0.00207809 -0.00232987 -0.00527764 0.000992187 0.0318775 -0.00077983 -7.62529e-05 0.00301964 0.00124663 0.0108496 -0.000102942 -0.0106806 0.00238704
internal_weight=81712.5 33.0275 16.3379 6.28094 81679.5 1247.54 98.638 1148.9 80.7782 65.324 247.665 901.233 577.355 323.878 17.8598 80432 3589.07 680.904 2908.17 999.999 657.988 22.9158 1908.17 76842.9 653.788 534.563 119.224 76189.1 112.911 134.753
internal_count=520203 1760 570 169 518443 6386 508 5878 427 363 1332 4546 3011 1535 81 512057 20443 3659 16784 5749 3545 114 11035 491614 3444 2873 571 488170 651 681
is_linear=0
shrinkage=0.035


Tree=233
num_leaves=31
num_cat=0
split_feature=10 5 5 11 10 5 11 11 5 7 7 5 7 6 10 7 11 2 7 5 10 7 7 7 2 11 7 11 10 6
split_gain=6.8628 16.0577 91.3543 64.3974 98.7331 45.4643 46.9182 43.3007 47.398 39.4313 35.6433 33.6972 58.1436 42.4229 34.0021 32.1258 109.329 76.5386 31.987 43.0146 41.0058 58.8076 40.5347 37.1618 28.2019 25.8008 28.4335 21.6449 21.1302 19.1574
threshold=-0.6548396348953246 46.023597717285163 46.036748886108406 43.378349304199226 -2.62231433391571 45.558958053588874 13.683300018310549 38.438798904418952 46.028558731079109 43.856449127197273 45.461721420288093 46.181444168090827 24.034657478332523 61.516042709350593 -4.0052795410156241 43.682548522949226 48.919549942016609 52.858602523803718 60.827449798583991 45.489482879638679 -2.5170540809631343 39.775512695312507 68.741054534912124 69.86682510375978 48.924234390258796 67.773700714111342 75.742977142333999 57.429449081420906 -2.9991496801376338 53.580562591552741
decision_type=2 2 2 2 2 2 2 2 2 2 2 2 2 2 2 2 2 2 2 2 2 2 2 2 2 2 2 2 2 2
left_child=1 5 3 7 24 18 9 8 -3 29 -6 12 13 -4 -14 16 -8 -17 20 23 21 -1 -21 -20 -5 26 -13 -22 -9 -7
right_child=-2 2 11 4 10 6 15 28 -10 -11 -12 25 14 -15 -16 17 -18 -19 19 22 27 -23 -24 -25 -26 -27 -28 -29 -30 -31
leaf_value=-0.0020258848158480054 0.00035562597564051124 -0.016762079996392901 0.013905402601478366 0.023222748414755506 -0.033384154267832894 0.012880822417159619 -0.0036479475276968328 0.0076884926839574765 0.02046244847430485 -0.032439888789645432 0.015768348000408029 0.0006213923057280901 -0.036095493942147186 -0.014908337279287953 -0.010799029769024899 -0.004756570033203289 0.010702556730146884 -0.027370815917140724 -0.0059251958670381126 0.00044063280906070162 -0.001150505398116857 0.0095276515335767416 0.015784534697658517 0.00050365030656089279 0.064677484389919618 -0.006901787077666699 0.0172805328074284 0.011532215107425239 -0.033054250850000411 0.041834653524733291
leaf_weight=795.8210761747323 49130.235121465754 56.274321246892214 194.17399465292692 29.971460998058319 19.559353679418564 73.411761060357094 5375.3540752185509 21.717383682727814 156.23061056435108 16.261094227433205 158.1762007214129 11479.462431814522 81.256539799273014 91.267155736684799 330.11322735436261 1967.6246464811265 738.88107593171299 201.686120191589 2273.2189005813561 667.23001390928403 2676.2951308023185 1668.568279935047 308.29324705898762 2132.3075697557069 74.389252215623856 556.90933630056679 126.13559770956635 174.82236143946648 50.243165105581284 46.699980139732361
leaf_count=5586 313784 141 821 55 46 228 29220 40 303 44 325 84119 376 527 1799 7949 3524 760 13077 4783 19229 11110 1796 13925 124 3843 1182 1103 121 187
internal_value=9.44489e-05 -0.000299643 0.000627744 0.0143722 0.0261996 -0.00095133 -0.00287517 0.00257822 0.0105462 0.0174203 0.0101947 2.07837e-05 -0.00745944 0.0046521 -0.0158731 -0.00321179 -0.00191143 -0.00687161 0.000562492 -0.00133884 0.00248849 0.0057944 0.00530587 -0.00281247 0.0531059 0.000450377 0.000804234 -0.000367366 -0.0207127 0.0243984
internal_weight=81672.6 32542.4 13425.9 566.562 282.096 19116.5 8419.92 284.465 212.505 136.373 177.736 12859.3 696.811 285.441 411.37 8283.55 6114.24 2169.31 10696.6 5381.05 5315.51 2464.39 975.523 4405.53 104.361 12162.5 11605.6 2851.12 71.9605 120.112
internal_count=520127 206343 93822 1155 550 112521 41912 605 444 459 371 92667 3523 1348 2175 41453 32744 8709 70609 33581 37028 16696 6579 27002 179 89144 85301 20332 161 415
is_linear=0
shrinkage=0.035


Tree=234
num_leaves=31
num_cat=0
split_feature=9 7 5 5 7 5 4 7 7 4 5 7 7 10 7 7 5 7 6 5 5 7 10 10 9 8 11 7 10 5
split_gain=5.38241 43.4027 48.328 54.7444 40.2907 41.7103 34.8003 34.0572 43.8472 33.1833 33.46 62.0079 29.5687 27.8989 24.5171 52.6894 42.1129 32.995 21.7481 30.6036 21.6477 21.5614 20.7256 24.319 19.9372 19.0437 18.5629 23.9608 20.2874 17.6223
threshold=-2.8313499689102168 21.560606956481937 46.859218597412116 50.079809188842781 24.405713081359867 50.069395065307624 42.728067398071296 22.281182289123539 24.034657478332523 44.320077896118171 46.584453582763679 21.006519317626957 21.006519317626957 -0.035080650821328156 33.602645874023445 44.196378707885749 45.558958053588874 48.045326232910163 51.177995681762702 45.745761871337898 50.069395065307624 24.84964752197266 3.8988591432571416 -3.7061865329742427 -2.0750499963760372 -2.4999999999999996 21.875050544738773 24.405713081359867 3.219731450080872 46.036748886108406
decision_type=2 2 2 2 2 2 2 2 2 2 2 2 2 2 2 2 2 2 2 2 2 2 2 2 2 2 2 2 2 2
left_child=7 2 9 -4 5 18 -7 12 20 13 11 -11 -1 -2 26 16 -16 -17 -3 -20 22 24 23 -9 -6 -22 27 -10 -28 -14
right_child=1 4 3 -5 21 6 -8 8 14 10 -12 -13 29 -15 15 17 -18 -19 19 -21 25 -23 -24 -25 -26 -27 28 -29 -30 -31
leaf_value=-0.00054083318471274261 0.014417980153995558 -0.0049966274803359178 -0.020119132525297186 0.017473556943870323 -0.0028415443090477658 -0.0054244353640857893 0.017555469237450036 0.0059042463087883449 0.016726812521739215 -0.02959696948595282 0.048760225836556426 0.028994257291299751 0.0012113088106126104 -0.020685566671231684 -0.0050014211849867566 -0.02199546410734167 0.01232655397796769 -0.00019100702377501165 0.035058974303461311 -0.016652008416371076 0.024149351561167192 -6.6417609689133176e-05 -0.026321195230221462 0.01836237377135579 0.020142586681643239 -0.0089897160938079423 -0.0059287175810774362 -0.0020432593044628754 0.017537388752561341 -0.016089745029868027
leaf_weight=1211.8567122621462 98.487891789525747 619.83581589907408 109.93401670455933 82.144936189055443 72.915999077260494 177.04384390823543 146.7155237197876 364.30537920258939 123.76939947158098 26.87416235357523 60.517351813614368 109.56036149710417 95.409805187024176 37.610446289181709 220.56941567361355 117.94300910457969 762.63778994232416 301.68461738526821 13.658889350015668 449.22494755266234 25.024325519800186 74201.261303551495 16.343941621482372 412.63195624388754 122.45623403415084 117.91599164903164 1011.0245743738487 249.59227717667818 46.340618446469307 284.36503645032644
leaf_count=8705 453 2927 753 513 712 1327 1103 1117 499 212 152 287 809 198 1070 459 2351 1198 137 2534 103 479014 52 1736 1081 899 5842 1421 190 2218
internal_value=-1.7675e-06 -7.71532e-05 0.0099425 -0.00400007 -0.000146761 -0.00601373 0.00498523 0.00107001 0.00288342 0.0179948 0.0271582 0.017297 -0.00321994 0.00460187 0.000710123 0.00399877 0.00843123 -0.00636634 -0.00931039 -0.0150532 0.00944742 -3.56879e-05 0.0117066 0.0125418 0.0115523 -0.0030373 -0.00250995 0.00418277 -0.00488118 -0.0117314
internal_weight=81689.7 76328.2 525.129 192.079 75803.1 1406.48 323.759 5361.41 3769.78 333.05 196.952 136.435 1591.63 136.098 2833.56 1402.83 983.207 419.628 1082.72 462.884 936.222 74396.6 793.281 776.937 195.372 142.94 1430.73 373.362 1057.37 379.775
internal_count=520072 491403 2568 1266 488835 8028 2430 28669 16937 1302 651 499 11732 651 13030 5078 3421 1657 5598 2671 3907 480807 2905 2853 1793 1002 7952 1920 6032 3027
is_linear=0
shrinkage=0.035


Tree=235
num_leaves=21
num_cat=0
split_feature=13 13 10 6 6 1 13 13 10 4 4 10 2 7 6 6 10 1 6 1
split_gain=4.50268 9.24451 18.4051 7.84427 11.1994 7.0663 5.47312 7.72503 5.29484 4.74748 8.97876 5.07634 4.54082 10.5818 6.37485 4.19077 11.6142 4.39862 3.16275 3.80899
threshold=10.101009845733644 6.4583332538604745 8.0838499069213885 42.58998107910157 11.922789573669435 73.157684326171889 4.2572462558746347 4.6536796092987069 4.5100278854370126 33.490200042724616 50.771276473999031 1.8229469060897829 99.632465362548842 26.989735603332523 83.072074890136733 6.4205281734466562 5.885000705718995 94.759216308593764 48.081212997436531 71.045040130615249
decision_type=2 2 2 2 2 2 2 2 2 2 2 2 2 2 2 2 2 2 2 2
left_child=1 6 3 4 -3 -6 12 18 -2 11 -11 -9 15 -14 -15 16 -1 -17 19 -8
right_child=8 2 -4 -5 5 -7 7 9 -10 10 -12 -13 13 14 -16 17 -18 -19 -20 -21
leaf_value=0.0013121551059211394 -0.02894011516303471 -0.0065790748101853041 -0.015320186040186473 -0.0055991852456106347 0.020969125715314948 0.051667791595437641 -0.020318005922034525 -0.026380437508568829 0.0058231284548355446 0.022824480303649058 -0.0037903649199451067 0.0049412658847560985 0.027732440866223354 0.0051524654565093296 -0.011004098954318184 -0.00011021905411432458 -0.0050303960794638516 0.0021636908111319331 -0.032526138528006392 0.0094640669359978453
leaf_weight=5424.0639263466001 13.177014298737051 9.4953028336167318 22.155553497374058 10.416460506618021 25.253097012639046 17.260158747434616 15.203938506543638 16.600565075874332 7.865313969552516 18.588047929108143 76.497784942388535 9.0982733964920026 21.698001980781555 175.70825253427029 35.059976078569889 74308.71306844987 377.19555154442787 1055.895937345922 15.16015240550041 6.8916768953204146
leaf_count=30898 69 58 79 42 106 63 101 85 54 99 391 57 79 825 175 478522 2110 6214 101 47
internal_value=5.96382e-07 4.93301e-06 0.0115157 0.0212242 0.0267325 0.0343183 -7.03163e-06 -0.00649762 -0.0158883 -0.0020857 0.00148651 -0.0152129 5.54803e-06 0.00488185 0.00240039 -8.37986e-06 0.000897922 -7.82449e-05 -0.0202728 -0.0107171
internal_weight=81662 81641 84.5806 62.425 52.0086 42.5133 81556.4 158.04 21.0423 120.785 95.0858 25.6988 81398.3 232.466 210.768 81165.9 5801.26 75364.6 37.2558 22.0956
internal_count=520175 520052 348 269 227 169 519704 881 123 632 490 142 518823 1079 1000 517744 33008 484736 249 148
is_linear=0
shrinkage=0.035


Tree=236
num_leaves=31
num_cat=0
split_feature=6 5 5 7 10 4 4 4 5 7 5 6 10 5 5 5 6 5 10 13 13 10 7 7 10 4 4 7 5 7
split_gain=4.03994 14.3984 11.2948 15.8239 12.8703 7.34035 7.28233 18.3467 6.71735 6.70049 4.51784 4.17247 11.7293 6.89776 10.4158 13.8456 5.47497 5.25329 4.82974 3.85964 5.95185 4.13572 11.0993 9.63815 3.05058 3.48553 2.97654 2.92958 2.85428 2.71446
threshold=0.43134848773479467 47.499412536621101 45.558958053588874 42.775737762451179 8.0838499069213885 51.159671783447273 50.147262573242195 46.520668029785163 45.554418563842781 36.108549118041999 45.608633041381843 2.0562301874160771 -9.6117405891418439 50.080970764160163 50.079809188842781 50.079301834106452 1.2435246706008913 50.081499099731452 -11.258804321289061 10.101009845733644 8.7121210098266619 22.41047286987305 90.347183227539077 35.846035003662116 -1.0384084582328794 54.645147323608406 49.250772476196296 34.66917800903321 45.501287460327156 31.036768913269047
decision_type=2 2 2 2 2 2 2 2 2 2 2 2 2 2 2 2 2 2 2 2 2 2 2 2 2 2 2 2 2 2
left_child=1 2 3 5 8 28 7 9 -5 -4 -9 12 16 14 15 -14 -2 -15 -18 20 21 22 -13 -23 27 26 -26 -3 -1 -16
right_child=11 24 6 4 -6 -7 -8 10 -10 -11 -12 19 13 17 29 -17 18 -19 -20 -21 -22 23 -24 -25 25 -27 -28 -29 -30 -31
leaf_value=0.023642155610002324 -0.031738810573131708 0.014583506521777529 -0.013153394412256259 -0.0072177444970760972 0.033551577615550339 0.051051364289908918 -0.033175041300008951 -0.0019983171694826327 -0.035819473398918736 -0.040319377314421707 0.028363815415567938 -7.3718659742461035e-05 0.0024132511204332033 -0.01901385763330761 0.0018426334709825073 -0.024702517024670894 -0.024257288027640107 0.017027203641464098 0.012337526705058647 -0.014974902111671769 0.030259936463663217 -0.024437756566606482 0.019222619537618921 -0.0021227214811646261 0.0058677247584256196 -0.0064067541148221082 0.029812120186434126 -0.0081849315043265262 -0.00012132475629124331 0.019324369404212945
leaf_weight=9.9670711606741005 17.26389703899622 11.362790964543821 38.730859860777855 112.25341050326824 8.0977383255958539 6.8114651292562476 24.456922449171543 9.9846871942281741 10.561253100633619 16.514205537736416 12.572399370372294 79513.829727582168 1346.7240219786763 28.833940170705318 14.880239091813563 22.63539282977581 6.8784750923514393 5.0974240303039542 9.4535729363560659 20.509075038135052 7.1209824532270423 26.131762694567442 35.730322286486626 209.68976771645248 10.983696460723879 5.57823172956705 20.090292669832706 15.058876574039457 13.200677357614039 54.879965364933014
leaf_count=62 90 81 208 757 50 39 108 40 41 56 79 507131 7211 247 113 193 43 43 50 122 30 280 267 1716 78 43 151 114 65 425
internal_value=-6.07335e-05 -0.00394332 -0.00755898 -0.00170682 -0.00701841 0.0208398 -0.016614 -0.0110343 -0.00994983 -0.0218585 0.0150165 -4.50333e-05 0.001779 0.00225385 0.00262853 0.00194576 -0.0184057 -0.0131305 -0.00307933 -7.95712e-05 -7.55048e-05 -7.86034e-05 -6.47703e-05 -0.00469933 0.0109377 0.0173838 0.0219278 0.00149044 0.0102579 0.0157578
internal_weight=81645.9 326.225 263.151 160.892 130.912 29.9792 102.259 77.8022 122.815 55.2451 22.5571 81319.7 1506.65 1473.05 1439.12 1369.36 33.5959 33.9314 16.332 79813 79792.5 79785.4 79549.6 235.822 63.0739 36.6522 31.074 26.4217 23.1677 69.7602
internal_count=519933 1972 1505 1014 848 166 491 383 798 264 119 517961 8415 8232 7942 7404 183 290 93 509546 509424 509394 507398 1996 467 272 229 195 127 538
is_linear=0
shrinkage=0.035


Tree=237
num_leaves=31
num_cat=0
split_feature=6 10 4 10 4 10 2 4 2 2 2 2 9 7 2 7 7 7 7 7 9 6 10 4 2 10 4 10 9 7
split_gain=7.38435 14.0692 9.40108 9.05517 17.6031 7.38411 8.24689 7.34699 7.03349 4.94395 4.91432 4.49883 15.0678 54.1627 82.5876 69.1521 45.4446 40.2847 37.4026 34.4581 33.0331 22.157 22.1033 21.5577 19.6257 16.9195 14.9882 25.2355 24.2941 33.0617
threshold=0.43134848773479467 -5.4341070652008048 61.183130264282234 1.3371118903160097 53.041168212890632 0.42062677443027502 53.844207763671882 49.197538375854499 50.357872009277351 52.297090530395515 50.078802108764656 50.230611801147468 -2.8313499689102168 21.560606956481937 53.883504867553718 24.405713081359867 20.186177253723148 21.560606956481937 23.790318489074711 21.006519317626957 -4.0630500316619864 44.941236495971687 -11.258804321289061 42.541114807128913 53.98773384094239 5.1680891513824472 39.790378570556648 2.4086596965789799 -1.1467500329017637 31.811714172363285
decision_type=2 2 2 2 2 2 2 2 2 2 2 2 2 2 2 2 2 2 2 2 2 2 2 2 2 2 2 2 2 2
left_child=1 8 3 5 7 6 -3 -5 -1 -6 -7 26 17 14 23 24 -16 19 21 22 -21 -19 -13 -14 -15 -20 27 -2 29 -28
right_child=11 2 -4 4 9 10 -8 -9 -10 -11 -12 12 13 15 16 -17 -18 18 25 20 -22 -23 -24 -25 -26 -27 28 -29 -30 -31
leaf_value=-0.00066755873294535486 -0.0030724967731445242 -0.00068862774496612409 -0.032868530588363011 0.0064339944727527399 -0.016866593101671414 0.004110496412019311 -0.033421935747621333 0.031906441014218634 -0.034976024535742091 0.011916837050348792 -0.02990340403670267 0.010424510142363532 0.0019276663879538175 -0.011785546353860178 -0.030327727440388211 -0.00023893722996574999 0.007923753489795151 0.0039581688728091849 0.002519588947932935 -0.03092335332986822 0.0010855805566122691 0.016738613004049753 -0.0042985155189664203 0.029545632179597537 -0.00063884227345614524 -0.010479187553187694 0.00017561888320045125 0.00438813732378772 0.00026153235850274363 0.006982762603146289
leaf_weight=10.693746916949747 3052.7430805955082 151.30132561177015 11.261170998215674 28.477058462798595 31.06572762131691 6.1028530597686794 9.2990488111972791 28.959288023412228 25.995021112263203 8.5663175582885724 21.530075438320637 156.47845112439245 42.36810215935111 830.46072266995907 62.87879853695631 43674.970428481232 93.470917917788029 298.74797482788563 2141.1277875024825 103.32666992396116 62.87939958460629 380.36163236852735 604.37720825243741 206.40130726993084 254.08277379255742 129.16720784455538 1866.4904593126848 677.47999214194715 25119.765922950115 1646.6706029539928
leaf_count=67 19108 917 53 162 196 47 73 188 129 42 140 878 102 3052 459 258704 715 1163 8978 712 339 1670 3994 396 2558 530 17356 4018 181190 12276
internal_value=2.93439e-05 -0.00516357 -0.00257612 -0.00126742 0.00734693 -0.005759 -0.00278358 0.0196592 -0.0253904 -0.0103593 -0.0222408 5.07392e-05 -0.000160529 -0.000340406 0.0123863 -0.000455972 -0.00749129 0.00193306 0.00393451 -0.00442483 -0.0188246 0.0111379 -0.0012536 0.0248913 -0.00918298 0.00177352 0.000371094 -0.00171498 0.000643146 0.00336908
internal_weight=81737.5 333.252 296.563 285.302 97.0684 188.233 160.6 57.4363 36.6888 39.632 27.6329 81404.2 49041.1 45164.6 405.119 44759.5 156.35 3876.47 2949.4 927.062 166.206 679.11 760.856 248.769 1084.54 2270.29 32363.2 3730.22 28632.9 3513.16
internal_count=520212 2014 1818 1765 588 1177 990 350 196 238 187 518198 284250 265986 1672 264314 1174 18264 12341 5923 1051 2833 4872 498 5610 9508 233948 23126 210822 29632
is_linear=0
shrinkage=0.035


Tree=238
num_leaves=29
num_cat=0
split_feature=13 6 10 6 5 10 6 2 6 6 7 13 0 6 13 6 2 0 1 10 1 10 9 9 0 5 10 6
split_gain=4.67745 18.1047 8.75145 12.3507 14.349 6.68574 6.43411 5.14215 11.1068 10.9801 12.2791 6.29011 9.69434 9.41904 12.5881 9.06015 6.0796 7.71441 7.40334 16.0182 10.7697 7.12653 5.98423 3.6778 3.20323 3.01855 2.56948 2.08581
threshold=6.4583332538604745 50.411310195922859 6.3144264221191415 10.719758033752443 95.819477081298842 0.31776341795921331 39.054794311523445 99.632465362548842 83.072074890136733 56.734876632690437 27.158969879150394 1.0000000180025095e-35 68.000000000000014 90.082221984863295 1.0362972021102907 92.034957885742202 99.13132476806642 30.79999923706055 89.684749603271499 -0.10236150771379469 67.913909912109389 -0.28298069536685938 1.2405499815940859 0.96744999289512645 46.399999618530281 98.774887084960952 3.6285141706466679 51.971612930297859
decision_type=2 2 2 2 2 2 2 2 2 2 2 2 2 2 2 2 2 2 2 2 2 2 2 2 2 2 2 2
left_child=7 2 3 -2 -5 -6 -4 11 9 24 -11 16 13 14 -13 -15 18 27 20 -20 -1 -19 -10 -12 25 -9 -24 -18
right_child=1 -3 6 4 5 -7 -8 8 22 10 23 12 -14 15 -16 -17 17 21 19 -21 -22 -23 26 -25 -26 -27 -28 -29
leaf_value=8.3146541847127876e-06 -0.0092655791274665819 -0.027188240208928592 -0.017049618306003926 -0.008885445273443808 0.054330386605738037 0.023853798062235049 0.018506696910097962 -0.0039249272468736144 -0.033935331394251762 0.04707879276387144 -0.0028548274965823775 -0.0057279743158903818 0.035207120584211493 0.030616496595613669 -0.00050502225818700134 -0.0017346938544143672 -0.026035587722825049 0.019167616745722788 0.0092580630882432725 -0.0020320228068344388 -0.0060690093801048514 -0.0079278212823298885 0.0078571223288229752 0.012999470818944677 -0.019401525308239798 0.016753045707146863 -0.01306749268474121 -0.0077234055622782214
leaf_weight=77525.640670722816 13.560246661305426 15.116018965840338 16.36702980846167 10.223744496703146 15.889100588858126 27.149195559322834 8.9034569263458234 42.069100089371204 10.318647541105745 11.762782610952852 20.361513920128345 810.39869469404221 7.8705182075500479 20.542545832693577 1876.9378031641245 20.151340186595917 26.614944010972977 15.631375692784784 319.47381919622421 294.39567735791206 358.0475607663393 42.143219217658043 12.754000991582872 106.99023687839508 11.831540696322916 10.024369731545447 14.149190448224543 13.533353008329867
leaf_count=497206 79 56 73 45 64 119 41 222 55 43 109 4690 30 100 10186 82 155 80 1842 1842 2050 218 66 478 48 41 63 80
internal_value=-3.29059e-05 0.00724545 0.0131582 0.0197481 0.0272921 0.0360511 -0.00407021 -4.26286e-05 0.00506132 0.00830681 0.0138102 -5.78419e-05 -0.00170734 -0.00182669 -0.00208391 0.0147031 -3.17256e-07 -0.00868048 1.05101e-05 0.00383665 -1.95962e-05 -0.000315766 -0.0122605 0.010408 -0.00358421 0.000115006 -0.00295464 -0.0203053
internal_weight=81678.9 107.209 92.0928 66.8223 53.262 43.0383 25.2705 81571.6 240.261 203.04 139.115 81331.4 2735.9 2728.03 2687.34 40.6939 78595.5 97.9229 78497.6 613.869 77883.7 57.7746 37.2218 127.352 63.925 52.0935 26.9032 40.1483
internal_count=520163 477 421 307 228 183 114 519686 1125 941 630 518561 15088 15058 14876 182 503473 533 502940 3684 499256 298 184 587 311 263 129 235
is_linear=0
shrinkage=0.035


Tree=239
num_leaves=31
num_cat=0
split_feature=2 6 2 10 7 7 11 2 11 9 7 5 2 2 10 5 2 5 5 10 7 7 9 7 9 7 1 2 12 1
split_gain=5.02603 11.243 26.8229 31.8106 35.6244 44.0893 31.1962 37.535 38.4218 37.0188 30.8248 30.132 47.1942 39.3743 16.6954 34.6013 44.1846 30.8078 20.7305 22.5768 31.3271 20.2781 18.0729 17.9371 57.8833 35.3452 10.4516 11.8977 18.4016 11.0976
threshold=50.091802597045906 52.76214790344239 50.500419616699226 -1.225976228713989 37.579692840576179 36.589582443237312 90.86985015869142 50.408788681030281 77.268501281738295 0.10485000163316728 43.157150268554695 45.558958053588874 53.427110671997077 52.04185867309571 -6.6548156738281241 46.028558731079109 53.468648910522468 46.218702316284187 45.549871444702156 -2.5692464113235469 60.827449798583991 36.454193115234382 -2.0750499963760372 60.380186080932624 1.4951500296592715 53.843322753906257 89.684749603271499 49.565883636474616 44.466983795166023 71.365444183349624
decision_type=2 2 2 2 2 2 2 2 2 2 2 2 2 2 2 2 2 2 2 2 2 2 2 2 2 2 2 2 2 2
left_child=26 14 6 11 5 -5 7 9 -9 -3 -6 12 -4 -13 15 -2 22 -18 19 20 -16 -21 -17 25 -25 -20 29 28 -28 -1
right_child=1 2 3 4 10 -7 -8 8 -10 -11 -12 13 -14 -15 18 16 17 -19 23 21 -22 -23 -24 24 -26 -27 27 -29 -30 -31
leaf_value=0.00030411182034682793 -0.00018299420210397574 0.01193355616126796 0.0025795249083819913 0.0025156699132055003 -0.0049765026845671259 0.020483732950726852 0.031257254881866446 -0.014659850413625178 0.017112961642286886 -0.0052390320887651777 0.00021189988690382066 -0.010196280282973378 -0.019858918001245694 -0.0023362280861788272 0.0088797242255382915 0.014712022069423037 -0.029782524870289678 0.0073687416606527875 -0.0010397015765012496 0.0060777477079483012 -0.0023411426127335111 8.3682462164223602e-05 0.039935997832224186 -0.0080702851546358614 0.0039113393890267143 0.0041275457003959997 0.0032755651686055026 -0.021649358881143575 0.021272469395928608 -0.0057782161751358217
leaf_weight=30856.618101087399 1040.3686536177993 202.18610673397779 1764.1087490748614 3521.0843979911879 1674.8347147624008 175.02345980750397 27.197587832808495 610.13026009453461 49.615438707172871 632.68856739485636 8599.464850500226 1019.2359864404425 121.982860843651 3348.3243739968166 962.23977928608656 73.467150531709194 28.405454039573669 419.32663263380527 11791.898799322546 752.00777701288462 444.24035178869963 8507.8811401054263 70.284976609051228 1375.7810528352857 768.80923169851303 1879.1298931092024 512.81959387287498 19.207737803459167 80.147563941776752 371.01307617500424
leaf_count=225923 4955 1243 14310 20741 9922 1148 72 3167 108 3852 57771 3663 1298 19253 6300 155 204 1883 55086 5467 2884 56819 194 6733 3334 7990 3165 112 427 2097
internal_value=-2.28654e-05 -0.000242316 -0.000839961 -0.000502282 0.00042602 0.00337266 -0.0053203 -0.00600695 -0.012242 -0.00106443 -0.000633513 -0.00257698 0.00111681 -0.00417362 0.000219721 0.00365475 0.0104079 0.00494723 7.6819e-06 0.00120032 0.00533129 0.000571707 0.027246 -0.000796235 -0.0037719 -0.000328734 0.000320562 0.00484717 0.00574526 0.000231478
internal_weight=81699.5 49859.7 21745.9 20224.1 13970.4 3696.11 1521.82 1494.62 659.746 834.875 10274.3 6253.65 1886.09 4367.56 28113.8 1631.85 591.484 447.732 26482 10666.4 1406.48 9259.89 143.752 15815.6 2144.59 13671 31839.8 612.175 592.967 31227.6
internal_count=520276 288552 136548 128106 89582 21889 8442 8370 3275 5095 67693 38524 15608 22916 152004 7391 2436 2087 144613 71470 9184 62286 349 73143 10067 63076 231724 3704 3592 228020
is_linear=0
shrinkage=0.035


end of trees

feature_importances:
Column_7=1616
Column_5=1205
Column_2=1059
Column_10=930
Column_6=729
Column_9=488
Column_4=350
Column_11=347
Column_13=165
Column_0=110
Column_1=87
Column_12=52
Column_8=33

parameters:
[boosting: gbdt]
[objective: binary]
[metric: binary_logloss]
[tree_learner: serial]
[device_type: cpu]
[data_sample_strategy: bagging]
[data: ]
[valid: ]
[num_iterations: 240]
[learning_rate: 0.035]
[num_leaves: 31]
[num_threads: 10]
[seed: 42]
[deterministic: 0]
[force_col_wise: 0]
[force_row_wise: 0]
[histogram_pool_size: -1]
[max_depth: 6]
[min_data_in_leaf: 40]
[min_sum_hessian_in_leaf: 0.001]
[bagging_fraction: 0.85]
[pos_bagging_fraction: 1]
[neg_bagging_fraction: 1]
[bagging_freq: 1]
[bagging_seed: 400]
[bagging_by_query: 0]
[feature_fraction: 0.85]
[feature_fraction_bynode: 1]
[feature_fraction_seed: 30056]
[extra_trees: 0]
[extra_seed: 12879]
[early_stopping_round: 0]
[early_stopping_min_delta: 0]
[first_metric_only: 0]
[max_delta_step: 0]
[lambda_l1: 0.2]
[lambda_l2: 0.8]
[linear_lambda: 0]
[min_gain_to_split: 0]
[drop_rate: 0.1]
[max_drop: 50]
[skip_drop: 0.5]
[xgboost_dart_mode: 0]
[uniform_drop: 0]
[drop_seed: 17869]
[top_rate: 0.2]
[other_rate: 0.1]
[min_data_per_group: 100]
[max_cat_threshold: 32]
[cat_l2: 10]
[cat_smooth: 10]
[max_cat_to_onehot: 4]
[top_k: 20]
[monotone_constraints: ]
[monotone_constraints_method: basic]
[monotone_penalty: 0]
[feature_contri: ]
[forcedsplits_filename: ]
[refit_decay_rate: 0.9]
[cegb_tradeoff: 1]
[cegb_penalty_split: 0]
[cegb_penalty_feature_lazy: ]
[cegb_penalty_feature_coupled: ]
[path_smooth: 0]
[interaction_constraints: ]
[verbosity: -1]
[saved_feature_importance_type: 0]
[use_quantized_grad: 0]
[num_grad_quant_bins: 4]
[quant_train_renew_leaf: 0]
[stochastic_rounding: 1]
[linear_tree: 0]
[max_bin: 255]
[max_bin_by_feature: ]
[min_data_in_bin: 3]
[bin_construct_sample_cnt: 200000]
[data_random_seed: 175]
[is_enable_sparse: 1]
[enable_bundle: 1]
[use_missing: 1]
[zero_as_missing: 0]
[feature_pre_filter: 1]
[pre_partition: 0]
[two_round: 0]
[header: 0]
[label_column: ]
[weight_column: ]
[group_column: ]
[ignore_column: ]
[categorical_feature: ]
[forcedbins_filename: ]
[precise_float_parser: 0]
[parser_config_file: ]
[objective_seed: 16083]
[num_class: 1]
[is_unbalance: 0]
[scale_pos_weight: 1]
[sigmoid: 1]
[boost_from_average: 1]
[reg_sqrt: 0]
[alpha: 0.9]
[fair_c: 1]
[poisson_max_delta_step: 0.7]
[tweedie_variance_power: 1.5]
[lambdarank_truncation_level: 30]
[lambdarank_norm: 1]
[label_gain: ]
[lambdarank_position_bias_regularization: 0]
[eval_at: ]
[multi_error_top_k: 1]
[auc_mu_weights: ]
[num_machines: 1]
[local_listen_port: 12400]
[time_out: 120]
[machine_list_filename: ]
[machines: ]
[gpu_platform_id: -1]
[gpu_device_id: -1]
[gpu_device_id_list: ]
[gpu_use_dp: 0]
[num_gpu: 1]

end of parameters

pandas_categorical:null
