tree
version=v4
num_class=1
num_tree_per_iteration=1
label_index=0
max_feature_idx=35
objective=binary sigmoid:1
feature_names=Column_0 Column_1 Column_2 Column_3 Column_4 Column_5 Column_6 Column_7 Column_8 Column_9 Column_10 Column_11 Column_12 Column_13 Column_14 Column_15 Column_16 Column_17 Column_18 Column_19 Column_20 Column_21 Column_22 Column_23 Column_24 Column_25 Column_26 Column_27 Column_28 Column_29 Column_30 Column_31 Column_32 Column_33 Column_34 Column_35
feature_infos=[-34.146343231201172:148.89764404296875] [-39.552238464355469:391.9278564453125] [-50.087875366210938:420.54922485351562] [-36.514438629150391:175.02720642089844] [-1:1] [0.19552096724510193:11.73778247833252] [0:100] [0.13695648312568665:3.6072909832000732] [0:0.60000002384185791] [0:100] [0:1] [-29.272151947021484:72.834648132324219] [-61.644001007080078:434.46731567382812] [-22.215309143066406:39.347389221191406] [-28.445230484008789:93.807167053222656] [-45.661426544189453:285.866455078125] [-14.910300254821777:41.333160400390625] [0:15.998532295227051] [0.40430551767349243:8.1247663497924805] [0.50035542249679565:16.686323165893555] [0.48756599426269531:16.553306579589844] [0:100] [0:100] [0:100] [-62.96600341796875:0] [0.11249721050262451:7.7262687683105469] [-0.96297335624694824:0.97810482978820801] [-0.97865748405456543:0.95251423120498657] [-3.69675612449646:3.7099099159240723] [-1.8850890398025513:12.948719024658203] [0.05000000074505806:0.89999997615814209] [-0.99995338916778564:0.99990922212600708] [-62.486637115478516:-1.3245043754577637] [-463.08883666992188:448.94461059570312] [-100:0] [-52.978908538818359:152.58642578125]
tree_sizes=6739 7034 7039 7038 7045 7016 7059 7024 7047 7031 7059 7047 7051 7016 7037 7025 7037 7043 7032 7043 7051 7018 7008 7055 7041 7061

Tree=0
num_leaves=63
num_cat=0
split_feature=19 20 19 19 32 20 19 5 33 6 7 14 1 13 32 20 12 20 19 0 14 7 11 11 19 32 32 7 5 32 5 19 32 34 11 7 34 11 2 17 5 2 19 19 22 20 22 27 0 27 5 12 23 7 7 19 34 21 11 0 32 6
split_gain=11084.2 2231.48 1886.67 472.984 297.285 278.077 249.921 196.397 191.777 112.026 110.982 110.127 108.642 103.92 102.915 78.4258 74.3872 72.2287 71.8695 69.1011 68.0384 67.3984 63.457 61.2312 58.167 57.3528 55.7118 50.4989 48.6401 48.5148 48.2068 42.9245 41.7205 39.1274 38.2152 34.7411 34.7339 55.2993 34.4131 32.5041 30.9466 30.935 30.7972 29.9401 29.6468 28.7821 35.4091 28.0841 27.241 26.1717 25.3912 24.7681 23.9827 23.9744 23.2197 22.9627 22.8143 22.7813 22.7449 22.2369 21.7456 21.1039
threshold=2.7584658861160283 1.9166098237037661 3.9853618144989018 1.3148456811904909 -33.636129379272454 2.4090491533279423 3.3739583492279057 3.7799917459487919 69.504741668701186 32.309028625488288 0.81223192811012279 5.7690296173095712 1.8583490252494814 3.4077543020248418 -24.13409328460693 5.374608278274537 12.73079299926758 2.8409599065780644 1.6651631593704226 -8.2773323059082013 7.8125679492950448 0.73967170715332042 7.6853070259094247 4.1131112575531015 1.1408123970031741 -23.196040153503414 -23.516583442687985 0.77214652299880993 2.028788805007935 -16.739403724670407 1.960763216018677 2.368035197257996 -11.664244174957274 -2.1960309743881221 -3.3538448810577388 0.75457918643951427 -44.676595687866204 -4.4005155563354483 6.9455120563507089 3.2124830484390263 6.0148024559021005 4.3266465663909921 1.9894254207611086 2.906720876693726 90.33234024047853 4.3488445281982431 31.355882644653324 0.041868386790156371 -9.7688908576965314 -0.034623734652996056 1.960763216018677 1.1268453001976015 77.167564392089858 0.7457333803176881 0.63272041082382213 1.9210886359214785 -83.478252410888658 95.83011627197267 -2.8096154928207393 -3.3347431421279903 -17.184411048889157 69.337848663330092
decision_type=2 2 2 2 2 2 2 2 2 2 2 2 2 2 2 2 2 2 2 2 2 2 2 2 2 2 2 2 2 2 2 2 2 2 2 2 2 2 2 2 2 2 2 2 2 2 2 2 2 2 2 2 2 2 2 2 2 2 2 2 2 2
left_child=1 3 6 12 15 11 10 26 18 17 32 16 24 27 19 56 21 -7 34 -8 25 42 35 28 -1 48 -6 38 41 55 -23 -29 49 -15 -5 47 37 -28 -11 60 53 -10 -3 -27 57 46 -21 -16 -12 59 -31 54 -51 -9 -34 -20 -4 -22 -53 -2 -19 -18
right_child=2 5 4 8 7 9 14 40 23 13 20 -13 -14 33 22 -17 61 39 29 45 44 30 -24 -25 -26 43 36 31 -30 50 -32 -33 51 -35 -36 -37 -38 -39 -40 -41 -42 -43 -44 -45 -46 -47 -48 -49 -50 52 -52 58 -54 -55 -56 -57 -58 -59 -60 -61 -62 -63
leaf_value=0.39519362023233995 0.42463262731097307 0.40564773183554964 0.42634273553668545 0.41633029768435531 0.42920541386569205 0.41946750874383332 0.43471937963660873 0.42862191992923054 0.41052192096758627 0.41330277227685075 0.43195893679784347 0.42760290954420477 0.4080956860905432 0.4225507385967458 0.42318721115482372 0.43716922922040402 0.41728064537528076 0.42623246558800726 0.41186522747406884 0.42349722705389659 0.42734588144681895 0.41448891466581239 0.42962893889095255 0.42221234017459269 0.40188066851967402 0.42009144210701471 0.42878082541818341 0.41510286255662115 0.42883186684466013 0.40825526030088793 0.42187162183738708 0.41820130288217489 0.4010947193972379 0.43493962563323729 0.40531927280896368 0.42406574440129807 0.42797981230086701 0.42461473079823442 0.42121201823464977 0.43685400324037943 0.43503189812879167 0.41437703080900634 0.41206931587270079 0.42221504986731101 0.43252691748816302 0.43106414218965589 0.42735626584001218 0.41915435572964627 0.42401772953581607 0.41830400950500862 0.41915190027458155 0.42430569556311326 0.42686250944555937 0.43148320840871773 0.41507439194068424 0.42005805446920003 0.43252206375566155 0.41443276118763517 0.41674792295766749 0.42055750853406559 0.41998929261528062 0.42243704962678658
leaf_weight=693.13640128076077 422.05475038290024 208.63477456569672 172.267245054245 78.955820649862289 3087.1725874096155 1501.5961527228355 252.18010595440865 926.41496229171753 1444.6522578299046 1086.2406840920448 102.64256684482098 144.27381773293018 338.79224860668182 344.29523004591465 940.29204592108727 1217.115938320756 623.75098313391209 423.0117906332016 240.45636288821697 891.48299315571785 100.01070615649223 7612.5374109596014 400.52134475111961 140.68491679430008 625.66506363451481 2080.3662440925837 997.23594081401825 1285.5443162173033 36.128269448876381 2429.6859354525805 200.26067237555981 4851.71554890275 38.999390199780464 68.189117833971977 2395.7110065668821 5248.6479927152395 2894.8074970990419 2690.0008835345507 135.42119541764259 50.723133265972137 478.04160502552986 753.90845717489719 1206.3492355048656 5207.495261952281 210.3095950037241 278.25945277512074 1423.5973723232746 654.61553120613098 2002.1282036304474 1232.4285823255777 52.8764738291502 99.532186031341553 75.606179773807526 3242.6916280835867 99.292925968766212 119.15151116251945 1048.4375942051411 41.152730762958527 679.49857771396637 1016.6160058826208 171.78872492909431 244.28452388942242
leaf_count=2897 1764 872 720 330 12903 6276 1054 3872 6038 4540 429 603 1416 1439 3930 5087 2607 1768 1005 3726 418 31817 1674 588 2615 8695 4168 5373 151 10155 837 20278 163 285 10013 21937 12099 11243 566 212 1998 3151 5042 21765 879 1163 5950 2736 8368 5151 221 416 316 13553 415 498 4382 172 2840 4249 718 1021
internal_value=0.420616 0.413633 0.425735 0.407576 0.429581 0.416444 0.422992 0.428752 0.409152 0.418237 0.421648 0.414709 0.400293 0.417399 0.424775 0.434435 0.414522 0.421264 0.407563 0.427198 0.422486 0.414127 0.42382 0.412724 0.398322 0.42224 0.427527 0.416987 0.412119 0.409234 0.41468 0.417548 0.419426 0.424694 0.405661 0.423476 0.426735 0.425749 0.414191 0.425456 0.431294 0.41183 0.411092 0.421607 0.428957 0.42645 0.42588 0.421523 0.424423 0.420357 0.40848 0.416658 0.418819 0.430855 0.410803 0.41452 0.431673 0.423443 0.41774 0.421746 0.424408 0.41875
internal_weight=69760.3 29508.4 40251.9 9349.8 16754.2 20158.6 23497.7 14316.4 7692.21 9918.53 13408.1 10240.1 1657.59 7771.41 10089.6 2437.82 10095.8 2147.12 5316.84 2845.52 9744.11 9227.78 7244.08 2375.37 1318.8 9392.63 9669.22 7358.92 2234.69 2842.17 7812.8 6137.26 3664.03 412.484 2474.67 6843.56 6582.04 3687.24 1221.66 645.524 4647.15 2198.56 1414.98 7287.86 351.473 2593.34 2315.08 1594.91 2104.77 2746.71 2482.56 917.323 1308.03 4169.11 138.292 359.608 1220.7 141.163 779.031 1438.67 594.801 868.036
internal_count=291567 123332 168235 39078 70025 84254 98210 59836 32150 41455 56040 42799 6928 32481 42170 10189 42196 8974 22222 11893 40726 38568 30277 9928 5512 39257 40413 30757 9340 11879 32654 25651 15314 1724 10343 28603 27510 15411 5106 2698 19423 9189 5914 30460 1469 10839 9676 6666 8797 11480 10376 3834 5467 17425 578 1503 5102 590 3256 6013 2486 3628
is_linear=0
shrinkage=1


Tree=1
num_leaves=63
num_cat=0
split_feature=19 19 19 19 19 19 32 5 35 3 0 15 7 13 7 2 32 3 3 7 3 18 6 11 26 32 32 11 18 7 15 19 3 19 13 19 27 5 18 11 7 32 22 33 15 22 35 19 23 7 22 5 26 0 32 19 14 9 6 26 15 13
split_gain=10547.9 2078.43 1894.96 395.635 297.259 286.135 269.403 196.087 161.125 145.045 116.083 108.852 107.802 100.934 91.9828 87.7542 76.6585 74.1963 70.5582 68.0244 59.7821 58.5288 56.6734 54.5912 53.1993 49.5361 49.2815 51.1953 43.4683 39.0321 37.0454 37.1752 35.2619 34.9983 33.914 33.1622 32.2998 32.0681 30.5807 29.7935 29.6743 28.88 28.5395 28.4091 27.7554 27.3945 26.8936 26.7009 26.3004 26.1301 25.1279 25.0115 24.5417 23.475 23.3486 22.5947 22.0265 22.0179 21.9747 21.1571 20.5872 20.4041
threshold=2.7584658861160283 1.8328085541725161 4.0477070808410653 1.3148456811904909 2.3457101583480839 3.3599542379379277 -33.636129379272454 3.9103916883468632 80.948242187500014 1.2168645858764651 -9.7688908576965314 -8.734426021575926 0.76620224118232738 3.7328796386718754 0.81223192811012279 5.5929203033447275 -18.57526874542236 6.2631704807281503 -3.980939388275146 0.62668475508689891 -5.3526325225830069 0.88693159818649303 23.511060714721683 8.035306930541994 0.70711526274681102 -23.061256408691403 -23.196040153503414 8.035306930541994 1.8660171627998354 1.4135544300079348 -8.888152599334715 4.7250044345855722 -9.6629171371459943 1.6651631593704226 5.3691766262054452 2.1275331974029545 -0.14430194348096845 3.0996123552322392 1.6386151909828188 4.1131112575531015 0.69803282618522655 -35.143709182739251 37.25493240356446 -108.9829750061035 0.33444684743881231 97.148300170898452 95.796646118164077 3.0038375854492192 56.335754394531257 0.78347533941268932 96.53912734985353 5.5617151260375985 0.63375642895698558 -10.288425445556639 -24.493814468383786 6.1220202445983896 -4.489020347595214 35.783044815063484 58.000818252563484 0.21058369427919391 -4.9501073360443106 2.5529385805130009
decision_type=2 2 2 2 2 2 2 2 2 2 2 2 2 2 2 2 2 2 2 2 2 2 2 2 2 2 2 2 2 2 2 2 2 2 2 2 2 2 2 2 2 2 2 2 2 2 2 2 2 2 2 2 2 2 2 2 2 2 2 2 2 2
left_child=1 3 5 9 12 14 30 25 18 21 54 32 20 19 24 44 34 22 -5 42 -3 -1 43 40 36 49 53 47 -21 -19 31 -4 -6 -20 41 38 -2 -27 -22 -17 -18 -12 -13 -14 -10 -15 -24 -28 -39 56 -29 -9 -35 -16 -7 -32 -8 -11 -38 -37 -26 -46
right_child=2 4 6 8 11 10 7 51 15 57 16 13 17 45 26 39 23 29 33 28 35 -23 46 -25 60 37 27 50 -30 -31 55 -33 -34 52 -36 59 58 48 -40 -41 -42 -43 -44 -45 61 -47 -48 -49 -50 -51 -52 -53 -54 -55 -56 -57 -58 -59 -60 -61 -62 -63
leaf_value=-0.025563979903498863 0.0016419063659564343 0.0011595682710312239 0.012144475703587237 -0.0067842560289915503 0.0090974466658430859 0.0161492569728964 0.010561923922552124 0.01042254427975999 -0.0048970141321034218 -0.00062606205426559499 0.0088035633863136568 -0.011215199210004816 0.00076165051602421869 0.0024186434787158771 0.011236181537478372 -0.0029323533704653016 -0.00036937098673278819 -0.0038191383923779371 -0.014495593737973031 -0.0041461396424377411 -0.014047016994716525 -0.018778194250670101 -0.0061878031895501685 0.0091038429316079705 0.0028333229300617807 0.0051734525876066173 -0.00018561348675128863 0.0040531540896737933 -0.0018997079985377903 0.0070250602748396038 0.010264669168468389 0.017764933438687541 0.00055512004162164687 -0.011116872793572874 0.010762252783016645 -0.0049139342354772072 -0.0024045725222663164 0.0051639700748906297 -0.0082347422867774141 0.0076854635546061501 0.0027149285531409117 0.0045161128156849034 -0.0026793637547866036 -0.0057093086655655061 -0.011882781097559979 0.01268253008104106 -0.0029144118844761971 0.0016519780294492342 0.0082774801215774376 0.0092838189290171073 0.013434194907553843 0.013706334245376914 -0.016805865102581377 0.0033185535583311718 0.008166992675962258 0.015392592578092211 0.0043752302906088164 -0.0127766303467928 0.0011557451426939807 -0.0097433941394591411 -0.007587265140667823 -0.00010433016136526337
leaf_weight=652.38053768873215 1036.3900557607412 113.78723537921906 484.48898747563362 419.80051498115063 116.84154891967773 191.10125130414963 178.89003725349903 3326.7052165865898 229.40831337869167 40.326421931385994 391.59427505731583 348.56966198980808 449.49035941064358 269.99083244800568 88.315863758325577 350.49153319001198 830.04866634309292 135.70103919506073 2675.0666145980358 4355.1758708953857 591.98526844382286 631.88420397043228 7782.0601909607649 272.25228990614414 45.221348851919174 3221.1843717843294 3318.5496440380812 228.04994231462479 3562.5839601159096 159.07636925578117 824.15123690664768 746.95470526814461 1356.6245247721672 1774.1572508960962 231.70682825148106 374.74898371100426 1663.1758754700422 917.78746798634529 354.02451039850712 69.12339474260807 4251.5415607392788 4829.2901154756546 126.4869394749403 226.55468921363354 587.99664708971977 75.443348199129105 633.98913680016994 3799.8004622906446 2149.5226713567972 2534.9270017445087 93.830753356218338 692.90048456192017 210.76295468211174 2010.6860707253218 177.62404163181782 292.08751171827316 545.50659008324146 341.24500918388367 501.70028775930405 522.13942514359951 350.70467892289162 37.82288821041584
leaf_count=2714 4332 475 2030 1751 489 801 749 13934 957 168 1639 1455 1877 1129 370 1463 3470 567 11148 18190 2469 2630 32484 1140 189 13480 13871 954 14880 665 3454 3132 5669 7399 970 1564 6949 3841 1477 289 17782 20204 528 946 2453 316 2647 15887 8997 10614 393 2904 879 8410 743 1225 2284 1422 2096 2179 1465 158
internal_value=4.03633e-06 -0.0067958 0.00500392 -0.0133148 -0.00436847 0.00236866 0.00902775 0.00821077 -0.0115963 -0.0198393 0.00413314 -0.00250866 -0.00604065 -0.003145 0.000866069 -0.00678641 0.00384712 -0.005367 -0.0127973 -0.00347335 -0.00925592 -0.0222713 -0.00560757 0.00256495 -0.00117505 0.00703336 0.00163742 0.00106137 -0.00313799 0.00199029 0.0137317 0.0155891 0.00125408 -0.0133327 0.00510192 -0.00990771 -0.000526634 0.00624179 -0.0119097 -0.00111954 0.00220823 0.00484381 -0.00899468 -0.0013952 -0.00954025 0.00476357 -0.00594375 0.000793381 0.00735473 0.00855125 0.00690019 0.0109989 -0.0117448 0.00366921 0.0124093 0.011645 0.00594856 -0.0115416 -0.00157226 -0.0077576 -0.00635111 -0.0111974
internal_weight=69802.4 29575.7 40226.7 8020.47 21555.3 24311.6 15915.1 13567.4 6354.63 1665.84 11175.2 10211.7 11343.6 8738.25 13136.4 1274.84 10806.4 9386.87 5079.79 8392.82 1956.69 1284.26 9092.09 5353.84 3597.19 9547.82 9539.23 7440.23 7917.76 294.777 2347.68 1231.44 1473.47 4659.99 5452.59 1842.9 3201.27 6288.49 946.01 419.615 5081.59 5220.88 475.057 676.045 855.228 345.434 8416.05 7118.35 3067.31 3259.32 321.881 4019.61 1984.92 2099 368.725 1116.24 724.397 381.571 2164.88 896.888 395.926 625.82
internal_count=291746 123437 168309 33431 90006 101665 66644 56803 26497 6934 46749 42656 47350 36498 54916 5320 45205 39186 21177 35053 8164 5344 37954 22392 15031 39965 39885 31105 33070 1232 9841 5162 6158 19426 22813 7689 13377 26318 3946 1752 21252 21843 1983 2823 3568 1445 35131 29758 12838 13647 1347 16838 8278 8780 1544 4679 3033 1590 9045 3743 1654 2611
is_linear=0
shrinkage=0.015


Tree=2
num_leaves=63
num_cat=0
split_feature=20 20 20 20 20 20 32 35 32 0 18 12 12 32 20 18 11 28 1 2 11 7 35 7 32 20 29 13 3 0 23 20 11 7 3 32 20 26 12 26 29 25 17 2 32 7 29 32 23 18 21 22 3 29 12 22 20 32 11 18 7 23
split_gain=10333.9 1977.34 1780.77 338.604 336.166 284.56 230.517 179.825 154.641 150.634 122.173 99.2233 97.9775 95.4504 89.243 74.6945 72.4363 68.3384 64.3837 62.8931 52.4272 50.9149 49.3965 47.6256 47.4134 46.2881 46.0873 44.4541 40.1694 38.6826 38.2419 37.5968 37.4046 37.1658 37.0429 36.9124 35.3331 35.0634 34.5715 34.4574 33.5491 32.4937 31.4356 31.0709 31.056 31.0221 29.6473 28.5746 27.8902 27.3959 25.8171 28.0636 25.5904 27.655 25.5147 25.3443 25.143 26.1768 24.3436 24.0211 23.5067 20.22
threshold=2.794318795204163 1.8725363016128542 4.6037724018096933 1.1254712939262392 3.6510154008865361 2.2535070180892949 -34.675760269165032 78.889518737792983 -17.283951759338375 8.0113344192504901 1.6298643350601199 11.407164096832277 12.463654041290285 -24.850275039672848 6.1922612190246591 1.9979940056800845 8.414497375488283 -0.46213746070861811 1.423646152019501 5.5929203033447275 6.388890504837037 0.67357608675956737 86.345581054687514 0.70179465413093578 -22.915781974792477 1.5321480035781863 7.3398733139038095 6.9792685508728036 -4.3428733348846427 12.890636920928957 18.686316490173343 5.3221290111541757 7.3841543197631845 0.55025506019592296 8.3362226486206072 -20.837015151977536 1.555584788322449 0.20103999227285388 10.67421340942383 -0.13490895926952359 0.30511070787906652 0.71778181195259105 1.5579984188079836 13.037951946258547 -19.883432388305661 2.0415469408035283 2.4346992969512944 -23.061256408691403 45.191558837890632 2.6432465314865117 91.543731689453139 95.391723632812514 -11.538161277770994 2.1982395648956303 -6.0885863304138175 91.199272155761733 4.0652780532836923 -31.806105613708493 -4.5962269306182852 0.88693159818649303 0.72324699163436901 35.490539550781257
decision_type=2 2 2 2 2 2 2 2 2 2 2 2 2 2 2 2 2 2 2 2 2 2 2 2 2 2 2 2 2 2 2 2 2 2 2 2 2 2 2 2 2 2 2 2 2 2 2 2 2 2 2 2 2 2 2 2 2 2 2 2 2 2
left_child=1 3 4 18 8 12 31 10 16 15 25 23 17 56 24 21 43 44 59 30 52 48 35 28 -8 -5 54 58 -10 -11 -9 -4 37 -17 -25 -19 -32 -13 -23 -27 -35 -20 -21 47 -3 -34 -24 -2 -7 -45 -22 -52 -15 -54 -12 -18 -6 -58 -26 -1 -46 -33
right_child=2 5 6 7 13 9 14 19 11 29 26 32 -14 20 -16 33 55 22 41 42 50 38 46 34 27 39 -28 -29 -30 -31 36 61 45 40 -36 -37 -38 -39 -40 -41 -42 -43 -44 49 60 -47 -48 -49 -50 -51 51 -53 53 -55 -56 -57 57 -59 -60 -61 -62 -63
leaf_value=-0.026758334121553567 0.0035062468072945227 0.0023381700486003192 0.011568214740035252 -0.016042205223162725 0.0054657657701495718 -0.011003790548035951 0.0096008430861366078 0.00035218066844236196 0.00096031328963701486 0.00434015932527678 -0.012379096920178755 0.0044111438392525721 -0.00096547561281303039 0.011825577779408765 0.011214483794403179 -0.0094794817661024849 0.0053118178745455522 -0.0037056247147405851 -0.00067366064464368552 -0.0043296644462261077 0.0089500040952901205 -0.0041208357252139711 -0.0052378572578259215 -0.00072093504783097813 0.0089215184775062201 -0.0099985030644530147 0.0066393845925112075 0.013588168318116526 -0.0065258033074934415 0.017535599166837924 -0.013074708600163788 0.018159671312228422 0.010353697519947084 -0.0025050391313355225 0.0069468169142539839 -0.0086973207475651588 -0.0076949240774714074 0.00075626728761618296 -0.0011872805361687966 -0.013876730354245168 0.0002587431636748589 -0.016848439719711727 0.0092036308629657587 0.0028550108708555893 -0.010535436535854547 -0.0027241708642856619 0.0042929323754118077 0.0016407349063374884 -0.0043333329224239849 0.010729716507465162 -0.0016677733256180477 0.010069229837244292 0.0037525262974322888 0.00096680083849867465 -0.0071157487265780502 0.015069606853419548 0.010329262651195013 0.0065924771714078803 0.0061040815308965437 -0.019880162189917248 -0.0038424968732726317 0.013543388320511671
leaf_weight=406.85200822353363 3475.6800601184368 155.54872077703476 570.63818582892418 1902.7474045306444 1640.7603744417429 352.57279050350189 2720.935772523284 79.703067034482956 218.49079848825932 279.66825631260872 343.86500884592533 816.52143725752831 643.11996981501579 81.894598245620728 2748.9635138511658 128.14534613490105 118.64424806833267 374.85699552297592 36.570968300104141 480.2324363142252 638.6381344050169 6539.497780829668 735.22212794423103 4808.1824088394642 919.99635991454124 742.10305671393871 41.708104267716408 227.32207617163658 575.89384160935879 61.307993412017822 538.82594139873981 720.46173022687435 203.01923571527004 2277.0831243097782 143.80496346950531 4704.3628355115652 634.56314685940742 2176.9281934052706 1068.5834221690893 2320.5681542605162 1728.1763881742954 155.26027782261372 39.488306015729904 212.21062219142914 139.02741412818432 47.934393152594566 78.313181817531586 4055.3151597827673 256.80311742424965 200.54377913475037 123.30606211721897 69.132184997200966 6425.5949420630932 935.21080549061298 624.43083311617374 142.07051391899586 735.10135580599308 1143.0701814293861 3428.2811800688505 246.01768474280834 916.34394466876984 409.79572410881519
leaf_count=1684 14547 649 2397 7902 6876 1470 11417 332 913 1170 1431 3414 2684 343 11542 535 497 1563 152 2003 2677 27289 3067 20097 3857 3087 174 954 2405 257 2242 3032 851 9508 602 19606 2643 9102 4461 9651 7218 645 165 888 579 201 327 16958 1071 840 517 290 26903 3914 2598 596 3085 4793 14370 1020 3820 1724
internal_value=-3.73083e-05 -0.00687553 0.00483605 -0.0129132 0.00283852 -0.00433539 0.00976301 -0.0119198 0.00149925 -0.00294972 -0.0131695 0.000138524 -0.00660231 0.00478947 0.00889112 -0.0032224 0.00298817 -0.0071101 -0.0219575 -0.00768911 0.00390343 -0.00405083 -0.00777995 -0.00104367 0.0080109 -0.0141433 -0.00834861 0.00705837 -0.00445072 0.00684487 -0.00951378 0.0148871 0.00223637 -0.00157064 -0.000492522 -0.00833348 -0.0101962 0.00176049 -0.0037112 -0.012949 -0.00130925 -0.013881 -0.00324132 0.00272855 -0.00383054 0.00779462 -0.00429373 0.00250439 -0.00824063 0.00675053 0.00749148 0.00253173 0.00349885 0.00340099 -0.00902201 0.0107604 0.00686509 0.00807244 0.00670746 -0.024258 -0.00475663 0.0165261
internal_weight=69765.9 29031.6 40734.3 8592.94 28987.9 20438.6 11746.4 7748.24 17195.2 12691.8 5975.42 8990.78 7746.8 11792.7 10045.5 12350.9 8204.46 7103.68 844.701 1772.81 8273.78 8217.46 5892.76 5746.37 7296.54 4965.42 1010 4575.6 794.385 340.976 1253.09 1700.9 3244.4 4133.4 4951.99 5079.22 1173.39 2993.45 7608.08 3062.67 4005.26 191.831 519.721 7943.75 1210.92 250.954 813.535 7531 609.376 412.754 831.076 192.438 7442.7 7360.81 968.296 260.715 3518.93 1878.17 4348.28 652.87 1055.37 1130.26
internal_count=291605 121003 170602 35729 121309 85274 49293 32228 71911 52979 24843 37585 32295 49398 42140 51552 34326 29611 3501 7385 34644 34291 24563 24017 30598 20640 4203 19181 3318 1427 5217 7153 13568 17261 20699 21169 4885 12516 31750 12738 16726 797 2168 33233 5048 1052 3394 31505 2541 1728 3484 807 31160 30817 4029 1093 14754 7878 18227 2704 4399 4756
is_linear=0
shrinkage=0.015


Tree=3
num_leaves=63
num_cat=0
split_feature=20 20 20 20 20 20 3 13 14 24 20 18 24 24 3 34 18 1 1 7 34 3 11 3 20 28 22 1 13 24 18 29 24 14 23 28 20 14 29 18 23 34 14 23 18 18 8 24 18 34 6 7 29 18 34 15 34 14 23 34 16 17
split_gain=9774.09 1972.99 1754.24 353.747 340.744 259.967 190.565 166.623 146.357 134.377 127.37 106.643 83.168 83.1052 71.9341 69.8091 67.5706 62.2977 61.0359 56.8009 56.574 64.9988 55.4274 53.598 50.7973 50.675 49.6638 53.7184 44.9009 44.4391 43.6731 42.2944 40.349 39.1405 38.4161 37.5307 36.2359 35.4393 34.3863 29.0816 28.001 26.9757 26.6709 25.9207 28.8604 25.8658 23.3112 23.1628 22.8574 22.2559 26.227 22.2169 21.724 21.6646 20.884 20.3701 19.3105 38.084 21.7324 18.8735 22.4159 18.1871
threshold=2.794318795204163 1.8725363016128542 4.0652780532836923 5.0475838184356698 1.1254712939262392 2.2161083221435551 1.2168645858764651 5.106553554534913 6.6026346683502206 -28.975740432739254 3.1929979324340825 1.6298643350601199 -21.372792243957516 -17.312063217163082 4.6389911174774179 -44.676595687866204 1.9979940056800845 7.425206422805787 1.6690213680267336 0.75162413716316234 -49.999959945678704 -11.538161277770994 4.1131112575531015 -5.6609966754913321 1.4155161380767824 -0.46213746070861811 97.822677612304702 26.433578491210941 -2.5452299118041988 -11.376530170440672 2.2585053443908696 2.4346992969512944 -17.197826385498043 4.5927350521087655 17.977527618408207 -1.3021270632743833 6.1922612190246591 3.1740902662277226 0.30511070787906652 1.0605093836784365 66.106044769287124 -46.419279098510735 -9.467580318450926 86.520538330078139 1.4487646222114565 1.6806905865669253 0.22500000149011615 -16.38712120056152 1.9633720517158511 -1.0000000180025095e-35 62.087230682373054 0.55025506019592296 0.53721311688423168 0.94994667172431957 -1.35889196395874 -0.24781562387943265 -85.502189636230455 -12.45946168899536 35.490539550781257 -60.300966262817376 -1.3859091401100156 2.8074446916580205
decision_type=2 2 2 2 2 2 2 2 2 2 2 2 2 2 2 2 2 2 2 2 2 2 2 2 2 2 2 2 2 2 2 2 2 2 2 2 2 2 2 2 2 2 2 2 2 2 2 2 2 2 2 2 2 2 2 2 2 2 2 2 2 2
left_child=1 4 7 12 18 14 11 10 16 56 13 24 41 -2 25 28 19 36 39 23 21 -12 34 -7 53 59 27 -9 -14 -26 55 -16 -23 -21 46 -13 61 48 -18 -1 -32 42 -4 44 -27 -36 -8 -19 -15 50 -17 -40 -30 -6 -10 -22 57 -5 -58 -3 -61 -11
right_child=2 5 3 9 6 8 22 26 54 17 20 35 15 37 31 49 38 47 -20 33 30 32 -24 -25 29 43 -28 -29 52 -31 40 -33 -34 -35 45 -37 -38 -39 51 -41 -42 -43 -44 -45 -46 -47 -48 -49 -50 -51 -52 -53 -54 -55 -56 -57 58 -59 -60 60 -62 -63
leaf_value=-0.025210281122716127 0.0025776917187451012 -0.0059515305355072028 0.014486127020559124 0.019267822026380443 -0.019899474721515001 0.0053564509011328676 -0.0068179352086039533 0.0075135382620297696 0.0061970123386700937 0.0064654213465731485 0.010730269967169279 0.00193843764871601 0.0066001875855389702 -0.0022623559474914657 -0.0025530306113408087 0.0085377612141135841 -0.0027155648736449703 0.014595613495567346 -0.012793310082630294 -0.0035352027395304181 0.0044144263731730393 0.002730552408655548 0.0019408826527183825 -0.0073654381630506947 -0.010414959743179219 -0.0090916062441738013 0.014686614572256085 -0.007925780098578257 0.0038665955455292472 -0.014260801931878172 0.0056560878831474586 0.010182385675296749 0.00053702734272567784 0.0018667354264307111 -0.0096110365960309016 -0.0093168169275968469 0.010430671914954925 0.0018763935093419535 -0.007297102550086431 -0.015677886119437164 0.002990748813968094 0.011496637614056686 0.0072170603005097776 -0.0028188122294072636 -0.0067302478727570125 -0.0045297761670159697 0.0077004674279179128 0.010847512371039215 -0.00019543948593792607 0.014153582705836007 0.0056384936439975077 0.00034622039033239873 0.00087740901615725696 -0.015146377056704673 0.017280126755555788 0.0010455563863324112 0.017944582076020808 0.010188046461608835 0.011263335769578237 0.0028022563880666703 -0.0037819307998125827 0.0089623962168803844
leaf_weight=570.71672117710114 2607.9387109428644 564.73913937807083 126.66277183592319 149.57806806266308 414.26623637974262 76.268694967031479 45.188391253352165 651.10129177570343 179.64952500164509 1583.2931497693062 179.18805186450481 69.114604905247688 925.3369227796793 2294.6670810878277 359.33121630549431 1148.9397692531347 2421.750246077776 523.93213492631912 154.61524030566216 7285.0141987204552 564.16539008915424 3739.8700485527515 118.50957798957825 1298.6852203607559 1022.6603708565235 2097.8833161145449 213.7987916469574 52.432083129882812 1375.9748281240463 2489.5174948126078 2534.6666617542505 67.927029758691788 3849.7378985136747 309.9454520791769 1724.4076134860516 875.94850757718086 1692.2203277051449 1034.8799846321344 87.819383502006531 107.92961494624615 1424.1879551410675 586.05633924901485 1823.0834227204323 268.81819090247154 2952.1418844610453 279.31873688101768 50.197891101241112 1968.9494448900223 2567.4502935558558 96.306933671236038 2043.5716746747494 1802.1710202097893 934.4795660674572 716.30751007795334 52.071922942996025 1481.3502033054829 613.50889158248901 432.08691115677357 167.49368001520634 153.07128223776817 444.59485685825348 1288.3049541711807
leaf_count=2353 10912 2352 533 631 1713 318 188 2733 753 6650 752 288 3881 9584 1499 4823 10106 2207 641 30376 2362 15664 495 5409 4243 8728 899 220 5769 10324 10623 284 16106 1295 7166 3638 7122 4329 366 446 5966 2465 7657 1120 12288 1162 209 8283 10732 405 8579 7527 3917 2966 219 6199 2590 1820 706 638 1852 5414
internal_value=1.1298e-05 -0.006632 0.00475809 0.00834654 -0.0126415 -0.0040882 -0.0116582 0.00205275 -0.00287541 0.0105635 0.00179346 -0.0131405 0.00628291 0.00034797 -0.00645679 0.00537754 -0.00308291 0.00971877 -0.0217841 -0.00382579 0.00268478 0.00183508 -0.007908 -0.00664211 -0.0140828 -0.00684984 0.00831586 0.00632243 0.00379899 -0.0131518 0.00378069 -0.000455357 0.00162032 -0.00331235 -0.00847249 -0.0084755 0.00865467 -0.000636118 -0.00153292 -0.0237668 0.00470302 0.00860045 0.00771133 -0.00747378 -0.00771738 -0.00891541 0.000669712 0.0116523 -0.00117453 0.00692283 0.00669129 -8.34066e-06 0.00266589 -0.0169333 0.00887832 0.00198544 0.0149063 0.0126067 0.0165633 -0.00397405 -0.00206689 0.00759633
internal_weight=69735.8 29060.6 40675.2 17479.8 8638.7 20421.9 7805.44 23195.4 13513.4 8419.37 22278.1 5587.81 9060.41 8504.94 6908.51 6524.61 13281.7 7056.7 833.262 8969.91 13773.2 7768.8 2217.62 1374.95 4642.75 6481.25 917.332 703.533 3235.79 3512.18 6004.37 427.258 7589.61 7594.96 2099.11 945.063 4563.82 5897 4311.74 678.646 3958.85 2535.8 1949.75 5318.84 5050.03 2003.73 95.3863 2492.88 4862.12 3288.82 3192.51 1889.99 2310.45 1130.57 231.721 2045.52 1362.67 581.665 781.003 1162.41 597.666 2871.6
internal_count=291495 120962 170533 73452 35832 85130 32392 97081 56369 35423 93229 23172 38029 35557 28761 27374 55397 29676 3440 37398 57672 32522 9220 5727 19246 26978 3852 2953 13567 14567 25150 1783 31770 31671 8725 3926 19186 24645 17999 2799 16589 10655 8190 22136 21016 8328 397 10490 20316 13807 13402 7893 9686 4679 972 8561 5747 2451 3296 4842 2490 12064
is_linear=0
shrinkage=0.015


Tree=4
num_leaves=63
num_cat=0
split_feature=19 20 19 19 20 19 20 3 6 13 0 3 15 19 7 20 34 15 19 3 28 11 7 28 13 34 15 23 7 15 1 11 19 7 18 34 19 23 22 26 15 11 19 18 7 26 25 11 10 3 14 3 6 18 26 23 18 23 28 29 25 18
split_gain=9710.61 1899.19 1738.55 347.744 276.004 238.904 233.002 190.166 134.251 121.898 112.014 98.9398 93.346 91.4729 88.5103 81.516 74.581 77.0901 63.605 63.1392 61.8027 60.6692 59.9529 57.7125 55.544 45.9671 48.9391 45.4998 44.4203 44.2703 43.6072 43.2471 41.7506 40.5856 38.9423 38.733 38.1428 36.9559 35.9781 33.6992 33.4488 32.9794 32.7007 30.8401 29.7312 29.5854 29.0535 27.2818 26.6793 25.9403 25.2725 24.9622 24.6545 24.3634 23.6921 23.6499 23.6284 23.48 22.7866 22.5048 22.4452 21.9479
threshold=2.7584658861160283 1.8725363016128542 4.0477070808410653 1.2097520828247073 2.2788311243057255 3.3599542379379277 5.4265458583831796 1.6577963232994082 31.750065803527836 3.5106407403945927 -9.3236508369445783 1.2168645858764651 -6.2571775913238517 1.6651631593704226 0.74273928999900829 2.8409599065780644 -55.555484771728509 -5.131805181503295 2.368035197257996 4.5407509803771982 -2.169914603233337 3.1888546943664555 0.78621950745582592 -0.46213746070861811 4.3087260723114023 -70.588134765624986 -22.588240623474118 18.327179908752445 0.78621950745582592 -7.2708740234374991 7.425206422805787 6.388890504837037 4.3883969783782968 1.4135544300079348 1.9377804398536684 -2.1960309743881221 2.9302887916564946 41.461126327514656 97.148300170898452 -0.46769215166568751 0.64656144380569469 -4.4005155563354483 1.8328085541725161 1.6975991725921633 0.65943223237991344 0.29535758495330816 0.71778181195259105 -2.1052583456039424 0.58337360620498668 -4.2695221900939933 0.3486600816249848 -11.538161277770994 32.587394714355476 1.1526138186454775 0.55099898576736461 78.990264892578139 0.88693159818649303 70.05680084228517 1.0995727777481081 6.5316131114959726 1.4084722995758059 0.97495198249816906
decision_type=2 2 2 2 2 2 2 2 2 2 2 2 2 2 2 2 2 2 2 2 2 2 2 2 2 2 2 2 2 2 2 2 2 2 2 2 2 2 2 2 2 2 2 2 2 2 2 2 2 2 2 2 2 2 2 2 2 2 2 2 2 2
left_child=1 3 5 11 19 14 16 13 15 18 -7 47 25 60 45 53 41 -18 39 23 -15 27 40 59 29 26 -8 -9 -20 51 57 37 -19 43 -22 -11 -31 -24 -26 -10 -12 -4 -25 -21 -44 -2 -13 -1 54 -42 -29 -16 -47 -6 -43 -54 -49 -14 -23 -3 61 -5
right_child=2 4 6 7 8 10 12 21 9 35 22 46 30 20 24 -17 17 32 28 33 34 58 31 42 38 -27 -28 50 -30 36 -32 -33 -34 -35 -36 -37 -38 -39 -40 -41 49 48 44 -45 -46 52 -48 56 -50 -51 -52 -53 55 -55 -56 -57 -58 -59 -60 -61 -62 -63
leaf_value=-0.0094091651255735383 0.00013689878588036148 -0.0041068561955634637 0.0078639512386815668 -0.016888223615335592 0.0098078717292814158 0.011386289783250507 0.018578977518094949 0.0050961992690059625 -0.012056578759647728 0.0018768540114064674 0.0031969232530551124 0.00027141947695300477 0.0097403208091447029 0.0073958209674458014 0.0089151420536150959 0.0051762747685402183 0.012754423869036741 0.0057481762261325118 -0.0054153437905312685 -0.0067045463086264825 -0.011294029149537088 -0.0024331950597977279 0.0050939302140141059 -0.010315413862230982 0.003990113276988558 0.017734676698927577 0.0099991121044595236 -0.01683256361907812 -0.0023689109521040671 -0.00084389863802135151 0.011800878234960864 0.0074373867454282337 0.0086372280399249057 0.0049471665048517596 -0.0048076939073558519 0.013036453243288769 0.0014167259801341615 0.0028947153881234192 0.013241695478251946 -0.0052095174749047183 0.0062853080002864426 0.0061265955385478819 -0.010792369934728614 0.0021954143949685068 -0.0064521796708824379 0.00083420458267006526 -0.013614962829294114 -0.025390813549201422 0.00085098714728655967 -0.00085124218545562633 -0.0079820933612304943 0.0025861401046481025 -0.0050541391340428688 -0.0013624788515003601 0.0025526682552588177 0.0026980853878449192 -0.019413940851628494 0.0067585853386898289 0.0082675332862696491 0.0054453214689130953 -0.0059943814568314668 -0.013682625166458446
leaf_weight=41.316964372992516 1050.13281878829 1295.4460190087557 1052.0850931406021 730.55167900025845 42.72872169315815 436.14811584353447 205.42965893447399 54.733076870441437 175.15712860226631 394.42069633305073 1529.1913685798645 38.375967055559158 1938.0747197717428 40.995922714471817 149.7618792206049 613.2379853874445 774.65200364589691 1798.7147509008646 1360.3305865079165 273.23056551814079 2274.8709804266691 205.10649363696575 3188.6464682221413 679.40917691588402 419.33920535445213 576.82852989435196 668.76808884739876 80.665321066975594 5412.6923105716705 2459.6474867165089 1822.8240173459053 883.61471500992775 3312.416607901454 162.47108785808086 243.10221172869205 84.73408354818821 5244.0042577236891 3871.8155216127634 125.06254835426807 2814.534001916647 125.63950714468956 1795.3245209902525 396.85220043361187 124.1681565195322 5258.3386657088995 257.63140280544758 193.44172866642475 521.21786157786846 362.99952305853367 1113.3983755260706 1295.3049785196781 2436.6069493442774 914.67193153500557 1874.952358648181 570.27312785387039 94.134660735726357 317.34668031334877 955.37422570586205 55.085491687059402 54.974877715110779 82.714650467038155 2434.7554362714291
leaf_count=170 4388 5392 4427 3017 178 1837 871 228 729 1651 6409 159 8168 171 630 2568 3266 7559 5667 1139 9423 854 13379 2820 1759 2442 2822 334 22580 10278 7693 3715 13938 679 1009 357 21939 16228 527 11720 526 7544 1648 518 21863 1076 800 2140 1525 4660 5377 10203 3818 7818 2395 393 1307 4026 230 229 342 10068
internal_value=2.97041e-05 -0.00648336 0.00483825 -0.0124173 -0.00405094 0.00231694 0.00870589 -0.0112462 -0.00266716 -0.00343165 0.00393257 -0.0202678 0.0109904 -0.0125393 0.000945797 0.000420869 0.0072448 0.0083077 -0.0037951 -0.00619167 -0.0103771 -0.00678691 0.00362563 -0.00654641 0.00151554 0.0143537 0.0120702 -0.00799716 -0.00298441 0.00126596 0.00994685 0.00428931 0.00762609 -0.00128969 -0.0106781 0.00392749 0.000692968 0.00389121 0.00618357 -0.00562347 0.00171389 0.0055826 -0.00714961 -0.00388911 -0.00676311 -0.00171139 -0.0112693 -0.0225907 0.00469235 -0.00010654 -0.00853551 0.00296502 -0.00325363 -0.00109581 0.00527425 -0.00431201 -0.0231983 0.00876632 -6.47399e-05 -0.00369942 -0.0142308 -0.0144374
internal_weight=69760.5 29627.3 40133.2 8609.59 21017.7 24299.4 15833.8 7497.89 12772.8 10241.9 11148.5 1111.7 6167.3 5806.99 13151 2530.92 9666.47 5885.78 9762.71 8244.89 2558.97 1690.9 10712.3 7685.02 10834.4 1451.03 874.198 1430.7 6773.02 10290 4716.27 7944.08 5111.13 559.87 2517.97 479.155 7703.65 7060.46 544.402 2989.69 2768.23 3780.68 6334.6 397.399 5655.19 2316.57 231.818 879.882 2728.6 1239.04 1375.97 2586.37 1266.44 1917.68 2365.6 1008.81 838.565 2893.45 260.192 1350.42 3248.02 3165.31
internal_count=291626 123185 168441 35629 87556 101765 66676 31053 53268 42704 46754 4576 26022 24030 55011 10564 40654 24763 40696 34288 10603 7023 44917 31952 45336 6135 3693 5939 28247 43050 19887 33322 21497 2336 10432 2008 32217 29607 2286 12449 11595 15891 26331 1657 23511 9675 959 3617 11464 5186 5711 10833 5287 7996 9939 4211 3447 12194 1084 5621 13427 13085
is_linear=0
shrinkage=0.015


Tree=5
num_leaves=63
num_cat=0
split_feature=5 5 5 18 18 5 32 32 17 3 13 3 32 3 2 5 34 7 3 7 18 0 13 5 34 7 9 2 18 24 5 7 26 3 5 16 5 11 2 7 18 26 28 28 18 16 7 23 18 3 26 23 8 34 7 7 1 17 32 34 5 35
split_gain=8289.75 1615.23 1475.86 460.793 372.6 301.915 166.552 159.361 151.591 142.142 127.358 123.383 111.141 104.383 99.5128 96.4108 91.2534 89.2986 88.1807 83.9904 76.227 74.936 66.9873 64.9717 53.37 52.6865 50.834 52.229 44.3868 42.7423 42.0905 39.9831 39.3766 39.2171 38.7805 38.681 35.4607 35.2045 39.971 34.935 32.1636 31.5734 30.3575 29.2133 28.9649 28.9162 28.7035 28.6433 26.9419 26.403 26.3084 26.2966 28.7488 25.8413 24.9493 24.0566 22.5513 22.0198 22.3868 20.6956 20.8669 20.5834
threshold=1.7986640930175783 3.2214394807815556 1.0751770138740542 1.7232909202575686 2.2301383018493657 0.7175130844116212 -23.958333015441891 -35.899211883544915 1.4639026522636416 -9.0207238197326642 4.1561396121978769 2.3491944074630742 -20.837015151977536 -4.2695221900939933 4.00000023841858 3.9103916883468632 -54.181217193603509 0.79951065778732311 -6.1149432659149161 0.86608883738517772 0.97495198249816906 -8.5888991355895978 -1.6034987568855283 2.6076492071151738 -2.8571449518203731 1.2556844353675845 75.797027587890639 -6.7190332412719718 1.9813760519027712 -14.070348262786863 1.428187429904938 0.68608886003494274 0.38034814596176153 5.2597811222076425 2.4774751663208012 -4.5009083747863761 1.5691463947296145 7.6853070259094247 -1.6167815923690794 0.81223192811012279 2.5493342876434331 0.71159613132476818 0.31121541559696203 1.9456081986427309 1.0605093836784365 -3.7092714309692378 0.55025506019592296 3.3706020116806035 2.7826675176620488 -3.4615118503570552 0.67664590477943432 25.206726074218754 0.12500000372529033 -73.733585357666001 1.9399377703666689 1.3911166787147524 26.433578491210941 1.4377772212028506 -25.777112960815426 -1.0000000180025095e-35 5.5617151260375985 78.454765319824233
decision_type=2 2 2 2 2 2 2 2 2 2 2 2 2 2 2 2 2 2 2 2 2 2 2 2 2 2 2 2 2 2 2 2 2 2 2 2 2 2 2 2 2 2 2 2 2 2 2 2 2 2 2 2 2 2 2 2 2 2 2 2 2 2
left_child=2 4 5 8 9 14 21 35 13 51 17 18 36 -4 44 31 22 29 -7 32 25 -6 48 39 54 -20 27 46 -22 -11 -29 40 -15 49 -19 -3 57 38 -18 -23 -9 -24 -21 59 -1 -33 -14 -25 -8 53 -28 52 -2 -10 -12 -13 -39 58 -5 60 -17 -46
right_child=1 7 3 12 6 11 16 15 33 10 24 55 26 19 -16 43 37 34 20 42 28 23 41 47 -26 -27 50 30 -30 -31 -32 45 -34 -35 -36 -37 -38 56 -40 -41 -42 -43 -44 -45 61 -47 -48 -49 -50 -51 -52 -53 -54 -55 -56 -57 -58 -59 -60 -61 -62 -63
leaf_value=-0.020625274511123674 0.0054033719356785734 0.01838430253848437 -0.0024142716293958106 0.0012063119792405628 0.011657990615879828 0.0036122298842994399 0.0020584163453443221 -0.0050887210271382075 -0.00215625059638402 0 0.0055610853055691771 -0.0061830058251218572 -0.013603391112920124 -0.0080179890702925319 -0.0056912619745546587 0.0099499857869126719 0.0065147126071933951 4.0829959654948563e-06 -0.016447691722574254 -0.0052477378738701079 -0.010860505842090412 0.0013123425174315028 0.00070175324503387562 -0.00099258684913602229 0.015056746549752495 -0.0036543810984438446 0.0010918725712755124 -0.0055353433746920689 -0.0041042987329688394 -0.0041652801368849334 -0.0027899855486575205 0.012157752681223516 -0.01145126489218011 0.0017470888312538504 0.0031178132346639758 0.012583889251551485 0.0026594316074961956 0.0083634240930646996 0.0032305513443840125 0.004985755125878186 0.0051456653057182005 -0.0045606761112494502 -0.0077628676998677442 0.0026256824701334602 -0.016548435265961527 0.0075494055527327592 -0.00048262980381995964 0.0075989882783812097 0.0050599066734131797 -0.0045404725305140583 -0.0051410975718572732 -0.0027380289438872453 0.013973736071015106 0.0071753292543072006 -0.0042545429901651478 0.00025459956735883753 -0.0030111915470990638 0.0020918994915919429 -0.0038556841784988878 0.016722838552907973 0.012995536390152631 -0.0051419721711961752
leaf_weight=966.10916131734848 172.64787313342094 414.71078702807426 987.08765707910061 288.1157493442297 490.31453210115433 87.711485207080841 1532.1502534598112 74.171616971492767 568.39882785081863 822.93960528075695 430.59998691082001 778.65217579901218 36.528558537364006 1863.1912170350552 139.6741141974926 3471.0312910377979 1049.2981488257647 5727.3646248579025 840.47965703904629 2685.960912078619 3967.0703114122152 810.10728414356709 3153.0866228491068 86.928706139326096 131.46592970192432 84.064119949936867 1059.9885532855988 2023.7599097788334 242.68822361528873 1698.2202110141516 3442.1425513774157 351.19390259683132 1371.4705861657858 318.22015668451786 1067.9270212948322 889.48502749204636 1321.3010683059692 596.99430687725544 4366.4246629625559 2206.6833277195692 653.46316412091255 276.88529336452484 1924.4787896871567 110.93933647871017 241.60110855102539 3847.9741562157869 1665.1227196902037 2425.7707398533821 1241.4586877673864 2219.7677227556705 175.68724803626537 36.464046061038971 206.20326252281666 73.188532218337059 64.069283321499825 151.34024487435818 38.971318230032921 390.13952277600765 587.1888896971941 134.72390174865723 670.66147601604462 49.14340429008007
leaf_count=3964 726 1764 4110 1203 2072 365 6424 311 2369 3439 1808 3232 152 7731 578 14665 4399 23952 3463 11161 16402 3397 13210 366 555 347 4425 8414 1007 7081 14354 1483 5688 1330 4477 3772 5526 2515 18317 9271 2749 1158 7997 468 995 16216 6946 10219 5214 9234 733 153 867 305 269 629 164 1629 2447 570 2840 203
internal_value=-2.71626e-05 0.004533 -0.00588651 -0.00399621 0.00267891 -0.011642 0.0039671 0.00952978 -0.0060273 0.000404307 4.28202e-05 -0.0102007 -0.00177423 -0.00703989 -0.0179568 0.00883416 0.00296024 -0.00039635 -0.0111002 -0.00761922 -0.0113558 0.00601272 0.00167702 0.0055054 0.00658169 -0.015311 -0.00261148 -0.00309588 -0.0104767 -0.00280703 -0.00381086 0.00737689 -0.00948448 -0.00320717 0.000496407 0.0144651 0.000939756 0.0042722 0.0038718 0.00400582 0.00407077 0.000270162 -0.00630376 0.0104631 -0.0192967 0.007944 -0.000788731 0.00729524 0.00340996 -0.00376422 0.000186679 0.00898062 0.0101564 -0.00104946 0.00424756 -0.005121 0.00763563 -0.000845355 -0.00217343 0.0106616 0.0104528 -0.01472
internal_weight=69801.6 39251.3 30550.3 23001.7 28633 7548.53 18275.1 10618.4 12011.8 10357.9 9942.59 6152.01 10990 8832.19 1396.53 9314.16 12255.3 9316.45 5222.01 7845.1 5134.3 6019.8 6203.58 5529.49 626.135 924.544 8403.23 7167.55 4209.76 2521.16 5465.9 4926.8 3234.66 3179.58 6795.29 1304.2 2586.75 6051.69 5415.72 3016.79 727.635 3429.97 4610.44 4387.36 1256.85 4199.17 1701.65 2512.7 2773.61 2861.36 1235.68 415.315 378.851 641.587 494.669 929.992 635.966 1265.44 875.305 4276.42 4141.69 290.745
internal_count=291830 164891 126939 95754 120053 31185 76726 44838 49925 43327 41581 25445 45829 36687 5740 39302 51401 38949 21584 32577 21219 25325 26006 23253 2632 3810 35024 29866 17409 10520 22768 20759 13419 13238 28429 5536 10805 25395 22716 12668 3060 14368 19158 18543 5162 17699 7098 10585 11638 11908 5158 1746 1593 2674 2077 3861 2679 5279 3650 18075 17505 1198
is_linear=0
shrinkage=0.015


Tree=6
num_leaves=63
num_cat=0
split_feature=18 18 18 17 17 18 17 15 32 16 17 32 2 6 16 24 18 35 32 17 13 13 14 2 2 6 14 23 34 32 17 32 32 26 9 10 9 2 26 14 34 13 16 14 18 26 28 17 23 24 15 14 28 13 23 27 23 21 14 35 33 16
split_gain=7575.63 1339.19 1151.25 379.925 324.336 316.871 298.067 195.047 185.001 171.185 132.355 121.883 102.989 125.034 98.7914 89.216 83.9009 82.458 81.3577 73.5974 71.5336 58.2475 60.0503 56.0159 53.9462 53.7284 50.5291 49.3707 45.3329 41.3406 37.7049 36.3185 35.5415 33.1725 32.0167 31.9713 31.7938 42.5037 30.6047 30.5548 30.1784 30.1241 27.9019 27.7795 27.4908 27.1853 26.8489 31.174 26.808 26.6345 28.2998 25.7786 25.6023 25.5033 24.2196 23.8583 22.9349 22.1072 21.9794 21.9441 21.6276 21.1171
threshold=1.9633720517158511 1.3859844207763674 2.7182976007461552 3.4414582252502446 1.5195850133895876 0.97495198249816906 1.9290775060653689 3.0285890102386479 -35.143709182739251 3.0907496213912968 1.1192222237586977 -24.13409328460693 -9.0368909835815412 67.236476898193374 -3.3566296100616451 -14.977288246154783 1.6298643350601199 75.974208831787124 -22.915781974792477 2.0335175991058354 -1.3372497558593748 3.7328796386718754 -7.6677362918853751 11.575564861297609 3.7074563503265385 59.526390075683601 5.4297678470611581 46.608287811279304 -1.0000000180025095e-35 -26.341830253601071 0.85779055953025829 -34.675760269165032 -23.061256408691403 0.51171818375587474 25.774518966674808 0.50160580873489391 73.33756256103517 -6.6101598739624015 0.36107712984085089 -5.1851232051849356 -2.8571449518203731 -2.7114149332046504 1.0345683097839358 -4.0463399887084952 3.5031620264053349 0.58745121955871593 -0.049708236008882516 1.4205721616744997 85.408439636230483 -16.617346763610836 10.7045955657959 -8.6841015815734846 0.63979384303092968 5.3691766262054452 42.145723342895515 0.37609787285327917 84.892742156982436 48.401395797729499 -8.1083741188049299 83.586654663085952 114.43630599975587 3.7096099853515629
decision_type=2 2 2 2 2 2 2 2 2 2 2 2 2 2 2 2 2 2 2 2 2 2 2 2 2 2 2 2 2 2 2 2 2 2 2 2 2 2 2 2 2 2 2 2 2 2 2 2 2 2 2 2 2 2 2 2 2 2 2 2 2 2
left_child=1 5 6 8 12 7 18 20 38 19 15 31 39 16 -5 -7 48 27 34 29 -1 22 -6 51 30 36 41 -17 44 -10 -22 52 -21 -18 -2 -26 37 -20 -4 -3 -23 -12 -43 -11 -16 60 54 -48 -14 -24 -51 -13 -8 -53 -27 -25 -19 -57 -33 -36 -15 -40
right_child=2 4 3 14 21 10 11 -9 9 43 26 23 13 45 28 17 33 56 25 32 24 40 49 55 35 46 -28 -29 -30 -31 -32 58 -34 -35 59 -37 -38 -39 61 -41 -42 42 -44 -45 -46 -47 47 -49 -50 50 -52 53 -54 -55 -56 57 -58 -59 -60 -61 -62 -63
leaf_value=-0.0060051055498386435 0.0014204866503454976 0.0054777256192842351 0.012625520521393334 0.015612663220680337 0.010936781717742589 -0.0040590211692320272 0.015424160044040134 -0.0065849205953340028 0.0051843838384398773 0.013594391089770534 0.00026517984252669456 0.0097457934273317299 -0.0077537476246824126 -0.0019271898023262048 0.0076473534239569008 -0.013211266714745632 -0.0038822874829908373 -0.0086203116008047812 0.00047650688096009407 0.0070023236492738209 -0.020173295990092498 0.0024824761042439511 0.00073847919174741569 0.0071363973414701239 -0.015525038716446614 0.0082879287397873529 0.0072305707157217201 -0.0096602270393376984 0.016316990294319912 0.0024034985135759283 -0.013487079927944104 0.01306527285723781 0.004447389353711668 -0.0065945486596994396 0.0063602425008007866 0.0015841820200515515 0.002199513507953665 -0.002059392153840421 0.0056763049095965214 -0.0015593768493511687 0.012026702558449587 -0.0076287163066976324 -0.0038532224761596407 0.0081227180263820434 0.010181924058589873 -0.0042950871613242018 -0.00096201409055869647 0.002765845185730711 -0.0014213961226041238 -0.0021424529933775152 0.0023999813347235902 0.001811379700392039 0.0041043742725524485 0.0076862156563232004 0.0021366333927308801 0.010565019025388523 -0.0039837092766405093 0.0016134905308938594 0.0059796425991671381 0.00097958347812581175 0.0022832665287600617 0.0133024034055761
leaf_weight=119.29091165959835 1688.2814641296864 158.34975634515285 850.59085302054882 685.051354393363 90.610706865787506 507.38901355862617 196.63337114453316 474.59277908504009 1650.3017299473286 247.60698549449444 140.00330445170403 98.970207497477531 4078.8935951888561 631.88238279521465 1852.05142557621 2328.3581920266151 3706.2532505095005 850.31787127256393 2144.6055223047733 2244.9949493408203 1259.5405071228743 411.52297791838646 1195.0126221328974 883.80625492334366 45.589909493923187 208.19657951593399 59.914427012205124 1548.5963516533375 211.00157189369202 4624.8479756265879 262.62490919232368 110.72056698799133 2867.479842916131 1442.2281055599451 658.82252715528011 47.210126996040344 644.46840769052505 4781.3884916752577 348.11543203890324 1013.4312112480402 91.633963122963905 2003.586521461606 596.73594951629639 2054.552225753665 2319.092030197382 505.53059481084347 1200.8423639535904 863.98064611852169 163.29078637063503 3934.5904670953751 330.15022709965706 4495.473712310195 65.538045421242714 172.8070942312479 498.19934873282909 72.262224838137627 361.92482466995716 431.18202215433121 1359.680913567543 240.36673557758331 481.63031885027885 114.87217110395432
leaf_count=491 7079 663 3610 2913 381 2101 833 1962 6946 1048 582 417 16910 2629 7823 9609 15412 3520 8964 9474 5159 1726 4995 3719 188 870 251 6398 895 19408 1080 469 12069 5994 2764 195 2695 19957 1473 4224 387 8306 2481 8675 9829 2104 5019 3619 679 16402 1381 18845 277 729 2084 304 1502 1813 5722 1008 2006 487
internal_value=-9.34834e-07 -0.00588783 0.00415128 0.0067147 -0.00342092 -0.0101265 0.00167855 -0.0151937 0.00551184 0.00499246 -0.00878843 0.00397642 -0.00483113 -0.00528119 0.0102697 -0.0101259 -0.00594535 -0.010726 0.000275242 0.00423435 -0.0175306 -0.000580017 -0.00102568 0.00298128 -0.0183642 -0.000318768 -0.00610468 -0.0118024 0.00942426 0.00313865 -0.0190488 0.00749524 0.00557455 -0.00464724 0.0026536 -0.00681305 -0.000974067 -0.00127209 0.0108974 -0.000587919 0.00429108 -0.00640677 -0.00677169 0.00872902 0.00906433 -0.00141714 0.00146539 0.000591738 -0.00751432 -0.00123089 -0.00178633 0.0022025 0.0127037 0.00203526 0.00398906 0.00563972 -0.00725721 0.00296475 0.0065404 0.00494392 -9.17558e-05 0.00764976
internal_weight=69727.5 28840.7 40886.8 20070.6 18235 10605.7 20816.2 2208.85 15003.4 13689.8 8396.83 7887.07 12181.5 11009.7 5067.2 5596.59 9390.67 5089.2 12929.2 11387.6 1734.26 6053.52 5550.36 6154.5 1614.97 10341.7 2800.24 3876.95 4382.15 6275.15 1522.17 1732.57 5112.47 5148.48 2587.47 92.8 7570.46 6925.99 1313.58 1171.78 503.157 2740.33 2600.32 2302.16 4171.14 1619.04 2771.22 2064.82 4242.18 5459.75 4264.74 4767.25 262.171 4668.28 706.396 1387.25 1212.24 503.444 1470.4 899.189 1113.51 462.988
internal_count=291555 119718 171837 84650 75893 43825 87187 9075 63190 57620 34750 33128 50621 45734 21460 23130 38995 21029 54059 47897 7113 25272 23159 25827 6622 43208 11620 16007 18547 26354 6239 7301 21543 21406 10851 383 31616 28921 5570 4887 2113 11369 10787 9723 17652 6739 11592 8638 17589 22778 17783 19991 1110 19574 2954 5836 5022 2117 6191 3772 4635 1960
is_linear=0
shrinkage=0.015


Tree=7
num_leaves=63
num_cat=0
split_feature=19 20 19 19 20 20 19 32 35 13 0 5 1 15 7 32 34 32 28 12 20 20 19 34 22 35 2 26 5 32 20 26 7 5 0 32 7 26 34 12 7 12 7 32 13 20 34 8 12 19 35 8 13 28 32 0 10 0 13 33 0 10
split_gain=9040.2 1764.26 1672.7 363.168 258.216 221.696 206.888 149.325 143.877 99.0831 88.3905 88.371 84.5415 81.6683 80.0676 77.5779 70.9729 68.3175 67.6315 65.7668 56.3579 50.4685 49.7804 48.0567 47.3861 45.4217 42.4957 41.6089 41.5955 41.219 41.0647 39.6991 37.2606 35.3639 35.3157 34.0052 34.0012 33.9661 30.3291 30.1687 29.1342 28.5374 27.9145 27.188 26.6559 25.669 25.5541 24.293 24.2496 23.0716 23.0037 22.409 21.644 21.5 21.4261 21.3642 20.3371 20.1044 19.3087 19.1396 18.7044 18.5324
threshold=2.7473154067993169 1.9166098237037661 3.9853618144989018 1.3148456811904909 5.4265458583831796 2.4440547227859502 3.3599542379379277 -32.200550079345696 79.305900573730483 3.7328796386718754 -10.288425445556639 1.960763216018677 1.423646152019501 -8.5939860343933088 0.81223192811012279 -23.516583442687985 -1.35889196395874 -15.734410285949705 -0.46213746070861811 9.9567637443542498 2.8175553083419804 1.7762666344642641 1.0494086146354678 -44.676595687866204 98.62482070922853 8.4932446479797381 5.5929203033447275 0.10552547872066499 3.8219347000122075 -22.915781974792477 2.2535070180892949 0.018508316017687324 0.79434695839881908 2.4910854101181035 -9.7688908576965314 -9.7411928176879865 0.9302712380886079 0.49736215174198156 -71.750709533691392 14.453121185302736 1.0594508051872256 13.016779422760012 0.70539122819900524 -10.786774158477781 1.6599554419517519 1.6844462156295779 -1.0000000180025095e-35 0.17500000447034839 11.659994125366213 3.0660715103149419 79.713794708251967 0.27500000596046453 0.88146281242370617 -1.7283774614334104 -18.95621299743652 -9.3236508369445783 0.46924105286598211 -3.0549868345260616 5.6525616645812997 -111.43077087402342 0.98656919598579418 0.49000170826911932
decision_type=2 2 2 2 2 2 2 2 2 2 2 2 2 2 2 2 2 2 2 2 2 2 2 2 2 2 2 2 2 2 2 2 2 2 2 2 2 2 2 2 2 2 2 2 2 2 2 2 2 2 2 2 2 2 2 2 2 2 2 2 2 2
left_child=1 3 6 12 15 9 14 37 11 18 -8 21 22 20 25 27 32 36 33 30 -7 43 -1 41 29 -2 45 38 59 34 -20 -27 35 42 -16 -15 -12 -6 -4 47 61 54 -3 -5 -14 -10 -25 -19 -33 -31 -40 -23 -34 -13 -17 -22 -21 -24 -38 -9 -43 -28
right_child=2 5 4 8 7 13 10 28 26 -11 17 53 44 16 24 23 -18 39 19 56 55 51 57 46 -26 31 40 -29 -30 49 -32 48 52 -35 -36 -37 58 -39 50 -41 -42 60 -44 -45 -46 -47 -48 -49 -50 -51 -52 -53 -54 -55 -56 -57 -58 -59 -60 -61 -62 -63
leaf_value=-0.02417117410709229 0.0035005677691850208 -0.0085724440005107479 0.0073423071065747726 -0.011001628525907331 0.01633493039509647 -0.0013356748837965763 0.011975181279218683 0.01044889846624936 -0.010001280887523832 0.0050531672140879114 0.0031653470493294006 0.0095296820450236023 -0.013259367024494859 -0.0035994066153905045 0.011779528194800458 0.0050550109341722139 0.011568078833856363 -0.002398933090866319 -0.0072801268384163854 0.00061046920110594894 0.011935302397107257 -0.0087508972562364007 -0.0064312059880853693 0.0068632108769816139 0.010625054197341371 0.0010565691698636514 -0.0014994347736186043 0.007301324292368439 0.010478716985894015 0.00015678338267947442 -0.0050020722140210767 -0.0035295372042628906 -0.0029314287015487551 0.010184225753016437 0.0027853939391410142 -0.008842154691378069 0.0050560533521171744 0.009549528030301891 0.01332363628470859 0.0032541238412569472 -0.00027033088505452381 0.0069662221857041953 -0.0023983410873615507 -0.013620395333753416 0 -0.0054206799860184538 0.014925932728717064 0.0014505362059871235 3.4671834978342267e-05 0.0018550657578280734 0.00716157673694606 -0.013389514171519618 -0.00094054381034483297 -0.0046667242402307699 0.0017056641214322538 0.003337845780869935 -0.0037941459028950691 -0.018131504932076024 0.0097550938087321831 0.0064863484177448468 0.0027815090280125911 -0.011404640412215152
leaf_weight=445.31282831728458 428.0177453905344 185.70265090465546 485.33056558668613 1704.3804944604635 1094.2342194765806 940.70511122047901 278.84503658115864 387.14814668893814 659.76388493180275 204.90171156823635 3044.9688993096352 50.825130954384804 408.43907660245895 1091.6369998604059 102.697618663311 778.55002421140671 75.2996576577425 488.17222884297371 4919.7958292961121 311.36203721165657 73.753619596362114 1611.7262275665998 41.721826329827309 2940.8857140690088 125.87394087016582 863.18534718453884 74.497519820928574 2693.3882770985365 3220.7821630239487 4289.0674518048763 2920.1960227787495 1807.6027687191963 3905.6612205505371 44.095265433192253 2077.2239136397839 384.53852368891239 3219.4426719546318 221.90770590305328 759.12492851912975 1631.7765757590532 353.34388408064842 1131.1646120250225 1568.8747509866953 2370.9286725074053 38.509029686450958 523.04595638811588 94.349457517266273 1472.962421476841 552.22649174928665 3126.9027056246996 190.40816210210323 302.19775500893593 1833.1027393788099 40.769059985876083 1006.5977612733841 600.11600548028946 898.74874468147755 769.78997960686684 218.80178193747997 1226.9595008641481 326.74485483765602 113.11480867862701
leaf_count=1812 1790 770 2054 7021 4680 3922 1183 1639 2725 859 12794 212 1678 4540 435 3279 318 2046 20379 1294 311 6652 171 12411 532 3608 309 11402 13680 17932 12131 7543 16262 184 8722 1596 13548 946 3218 6849 1468 4764 6519 9745 159 2166 401 6175 2305 13098 807 1247 7644 169 4235 2514 3735 3147 926 5191 1376 469
internal_value=-6.94746e-06 -0.00632097 0.00461118 -0.0116388 0.00827016 -0.00378586 0.00205678 0.0107123 -0.0102596 -0.00520558 0.00364872 -0.0113482 -0.0179286 -0.00202107 0.000822599 0.00682343 -0.00269754 0.00341448 -0.00540162 -0.00593118 0.00102362 -0.0115724 -0.0199527 0.00576168 0.00153444 -0.00106854 -0.00640191 0.00843095 0.0094768 0.00141144 -0.00643501 -0.00168176 -0.00285167 -0.00272516 0.0032264 -0.00498539 0.00433547 0.0152185 0.0105278 0.00174694 -0.00286138 0.00447428 -0.00306936 -0.0125348 -0.0121397 -0.00800094 0.00712844 0.000483205 -0.0026898 0.000875184 0.0121214 -0.00950435 -0.00229865 0.00308582 0.00317882 0.00433355 -0.00264932 -0.0175657 0.00536495 0.00745781 0.00604372 -0.00760787
internal_weight=69752.2 29466.9 40285.3 9508.37 16557.6 19958.5 23727.8 6151.03 7804.59 11053.7 10355 6080.83 1703.77 8904.81 13372.8 10406.5 7290.24 10076.1 10848.8 9050.1 1614.57 5989.23 1256.82 6278.29 9721.77 3651.03 1723.77 4128.25 4834.89 9595.89 7839.99 3223.01 7214.94 1798.67 2179.92 1476.18 6483.21 1316.14 1434.86 3592.91 540.956 3243.06 1754.58 4075.31 446.948 1182.81 3035.24 1961.13 2359.83 7415.97 949.533 1913.92 5738.76 91.5942 1785.15 673.87 1210.11 811.512 3438.24 1614.11 1457.91 187.612
internal_count=291697 122128 169569 39150 70083 82978 99486 26136 32183 45871 43521 25046 6967 37107 55965 43947 30360 42338 45012 37539 6747 24665 5130 26466 40719 15246 7137 17481 20510 40187 32510 13456 30042 7473 9157 6136 27268 5626 6079 15070 2246 13654 7289 16766 1837 4891 12812 8221 9848 31030 4025 7899 23906 381 7514 2825 5029 3318 14474 6830 6140 778
is_linear=0
shrinkage=0.015


Tree=8
num_leaves=63
num_cat=0
split_feature=19 20 19 19 19 32 19 33 3 20 3 12 14 32 3 32 7 7 18 7 24 24 20 18 2 20 34 14 19 13 7 3 28 34 13 13 34 20 12 28 27 32 10 22 19 18 25 13 13 12 2 2 25 23 23 18 13 6 9 28 13 32
split_gain=8714.64 1837.31 1468.64 339.883 297.806 226.53 222.357 154.032 118.855 112.506 98.1358 87.4551 85.7239 86.5834 84.9432 83.9208 67.7741 65.4167 62.8503 62.6961 60.3812 56.1466 54.2126 51.2552 50.1149 49.1347 48.8229 63.8256 45.6542 42.535 39.7505 39.1994 38.6731 38.6051 36.221 36.0584 33.6109 32.3129 31.5156 30.8638 28.204 27.7989 27.7166 27.4397 27.3392 26.1088 26.0935 27.0254 25.5724 24.2611 38.5561 24.121 23.9402 23.8121 23.1886 22.7761 20.8166 20.4634 22.8562 20.2855 20.1635 19.8674
threshold=2.8147177696228032 1.8725363016128542 4.1349799633026132 1.3574172258377077 2.368035197257996 -33.636129379272454 3.5169357061386113 70.73789215087892 1.6577963232994082 6.0102369785308847 -5.3526325225830069 10.429556369781496 5.7690296173095712 -21.179330825805661 -11.538161277770994 -18.400004386901852 0.88280203938484203 0.5918748974800111 0.94994667172431957 0.76620224118232738 -11.376530170440672 -16.160917282104489 5.4265458583831796 1.6024872660636904 5.5929203033447275 4.7002570629119882 -66.441066741943345 -4.3926460742950431 1.8628975152969363 5.106553554534913 1.2813618183135989 -8.0365772247314435 -1.2248723506927488 -2.8571449518203731 -1.3138515353202818 4.006793975830079 -1.0000000180025095e-35 2.4559180736541752 11.407164096832277 -0.76235246658325184 -0.14738595485687253 -23.673348426818844 0.48511068522930151 88.70975494384767 1.9894254207611086 1.5320724248886111 0.69872829318046581 1.7358939051628115 3.7328796386718754 0.84757396578788768 -0.29851077497005457 -6.3893373012542716 0.66153934597969066 33.835807800292976 14.722376823425295 1.0605093836784365 -1.3138515353202818 75.570781707763686 4.9295527935028085 1.1340565085411074 2.3782894611358647 -10.352854728698729
decision_type=2 2 2 2 2 2 2 2 2 2 2 2 2 2 2 2 2 2 2 2 2 2 2 2 2 2 2 2 2 2 2 2 2 2 2 2 2 2 2 2 2 2 2 2 2 2 2 2 2 2 2 2 2 2 2 2 2 2 2 2 2 2
left_child=1 3 6 8 10 22 14 20 18 26 30 19 13 31 -2 25 34 -15 56 44 32 -13 57 24 54 -8 27 -7 -21 41 37 -6 -5 -14 -16 59 51 45 -19 -25 -36 -18 52 -31 -12 -3 -10 -48 -23 61 -51 -28 -20 -24 -9 -34 -1 58 -4 -17 -41 -22
right_child=2 4 5 7 12 9 15 23 46 -11 11 21 33 17 16 35 29 38 42 28 49 48 53 39 -26 -27 36 -29 -30 43 -32 -33 55 -35 40 -37 -38 -39 -40 60 -42 -43 -44 -45 -46 -47 47 -49 -50 50 -52 -53 -54 -55 -56 -57 -58 -59 -60 -61 -62 -63
leaf_value=-0.009768836855077255 0.010696265125777996 0.0021273547253189595 0.0035782328901856975 0.00031510552887258292 0.0069401330976726575 0.0079876591460497238 0.0051754742785908407 -0.00036389606987773912 0.0027853118593656563 0.010233839563403097 -0.013104117984151389 -0.019276629131957108 0.0024789593692423439 -0.0095607027226877056 0.0017873189134708564 0.0027784338607797555 0.0034363175654746636 -0.0029212175825311004 -0.0023133777732198707 -0.0087625161548305838 -0.011819763740300583 -0.001908280605945766 0.017362337376641074 0.0068669289328883399 -0.003211056967841379 0.010755078928005986 0.010435601384221572 0.0035118445440889823 -0.0052614656051751313 0.0016838951510882133 -0.0078911155622257978 1.767377747047468e-05 -0.0025638209975378428 0.01429219883240637 0.0011364217818034693 0.0073471409017945707 0.014836384386849571 0.0045259850017617424 -0.00051180964624221914 -0.0050142874086030204 -0.0016436416157269082 0.0013144252246871297 -0.01712988703206576 0.0095842089703455612 -0.0079787392287525814 -0.0048298588283718722 -0.012159423779575547 0.00068074130279409547 0.0077183224763094499 -0.0079137773441966333 -0.01345852309363298 0.0071516488994538699 -0.014001264729067427 0.01260320029796775 -0.0099727288730506094 -0.010287781269138208 -0.021982981858902149 0.0046681917953762591 0.012003568237000179 -0.00018525383462011008 0.0063814613252880974 -0.015311767221688009
leaf_weight=41.890815064311028 212.823730930686 215.03765995800495 87.085300803184509 87.440085217356682 204.94979666173458 1206.8718764185905 4583.0690058171749 63.028081104159355 36.392688885331154 3040.7349293977022 316.64508850872517 38.983744114637375 240.58859460055828 305.48010867834091 1633.7808485329151 3275.5504500120878 1776.9078512936831 6928.3385732322931 66.44154118001461 979.0217322409153 684.78511261940002 1132.1609024852514 627.95668376982212 68.827975630760193 390.02221766114235 391.6845076829195 588.52685081958771 1825.5713341534138 6796.7450733482838 166.58220545947552 142.13893543183804 1703.850285500288 98.932263687252998 84.765322789549828 1136.4305981397629 351.28487280011177 147.20034122467041 300.85180778801441 1503.0299684405327 344.65736651420593 2903.3609469532967 6622.572103112936 517.54453448951244 265.78267985582352 1176.1610676646233 268.51739692687988 241.61807169020176 40.644402489066124 63.230013310909271 517.04892446100712 715.23583775758743 5616.1468300074339 113.39398081600666 493.77108316123486 1141.1877394616604 1368.8470032811165 912.02091604471207 133.2504019588232 861.03160381317139 606.13654401898384 36.03063428401947 1172.8679962009192
leaf_count=171 902 892 370 362 862 5108 19323 260 150 12945 1306 162 1009 1266 6838 13756 7473 28836 272 4046 2814 4701 2703 286 1617 1662 2494 7707 28173 702 592 7115 406 360 4756 1484 628 1255 6261 1425 12135 27738 2116 1126 4866 1116 993 168 266 2123 2937 23772 464 2115 4702 5634 3708 567 3667 2544 150 4811
internal_value=-3.59804e-06 -0.00591662 0.00475962 -0.0117846 -0.00364683 0.00850392 0.00246925 -0.0101606 -0.0172757 0.00771246 -0.00534189 -0.00575484 -0.0018789 -0.00211208 0.00132373 0.00429801 0.00118372 -0.00274465 -0.018905 -0.0062551 -0.0116762 -0.0019823 0.0129497 -0.00670039 -0.00796446 0.00562194 0.00689187 0.00530219 -0.00570634 0.00200544 -0.000642466 0.000775281 -0.00920459 0.00567103 -9.30255e-05 0.0027366 0.00764653 0.000668684 -0.0024937 -0.00216865 -0.000857698 0.00176581 -0.0153046 0.00659667 -0.00909202 -0.00170906 -0.00872055 -0.010266 -0.00137451 -0.0129086 -0.0111608 0.00746882 -0.00983852 0.0153069 -0.00948368 -0.00978157 -0.0214839 0.010467 0.0112546 0.00231193 -0.00386881 -0.0140467
internal_weight=69613.5 31059.4 38554.1 8658.86 22400.5 14628.1 23926 6688.91 1969.95 12425.1 11429.5 10502.9 10971 10645.6 14718.2 9207.73 14505.4 8736.85 1651.29 9268.57 4645.16 1234.37 2203.1 2043.75 1594.24 4974.75 9384.32 3032.44 7775.77 8831.84 926.546 1908.8 1555.22 325.354 5673.57 4232.97 6351.87 784.407 8431.37 449.516 4039.79 8399.48 697.38 432.365 1492.81 483.555 318.655 282.262 1195.39 3089.94 1232.28 6204.67 179.836 1121.73 1204.22 1467.78 953.912 1081.37 948.117 3881.69 380.688 1857.65
internal_count=291168 128653 162515 35569 93084 62076 100439 27527 8042 52654 47375 43520 45709 44340 61670 38769 60768 36363 6731 38391 19087 5129 9422 8440 6579 20985 39709 12815 32219 37039 3855 7977 6402 1369 23729 17784 26894 3263 35097 1861 16891 35211 2852 1828 6172 2008 1311 1161 4967 12685 5060 26266 736 4818 4962 6040 3879 4604 4037 16300 1575 7625
is_linear=0
shrinkage=0.015


Tree=9
num_leaves=63
num_cat=0
split_feature=19 20 19 19 19 20 32 33 14 3 3 20 3 15 13 14 32 34 19 13 19 34 20 19 14 26 29 20 13 22 27 26 18 23 17 20 19 17 34 24 3 18 16 16 13 16 34 15 23 17 3 17 18 24 27 33 14 26 32 32 24 3
split_gain=8530.51 1608.75 1517.8 330.328 297.42 221.738 212.717 140.307 108.807 107.842 106.716 97.0755 94.9957 92.5017 82.3225 65.6129 60.4651 59.6768 57.8426 56.705 52.6101 52.0657 51.02 44.5684 41.341 41.1559 41.9656 40.852 40.3715 38.2568 36.4602 45.3959 36.1763 36.4487 34.9494 33.3475 32.4118 40.508 31.3194 30.9709 30.5763 29.456 29.0497 28.0899 27.8047 27.6666 29.0734 26.625 24.2864 29.0645 23.3871 23.1033 22.6874 22.6619 21.0047 20.4595 20.3726 18.5965 18.3069 17.6758 17.3587 17.2015
threshold=2.7473154067993169 1.8870581984519961 4.2550795078277597 1.3148456811904909 3.5169357061386113 2.4440547227859502 -35.899211883544915 60.889448165893562 5.7690296173095712 1.2168645858764651 -11.538161277770994 6.0102369785308847 -6.3629903793334952 -10.426539421081541 5.6525616645812997 6.6026346683502206 -17.376911163330075 -63.829769134521477 1.8328085541725161 -1.6905073523521421 1.6651631593704226 -45.117864608764641 4.1782383918762216 1.1408123970031741 1.646247446537018 -0.19091156870126721 5.5057525634765634 4.9645080566406259 3.1312760114669804 87.913772583007827 0.5047833025455476 0.2152386084198952 1.6024872660636904 32.874467849731452 3.3897092342376713 5.6591651439666757 2.3791723251342778 1.4639026522636416 -3.4483014345169063 -7.1324570178985587 17.426445007324222 1.9377804398536684 -3.0012667179107662 0.81995031237602245 -2.138495564460754 -2.5206065177917476 -1.0000000180025095e-35 -9.3552436828613263 13.281262397766115 1.3859756588935854 4.2714140415191659 2.2998231649398808 2.7047011852264409 -20.089507102966305 -0.34091775119304651 174.4628829956055 -1.7346528768539426 0.34911121428012853 -24.13409328460693 -23.958333015441891 -5.4140391349792472 1.1202986836433413
decision_type=2 2 2 2 2 2 2 2 2 2 2 2 2 2 2 2 2 2 2 2 2 2 2 2 2 2 2 2 2 2 2 2 2 2 2 2 2 2 2 2 2 2 2 2 2 2 2 2 2 2 2 2 2 2 2 2 2 2 2 2 2 2
left_child=1 3 4 9 10 8 35 20 18 23 51 17 34 22 16 36 58 19 50 57 44 27 -6 -1 -18 26 -22 42 32 -17 31 -20 43 -34 48 -4 54 -38 40 -11 -16 -27 -15 -9 -5 -19 -47 -21 -7 -50 53 -2 61 -3 -14 -54 -29 -8 -12 -13 -46 -23
right_child=2 5 6 7 13 12 11 28 -10 39 14 59 15 21 38 29 24 45 30 47 25 52 -24 -25 -26 41 -28 56 -30 -31 -32 -33 33 -35 -36 -37 37 -39 -40 -41 -42 -43 -44 -45 60 46 -48 -49 49 -51 -52 -53 55 -55 -56 -57 -58 -59 -60 -61 -62 -63
leaf_value=-0.022083059819106625 0.0060101007179676046 0.00029286284888126364 0.011765753820809839 -0.0038808784803170664 0.0048062789235122335 0.0035750202072731439 0.0089098716949302346 -0.0096594481145461878 0.0070227444527014909 -0.00021502661672806122 0.0028270998236782771 0.011838178517625517 0.0010297690327556233 0.0063668977350081453 0.0071127789560761446 -0.0031260006618223854 -0.00063997177993328086 0.011681216404900519 -0.0040404866758920969 0.0076845778778389167 -0.0071016265026121062 0.0081561415257434319 0.010070745889904356 -0.016247774098270031 0.0016790113826096371 -0.011428207503595149 0.0089613023508373427 0.012236504452923156 0.0048983251521740896 0.011696567954132804 0.0013759670147336545 -0.006043727033500903 0.0020667581487226359 -0.0064647147108860522 0.012855404495813011 0.016486182468489652 -0.0032724174476199434 -0.000818713235875666 0.013808017856169532 -0.012017091115956566 -0.0069167123102872353 -0.0049175570951371216 0.001987867110520865 -0.005689654647956492 -0.01250437629562543 0.0075349840243507859 0.014701600112802244 0.0021304801550306382 0.0027411570157283398 -0.0068724966410581212 0.0011139869913919566 0.016110741332595831 0.0055306584838799326 -0.010363282174554941 -0.0050859450792147889 0.0099036960543128615 0.0022605662808916735 0.005433979653486235 0.0012848661430621647 0.0093610558047509725 -0.015729866430956391 0.0035651872576159564
leaf_weight=700.21243059635162 106.6677982211113 44.75994610786438 783.44034615159035 78.593465059995651 795.27212531864643 549.73019494116306 836.36225740611553 1216.471967458725 160.51702864468098 62.27844212949276 2898.5603517591953 1126.7953194826841 132.76048193871975 375.83491589128971 187.66678594052792 56.463126942515373 5962.8266487717628 458.1521642357111 4788.9471594393253 238.13023118674755 433.16605696082115 207.47556944191456 915.889026299119 633.090675085783 2433.7726665586233 1761.6142167001963 37.464103981852531 146.22472779452801 59.655931904911995 112.24033434689045 193.09763813018799 5667.6693856567144 163.06074883043766 341.85484592616558 67.873487085103989 709.28211003541946 3505.219035089016 2700.7746250033379 136.26060688495636 323.44818675518036 40.125659301877022 185.54822970926762 3987.2260590493679 651.86059692502022 1741.7667524963617 5057.9927644878626 135.86111015081406 1121.9565336108208 144.41646222770214 132.97108905017376 44.320089921355247 117.14898608624935 1672.9117934405804 743.68459637463093 1520.8280007094145 298.05960713326931 74.248452335596085 671.97892791032791 4465.4109426289797 2083.1341842263937 601.08280767500401 2137.689055621624
leaf_count=2837 452 185 3353 323 3357 2301 3547 5002 675 256 12185 4817 552 1584 793 237 24917 1951 19839 1011 1781 874 3890 2578 10192 7232 156 619 249 475 801 23469 675 1413 286 3063 14577 11255 581 1325 169 766 16770 2692 7132 21459 582 4740 603 556 184 499 7067 3067 6312 1263 314 2847 18709 8888 2458 9007
internal_value=2.57974e-05 -0.00609053 0.00452532 -0.0113834 0.00248251 -0.00377497 0.00868806 -0.00997543 -0.00513924 -0.0173126 0.00121171 0.00800374 -0.00199245 0.00443845 0.00106714 -0.00251021 0.000902617 0.0071565 -0.00531175 0.00537096 -0.0114594 0.00381937 0.00764128 -0.019352 3.06443e-05 -0.00984752 -0.0057587 0.00269692 -0.00701045 0.00666925 -0.00500908 -0.00512866 -0.00731999 -0.00368263 0.00263042 0.0140378 -0.00271079 -0.00220762 0.00810481 -0.0101612 0.00453752 -0.0108212 0.00237126 -0.00828997 -0.0130533 0.00805781 0.00773092 0.00312379 0.00174427 -0.00182985 -0.00914323 0.0114592 0.00500609 -0.00974015 -0.00458523 0.00620894 0.00899487 0.00738051 0.00189455 0.0102421 -0.013351 0.00398434
internal_weight=69739.8 29557.4 40182.4 8991.17 26959.3 20566.3 13223.1 7272.14 11643 1719.03 16348.4 11730.4 8923.28 10610.8 16124.6 8028.29 15760.6 8520.43 11482.5 2868.43 4839.24 8899.67 1711.16 1333.3 8396.6 2417.79 470.63 4583.53 2432.9 168.703 10649.7 10456.6 2373.25 504.916 894.991 1492.72 7859.58 6205.99 364.053 385.727 227.792 1947.16 4363.06 1868.33 2421.44 5652.01 5193.85 1360.09 827.118 277.388 832.765 223.817 4316.14 788.445 1653.59 1970.97 220.473 1508.34 7363.97 3209.93 2342.85 2345.16
internal_count=291749 122249 169500 36875 113242 85374 56258 29879 48220 6996 68497 49842 37154 44745 67546 33408 66003 36137 47545 12145 19848 37498 7247 5415 35109 9935 1937 19287 10031 712 44109 43308 9782 2088 3746 6416 32696 25832 1543 1581 962 7998 18354 7694 9913 23992 22041 5751 3460 1159 3436 951 18211 3252 6864 8330 933 6394 30894 13705 9590 9881
is_linear=0
shrinkage=0.015


Tree=10
num_leaves=63
num_cat=0
split_feature=18 18 18 17 18 17 17 15 16 17 3 16 3 16 3 12 15 12 26 11 3 15 12 26 34 3 13 2 11 34 14 10 34 3 1 12 3 17 0 34 17 3 12 2 26 22 17 17 10 0 26 13 2 17 18 13 26 2 29 1 0 26
split_gain=6745.87 1141.4 1087.35 352.974 318.755 274.399 265.909 184.214 155.617 140.298 114.722 114.328 112.619 111.872 99.6216 109.857 92.2634 69.9484 67.1939 66.8139 65.5765 80.3193 69.773 64.3458 61.4276 60.3733 64.7367 59.1877 52.2758 49.8647 45.9641 44.9467 42.0986 38.2026 36.8028 36.5877 36.043 35.108 34.7223 34.0331 33.1911 32.0991 32.0636 33.8835 30.8381 29.9902 28.4671 28.1842 26.122 24.9604 26.4381 24.6305 24.3123 29.6368 26.5426 23.1121 23.9049 22.1307 21.3399 21.0661 20.1766 19.8774
threshold=1.9633720517158511 1.4068489074707033 2.7182976007461552 2.9286818504333501 0.97495198249816906 1.4639026522636416 1.9290775060653689 3.213082075119019 3.0907496213912968 1.2284207940101626 -6.1149432659149161 -3.3566296100616451 3.4176676273345952 -4.1933207511901847 -3.980939388275146 13.57011127471924 -12.745271682739256 11.407164096832277 0.680741846561432 -1.846754729747772 0.97615176439285289 -8.0371127128601056 1.8305878043174746 0.53650513291358959 -1.0000000180025095e-35 -9.3236136436462385 4.1561396121978769 3.4108972549438481 8.414497375488283 -61.194019317626946 5.4297678470611581 0.72673159837722789 -2.8571449518203731 -2.5582753419876094 26.433578491210941 17.222672462463382 -5.7717909812927237 3.8701810836791997 -8.9342541694641096 -2.8571449518203731 0.8659631907939912 -6.6376605033874503 -5.0724658966064444 9.9306616783142108 0.82159969210624706 29.702980995178226 1.2695614695549013 4.2711393833160409 0.50160580873489391 -8.5888991355895978 -0.56979292631149281 1.7744486331939699 8.0345053672790545 2.9586014747619633 2.4752844572067265 -1.0558350682258604 0.70257878303527843 3.017803549766541 2.1982395648956303 -1.73688668012619 -3.3347431421279903 -0.084818936884403215
decision_type=2 2 2 2 2 2 2 2 2 2 2 2 2 2 2 2 2 2 2 2 2 2 2 2 2 2 2 2 2 2 2 2 2 2 2 2 2 2 2 2 2 2 2 2 2 2 2 2 2 2 2 2 2 2 2 2 2 2 2 2 2 2
left_child=1 4 6 8 7 10 20 19 13 14 -3 -5 17 45 41 31 38 18 -12 -1 21 49 46 29 37 -7 35 40 52 -15 33 -16 34 61 -30 59 -24 -13 -8 -28 -21 -6 55 -44 -25 58 -23 -40 -29 -2 -51 -14 53 -18 -54 -22 -57 -35 -4 -27 -10 -11
right_child=2 5 3 11 9 25 16 -9 60 30 12 24 51 23 15 -17 28 -19 -20 27 42 22 36 44 -26 26 39 48 32 -31 -32 -33 -34 57 -36 -37 -38 -39 47 -41 -42 -43 43 -45 -46 -47 -48 -49 -50 50 -52 -53 54 -55 -56 56 -58 -59 -60 -61 -62 -63
leaf_value=-0.006989926262025486 0.0075669741398336158 0.001782808556393374 0.0084433167006644216 0.014171789432441698 0.0064182288356461953 0.0078930233056033455 0.013057333747710382 -0.0055511952206043916 0.011631196968429267 -0.0042781324588347614 -0.0054398295001678084 0.0068827868176940541 -0.0023503319375614206 0.0033623376780036207 -0.0098033998834869598 -0.0008786491624556981 0.0014478390672271067 -0.0011738886744074735 -0.0099851222671265248 -0.019181953010309553 0.010577170501859662 -0.0042265794538039131 0.0066499109913869293 0.0021621552138543594 0.016143354191731213 -0.00046926232513279961 0.0026185359923905009 -0.014030030585010412 0.0064549144376318751 0.0058909712106868239 0.0069525238703746035 -0.016119709941673256 0.014526800391477142 -0.0076688760273968311 -0.0076608923773519733 0.0029352118726930182 -0.00016982213244623446 0.0092427687522263057 0.0053604187369755531 0.013593943611415195 -0.01270265283865679 -0.0043068661273977064 -0.00020783853073952596 0.0029523290374982606 -0.0049110214524905951 0.014080341654271937 -0.0014043721323407864 0.017166755925567771 -0.00067540182812356121 -0.0038457220609564432 0.0018996398348964756 0.0018984742575033455 0.0028093716611994903 0.004269129387066882 0.0066620690332973983 0.0038415566967936522 -0.0032460437413968403 -0.0041519783448974853 0.00042599724983870849 -0.0023838505471608508 0.0079353615763729356 0.0013864737465356775
leaf_weight=163.76498547196388 156.81998071074486 605.16836903989315 723.5171874165535 902.2394887804985 69.547058030962944 178.061697229743 251.35971061885357 445.31450851261616 474.90493367612362 305.49663199484348 7732.4430490136147 2868.4757411032915 828.2819335013628 3931.7051269859076 5490.1572659611702 309.19718474149704 3445.1137410253286 785.07674646377563 820.78744588792324 1276.6920993626118 102.22842648625374 1790.240067049861 184.92029285430908 2529.1823101341724 226.70439319312572 2161.3235882222652 297.44418603181839 66.501240745186806 426.16347832977772 3256.5690830200911 69.513748437166214 277.77786608040333 141.57570838928223 1060.2298895716667 43.404360622167587 421.75536234676838 2554.3670149594545 3077.1524921506643 593.09661616384983 81.424133494496346 244.35295036435127 472.8439814299345 2152.919649079442 1174.0778862088919 143.67843000590801 214.06252193450928 1500.8811321556568 49.536154106259346 68.72815714776516 194.89888747036457 1976.0288851112127 481.99473954737186 1129.4243012219667 1120.8931868076324 649.12166553735733 1013.5785254389048 115.85694003105164 704.12498153746128 87.942815363407135 3305.1383344382048 1520.3564838171005 248.20046870410442
leaf_count=669 664 2528 3077 3880 289 752 1074 1832 2025 1265 31985 12206 3444 16585 22551 1280 14466 3260 3392 5180 430 7452 775 10673 974 9009 1251 272 1806 13777 292 1137 605 4374 183 1764 10658 13141 2510 347 997 1950 8999 4931 606 917 6271 212 282 818 8286 2009 4755 4723 2744 4252 485 2918 374 13763 6466 1027
internal_value=2.10346e-05 -0.00551136 0.00395736 0.00645776 -0.00924243 -0.00313342 0.00155338 -0.0142822 0.00497548 -0.00797033 -0.0045469 0.00915253 -0.0049083 0.00426557 -0.00909777 -0.00964861 0.00373048 -0.00548629 -0.00587999 -0.0164018 0.000228806 -0.00055916 -0.001474 0.00377111 0.00841205 -0.000662414 -0.000910326 -0.0173138 0.00314223 0.00451131 -0.00483324 -0.0101157 0.00734186 -0.00519882 0.00509136 -0.00129963 0.0002896 0.00810941 0.00827337 0.00507569 -0.018169 -0.00288558 0.00167642 0.000903964 0.00177294 0.00898892 -0.00294573 0.00634419 -0.00746082 0.00180368 0.00137387 -0.000775436 0.00273315 0.00214528 0.00422983 0.00374598 0.0030968 -0.00628012 0.00759605 -0.00163005 0.00883331 -0.00171607
internal_weight=69694.3 28971.3 40723 19956.5 11272.4 17698.9 20766.5 2265.35 12881.9 9007.09 11253.8 7074.57 10648.6 10886.7 6619.52 6077.13 7849.69 9338.31 8553.23 1820.04 12916.8 8358.16 6030.41 9861.13 6172.33 6445.15 6267.09 1656.27 6955.7 7188.27 2387.57 5767.94 611.144 2318.05 469.568 5888.22 2739.29 5945.63 893.992 378.868 1521.05 542.391 4558.66 3327 2672.86 1025.52 3291.12 642.633 135.229 2327.75 2170.93 1310.28 6344.55 4566.01 1778.55 1231.66 1129.44 1764.35 811.46 5466.46 1995.26 553.697
internal_count=291619 119819 171800 84701 46315 73504 87099 9232 54500 37083 46618 30201 44090 46009 27207 24968 33078 38637 35377 7400 54021 34924 25156 41641 26321 26886 26134 6731 29282 30362 9876 23688 2594 9584 1989 24536 11433 25347 3796 1598 6177 2239 19097 13930 11279 4368 13723 2722 554 9768 9104 5453 26688 19189 7499 5167 4737 7292 3451 22772 8491 2292
is_linear=0
shrinkage=0.015


Tree=11
num_leaves=63
num_cat=0
split_feature=19 19 19 19 19 19 5 35 24 3 0 14 3 3 35 3 2 11 11 24 5 17 12 23 22 14 24 34 33 19 22 12 19 24 19 35 12 34 5 28 17 17 22 23 12 34 3 34 24 1 24 27 28 19 24 5 21 34 23 35 34 11
split_gain=8058.41 1525.02 1422.18 285.479 272.761 239.449 174.135 125.459 107.813 100.072 88.1248 83.8394 72.4187 68.5722 70.1296 68.4158 67.2101 62.7872 60.6546 59.4605 52.8714 52.6353 51.2407 49.5334 41.1974 39.8949 39.7922 38.5898 36.3918 35.9039 34.5578 34.0947 32.1691 35.7848 31.6657 30.9974 30.0696 29.3513 29.1476 28.0287 26.6722 26.2756 25.7386 25.2217 24.6497 23.8119 26.1007 22.1962 21.7372 21.0126 20.2157 21.6234 19.9841 19.8619 19.8446 19.7271 19.5995 19.1377 19.4447 17.0719 24.1633 20.9994
threshold=2.7584658861160283 1.8328085541725161 4.2302494049072275 1.3148456811904909 3.4440166950225835 2.3457101583480839 3.9103916883468632 80.948242187500014 -29.859766960144039 1.5082497596740725 -9.3236508369445783 6.6026346683502206 -11.538161277770994 -5.2512123584747306 86.345581054687514 -7.0953900814056388 5.5929203033447275 4.7825868129730233 7.6853070259094247 -16.497939109802243 1.7367381453514101 1.4639026522636416 -8.0451025962829572 42.145723342895515 30.099411964416507 6.8543155193328866 -11.111116886138914 -44.23077201843261 -111.43077087402342 1.1408123970031741 97.148300170898452 0.17099185287952426 2.1512427330017094 -12.266299724578856 3.0167231559753422 71.595737457275405 12.463654041290285 -7.7922580242156974 5.5617151260375985 1.009153485298157 1.7607252001762392 1.7266058921813967 1.0000000180025095e-35 14.013116359710695 4.5678305625915536 -1.0000000180025095e-35 19.56987285614014 -46.825399398803704 -7.1324570178985587 23.703751564025882 -3.5046700239181514 -0.01860722433775663 1.0516942143440249 2.4928277730941777 -28.176795005798336 1.19198215007782 80.125213623046889 -1.0000000180025095e-35 71.676109313964858 81.381500244140639 -78.286098480224595 -6.675989866256713
decision_type=2 2 2 2 2 2 2 2 2 2 2 2 2 2 2 2 2 2 2 2 2 2 2 2 2 2 2 2 2 2 2 2 2 2 2 2 2 2 2 2 2 2 2 2 2 2 2 2 2 2 2 2 2 2 2 2 2 2 2 2 2 2
left_child=1 3 4 9 12 13 8 20 39 29 54 15 -2 42 32 43 50 19 23 -14 26 36 59 24 -12 52 44 28 -10 -1 49 -28 33 -15 -21 -29 -17 -13 57 -4 -18 -30 -3 -7 -5 46 -20 -25 -11 -19 -9 -52 -16 -23 -6 -34 -32 58 -24 60 61 -8
right_child=2 5 6 7 10 11 22 16 27 48 18 37 17 14 25 21 40 30 45 34 -22 53 38 47 -26 -27 31 35 41 -31 56 -33 55 -35 -36 -37 -38 -39 -40 -41 -42 -43 -44 -45 -46 -47 -48 -49 -50 -51 51 -53 -54 -55 -56 -57 -58 -59 -60 -61 -62 -63
leaf_value=-0.021027876171505158 0.010026991446235688 0.007928692059698839 0.012637417143062383 -0.0096027072023247978 0.014331732457622757 0.0053820473292912263 0.014965861093078408 -0.0060409712166069121 0.0080156807069418461 0.00045998061524251446 0.0032229079964943698 0.00063868601155804648 0.0019198599313112053 -0.0051599162326847921 -0.0039142625034167293 -0.0038938777548596735 -0.0020705257681528635 0.0033699517926971019 0.0081178514056712853 -0.0012480172961421504 0.0036073570875350255 -0.0027858771423366828 0.010065309711179637 0.0016685937210081537 0.0060807709398340961 0.008120525865256167 -0.013477396887282909 0.010010293333131338 0.0022600128685088742 -0.015858357253107531 0.00074793520957149842 -0.010348096593778212 -0.0023154330207239191 -0.0077772216843516465 0.00062614867838746424 0.0067997820134803296 -0.0007493255421176816 0.012937450892939633 0.01267714262915301 0.0022838519955067672 0.010097452328495142 0.0054900788010484721 -0.0019172865129654219 -0.0016404973856142748 -0.00070854789254610193 0.016374630445867209 -0.0019951938328408724 0.0035412896204300901 -0.010516234351435566 -0.0075570920273670536 -0.0009466012654635275 -0.012244068041852171 0.00090519981464313526 -0.00039743396192271318 0.0077975364578178529 -0.0054766319442684959 0.012978748718590935 0.01627352107579793 0.0075179331346438422 0.0087036176198584253 0.016312955191994018 0.0046611802679855183
leaf_weight=727.4941949993372 197.78472651541233 62.200709134340286 878.78218016028404 1638.4606039971113 185.9491465985775 340.70214860141277 91.944203272461891 506.42538805305958 997.47456048429012 45.016153931617737 2221.3788805902004 78.287584826350212 4830.6554363518953 1871.062456548214 1277.3852253258228 5078.9577674865723 375.29917673766613 1219.5667812526226 564.15322449803352 3536.0549685060978 52.849154576659203 1156.8030127882957 1772.2357907295227 2850.3398956656456 2413.299598261714 71.0224249958992 1908.8317463546991 964.81769035756588 781.57767814397812 666.96080015599728 41.51842488348484 1529.9830610901117 543.28394216299057 3490.5063374340534 4743.827400162816 2675.0817728340626 806.02131679654121 105.70329231023788 734.20616883039474 67.94669346511364 43.229527801275253 2295.0106165707111 792.89545285701752 167.91738866269588 77.407431229948997 72.771707817912102 60.546369522809982 2948.9760339260101 252.73521587252617 38.276519998908043 46.979388952255249 318.29187847673893 221.60239438712597 2479.7601456046104 306.51916900277138 3120.8920331597328 132.17364911735058 90.910580366849899 1269.9990524500608 146.61345998942852 608.26826126873493 100.40114438533783
leaf_count=2937 844 259 3781 6715 799 1432 397 2083 4239 185 9381 329 20277 7722 5289 21073 1553 5130 2399 14760 219 4811 7590 11992 10202 300 7797 4111 3309 2707 176 6252 2244 14377 19858 11393 3351 450 3160 292 181 9751 3296 703 318 312 257 12440 1033 161 193 1307 921 10333 1303 12905 565 393 5438 632 2630 432
internal_value=1.75475e-05 -0.00587404 0.00443309 -0.0113882 0.00240579 -0.00378798 0.00839736 -0.0099475 0.00711735 -0.0168932 0.00412415 -0.00211521 0.00104929 -0.00527815 -0.00560824 -0.002301 -0.00572186 0.000924793 0.00384586 0.000597448 -0.010989 -0.00258829 0.0106929 0.0035557 0.00471623 -0.00266058 -0.0111429 0.00652347 0.00550117 -0.0185923 0.00390727 -0.0120963 -0.00611862 -0.0068689 -0.000172541 0.00765993 -0.00346614 0.00784815 0.00990114 0.0119165 -0.000735989 0.00467639 -0.00116675 0.00303688 -0.00921149 0.0081426 0.00711051 0.00262435 -0.00881473 0.00301406 -0.00809139 -0.010845 -0.00319153 -0.00116244 0.0103431 -0.00501353 0.0101823 0.00923817 0.00901246 0.0138818 0.0147874 0.00976749
internal_weight=69694 29855 39839.1 8189.96 26363.8 21665 13475.3 6497.76 8660.69 1692.21 11623.9 10214.2 14739.9 11450.9 10595.8 10030.2 1290.23 14542.1 11131.5 13110.5 5207.53 9521.54 4814.58 10434 4634.68 1570.01 5154.68 7713.96 4074.06 1394.45 1431.54 3438.81 9025.74 5361.57 8279.88 3639.9 5884.98 183.991 3867.35 946.729 418.529 3076.59 855.096 508.62 1715.87 697.471 624.7 5799.32 297.751 1257.84 871.697 365.271 1498.99 3636.56 492.468 3664.18 173.692 3133.15 3042.23 947.227 800.614 192.345
internal_count=291679 123275 168404 33480 110856 89795 57548 26618 36876 6862 49085 42482 61771 47313 43758 41703 5317 60927 46983 54895 21301 39568 20672 44015 19583 6510 21082 32803 17299 5644 6032 14049 37248 22099 34618 15504 24424 779 16581 4073 1734 13060 3555 2135 7033 2968 2656 24432 1218 5291 3583 1500 6210 15144 2102 15149 741 13421 13028 4091 3459 829
is_linear=0
shrinkage=0.015


Tree=12
num_leaves=63
num_cat=0
split_feature=5 5 5 18 5 3 18 18 3 5 3 0 3 5 17 3 15 15 17 26 26 22 26 18 13 29 3 2 15 13 15 3 26 33 3 29 23 10 5 14 15 5 11 25 22 15 18 22 22 28 10 29 18 13 30 2 3 25 26 15 28 1
split_gain=6756.41 1415.05 1124.36 408.594 318.384 203.557 176.366 141.114 125.142 119.773 104.981 100.359 100.257 93.5077 84.8999 76.0456 74.0834 70.5345 59.6271 58.7475 56.0771 79.5647 54.9302 47.4098 44.8296 44.4488 43.6431 41.5792 41.234 39.9534 38.8814 38.5952 41.4804 38.0962 38.5301 33.9853 32.1761 31.5212 31.5026 30.6427 26.8551 26.6491 26.1515 25.7315 25.2755 43.4447 27.2716 25.1434 24.576 24.6473 23.5001 23.021 22.7415 21.7496 21.4326 21.1549 19.7119 19.652 19.2091 18.8336 18.7811 18.5224
threshold=1.7807305455207827 3.2214394807815556 1.0191163420677187 1.6469549536705019 2.505046129226685 1.5082497596740725 0.94994667172431957 2.2585053443908696 -4.2695221900939933 3.9103916883468632 3.6966261863708501 -10.869559764862059 -9.0207238197326642 1.428187429904938 1.4549044370651247 -6.2363603115081778 -8.4471426010131818 -10.620375633239744 1.2526171207427981 0.68502268195152294 0.41856488585472112 79.069728851318374 0.63006368279457103 1.9813760519027712 -1.21661901473999 1.0525157451629641 -6.1149432659149161 8.0345053672790545 5.9269893169403085 4.6577575206756601 3.503388643264771 3.2155760526657109 0.18266216665506366 15.684502601623537 -5.5521280765533438 1.4084121584892275 26.207676887512211 0.51330721378326427 5.5617151260375985 5.956376552581788 -9.3552436828613263 0.74655374884605419 3.4090923070907597 1.3555848598480227 27.343235969543461 -9.1927561759948713 2.9012156724929814 99.99591445922853 99.99591445922853 2.1937301158905034 0.50295561552047741 1.0093047022819521 2.1509646177291875 1.8154128789901736 0.52500000596046459 9.7055287361145037 -13.183668613433836 1.7103797793388369 0.59841406345367443 -11.698443889617918 -0.29332008957862848 2.8662433624267583
decision_type=2 2 2 2 2 2 2 2 2 2 2 2 2 2 2 2 2 2 2 2 2 2 2 2 2 2 2 2 2 2 2 2 2 2 2 2 2 2 2 2 2 2 2 2 2 2 2 2 2 2 2 2 2 2 2 2 2 2 2 2 2 2
left_child=2 4 5 8 7 6 24 12 37 17 18 -6 52 15 27 -5 -11 35 22 40 44 25 -10 26 -1 -22 -8 -14 36 -16 43 32 -17 34 56 -3 54 -4 48 -12 -15 -28 -21 -26 46 -46 -13 -23 49 -18 -33 -19 -2 -42 -7 -36 -9 58 -38 -39 -25 -20
right_child=1 9 3 13 11 28 23 33 10 16 39 20 14 19 29 31 38 51 61 42 21 47 -24 60 30 -27 41 -29 -30 -31 -32 50 -34 -35 55 -37 57 59 -40 -41 53 -43 -44 -45 45 -47 -48 -49 -50 -51 -52 -53 -54 -55 -56 -57 -58 -59 -60 -61 -62 -63
leaf_value=-0.0069833394472280236 0.0097414466327664703 0.013170611192094662 -0.0038023931204388467 0.0039555315077005994 0.012258277381796598 -0.0062772300936606695 0.0021347088898942298 0.010880464155921248 -0.0073637275972137173 0.01504564642033209 -0.0031545609082108744 0.0021461470522732224 -0.0028047839259167993 0.0016448778058437375 0.0004835912351715108 -0.0028954426324725238 0.0090455385177919435 0.0072701009583830949 -0.0047511122905025543 -0.0067603575860594196 0.0033451645755565129 0.0056615303832801755 -0.011747414931802317 0.0064362090013679223 -0.018995643918526671 4.6692830260498102e-05 -0.014372657279335973 0.0015695257979255446 -0.00052293318587307437 0.0059093576606886345 -0.0052742438773135392 -0.0042868817742482083 -0.0060359890197877542 0.0037078889222830979 0.0006685567575769189 0.0056940916779773748 -0.0073118411276281818 0.0061582569814858136 0.012569161828930952 0.0053921002549352486 -0.001321611443879419 -0.010591725599873598 0.0015674487894477944 -0.009278524317928305 0.010552696458196778 0.0054128430042523264 0.0057058930769645008 0.01481964487052106 0.01626287283949631 -0.00018926201606226482 0.0022291272011815944 0.004946216477835161 -0.00023312305550683192 0.0012422773644187987 0.0065837518899411604 0.0070747657295518029 0.0032467600948841596 0.0010977537630827267 -0.012772966540921282 -0.00036601877155292508 -0.0054039403400259365 -0.007962725500565801
leaf_weight=100.82112373411655 275.85878765583038 602.83795799314976 658.88141764700413 275.15263952314854 358.88805773854256 53.795472130179405 53.309089705348015 80.612874045968056 5117.8353293091059 706.04969993233681 1220.5422711521387 986.16027761995792 3156.5515853017569 1043.510023355484 5045.9756576567888 1743.9064030498266 3423.4095166027546 3076.5218708068132 2489.1839425265789 514.94912168383598 2155.5756857544184 1280.5859688520432 758.42497317492962 38.303440481424332 1136.2867157906294 1617.8886073827744 552.25556740164757 572.45669884979725 265.99259178340435 324.01371887326241 58.380559489130974 200.46509118378162 2154.0819716900587 3681.2584206461906 3644.0012053251266 193.11469782888889 749.92973531782627 120.16473110020161 768.29377053678036 99.282018601894379 5200.7948068529367 2726.5946661382914 97.367383033037186 77.504521772265434 440.77623066306114 2671.0806308239698 993.89731089770794 72.679388001561165 110.88183304667473 62.961651667952538 320.27530923485756 1503.3419889062643 59.422527328133583 861.20285153388977 58.776790499687195 118.51565045118332 1550.1651042699814 47.263048857450485 198.4607205837965 519.53387658298016 111.3496677428484 510.31162559986115
leaf_count=410 1169 2601 2733 1150 1540 221 221 346 21040 3066 5061 4167 13148 4371 21122 7221 14693 13126 10277 2137 9125 5431 3113 158 4590 6811 2243 2391 1098 1373 238 833 8903 15517 15307 828 3075 501 3318 418 21647 11139 407 314 1876 11306 4222 313 481 268 1331 6387 252 3597 242 499 6542 194 814 2151 459 2110
internal_value=3.80877e-06 0.00408226 -0.0053461 -0.00386554 0.00238044 -0.0110228 -0.0124688 0.00119273 -0.00590383 0.00881745 -0.00646279 0.00445669 -9.03231e-05 -0.00197608 -0.000389489 -0.00364629 0.0104804 0.00724253 -0.0070507 -0.000957665 0.00417888 0.0030624 -0.00793587 -0.0106497 -0.0170486 0.00193568 -0.0110218 -0.00212876 -0.00589269 0.000815841 -0.0178223 -0.00412462 -0.004637 0.00252802 0.00171882 0.0113943 -0.00716475 -0.00150048 0.00973203 -0.00249312 -0.000570383 -0.0112415 -0.0054109 -0.0184038 0.00529841 0.006152 0.0039445 0.00618559 0.00911527 0.00887445 -0.000257396 0.00651305 0.00793826 -0.000954607 0.000304596 0.000877982 0.00364616 -0.00802322 -0.0084949 0.000851538 -0.00222965 -0.00530745
internal_weight=69668.7 39533.8 30134.9 23905.9 29086.4 6229.02 4854.81 18508.8 11494.2 10447.4 10195.6 10577.5 9434.28 12411.7 9099 4693.88 5071.6 5375.82 8875.76 7717.82 10218.6 5126.73 5876.26 3481.81 1372.99 3773.46 3332.16 3729.01 1374.22 5369.99 1272.17 4418.73 3897.99 9074.55 5393.29 795.953 1108.23 1298.58 4365.55 1319.82 7105.51 3278.85 612.317 1213.79 5091.91 3111.86 1980.06 1353.27 3597.25 3486.37 520.74 4579.86 335.281 6062 112.572 3762.52 1630.78 995.654 948.39 639.699 149.653 2999.5
internal_count=291642 167225 124417 99001 122457 25416 19772 77666 47404 44768 42019 44791 39455 51597 38034 19438 21826 22942 36540 32159 43251 21680 24153 14220 5552 15936 13603 15539 5644 22495 5142 18288 16124 38211 22694 3429 4546 5385 18760 5479 29615 13382 2544 4904 21571 13182 8389 5744 15442 14961 2164 19513 1421 25244 463 15806 6888 4083 3889 2652 617 12387
is_linear=0
shrinkage=0.015


Tree=13
num_leaves=63
num_cat=0
split_feature=19 19 19 19 19 32 32 0 5 3 7 3 7 19 7 33 14 16 3 26 12 32 5 19 25 32 32 2 7 18 5 11 17 11 5 14 12 7 26 18 22 32 26 5 12 32 26 2 25 7 12 7 9 7 19 29 22 3 7 11 5 18
split_gain=7682.17 1452.19 1403.04 255.568 236.423 235.398 174.014 123.74 123.729 104.078 103.428 92.3603 84.5369 81.5995 74.0621 66.7077 66.0988 65.5116 64.394 56.6755 46.8438 50.5866 45.2489 44.3318 42.7115 40.1498 38.7413 37.0362 36.9525 36.8748 32.6535 31.1095 30.5231 30.3065 30.0889 29.423 35.1222 29.097 28.0967 28.0834 27.6078 27.4312 27.2708 26.6861 26.6314 26.2454 24.3482 24.1837 23.5094 22.921 22.82 21.8158 21.0495 21.047 23.9748 19.9958 19.7382 19.0918 19.0477 18.6472 18.421 17.953
threshold=2.7584658861160283 1.8328085541725161 4.0477070808410653 1.3148456811904909 2.3457101583480839 -28.875179290771481 -17.376911163330075 -8.9342541694641096 3.9103916883468632 3.6966261863708501 0.66422078013420116 1.2168645858764651 0.73001241683959972 3.3599542379379277 0.76620224118232738 138.97877502441409 6.6026346683502206 -1.2354381084442136 6.5585765838623056 0.35704919695854193 9.4850635528564471 -17.012332916259762 1.7367381453514101 3.07936704158783 0.66505515575408947 -35.899211883544915 -5.0653607845306388 -9.6908040046691877 0.56320908665657055 2.4649567604064946 3.0565710067749028 8.414497375488283 1.7607252001762392 2.6361653804779057 5.5617151260375985 -3.6710847616195674 -0.17101702839136121 0.9302712380886079 0.21982025355100634 1.7576249837875368 87.913772583007827 -24.670857429504391 0.024633197113871578 2.0589382648468022 11.659994125366213 -17.750292778015133 -0.019341439008712765 -8.8821182250976545 0.95306318998336803 0.70895901322364818 9.9567637443542498 1.4135544300079348 0.74076491594314586 0.6384863853454591 4.205148696899415 5.1540467739105233 97.148300170898452 -12.238701820373533 1.2119181752204897 0.10726502910256387 2.1313205957412724 2.6787177324295048
decision_type=2 2 2 2 2 2 2 2 2 2 2 2 2 2 2 2 2 2 2 2 2 2 2 2 2 2 2 2 2 2 2 2 2 2 2 2 2 2 2 2 2 2 2 2 2 2 2 2 2 2 2 2 2 2 2 2 2 2 2 2 2 2
left_child=1 3 6 11 14 19 7 57 30 22 29 26 28 31 20 23 17 41 27 25 21 47 35 46 -13 -4 -1 52 45 42 -7 60 -11 -26 -10 48 -37 -15 -23 -30 -18 -14 -8 -17 -19 -6 -12 -3 -5 -21 -29 -20 -16 61 -55 -41 -45 -2 -59 -22 -9 -32
right_child=2 4 5 9 12 8 10 13 34 32 15 24 16 37 18 43 40 44 51 49 59 38 -24 -25 33 -27 -28 50 39 -31 53 -33 -34 -35 -36 36 -38 -39 -40 55 -42 -43 -44 56 -46 -47 -48 -49 -50 -51 -52 -53 -54 54 -56 -57 -58 58 -60 -61 -62 -63
leaf_value=-0.016250584543927148 0.013363379012739492 0.0029993015851660703 0.01459358579275659 0.0037068377597026321 0 0.0047750691726068826 0.0016133879998503 0.0021770424670686027 0.0085192109733783373 -0.0038516741153294407 0.0018049674648193547 0.0040090762513952279 0.0038392878856195276 0.0030880821188016164 0.0064449240820128465 0.0017227011951522653 -0.0014436346019164536 -0.0030118875746453421 -0.0021147882912596451 0.003233104352325471 0.004202327440602332 -0.0072675092407164174 0.0033697039501830537 0.0016014924404796295 -0.012928014762990325 0.010627457446520659 -0.02211942014707878 -0.0053412645211626097 -0.0072131687962660607 0.00029483506501269902 -0.0033619217297179921 0.0087529741004995082 0.0083180018869441572 0.00096266263456304358 0.012314189402795326 -0.011432441053016575 -0.0089901311532982527 0.0052102480798166357 -0.011687225607525064 -0.0031531637452027026 0.011028028071718727 -0.0003378706622524478 -0.0061341852462572753 0.0050054652261955828 -0.00041951205714168015 -0.013609279132925721 -0.0012656418043690324 -0.0057105556727368141 -0.0089527141709758711 0.0093202022652461407 -0.0029678193924483598 0.0066855950861077875 -0.0021915482647919542 0.0032331664353292696 0.0074373134733608445 0.0071270526697601189 0.011432333253230025 0.0097981582919203104 0.0021677625865196108 -0.0051840910525456389 0.00037863385149095681 0.0048149619876923276
leaf_weight=924.28847780823708 235.33381009101868 90.455772936344147 1133.0848275274038 59.376740127801895 37.64222677052021 3890.4397359490395 114.57670444250107 3613.5297179818153 2805.6183420270681 349.03092075884342 746.47658406198025 43.218114018440247 417.31749023497105 2802.9770991802216 69.693562999367714 525.65300399065018 53.49901819229126 4736.2964924275875 107.90628407895565 168.55955332517624 90.743693351745605 602.73433770239353 52.33583565056324 5862.9797011166811 310.64966490864754 1353.2098322659731 415.622094810009 7562.9007217735052 478.61215075850487 430.94697427749634 67.91047003865242 136.78501479327679 50.917192429304123 37.303069263696671 607.82129554450512 3558.9666629582644 2343.8122085928917 3174.8719113767147 821.10855166614056 774.10561241209507 131.62938952445984 2237.5473899543285 729.18611997365952 677.91215737164021 1116.285280495882 172.37315464019775 2560.7410414218903 297.30091039836407 67.345791772007942 1252.5380440503359 1080.9970610737801 142.79638999700546 522.5102176964283 353.31000377237797 3527.1375999301672 42.361339434981346 134.60297003388405 270.01965066790581 110.36202943325043 95.102234408259392 2020.9878370463848 384.33591029047966
leaf_count=3732 1016 375 4936 244 156 16520 478 15160 12064 1442 3117 177 1749 11837 291 2206 225 19660 449 723 374 2479 217 24623 1264 5824 1672 31179 1975 1806 287 582 213 153 2632 14522 9569 13454 3368 3212 561 9314 3038 2863 4644 710 10690 1226 277 5392 4469 600 2170 1502 15061 176 577 1148 470 392 8492 1633
internal_value=3.0747e-05 -0.00571162 0.00435618 -0.0110836 -0.00367527 0.00787133 0.0020924 0.00333566 0.00679603 -0.00970449 0.000786133 -0.0162215 -0.00201004 0.00298917 -0.00515202 0.00127675 -0.00143867 -0.00163373 -0.00459353 0.0110647 -0.0077898 -0.00852539 -0.0101926 0.000817709 -0.00964675 0.0124513 -0.0181124 -0.00479782 -0.00529376 -0.00324232 0.00579175 0.00171166 -0.00223136 -0.011399 0.00920618 -0.0103139 -0.0104686 0.00421905 -0.00983963 -0.00431567 0.00736686 0.000315486 -0.00506306 0.00440538 -0.00252031 -0.0111569 -0.000567366 -0.00363527 -0.00293903 0.0086143 -0.00504693 0.00285166 -0.00113165 0.00669857 0.00706026 -0.00258535 0.00611403 0.00989201 0.00764646 -0.000525151 0.00153501 0.00354468
internal_weight=69586.7 29894.8 39691.9 8212.87 21681.9 15544 24147.9 12364.9 11636.6 6481.79 11783.1 1731.08 10197.7 11749.2 11484.2 10508.4 8692.58 8507.45 9486.8 3907.39 1997.45 1811.6 6081.84 9170.2 391.171 2486.29 1339.91 9236.1 1505.09 1274.71 8223.13 5771.3 399.948 347.953 3413.44 6029.5 5902.78 5977.85 1423.84 1295.08 185.128 2654.86 843.763 1338.17 5852.58 210.015 3307.22 387.757 126.723 1421.1 8643.9 250.703 592.204 4332.69 3880.45 816.467 812.515 615.715 380.382 185.846 5634.52 452.246
internal_count=291367 123236 168131 33482 89754 66574 101557 52159 49699 26484 49398 6998 42382 49525 47372 44076 36153 35367 39158 16875 8214 7448 24829 38430 1594 10760 5404 38109 6229 5322 35003 24234 1655 1417 14696 24612 24091 25291 5847 5363 786 11063 3516 5646 24304 866 13807 1601 521 6115 35648 1049 2461 18483 16563 3388 3440 2634 1618 766 23652 1920
is_linear=0
shrinkage=0.015


Tree=14
num_leaves=63
num_cat=0
split_feature=19 19 19 19 20 19 32 35 5 13 15 15 7 2 20 5 7 3 20 34 3 7 19 11 3 32 20 32 35 34 34 19 14 12 13 25 29 15 20 20 9 32 9 11 11 5 15 7 32 16 5 32 11 14 25 25 7 12 12 15 32 16
split_gain=7521.68 1413.76 1347.05 264.033 249.392 225.471 178.476 120.85 114.231 109.518 128.136 95.9536 83.4324 70.9355 62.58 60.6932 70.5462 56.7979 55.1745 53.7879 48.7622 47.5029 45.0258 43.3049 41.1538 41.049 40.2327 37.5665 37.1586 36.3535 36.2448 35.8089 34.4418 37.4512 31.9445 31.2287 29.9861 29.8691 28.9738 28.4439 27.5546 30.8226 27.2923 26.7239 25.8887 25.6353 25.1481 25.0938 24.9434 23.5506 23.2974 22.901 21.9811 20.4297 20.33 23.4293 19.955 19.7183 18.8556 32.6589 18.6541 17.4215
threshold=2.7584658861160283 1.8010901212692263 4.2302494049072275 3.4440166950225835 2.2040150165557866 1.2097520828247073 -34.675760269165032 80.948242187500014 3.9103916883468632 3.3085967302322392 -9.0373306274414045 -10.426539421081541 0.75162413716316234 5.5929203033447275 2.8175553083419804 2.254596590995789 0.6777574121952058 1.4124253988265993 4.2023925781250009 -45.117864608764641 -11.538161277770994 0.78347533941268932 1.4253435730934145 8.035306930541994 -6.4963569641113272 -23.516583442687985 5.4265458583831796 -23.196040153503414 86.345581054687514 -2.1960309743881221 -3.4483014345169063 2.1512427330017094 -3.6710847616195674 -0.17101702839136121 5.6525616645812997 2.6644039154052739 1.5010555982589724 -3.7183341979980464 4.9645080566406259 2.5870957374572758 68.586387634277358 -17.108461380004879 20.196557044982914 4.1131112575531015 -2.1052583456039424 3.0565710067749028 0.25136865675449377 1.3608688712120058 -16.666665077209469 -3.3566296100616451 6.0148024559021005 -9.4082088470458967 3.1888546943664555 -1.7346528768539426 1.3761022090911867 0.623743236064911 0.7457333803176881 32.021343231201179 15.447514533996584 -3.5549560785293575 -7.2951719760894767 -3.7092714309692378
decision_type=2 2 2 2 2 2 2 2 2 2 2 2 2 2 2 2 2 2 2 2 2 2 2 2 2 2 2 2 2 2 2 2 2 2 2 2 2 2 2 2 2 2 2 2 2 2 2 2 2 2 2 2 2 2 2 2 2 2 2 2 2 2
left_child=1 5 3 12 15 17 26 22 25 10 14 18 24 46 47 16 40 44 42 38 -14 31 54 27 -2 -8 -4 -22 37 -11 -25 -12 -24 -34 48 -36 -30 -18 49 -23 41 -3 -5 -15 -1 -27 -9 -6 -21 -13 56 -19 -48 -40 55 -7 -10 -58 59 -26 -46 -28
right_child=2 4 6 11 9 7 8 13 50 29 21 19 20 43 -16 -17 28 51 -20 34 23 39 32 30 58 45 61 -29 36 -31 -32 -33 33 -35 35 -37 -38 -39 53 -41 -42 -43 -44 -45 60 -47 52 -49 -50 -51 -52 -53 -54 -55 -56 -57 57 -59 -60 -61 -62 -63
leaf_value=-0.006115802822407485 0.0042012077998151674 -0.0039116982078232646 0.010059119001212306 0.0038584750155346396 -0.00070794342967285865 -0.0094085353974100207 0.0079278564930944286 -0.0039801763192489487 0.006850524527831167 0.0019437363971664427 -0.011158241640706635 0.0062868823302582718 0.009276019326180775 -0.0023194460213915298 0.0045049922515799402 0.0043636079490551203 -0.0045831041795872073 0.00028307459052605836 0.0098816500368365274 0.0051524993909484694 0.0028642924059924719 -0.0036529198417570028 -0.0020948242618743767 0.0032227027867385359 -0.00020300495439637992 0.0042775778870629286 0.017122601802370928 0.00075810861621351117 -0.0042104062942116853 0.011787580452182544 0.012864628453229105 -0.0047244671075167173 -0.011774624904609184 -0.0086355486288690591 0.0099329205250696991 -0.0025995659979528305 0.0023012889247561296 -0.0069071552785751333 0.011220374375848738 -0.0019657238514786905 -0.0014904428079235076 -0.013198373240291255 0.012618347752868877 0.0086229953645263965 -0.01596675587593303 0.006501519232702215 -0.01074619180163839 -0.010404695427812801 0.0028112787954045547 0.0018024185319966694 0.012845217866195757 -0.012242935978395902 -0.0020702448763606266 0.0011895728786091512 -0.0027830677229883898 -0.015461710117368842 0.010844476994572059 0.0081106364848729153 0.0012494039172050279 -0.0039771355476280095 -0.021182238431229759 0.012627924157588278
leaf_weight=39.59730476140976 267.06598581373692 103.36007781326771 807.2556729465723 915.81588591635227 1244.7750016599894 204.67395269870758 2664.3665566891432 240.65901844203472 753.55214327573776 492.23122321069241 217.00731299817562 281.64196443557739 178.41508613526821 334.34780675172806 645.90862499177456 123.86354643106461 1940.1868619173765 38.356983125209808 874.47452990710735 2448.523687645793 2442.8973807543516 5531.0872094929218 114.0186887383461 318.85983556509018 866.9503847360611 2061.9854087084532 444.86891563236713 8818.9719871133566 1002.4739026278257 101.86242017149925 123.88667333126068 2280.564785733819 2553.5690863728523 1412.8624002933502 380.13318258523941 47.767391294240952 184.56377924978733 3859.5558872818947 135.29077070951462 3892.0381687581539 70.272166669368744 518.67240133881569 88.540869832038879 56.808121934533119 304.99844908714294 2938.3356264829636 612.7456445991993 61.536486640572548 1844.046769335866 4548.5078752487898 464.85086952149868 156.97642652690411 79.704791650176048 74.580273613333702 39.897989124059677 861.85102897882462 1605.2868118435144 1112.1503009945154 348.0268426835537 1305.0820003598928 602.38749913871288 504.93253009021282
leaf_count=160 1122 426 3493 3883 5176 831 11428 986 3241 2063 892 1193 767 1379 2715 515 7982 157 3749 10390 10296 22880 469 1351 3628 8765 1964 36935 4140 436 535 9427 10400 5755 1628 204 766 15854 577 16168 288 2124 377 238 1229 12551 2504 256 7787 19177 2021 638 328 317 162 3490 6931 4805 1454 5436 2420 2208
internal_value=4.8525e-08 -0.00567737 0.00428334 0.00231264 -0.00376439 -0.0112393 0.00816282 -0.0101493 0.00748229 -0.00259618 -0.00286698 0.00399989 0.000972597 -0.00606529 0.000688305 -0.00592716 -0.0060962 -0.0174107 0.00711114 0.00339812 0.00152101 -0.00345049 -0.0111864 0.00139995 -0.00135961 0.00640617 0.0126337 0.00121674 -0.00563596 0.0036906 0.00600009 -0.00529796 -0.0104305 -0.0106652 0.00455215 0.00849342 -0.00318317 -0.00613412 0.0023129 -0.00295821 -0.0106897 -0.0116968 0.00466917 -0.000656326 -0.0189555 0.00558951 -0.00831042 -0.0011914 0.004152 0.0020695 0.00956981 -0.00972929 -0.00977798 0.00777148 -0.0139367 -0.0143339 0.00911969 0.00973792 -0.00195773 -0.00247919 -0.0194846 0.0147805
internal_weight=69590.5 29923.4 39667.1 26309.5 22270 7653.46 13357.6 6511.14 11600.5 14467 13872.9 11639.3 14670.2 1324.27 1952.22 7802.95 7679.09 1142.32 1878.83 9760.49 11883 11920.7 5186.87 11704.6 2787.13 7664.69 1757.06 11261.9 6986.78 594.094 442.747 2497.57 4080.45 3966.43 4720.47 427.901 1187.04 5799.74 5040.02 9423.13 692.305 622.032 1004.36 391.156 946.983 5000.32 933.109 1306.31 4292.57 4830.15 3935.84 195.333 692.45 209.871 1106.42 1066.52 3470.99 2717.44 2520.06 2172.03 907.386 949.801
internal_count=291467 123254 168213 110806 92108 31146 57407 26542 49742 60013 57514 49282 61524 5435 8147 32095 31580 4604 8009 41273 49884 49367 21107 49117 11640 32744 7665 47231 28742 2499 1886 10319 16624 16155 20009 1832 4906 23836 21264 39048 2838 2550 4260 1617 3809 21316 3818 5432 18177 20370 16998 795 2832 894 4483 4321 14977 11736 10518 9064 3649 4172
is_linear=0
shrinkage=0.015


Tree=15
num_leaves=63
num_cat=0
split_feature=19 19 19 19 19 5 19 35 15 15 7 15 14 7 6 15 0 7 7 26 17 34 34 14 11 5 3 5 11 0 35 35 35 26 7 34 19 3 12 22 26 3 34 5 6 7 17 19 22 10 34 19 34 9 26 15 29 3 12 35 9 26
split_gain=7257.33 1340.81 1317.96 244.281 221.094 201.76 193.145 132.747 100.458 95.7629 80.2541 78.3478 76.6336 74.117 63.7165 61.6531 58.7923 58.5015 56.9036 51.4399 50.3136 47.5014 44.2954 42.1746 41.5353 40.9018 40.64 37.2173 36.3986 35.569 35.2164 34.9091 36.3539 38.0493 32.9599 32.3969 31.0812 30.9031 30.1478 29.6009 29.1896 29.1434 28.282 28.0125 27.8817 27.6386 27.5819 26.8325 25.5839 24.709 23.8329 23.6377 21.8631 21.4302 21.2883 20.583 20.1454 18.9353 18.6711 18.4413 18.2843 18.0032
threshold=2.7473154067993169 4.0477070808410653 1.7854030728340151 2.1974668502807622 1.2097520828247073 3.9103916883468632 3.3599542379379277 80.948242187500014 -8.734426021575926 -10.620375633239744 0.76620224118232738 -10.045802593231199 6.6026346683502206 0.84948620200157177 58.191474914550788 -6.2571775913238517 -8.2773323059082013 0.83712023496627819 0.6066911816596986 0.68502268195152294 1.7266058921813967 -55.555484771728509 -45.989265441894524 7.8125679492950448 -4.4005155563354483 2.5922391414642338 -5.5521280765533438 1.627983629703522 7.6853070259094247 -10.869559764862059 10.706122398376467 -9.8986325263977033 86.345581054687514 0.6643052101135255 1.4253640770912173 -62.037019729614251 1.4253435730934145 -8.7456593513488752 10.19935178756714 37.25493240356446 -0.18244439363479611 -11.538161277770994 -3.4483014345169063 5.5617151260375985 70.480796813964858 1.8639968037605288 1.9539157152175906 4.5943713188171396 94.871799468994155 0.51566076278686535 -7.7922580242156974 4.7927546501159677 -1.0000000180025095e-35 12.411810398101808 0.14286985248327258 -20.710721969604489 4.595111846923829 -3.2878098487853999 18.835196495056156 28.253656387329105 9.690310478210451 0.83184483647346508
decision_type=2 2 2 2 2 2 2 2 2 2 2 2 2 2 2 2 2 2 2 2 2 2 2 2 2 2 2 2 2 2 2 2 2 2 2 2 2 2 2 2 2 2 2 2 2 2 2 2 2 2 2 2 2 2 2 2 2 2 2 2 2 2
left_child=2 6 4 10 14 11 13 27 37 16 26 21 18 19 -1 35 -8 54 39 30 44 29 24 41 53 49 -4 36 59 -3 -2 -12 33 -33 -34 55 -6 -5 -20 -10 -38 -15 -14 52 -9 -25 -26 -24 -47 -18 -30 -31 -17 -13 60 -7 -32 -21 -59 -19 -11 -43
right_child=1 5 3 8 7 15 9 20 12 17 31 22 42 23 -16 43 25 28 38 57 -22 -23 47 45 46 -27 -28 -29 50 51 56 32 34 -35 -36 -37 40 -39 -40 -41 -42 61 -44 -45 -46 48 -48 -49 -50 -51 -52 -53 -54 -55 -56 -57 -58 58 -60 -61 -62 -63
leaf_value=-0.019587580552492764 0.0031375894053410668 0.012864686585594727 0.0033540536768492724 0.0060012434497880738 -0.01347770135905242 0.016993055250970009 0.012416108527584797 -0.008124992955302229 -0.010466189143963023 -0.0064516519119942302 0.00098553620022166452 -0.0036628114840557818 0.0018178930643297632 0.0081937902758101953 -0.011758607840038762 0.0085751365584764479 0.0057452166502460662 0.0015309234917098009 -0.0033151401749345797 0.0013540761857833959 0.007231186544946199 0.014798929928576447 0.0057965592417833995 0.010148603009625093 0.0023032336745731942 0.0087553047664817984 -0.0094299808666417143 0.0015279393355061511 0.0047408316772748725 0.0052198879901031031 -0.0010148028436040048 -0.005376054450886159 -0.004069079614527904 -0.010027771469677866 0.0021030234453955168 0.017248543123560219 -0.0077411312902952402 3.5061355948340114e-05 -0.0012725334992246876 -0.0016013099100655867 -0.011162030885167176 0.0013727315687416552 0.013587704692395302 0.0121533712086676 -0.0033860948733786945 -0.0037714437247037538 0.0051445456850220828 0.008147540077238169 0.010716597143197251 0.00074565600300908108 0.01118513035218378 0.010219993721762546 0.015832171408064588 0.0076412206325432094 0.00045947916193648608 0.008791396110043339 0.0050466816265120895 -0.0072308167676741562 0.0022822223921811339 0.0037606851106048492 0.0038680961677348921 -0.0038948191364853615
leaf_weight=782.82495495676994 611.85359367728233 297.40838834643364 55.540170058608055 221.14787790179253 1096.6862916946411 100.55770280957222 332.50246272981167 729.26566915214062 351.82251809537411 37.931926891207695 204.15906727313995 36.078247025609016 138.29099532961845 138.4095686674118 368.75711639225483 3222.6543049663305 477.83322951197624 1053.6466638594866 9049.0426566302776 83.934289187192917 62.909669071435928 319.17979738116264 2279.5894922763109 208.71634986996651 1354.4954599291086 511.87598662078381 1409.6815855503082 49.939456075429916 341.80922672152519 698.24582931399345 3158.3967783153057 5376.538088530302 974.86982852220535 437.87591753900051 238.29380679130554 391.92487461864948 753.1977631598711 1610.243742287159 2017.5353273898363 118.0469865500927 3089.7608458995819 8304.7639672011137 70.296561121940613 739.18187204003334 481.82398481667042 80.071932420134544 1874.2644158452749 2307.9952924102545 38.887946829199791 430.26570731401443 225.79432798922062 328.82208062708378 102.66024482250214 1145.4143183082342 2319.7067549973726 310.25292176008224 125.72723385691643 421.67770832777023 48.615992650389671 4617.0176914483309 742.35641328990459 145.28716178238392
leaf_count=3145 2565 1296 230 935 4437 446 1435 2981 1447 160 844 154 584 596 1491 13932 2025 4447 37451 350 262 1390 9738 892 5751 2183 5770 206 1459 3002 13193 22097 4022 1798 992 1726 3067 6709 8373 486 12563 34834 304 3225 1980 338 7996 9912 168 1824 970 1427 450 4901 9764 1351 526 1755 203 19522 3130 610
internal_value=4.13089e-05 0.00421451 -0.00557592 -0.00375076 -0.0110538 0.0076648 0.00202555 -0.00993128 -0.00249092 0.00348917 -0.00571469 0.00650137 -0.00300062 0.000809651 -0.0171183 0.0102017 0.00671221 0.0028814 -0.00316471 -0.000768881 -0.00557244 0.00953183 0.00594413 0.0015992 0.00485467 0.00535045 -0.00893126 -0.0110385 0.00371933 0.00823083 -0.000155609 -0.00505862 -0.00523657 -0.00573228 -0.00284292 0.0140575 -0.0111692 0.000769444 -0.00294441 -0.00828705 -0.0104998 0.00139455 0.00594707 0.00942991 -0.00626071 0.00687683 0.00395939 0.00698563 0.000939568 0.0033997 0.007361 0.00685203 0.00881307 0.00727776 0.00118904 0.0109079 -0.000775254 -0.00503689 -0.00621016 0.00334971 0.00333204 0.00127949
internal_weight=69654.4 39965.8 29688.6 22273.4 7415.17 15508.7 24457.1 6263.58 13576.4 11090.7 8696.96 10641.5 11745 13366.3 1151.58 4867.23 1752.48 9338.26 11536.4 4450.21 1274 1643.66 8997.84 8916.14 4410.25 1419.97 1465.22 4989.58 6238.27 1324.48 3895.98 7231.74 7027.58 5814.41 1213.16 802.735 4939.64 1831.39 11066.6 469.87 3842.96 8588.46 208.588 4064.5 1211.09 327.676 3228.76 4587.58 118.96 908.099 567.604 1027.07 3325.31 1181.49 3100 410.811 3284.12 554.228 470.294 5670.66 780.288 8450.05
internal_count=291820 169646 122174 92042 30132 66697 102949 25496 56289 46919 35753 45567 48645 56030 4636 21130 7467 39452 47757 18592 5223 7115 38452 37438 18802 6032 6000 20273 26398 5725 16284 29753 28909 23895 5014 3523 20067 7644 45824 1933 15630 36040 888 17607 4961 1398 13747 19650 506 3849 2429 4429 14382 5055 13054 1797 13719 2308 1958 23969 3290 35444
is_linear=0
shrinkage=0.015


Tree=16
num_leaves=63
num_cat=0
split_feature=19 19 19 19 32 19 32 19 0 3 3 7 32 7 19 3 7 14 13 0 7 3 33 0 26 19 24 16 26 6 19 3 26 32 11 7 19 3 6 24 32 16 28 7 19 13 11 9 10 3 34 2 7 10 26 7 24 19 25 2 32 11
split_gain=7062.49 1371.63 1323.9 245.531 230.831 197.118 144.757 134.607 115.165 107.907 98.7084 87.1625 74.0506 73.3011 73.1197 71.1114 67.08 55.7879 52.6639 46.4978 45.1116 44.5481 43.4667 40.6188 40.2904 46.8959 38.9793 38.5304 37.5735 45.2107 36.3516 36.0352 35.3176 32.2392 31.5205 30.2974 29.0795 26.5903 26.4695 26.2988 25.3391 24.9935 24.8255 24.6058 24.008 23.3827 23.3615 22.924 21.2986 21.1719 19.5038 19.2918 18.8784 18.4461 18.3277 18.199 18.1801 17.9637 17.8142 17.2573 17.0609 16.265
threshold=2.7584658861160283 3.945440530776978 1.8478111624717715 1.3148456811904909 -33.636129379272454 2.368035197257996 -17.376911163330075 5.3965320587158212 -8.2773323059082013 3.6966261863708501 1.6577963232994082 1.027251183986664 -18.775746345520016 0.78904998302459728 3.5169357061386113 -5.3526325225830069 0.56320908665657055 6.6026346683502206 4.6577575206756601 -4.7640686035156241 0.78070965409278881 -7.4517617225646964 60.889448165893562 8.0113344192504901 0.036682909354567535 3.07936704158783 -13.87574243545532 -3.1327469348907466 0.34516155719757086 72.06119537353517 1.9894254207611086 -8.0365772247314435 0.5190696418285371 -7.2951719760894767 6.6027102470397958 0.81223192811012279 4.3883969783782968 -11.538161277770994 69.913848876953139 -7.1324570178985587 -25.777112960815426 1.6125240921974184 -1.1635010838508604 0.66422078013420116 4.7250044345855722 3.0482733249664311 8.414497375488283 96.801845550537124 0.44156174361705786 -4.1972260475158683 -2.1960309743881221 4.9999959468841562 1.9399377703666689 0.49472509324550634 -0.48564542829990381 1.3094977140426638 -33.651933670043938 4.6267757415771493 0.88661250472068798 8.5617794990539569 -21.325853347778317 -1.0929009318351743
decision_type=2 2 2 2 2 2 2 2 2 2 2 2 2 2 2 2 2 2 2 2 2 2 2 2 2 2 2 2 2 2 2 2 2 2 2 2 2 2 2 2 2 2 2 2 2 2 2 2 2 2 2 2 2 2 2 2 2 2 2 2 2 2
left_child=2 6 3 10 28 13 8 20 37 19 33 24 31 15 35 -4 -14 21 42 -5 32 55 26 -13 41 49 -21 -22 29 44 53 -7 -6 48 56 -10 -29 -2 -23 -12 -32 58 -18 -27 -3 59 -37 52 -1 -26 -20 -24 -25 -17 -39 -15 -16 -30 -8 -11 -56 -35
right_child=1 4 5 9 7 12 11 -9 14 45 39 23 16 17 34 30 18 -19 50 22 27 38 51 47 25 43 -28 36 57 -31 40 -33 -34 61 -36 46 -38 54 -40 -41 -42 -43 -44 -45 -46 -47 -48 -49 -50 -51 -52 -53 -54 -55 60 -57 -58 -59 -60 -61 -62 -63
leaf_value=-0.0063294672446122212 0.012475677466185725 0.011349106997196578 0.0029762653007980085 -0.0014826761540341232 0.005376470331700977 0.0060100130806821622 0.0021125156418544747 0.009063740420929842 7.1777635608207032e-05 -0.0054916536664141305 0.0036419643615043227 0.0015429673455681532 -0.012153461638069775 0.0044331653758807391 0.008240086396234263 -0.014969636449901357 0.0020534685025470636 0.0074612257399082624 0.0028958109344909516 -0.0077420978776943823 0.0096944796013624327 -0.0047853343611949112 -0.0084754907814742764 0.0056548411063686282 0.0012088314507568366 -0.0025769024750632776 -0.011368847216962194 0.0049143106955483176 0.0054895886998634546 0.0054405439291314783 0.0051747203642173367 -0.00030520639435166437 0.001768632765200917 -0.01324341118400506 0.0089497374578984476 0.0020595747134600634 0.0068847370751281174 -0.0030126345345411125 -0.0022200502801788401 -0.0090604492773272271 -0.0069647949249438627 0.0082667994219554168 -0.0028560842558128258 0.00056466894888207507 0.015679289047964798 0.0065608369893527564 0.0073446437476640874 0.011121855842707563 -0.015377012457183436 -0.0035339883256495243 0.015866912958076896 -0.0038472732966150056 -0.0003228249138031616 -0.0088782044393883371 0.0096126764569424983 -0.0062112579824393829 0.0035547856226839378 0.010557468421903327 -0.0017259574588851191 0.0015601694077153837 0.0026814747583760981 -0.020083410251707005
leaf_weight=76.603742197155952 279.16920919716358 539.76901857554913 144.2142948359251 156.42919586598873 1743.7471644580364 220.02851589024067 1021.1811599582434 3903.94790135324 1965.4691179990768 242.77843478322029 40.519955277442932 3631.4560276716948 164.7920356541872 177.84839622676373 203.66376653313637 202.09153413772583 235.30597247183323 88.592280387878418 97.978085592389107 876.42001110315323 729.82563990354538 7963.3043620884418 1424.1826261878014 453.74854142963886 235.32239334285259 697.82805636525154 3658.8252040594816 3118.3560949862003 251.50314149260521 163.48236444592476 36.776013016700745 2384.11335760355 965.49807335436344 122.43158236145973 302.79380570352077 5059.2540923207998 3984.8589874058962 39.524103030562401 1052.9753259569407 231.82708321511745 1742.283567994833 117.79309509694576 6537.078876003623 2820.3431570976973 851.84579174220562 61.765167936682701 196.46634669601917 131.63126419484615 546.82731485366821 1721.9630472064018 36.46469709277153 256.9660574644804 154.25995142757893 338.86507251858711 253.33302710950375 42.423071935772896 3118.3446704596281 554.55465061962605 364.73829612135887 109.35793475806713 129.22575080394745 717.15439133346081
leaf_count=309 1213 2352 598 642 7436 931 4275 16914 8243 1000 166 15250 676 743 869 825 978 376 414 3571 3143 32778 5805 1922 982 2915 14851 13293 1084 713 152 9926 4110 492 1297 21305 17119 168 4349 942 7149 494 27089 11845 3764 259 841 567 2202 7175 159 1053 652 1384 1081 177 13223 2423 1528 452 547 2878
internal_value=-1.30244e-05 0.00413645 -0.00550759 -0.0105099 0.00739058 -0.00352006 0.00174674 0.00667571 0.00292933 -0.00921176 -0.0155618 0.000541989 -0.0019302 -0.00482307 0.00254541 -0.00713404 -0.00272649 -0.00420937 -0.00249594 -0.00969423 0.00578841 -0.00432453 -0.00989791 0.00220308 -0.000496545 -0.00109545 -0.010675 0.00636979 0.0117487 0.0131441 -0.00777099 0.000226825 0.00409853 -0.0171144 0.00428605 0.00166864 0.00602345 0.00882186 -0.00448797 -0.00710313 -0.0066999 0.00167284 -0.00268273 -5.53096e-05 0.0140292 -0.00173634 0.00226271 0.00541094 -0.0143131 -0.00295546 0.00670489 -0.00778238 0.00411755 -0.0112282 0.00632239 0.00227818 0.00385133 0.00901227 0.00109049 -0.00326287 0.00733649 -0.0191376
internal_weight=69692.1 39704.9 29987.2 8522.09 16807.4 21465.1 22897.5 14446.2 11547.2 6786.72 1735.36 11350.3 9675.76 11789.4 10846 2464.23 7071.62 9325.14 6906.83 6372.82 10542.3 9236.55 6216.39 4371.1 6979.17 5475.46 4535.25 7833.04 2361.15 1555.1 2320.02 2604.14 2709.25 1463.02 3624.8 7221.19 7103.22 701.252 9016.28 272.347 1779.06 1503.71 6772.38 3518.17 1391.61 413.902 5255.72 739.64 623.431 1957.29 134.443 1681.15 608.008 540.957 422.083 220.271 3322.01 806.058 1385.92 352.136 382.559 839.586
internal_count=292069 168743 123326 34622 72351 88704 96392 62015 48787 27633 6989 47605 40173 48531 45778 10108 29316 38423 28640 25922 45101 38047 25280 18391 29214 22917 18422 33555 10336 6829 9510 10857 11546 5881 15389 30389 30412 3009 37127 1108 7301 6297 28067 14760 6116 1711 22146 3141 2511 8157 573 6858 2574 2209 1796 920 14092 3507 5803 1452 1628 3370
is_linear=0
shrinkage=0.015


Tree=17
num_leaves=63
num_cat=0
split_feature=19 19 19 19 19 19 32 5 14 0 2 1 7 7 6 32 7 5 18 13 6 34 13 32 32 14 34 26 11 32 26 2 32 23 26 0 26 32 5 7 2 19 16 34 28 25 6 6 34 25 7 7 28 24 28 25 11 30 23 18 5 5
split_gain=6825.95 1242.96 1227.51 251.635 236.54 193.331 185.941 108.879 90.3179 89.4793 86.8871 82.4774 76.0196 74.2241 73.9412 68.8059 60.9816 47.5326 47.2854 45.2865 41.8522 40.0925 38.6709 44.6314 37.2807 36.5983 35.8479 35.1787 33.3965 33.3044 30.9002 30.7648 30.263 30.0046 28.5483 28.4048 27.4917 26.8728 26.1387 26.0207 24.8752 24.0975 23.8168 23.6149 23.5795 23.0567 22.9375 22.6774 22.4195 21.9787 21.7608 21.3002 21.0749 21.0425 23.6228 20.88 20.6202 20.2742 20.2712 19.5196 19.5758 19.1669
threshold=2.7584658861160283 4.2550795078277597 1.8328085541725161 1.3148456811904909 3.3599542379379277 2.186281800270081 -34.675760269165032 3.9103916883468632 6.6026346683502206 -9.3236508369445783 4.9999959468841562 1.9826751351356509 0.72324699163436901 0.81223192811012279 40.221805572509773 -15.734410285949705 0.75762352347373974 1.7367381453514101 0.94994667172431957 0.59245023131370556 74.653652191162124 -66.441066741943345 3.1312760114669804 -23.196040153503414 -17.454997062683102 6.6026346683502206 -99.112411499023423 0.69361776113510143 8.035306930541994 -22.915781974792477 0.49736215174198156 -13.16870069503784 -25.267689704895016 68.020065307617202 0.70257878303527843 -4.7640686035156241 0.036682909354567535 -11.664244174957274 3.0565710067749028 0.59992438554763805 18.350852012634281 4.7250044345855722 -3.6122243404388423 -7.7922580242156974 -0.39988574385643 0.59461924433708202 39.379123687744148 60.681888580322273 -2.8571449518203731 0.75186616182327282 0.63272041082382213 1.056296229362488 0.3505620956420899 -18.682662010192868 -0.33298133313655848 1.3870798945426943 2.5240129232406621 0.27500000596046453 77.611534118652358 1.765528738498688 0.93950906395912182 1.5280894637107851
decision_type=2 2 2 2 2 2 2 2 2 2 2 2 2 2 2 2 2 2 2 2 2 2 2 2 2 2 2 2 2 2 2 2 2 2 2 2 2 2 2 2 2 2 2 2 2 2 2 2 2 2 2 2 2 2 2 2 2 2 2 2 2 2
left_child=2 4 3 11 13 16 20 29 12 32 17 18 24 27 31 21 53 35 -1 51 30 46 23 -15 -7 26 36 37 39 -8 41 -14 -6 -26 -16 -5 -18 58 -31 -17 -22 -3 -23 -10 -28 -29 -11 -13 -24 -49 -9 -12 -39 54 -4 -37 -51 -25 -2 60 -55 -61
right_child=1 6 5 10 9 8 7 50 43 15 19 47 14 22 34 28 25 -19 -20 -21 40 42 48 57 33 -27 44 45 -30 38 -32 -33 -34 -35 -36 55 -38 52 -40 -41 -42 -43 -44 -45 -46 -47 -48 49 -50 56 -52 -53 -54 59 -56 -57 -58 -59 -60 61 -62 -63
leaf_value=-0.019163851393654646 2.3548929266186297e-05 0.010592766530087727 0.006535814296237623 -0.0025416187393855383 0.013387303611801916 -0.0018220927703755552 0.0074119960443862773 0.0055647634776678778 0.001202382955452987 0.0037666753148426287 -0.012215469780747716 -0.016421453238466346 0.0035759853947451665 0.003198801833666126 -0.0026697363108495751 -0.0026363125799343883 0.010669847093969932 0.0039347703550239779 -0.013220298580266363 -0.00067784693607303621 -0.00038469944633812673 0.0086681091113009253 0.0031805868006567874 0.0060461765122407866 -0.0076775225629845227 0.0081313608781482805 -0.0032415714182978646 0.0020499576765143118 0.0073324069580914574 0.003908227634375371 0.0086091293401024827 -0.0009163697370599363 0.0061078382246215809 -0.001779404840875745 -0.0054285243454199363 -0.01005001363985362 -0.003792009817805966 -0.0055987863469802385 0.0062398514259359985 0.0018786011814202939 0.010278389440429709 0.015682034646663567 0.0046921117889530241 0.011247924449322148 -0.0055881055039845393 -0.0066206117211376776 0.0010859421531944488 0.0038428819939979398 0.0091495897739435738 -0.010149218495617699 0.0095754383790050655 -0.0038368127706381668 -0.00048964134759286267 -2.3581279029712984e-05 -0.0071712735020491008 -0.0052704909316245597 0.0015946743422487778 0.00042999051145368799 0.0079839388315752768 -0.0081559143429805175 -0.011029200697123133 0.000553523694848465
leaf_weight=887.96521063148975 2357.8200807869434 326.50180929899216 40.193301424384117 129.40242478251457 254.98106105625629 490.83264337480068 2773.7455420643091 364.46350444853306 97.468307241797447 2097.2117854952812 156.76749201118946 64.421947926282883 378.34633457660675 1848.3704791665077 7258.3302381336689 305.14012596011162 55.716259688138962 55.574501648545265 527.22868873178959 412.0467334240675 82.549450516700745 377.40468928217888 886.4591518342495 146.50879096984863 1167.2674819380045 45.731262177228928 1247.8323320448399 81.137476980686188 237.48675148189068 1883.5156268179417 282.8734355121851 3422.4354312717915 292.89973811805248 242.72211085259914 971.16697017848492 5413.1546212136745 57.12159375846386 357.1118485480547 2764.9344370514154 3983.018700376153 110.61547990143299 915.36087156832218 4793.2839721292257 124.27130781114101 5025.054097995162 361.87234769761562 1122.4513358920813 38.240393921732903 172.81362162530422 182.84717020392418 3537.3872031867504 136.04922440648079 382.75851467251778 41.072901502251625 80.85003824532032 235.03626435995102 37.917934626340866 6464.0230903029442 72.379839897155762 183.35724869370461 757.81726811826229 77.161155760288239
leaf_count=3560 9861 1432 166 530 1114 2033 11965 1577 411 8904 638 260 1591 7812 30037 1279 231 230 2123 1700 361 1618 3742 615 4800 194 5137 338 1019 8038 1236 14194 1255 1000 4024 21971 235 1486 11869 16803 484 4062 20389 535 20634 1503 4754 156 744 741 15404 557 1592 167 332 957 155 27078 303 751 3090 317
internal_value=-7.85678e-06 0.00407911 -0.00540067 -0.010318 0.00221792 -0.00352926 0.00787238 0.00716919 -0.00248993 0.00361513 -0.0089585 -0.0154055 -0.00264223 0.000783835 -0.002199 0.00336038 -0.00545855 -0.0095617 -0.016982 -0.00393251 0.0124852 0.00416592 0.00147923 0.00113785 -0.00543431 -0.00487504 -0.00497305 -0.00104374 0.00186246 0.00609333 0.013328 -0.000463591 0.00955931 -0.00667678 -0.00299836 -0.00969543 0.0032797 -0.000483775 0.00530041 0.00155275 0.00568739 0.0143752 0.00498846 0.00694955 -0.00512489 -0.00499681 0.00283802 -0.00839973 0.00418393 -0.00623649 0.0092077 -0.00842587 -0.00298433 -0.00861135 -0.00246558 -0.00985572 -0.00806858 0.000558521 0.000273175 -0.00929344 -0.0104836 -0.00553462
internal_weight=69678.5 39637.1 30041.4 8276.65 26595.1 21764.7 13041.9 11324 14152.8 13463.9 6538.03 1738.62 13931.1 13131.3 12030.3 12916 7611.91 5833.17 1415.19 704.863 1717.9 8390.35 9518.18 8458.9 1900.82 6431.46 6385.72 3613.08 4525.65 7422.2 1524.74 3800.78 547.881 1409.99 8229.5 5777.59 112.838 3170.07 4648.45 4288.16 193.165 1241.86 5170.69 221.74 6272.89 443.01 3219.66 323.427 1059.27 259.005 3901.85 292.817 739.87 1180.45 121.043 5648.19 220.765 6610.53 2430.2 1059.41 798.89 260.518
internal_count=292094 168637 123457 33578 112209 89879 56428 48853 58625 57135 26583 6995 57679 55074 49846 54766 31254 23688 5683 2895 7575 35665 39991 35505 7833 26431 26237 15083 19101 31872 6730 15785 2369 5800 34061 23458 466 13242 19907 18082 845 5494 22007 946 25771 1841 13658 1312 4486 1052 16981 1195 3078 4823 498 22928 896 27693 10164 4325 3257 1068
is_linear=0
shrinkage=0.015


Tree=18
num_leaves=63
num_cat=0
split_feature=20 20 20 32 20 32 13 20 35 20 0 20 32 27 34 28 20 28 12 6 1 12 34 20 17 11 32 32 13 32 6 28 32 13 26 11 6 6 23 27 20 28 26 32 7 12 34 6 7 7 34 0 25 25 32 25 3 27 12 20 34 34
split_gain=6513.01 1226.54 1212.53 232.115 225.667 186.456 143.67 130.321 127.497 99.921 70.2387 66.5524 59.8113 54.5208 55.8109 53.5257 50.1992 47.9927 58.9468 46.3521 45.096 43.8718 43.2452 43.0501 41.3768 41.2702 39.005 34.5637 33.9121 32.9736 32.6283 29.6453 28.9874 28.5375 28.1148 27.2795 26.9366 26.1789 41.5475 25.1357 25.0188 23.461 23.3671 23.2246 22.6587 22.544 22.3052 21.3511 20.6 20.5785 19.8852 26.6802 19.689 19.1248 19.05 18.5224 18.4593 17.5866 17.5623 17.1454 17.0462 16.1252
threshold=2.794318795204163 1.9166098237037661 4.6037724018096933 -24.13409328460693 1.1254712939262392 -34.675760269165032 3.8691341876983647 3.6510154008865361 76.400852203369155 2.2161083221435551 9.2090144157409686 5.7920560836792001 -13.015351772308348 -0.14131291955709455 -43.800022125244134 -1.1635010838508604 3.9601905345916752 -0.46213746070861811 5.5901129245758066 71.738788604736342 1.9826751351356509 0.17099185287952426 -1.35889196395874 2.6108887195587163 1.5293167233467104 6.1825683116912851 -22.915781974792477 -3.0829430818557735 4.3087260723114023 -19.79134368896484 16.874099731445316 -1.1090633273124693 -28.60435581207275 -2.9626460075378414 0.33699740469455725 -1.8099545240402219 72.392330169677749 56.07365798950196 41.12928771972657 0.37609787285327917 1.5065369009971621 -0.35334236919879908 0.70257878303527843 -7.2951719760894767 0.66422078013420116 -16.020953178405758 -12.721027851104735 84.05338287353517 0.73649084568023693 1.3431103825569155 -62.961280822753899 -10.288425445556639 0.78861746191978466 0.66505515575408947 -27.436996459960934 0.83975338935852062 -11.538161277770994 0.12054299935698511 10.19935178756714 5.5341315269470224 -35.779813766479485 -6.4750051498413077
decision_type=2 2 2 2 2 2 2 2 2 2 2 2 2 2 2 2 2 2 2 2 2 2 2 2 2 2 2 2 2 2 2 2 2 2 2 2 2 2 2 2 2 2 2 2 2 2 2 2 2 2 2 2 2 2 2 2 2 2 2 2 2 2
left_child=1 4 3 16 20 34 9 10 12 17 13 26 15 58 -15 53 37 29 48 23 43 35 55 30 27 42 -7 40 33 -3 -11 -23 -18 -28 36 -14 50 38 45 46 -10 61 56 57 -25 -2 -12 -27 -19 -20 51 -4 -17 -6 -13 -8 -9 -1 -5 -36 -44 -39
right_child=2 6 5 7 8 11 22 25 24 19 39 54 21 14 -16 52 32 18 49 -21 -22 31 -24 44 -26 47 28 -29 -30 -31 -32 -33 -34 -35 59 -37 -38 41 -40 -41 -42 -43 60 -45 -46 -47 -48 -49 -50 -51 -52 -53 -54 -55 -56 -57 -58 -59 -60 -61 -62 -63
leaf_value=-0.015967461408265389 0.0026418689046520173 0.0049677468763671927 0.017046932257944684 0.0015891341840041052 0.0086568707302761127 0.0078906222137981787 -0.0066728296265546588 0.01040929610281166 -0.0093089103348401574 0.0016836519903714057 0.0025449123685910946 0.011081505582096682 -0.0089735045314659739 -0.0011786019210977357 0.0010640750274074887 -0.0070184282268313568 0.0078447814400172018 -0.0092499044199444765 -0.0033307546692764463 0.00038958271876851945 -0.0083693344316529712 -0.00053214322742202414 0.015168078846512613 -0.0051448372943843218 0.0017632141794881111 0.0070633273333191313 0.0075388639755485333 0.0034671658357142447 0.0094491014919928663 -0.0030662800240041162 -0.0037200578851357548 -0.0096236989089391305 0.0044594854576271298 0.0041188106346207991 0.0065865297139894195 -0.012984595228212678 0.0054838007575944538 0.010500574963997956 -0.0023319388622422181 -0.00049373538520095829 -0.0055963088470524181 0.0043837796393355047 -0.0012127759481923672 -0.020313230702750575 -0.0012525200741329687 0.0056202903465960817 0.0091769208137191458 -0.00077989284484733935 -0.00605788316348239 0.0035095821094293456 0.017081542243253152 0.0094557561266886674 -0.010460222827803961 -0.0031335914228596273 0.0082990264096024779 0.0039595758261317324 0.0029297309066462535 -0.0043901734653376935 0.004541353681960029 0.012463338261404682 0.0029421125600160337 0
leaf_weight=180.10189519822598 1991.0009624809027 128.11659047007561 187.49627736210823 2783.8183615356684 51.390181988477707 2242.2667451053858 38.344747498631477 75.154750362038612 626.78123925626278 254.58076636493206 184.63407728075981 762.38404217362404 521.46793514490128 5335.8507202863693 4686.0534369945526 1036.1119771301746 1407.6555911153555 564.20485980808735 1123.9725207686424 1012.158432751894 127.25418427586555 88.056748539209366 76.491418078541756 374.27976152300835 145.73023110628128 742.08687862753868 714.96251301467419 73.718318730592728 414.47939538955688 925.75844740867615 8022.0916950553656 1963.988085091114 1022.0166108310223 2672.4135250598192 239.08816404640675 2197.9518197178841 81.775389939546585 265.71027894318104 296.9612935334444 123.85938884317875 1356.4342294633389 1048.4740709513426 549.43129482865334 523.69082321226597 3533.9601426422596 829.07625621557236 341.53985629975796 83.036271676421165 3262.5811116099358 104.76947830617428 526.99368071556091 297.21645696461201 667.56242661178112 69.705611646175385 2977.6845421642065 355.11197572946548 6095.041684448719 42.031192407011986 551.1928883343935 259.91114845871925 367.97553317248821 37.783667534589767
leaf_count=723 8432 531 838 11666 212 9705 161 324 2549 1057 781 3338 2113 22304 19678 4215 6072 2306 4619 4202 515 358 331 1551 602 3184 3069 301 1796 3807 33132 7957 4380 11451 1044 8888 360 1134 1260 528 5553 4465 2320 2097 14683 3512 1465 357 13375 433 2350 1317 2712 286 12967 1497 25827 169 2315 1151 1564 162
internal_value=-1.76277e-06 -0.00536094 0.00392427 0.00228635 -0.00973868 0.00807087 -0.00321842 0.00152985 -0.00900936 -0.00341848 0.000659006 0.00728971 -0.0100569 0.000423053 -0.000128469 -0.00770058 0.0046867 -0.00500749 -0.00561626 -0.00268108 -0.0170342 -0.0109513 0.00494835 -0.0029374 -0.00585916 0.00306896 0.00630313 -0.00640766 0.00535926 -0.00206784 -0.00355167 -0.00924177 0.0064318 0.00484912 0.0128457 -0.0122281 0.0142404 0.00373213 0.00296212 0.00546822 -0.0067854 0.00548934 0.00269417 -0.0184662 -0.00163155 0.00352617 0.0068966 0.00625591 -0.006537 -0.00273057 0.0149212 0.012481 -0.00838653 0.0018075 0.00887584 0.00285695 0.00302661 -0.0139025 0.00208399 0.00971503 0.000440226 0.00920589
internal_weight=69643.4 29448.4 40195 28818.4 9671.98 11376.7 19776.4 21919.7 8798.9 19306.5 14006.9 9784.19 6596.23 13356.9 10021.9 1824.77 6898.68 6109.4 5055.53 13197.1 873.078 4771.46 469.948 12184.9 2202.66 7912.73 6044.12 2056.93 3801.86 1053.88 8276.67 2052.04 2429.67 3387.38 1592.48 2719.42 1093.48 4469.01 3117.04 650.033 1983.22 1351.97 7087.6 745.824 3908.24 2820.08 526.174 825.123 3826.79 1228.74 1011.71 484.713 1703.67 121.096 3740.07 393.457 6170.2 222.133 3335.01 498.999 917.407 303.494
internal_count=292051 120935 171116 121730 39250 49386 81685 92313 35746 79696 58737 42326 26741 55963 41982 7425 29417 25071 20733 54625 3504 19316 1989 50423 9005 33576 26021 8403 16316 4338 34189 8315 10452 14520 7060 11001 4865 18965 13204 2774 8102 5761 30035 2989 16234 11944 2246 3541 15681 5052 4505 2155 6927 498 16305 1658 26151 892 13981 2195 3884 1296
is_linear=0
shrinkage=0.015


Tree=19
num_leaves=63
num_cat=0
split_feature=19 19 19 19 19 19 5 3 24 15 14 7 7 15 7 15 3 4 12 3 14 11 34 15 12 12 7 24 22 5 14 7 0 22 24 34 28 13 13 5 6 29 24 34 12 34 33 28 13 5 3 24 22 29 5 33 15 9 13 24 3 12
split_gain=6445.38 1189.18 1173.57 216.228 188.294 177.901 159.73 115.99 94.7929 89.7594 93.3382 85.0673 73.5724 71.0308 63.6294 61.6485 58.73 52.6857 49.3172 48.6894 47.405 45.8338 44.3071 41.8134 42.6782 36.2966 34.3887 33.4845 32.387 32.2792 31.3163 31.2418 30.1522 30.044 29.6718 29.6698 29.4873 29.4062 27.5873 26.9388 26.5146 26.4295 24.2844 24.2506 24.0387 24.0257 23.7557 22.9491 22.0606 21.8597 20.6366 20.0269 27.7591 26.1626 19.4423 19.4306 18.931 18.3918 28.431 18.306 20.9044 18.0923
threshold=2.7584658861160283 4.1349799633026132 1.8010901212692263 1.2097520828247073 2.186281800270081 3.5169357061386113 3.9103916883468632 3.7704790830612187 -29.859766960144039 -9.0373306274414045 6.6026346683502206 0.80707749724388134 0.86608883738517772 -10.23298406600952 0.56320908665657055 -6.2571775913238517 -11.538161277770994 1.0000000180025095e-35 3.308666586875916 -5.6609966754913321 -3.6032866239547725 8.035306930541994 -57.204013824462884 -3.5549560785293575 13.016779422760012 9.9567637443542498 0.62011346220970165 -6.963711977005004 42.857126235961921 5.5617151260375985 6.8543155193328866 0.73649084568023693 -9.3236508369445783 90.765838623046889 -16.970794677734371 -12.343172073364256 1.009153485298157 3.0482733249664311 -1.46617716550827 2.7009390592575078 25.37000942230225 5.9436254501342782 -4.2950394153594962 -1.0000000180025095e-35 9.9567637443542498 -63.409719467163079 115.94966125488283 -0.87310075759887684 5.3691766262054452 1.3769673705101015 -1.6287906765937803 -14.672824382781981 33.333335876464851 2.252841711044312 3.0565710067749028 -209.23940277099607 -20.710721969604489 5.5698964595794687 -6.5447733402252188 -4.8257403373718253 1.2658231854438784 -12.584234714508055
decision_type=2 2 2 2 2 2 2 2 2 2 2 2 2 2 2 2 2 2 2 2 2 2 2 2 2 2 2 2 2 2 2 2 2 2 2 2 2 2 2 2 2 2 2 2 2 2 2 2 2 2 2 2 2 2 2 2 2 2 2 2 2 2
left_child=2 5 3 17 12 11 8 18 36 41 14 23 19 32 49 45 -13 42 20 -4 -5 34 51 61 26 -16 -25 -19 -22 43 40 38 -7 -23 -18 -12 57 -9 -10 -34 55 -6 -1 -17 47 56 -42 -21 -24 -11 -26 52 -15 -53 -33 -14 -8 58 -3 -20 -61 -2
right_child=1 6 4 7 9 13 15 37 31 10 35 16 30 22 25 29 21 27 59 44 28 33 48 24 50 -27 -28 -29 -30 -31 -32 54 39 -35 -36 -37 -38 -39 -40 -41 46 -43 -44 -45 -46 -47 -48 -49 -50 -51 -52 53 -54 -55 -56 -57 -58 -59 -60 60 -62 -63
leaf_value=-0.016308830870721991 -0.00057514814648594018 0.015589686206310897 0.0023248388641500676 -0.0014584285051399391 0.00037428925946476915 0.011611277663300206 0.016562564699983462 -0.0026036893812665589 0.0065977962841027842 -0.01953926433261724 -0.0020793534838751868 0.0099280886978145178 0.0081280745661184671 0.0018576819344213306 -0.0033055371994613297 0.0079836701388658841 0.002470952339068507 -0.00097311468518887826 -0.0047717358716195127 -0.0037379187538163876 -0.011761584438120472 0.0023111219587918543 0.0036924878807137983 -0.0068347823089535209 0.0047041042334673528 -0.0011561816875165318 -0.002008128773949363 -0.013508745080822055 -0.0091588453211122415 0.011823981199354929 0.0088753845451330655 0.0052843325469584708 0.0040308617779626268 0.0098799746044361224 0.00081998040535983228 0.010085463179477635 0.0013972416061073206 0.0095200479499265057 0.0024204043550907564 0.0086146621212419994 -0.0052417519083529191 0.01055934299318349 -0.022493438091393699 0.015748204471096629 -0.0029653482579089794 0.016363237578196563 -0.0026347479787953111 -0.0087041741305390521 0.0075203847022431974 -0.0080568282723601104 -0.00065311444032031113 0.0011134976091381199 0.0069668817595904169 -0.0050886643251996794 0.0069350428447672117 -0.0019577917376346751 0.0086107076634860356 0.012937396012433013 0.0051450890592048418 -0.010993706851041887 -0.0061244368250628865 0.002467592949874837
leaf_weight=462.88620725274086 819.23364734649658 83.929550066590309 109.46059949696064 134.14443925023079 1682.8585940748453 236.82119464874268 100.4731467962265 299.22122409939766 552.00979097187519 49.503510639071465 59.099329277873039 191.47455348074436 45.727406233549118 1361.3264035731554 9741.8393022119999 3131.271213337779 3710.5451719164848 58.55301471054554 511.96612128615379 249.14505027234554 2701.6510946005583 247.2224790006876 4166.0163807123899 442.11500127613544 238.51141571998596 2191.3939738720655 1396.7449503391981 363.96321453154087 2018.6089642643929 729.31408257782459 37.762094497680664 3002.4465001672506 835.04905323684216 238.73533870279789 7341.078243792057 159.8994172513485 75.674029424786568 50.714602664113045 1059.6584003865719 464.76089730858803 3973.3388587236404 57.580348059535027 280.59031063318253 97.934958383440971 228.96157674491405 387.45485074818134 1021.2198797166348 2137.1155150830746 379.09855362772942 206.73334489762783 482.33380907773972 1213.3013184070587 293.77410155534744 172.74772036075592 3925.858635365963 406.21696016192436 293.18781907856464 626.65379223227501 221.51397240161896 409.24682378768921 449.12892846763134 929.99369010329247
leaf_count=1855 3441 374 453 549 7024 1038 454 1231 2368 202 249 832 190 5768 40232 13669 15659 237 2077 1021 10923 1052 17703 1837 998 9078 5823 1464 8179 3220 161 12885 3564 1034 30799 689 331 213 4534 2000 16279 243 1123 435 938 1737 4203 8719 1636 846 2014 5117 1248 727 16975 1673 1291 2762 970 1653 1827 3898
internal_value=-1.85043e-05 0.00396993 -0.00524632 -0.0102806 -0.00350194 0.00200632 0.00742615 -0.0092141 0.00630148 -0.00245088 -0.00289851 0.0010535 -0.00531069 0.00367913 -0.00307409 0.00968497 0.00171596 -0.0162551 -0.00968656 -0.00733446 -0.0104057 0.00157667 0.00307825 -0.00074619 -0.00196909 -0.00291235 -0.00318291 -0.0118196 -0.0106561 0.00890435 -0.0043002 0.0057816 0.00662799 0.00608545 0.00137599 0.00674566 0.010672 -0.000759914 0.0038669 0.00569209 -0.00439753 0.000731592 -0.0187171 0.0082334 -0.00774595 0.013589 -0.00471298 -0.0081955 0.00401823 -0.0104674 0.00110683 0.00166678 0.00278091 0.000323477 0.00622359 -0.000872953 0.0107516 0.0114043 0.00814658 -0.0071167 -0.00848355 0.00103496
internal_weight=69546.8 39448.3 30098.5 7740.67 22357.9 25160.9 14287.4 6574.68 9547.74 14148.9 12408.5 16038 8208.95 9122.9 12189.5 4739.64 11729.1 1165.99 6224.75 2724.68 4854.4 11537.6 7586.26 4308.93 2559.71 11933.2 1838.86 422.516 4720.26 3958.52 5484.27 8539.97 1536.63 485.958 11051.6 218.999 1007.77 349.936 1611.67 1299.81 5446.5 1740.44 743.477 3229.21 2615.22 781.116 4994.56 2386.26 4545.11 256.237 720.845 3041.15 1655.1 1386.05 6928.31 451.944 393.661 932.097 305.444 1370.34 858.376 1749.23
internal_count=291724 168193 123531 31331 92200 106188 62005 26652 41199 58563 51296 67387 33637 38801 50358 20806 49376 4679 25208 11131 19651 48544 32199 18011 10672 49310 7660 1701 19102 17324 22506 36762 6602 2086 46458 938 4437 1444 6902 5564 22345 7267 2978 14104 10678 3482 20482 9740 19339 1048 3012 12860 7016 5844 29860 1863 1745 4106 1344 5557 3480 7339
is_linear=0
shrinkage=0.015


Tree=20
num_leaves=63
num_cat=0
split_feature=20 19 19 19 19 20 32 35 5 35 3 32 32 5 7 0 20 3 19 5 28 19 6 27 14 7 20 35 32 25 7 24 32 14 7 7 15 17 19 5 11 32 22 15 3 11 20 17 6 7 28 5 10 32 7 32 5 14 15 23 20 11
split_gain=6138.63 1167.95 1160.9 229.783 193.874 183.536 160.914 113.548 103.023 93.3451 88.3967 70.0717 68.7532 67.2839 72.4786 58.2112 57.9834 52.6228 52.0803 48.7982 46.8197 46.7469 45.7171 45.0571 43.9478 41.6819 36.4747 35.7121 34.8534 32.0954 31.6764 30.7111 29.9217 28.6759 27.8841 27.6667 27.5257 27.4787 24.9695 24.7159 24.3267 24.1674 23.1004 26.2121 25.2523 23.0615 25.4378 22.8227 22.8002 22.6665 22.5991 22.2774 21.9911 21.4965 21.4001 21.018 20.7195 19.3795 19.1233 18.1303 17.9891 17.5649
threshold=2.794318795204163 4.2550795078277597 1.8478111624717715 3.4440166950225835 1.1408123970031741 2.2788311243057255 -28.875179290771481 80.948242187500014 3.9103916883468632 99.423774719238295 -11.538161277770994 -18.775746345520016 -23.196040153503414 2.2203894853591923 0.86608883738517772 -10.288425445556639 5.4265458583831796 1.2168645858764651 1.6651631593704226 2.5632209777832036 1.5734072327613833 2.906720876693726 30.613322257995609 -0.10750998184084891 9.1591987609863299 0.67357608675956737 1.8725363016128542 84.053657531738295 -25.431141853332516 1.3761022090911867 0.6384863853454591 -20.089507102966305 -5.826547145843505 4.7103025913238534 0.9399605691432954 0.76052591204643261 -6.2571775913238517 2.726776242256165 2.3115774393081669 1.3180410861968996 -3.3538448810577388 -8.8715748786926252 24.752461433410648 -11.46912908554077 -4.8110485076904288 7.6853070259094247 4.9645080566406259 2.1221970319747929 68.001174926757827 0.55025506019592296 -1.7283774614334104 5.5617151260375985 0.58173885941505443 -11.137300968170164 0.76915499567985546 -8.0707426071166974 1.7635582089424136 -0.26172678172588343 -22.588240623474118 90.428604125976577 3.2332595586776738 3.1888546943664555
decision_type=2 2 2 2 2 2 2 2 2 2 2 2 2 2 2 2 2 2 2 2 2 2 2 2 2 2 2 2 2 2 2 2 2 2 2 2 2 2 2 2 2 2 2 2 2 2 2 2 2 2 2 2 2 2 2 2 2 2 2 2 2 2
left_child=2 3 4 10 17 13 16 18 47 19 37 15 54 14 26 -5 27 -1 29 22 48 23 39 -14 -11 -24 41 35 -28 40 53 -20 -31 38 -23 -3 57 -2 -16 -7 -6 -4 44 -44 -17 46 -32 52 59 -21 -15 -10 -8 -13 -12 -19 -33 58 -18 -9 -56 -50
right_child=1 6 5 11 7 9 8 20 51 24 12 30 21 50 33 42 36 55 31 49 -22 34 25 -25 -26 -27 28 -29 -30 32 45 56 -34 -35 -36 -37 -38 -39 -40 -41 -42 -43 43 -45 -46 -47 -48 -49 61 -51 -52 -53 -54 -55 60 -57 -58 -59 -60 -61 -62 -63
leaf_value=-0.018455955961773594 0.0051957444675267998 0.0054931741492048724 -0.0080878183870844618 0.011545111781035478 -0.0035219099324954152 0.0021873827616721801 0.0047359530480292743 -0.0086405552650209525 0.0080832589365152901 0.0017357547601039888 -6.6955161843465359e-05 0.00072033087633090436 0.0011331352234403179 0.0094139230185048255 -0.004599929271731462 0.0040851855118131117 0.016327313518037005 0.00027902268447328732 -0.00050111195417764764 -0.0058215659125110788 0.0070521218974981988 -7.2954069561469737e-05 -0.0063773672485666899 -0.0021014432108035956 0.013855451786665267 -0.0027129123915400118 0.0060254569591463693 0.0043796514517539242 -0.0063039530323626813 -0.0089425093461103274 0.002295678448117509 -0.0088496218432243257 0.0052031261458525581 0.0019583468371819224 0.0017351486721494419 0.010810658805106675 0.010032359623081036 0.015850535647654238 -0.0011093581690830607 -0.001574748938498137 -0.011675109003256174 -0.01456702645328886 0.008881169992750803 0.0046867698977950288 0.00012035433584306768 0.0066772840610576376 0.0080498455813830215 0.0060921293525199715 -0.0050796162251869111 0.0057487575687501626 -0.00051398896014514313 0.01142391524647199 0.00027120723285308846 -0.006118722742288322 0.0045991516649372946 -0.011720597983748421 0.0016858543648295699 0.017263439176073533 0.010265658893664287 -0.00091396004439197904 0.0020391317988142231 0.00099040625373623091
leaf_weight=695.37899312376976 134.53006480634212 306.59745979309082 486.95685207843781 273.57317954301834 92.005988076329231 560.13931806385517 1982.8529246598482 673.17471328377724 2708.8663522601128 698.86301869153976 508.02050757408142 390.82825222611427 1433.9929178804159 82.819333478808403 4542.3240245580673 1408.4408710598946 201.93215125799179 41.140897899866104 112.5525863468647 42.787426024675369 62.132947951555252 3545.0369136035442 768.34093005955219 2951.2467990368605 73.34682896733284 8524.3090081959963 49.887199088931084 401.46556378901005 2604.4000583142042 93.103505790233612 4573.1151863485575 2378.8484021872282 49.022074520587921 169.21961641311646 4142.6493313163519 1016.3016308695078 703.90596577525139 101.20836611092091 527.80580461025238 1293.354398816824 3379.2070001810789 196.96375511586666 383.2662243694067 3482.1287072449923 496.74610807001591 325.1206878721714 180.52888886630535 3984.2089884281158 618.430823341012 226.79398921132088 124.53615070879459 590.18785636126995 292.20777797698975 137.19856457412243 1220.3992799669504 123.11917425692081 39.730231791734695 334.33153869211674 401.37379118800163 81.485359266400337 1323.1035896390676 124.1809247136116
leaf_count=2783 580 1336 1982 1203 374 2318 8512 2738 11844 2923 2136 1646 5987 345 18618 6022 915 167 459 178 259 14835 3166 12291 319 35259 206 1753 10661 377 19354 9645 198 707 17434 4452 3110 442 2176 5367 13626 799 1656 14878 2111 1402 774 17203 2526 950 516 2612 1253 575 5152 496 164 1510 1785 332 5607 513
internal_value=-5.00868e-06 0.00382932 -0.00518972 0.00205387 -0.00984394 -0.00328787 0.0075379 -0.00908115 0.00653767 -0.00209387 0.000847477 0.00364262 0.000703656 -0.00494183 -0.00514676 0.00476574 0.0103683 -0.0166256 -0.0100023 -0.00243609 -0.00543388 0.000193699 -0.00258959 -0.00104027 0.00293911 -0.00301882 -0.00688157 0.00839958 -0.00606221 -0.0111766 0.00242795 -0.0083125 -0.00395481 -0.00403637 0.000899622 0.00959974 0.0124145 0.00992807 -0.0042401 -0.000428589 -0.0114655 -0.0100127 0.00443785 0.00511091 0.0030605 0.00279222 0.00252065 0.00539738 -0.00597074 0.00382776 0.0034317 0.00869199 0.00416983 -0.00104476 0.00271487 -0.00865773 -0.00866911 0.0141616 0.0123666 -0.00783071 0.003276 -0.0040445
internal_weight=69471.7 39935.4 29536.4 27011.1 8563.51 20972.8 12924.2 7703.87 9558.32 12187.9 15360.2 11650.9 15124.4 8784.91 8577.56 6044.16 3365.91 859.639 6144.47 11415.7 1559.4 12072.9 11146.1 4385.24 772.21 9292.65 3338.21 1724.36 2654.29 3613.34 5606.79 2531.13 142.126 5239.35 7687.69 1322.9 1641.54 235.738 5070.13 1853.49 3471.21 683.921 5770.58 3865.39 1905.19 5078.76 4753.64 6259.27 1497.27 269.581 207.355 3299.05 2275.06 528.027 3051.52 164.26 2418.58 937.637 603.306 754.66 2543.5 742.612
internal_count=291517 170370 121147 114085 34657 86490 56285 31211 41424 50480 64464 49621 63442 36010 35149 25870 14861 3446 24843 47238 6368 50547 46110 18278 3242 38425 13648 7541 10867 14575 23751 10268 575 21501 32269 5788 7320 1022 20794 7685 14000 2781 24667 16534 8133 21530 20128 26968 6109 1128 861 14456 9765 2221 12895 663 9809 4210 2700 3070 10759 3039
is_linear=0
shrinkage=0.015


Tree=21
num_leaves=63
num_cat=0
split_feature=20 19 20 19 19 32 14 3 19 5 3 0 5 7 5 27 19 32 3 13 12 3 32 12 7 20 7 12 32 7 2 7 32 32 2 13 12 23 17 32 16 5 16 22 27 12 32 1 22 32 29 10 5 7 32 13 19 3 32 23 33 15
split_gain=6029.75 1262.63 1001.65 259.626 218.211 177.954 144.823 112.314 106.271 97.799 87.2994 80.2755 64.3481 63.0745 68.3801 60.2309 78.8654 55.5558 52.1392 48.6558 45.6874 47.6492 44.8864 44.4638 38.5536 38.1006 37.2166 36.971 36.7897 34.152 32.0126 31.8413 29.9746 28.8911 28.8629 27.7784 30.1642 27.6661 27.5108 23.7743 23.5031 22.2518 21.5867 22.4093 20.0514 19.2878 19.914 19.1447 22.2571 19.1217 21.6825 18.7398 18.6746 18.4203 17.8602 18.0886 17.2179 17.2002 16.9832 16.9498 16.9382 16.2825
threshold=2.7255799770355229 4.2302494049072275 1.8870581984519961 3.3599542379379277 1.2097520828247073 -35.899211883544915 6.6026346683502206 1.60981822013855 2.1974668502807622 3.9103916883468632 -10.961555957794188 -9.3236508369445783 1.960763216018677 0.56320908665657055 2.3627753257751469 -0.15061437338590619 2.7045791149139409 -17.553336143493649 1.2168645858764651 4.3087260723114023 12.463654041290285 -5.1598424911499015 -10.190235137939451 1.8305878043174746 1.0328249335289004 5.2229566574096689 0.73649084568023693 5.4128804206848153 -22.915781974792477 1.1875133514404299 10.372704029083254 0.89966300129890453 -19.992178916931149 -24.850275039672848 5.5929203033447275 1.8154128789901736 17.222672462463382 6.8358085155487069 2.4526894092559819 -9.4082088470458967 0.060477798804640777 3.0565710067749028 -3.9284048080444331 50.995494842529304 0.15378151088953021 1.97044312953949 -17.108461380004879 -12.114596366882322 1.7710777521133425 -12.265471935272215 0.86839932203292858 0.48082429170608526 5.073129653930665 0.56320908665657055 -5.0653607845306388 -0.61263746023178089 3.6567471027374272 9.8467707633972186 -15.498899459838865 27.215982437133793 210.4438400268555 0.49214893579483038
decision_type=2 2 2 2 2 2 2 2 2 2 2 2 2 2 2 2 2 2 2 2 2 2 2 2 2 2 2 2 2 2 2 2 2 2 2 2 2 2 2 2 2 2 2 2 2 2 2 2 2 2 2 2 2 2 2 2 2 2 2 2 2 2
left_child=2 3 4 10 18 25 8 12 20 28 38 33 22 45 30 47 32 31 54 -18 21 29 27 -24 40 37 -23 -6 53 -4 -15 56 -17 -5 61 36 -19 -3 -2 -20 44 -30 -27 -44 -9 46 -10 -12 -49 -22 -51 -16 58 -7 59 -56 -13 -55 -11 -1 -36 -26
right_child=1 5 6 11 7 9 -8 24 13 52 15 17 -14 14 51 16 19 35 39 -21 49 26 23 -25 34 42 -28 -29 41 -31 -32 -33 -34 -35 60 -37 -38 -39 -40 -41 -42 -43 43 -45 -46 -47 -48 48 -50 50 -52 -53 -54 57 55 -57 -58 -59 -60 -61 -62 -63
leaf_value=-0.017848150846899859 0.0043349212167274505 -0.0028576583089216703 0.0008715858690887849 0.012822526482157088 -0.008794304446754728 0 0.0085342365662449352 -0.0065610651271837909 -0.0057138361857311647 0.0087209225951764349 -0.0031796724572329431 0.0014127805085370261 0.0037949475513709124 -0.002881556291865219 0.0093394818771107245 0.0010980987960145256 0.00014357793552652478 0.00055057501717762595 0.00037166561587136245 0.0051888207573186846 -0.0079477639294156573 -0.0090907748560846297 -0.012596956469239053 -0.0088392940511745188 -0.0014582555168309033 0.017086296371400911 -0.0052855014819201285 -0.0013731175959266081 0.0037623357603308602 -0.0075361461553978782 0.00063165913573338614 0.0049077370158624768 -0.0037027432779392416 0.005589782763854698 -0.0014870267985021275 0.0039605243912810605 0.0032908440846096234 0.010085679198801847 0.013932456736562191 -0.01138713380632609 -0.0093202089931812959 0.0058907850305185165 0.0063163118525708011 0.013982946294813009 0.0041108846885943209 -0.0047910581754893513 -0.016353475739093706 0.0068175721971237722 0.0018537335061127825 -0.0012103278588097273 0.0067451800279087143 0.001689548304769329 0.010498134578050822 0.0077591796135266762 -0.010563342866782219 -0.021680493492476284 0.0037858753400124424 0.003756204350638794 0.0058026333839692841 -0.011977970339142097 0.0073229496749295771 -0.0067688812555855371
leaf_weight=309.68852551281452 159.21465469896793 37.335683733224869 438.63152518868446 254.80413465201855 2790.4210140258074 79.501038327813148 223.26100678741932 109.63669297099113 73.428944900631905 2253.8775687664747 154.81148318946362 1178.0505214035511 77.490765199065208 10168.797274366021 99.919179275631905 347.76392623782158 8548.077407553792 2859.6246516853571 45.01064620912075 451.39804770052433 62.893780678510666 666.519107863307 1785.2514510452747 1287.8613872230053 188.82239425182343 407.98595479130745 5377.1864190250635 165.65119156241417 1950.3540159165859 141.4882248789072 611.07233199477196 4099.132443651557 1681.3796792328358 272.45959037542343 344.06491319835186 1283.4856948554516 1332.4446115791798 507.84689696133137 126.95378331840038 193.85899548232555 591.96661329269409 2793.2876651883125 129.15374484658241 367.96676550805569 57.969410479068756 149.41843582689762 112.45417015254498 216.28627109527588 3724.1424870491028 293.19011977314949 101.6372077614069 274.57807713747025 1103.970354065299 2623.0820587724447 49.972629994153976 301.67432054877281 1754.6686828583479 289.14175979793072 628.13516946136951 244.27946664392948 55.106635466217995 490.57184733450413
leaf_count=1240 682 164 1810 1127 11292 343 960 447 304 9898 654 4993 320 41998 418 1451 35810 12065 183 1933 259 2712 7194 5201 770 1862 22002 674 8361 584 2535 17546 6968 1174 1413 5466 5638 2242 553 781 2410 12065 580 1651 237 614 460 910 15619 1206 419 1148 4885 11415 200 1207 7490 1257 2751 978 230 1997
internal_value=1.24548e-05 0.00362914 -0.00538475 0.00185026 -0.00947341 0.0074687 -0.00340582 -0.00858294 -0.00355107 0.0068503 0.000530981 0.00340848 -0.0095653 -0.00265666 -0.00246104 0.000374062 -0.000201606 0.00316387 -0.0156161 0.000399402 -0.00499896 -0.00531577 -0.00974071 -0.0110339 -0.00530431 0.01244 -0.00571051 -0.00838472 0.00585768 -0.0011721 -0.00268093 0.00404827 -0.0028723 0.00914865 -0.0034462 0.00202429 0.0014263 0.00916466 0.0087119 -0.00912444 -0.00790709 0.00502079 0.0143718 0.0120545 -0.0027766 -0.00906657 -0.0123359 0.00192736 0.00213332 -0.000378459 0.000823468 0.00380923 0.00876894 0.0071754 -0.017288 -0.0202117 0.00283935 0.00736974 0.00809455 -0.015339 -0.000202953 -0.00532354
internal_weight=69500.1 41616.3 27883.8 28444.7 9089.3 13171.6 18794.5 7944.81 18571.2 11721.3 15410 13034.7 6106.68 11489.7 11154.4 15123.9 11028.6 12507.4 1144.48 8999.48 7081.55 6623.83 6029.19 3073.11 1838.14 1450.29 6043.71 2956.07 7735.37 580.12 10779.9 7031.85 2029.14 527.264 1078.57 5475.55 4192.07 545.183 286.168 238.87 759.573 4743.64 905.106 497.121 167.606 335.302 185.883 4095.24 3940.43 457.721 394.827 374.497 3985.98 2991.72 905.615 351.647 2932.72 2912.22 2882.01 553.968 399.172 679.394
internal_count=291756 177553 114203 120079 36774 57474 77429 32185 76469 50975 64580 55499 24681 47477 46099 63345 46162 53198 4589 37743 28992 27108 24361 12395 7504 6499 24714 11966 33441 2394 44533 30029 8419 2301 4410 23169 17703 2406 1235 964 3094 20426 4093 2231 684 1378 764 17183 16529 1884 1625 1566 17534 13015 3625 1407 12483 12672 12649 2218 1643 2767
is_linear=0
shrinkage=0.015


Tree=22
num_leaves=63
num_cat=0
split_feature=19 19 19 19 19 19 32 3 5 7 15 15 14 7 7 3 3 3 3 19 28 32 32 7 7 22 16 18 3 19 5 12 18 24 22 32 32 7 28 11 1 22 5 12 9 33 17 7 17 5 5 22 7 12 17 2 32 12 14 29 9 21
split_gain=5837.2 1141.32 1073.95 218.73 194.361 163.823 159.741 114.123 93.1794 89.086 79.9232 71.3682 74.9987 66.1556 49.5335 47.5208 47.2643 46.7029 45.0431 43.9863 43.4592 39.3109 38.0228 37.9418 37.9202 36.4673 36.2142 34.8537 33.0137 32.3455 32.2594 30.5243 29.3935 28.919 27.4861 26.731 26.1756 26.1188 26.0202 25.8881 25.4863 24.3909 20.8991 20.8053 20.6778 32.3888 20.6769 20.0253 19.7509 19.6935 19.4048 19.3309 18.4511 20.4145 18.4376 18.4147 17.6785 24.1051 17.1284 16.9561 16.3343 16.3095
threshold=2.7584658861160283 4.2302494049072275 1.8328085541725161 1.2097520828247073 3.5169357061386113 2.3791723251342778 -35.899211883544915 2.9550951719284062 3.9103916883468632 0.7457333803176881 -10.620375633239744 -8.734426021575926 6.1494491100311288 0.73001241683959972 0.56320908665657055 -11.538161277770994 1.3630504012107851 -6.4963569641113272 6.5585765838623056 1.4253435730934145 -1.1635010838508604 -17.012332916259762 -23.516583442687985 1.2813618183135989 0.78070965409278881 98.62482070922853 -1.8411250114440916 1.5930711030960085 -9.0207238197326642 3.07936704158783 2.7009390592575078 9.4850635528564471 0.88693159818649303 -5.2429521083831778 12.500020503997805 -3.0829430818557735 -13.249451637268065 1.4135544300079348 -0.46213746070861811 4.1131112575531015 26.433578491210941 71.42847061157228 6.0148024559021005 1.1268453001976015 33.481273651123054 -111.43077087402342 2.4733411073684697 1.1739069223403933 2.2491509914398198 1.6785497069358828 2.6535089015960698 92.995655059814467 0.68184462189674389 32.021343231201179 3.2124830484390263 -9.0368909835815412 -15.249566078186033 2.5599650144577031 -7.6677362918853751 -0.52426594495773304 17.057812690734867 75.024501800537124
decision_type=2 2 2 2 2 2 2 2 2 2 2 2 2 2 2 2 2 2 2 2 2 2 2 2 2 2 2 2 2 2 2 2 2 2 2 2 2 2 2 2 2 2 2 2 2 2 2 2 2 2 2 2 2 2 2 2 2 2 2 2 2 2
left_child=2 4 3 16 9 13 26 19 22 28 30 54 14 21 -13 46 32 23 38 41 49 55 -8 48 56 29 -3 -16 -2 -17 58 -23 -1 -18 50 -22 61 -20 -19 -9 -36 -5 52 -38 -24 -46 -11 -27 -15 -21 -26 -14 -10 -54 -7 -4 57 -12 -6 -35 -60 -30
right_child=1 6 5 7 10 11 8 39 42 15 24 12 51 17 27 25 33 18 37 20 35 31 44 -25 34 47 -28 -29 36 -31 -32 -33 -34 59 40 -37 43 -39 -40 -41 -42 -43 -44 -45 45 -47 -48 -49 -50 -51 -52 -53 53 -55 -56 -57 -58 -59 60 -61 -62 -63
leaf_value=-0.019211218630794724 0.0086858485945227673 0.01456097920024921 0.0040528876666250727 -0.012798417671577382 0.010253565021963089 0.0011293360897844569 0.0072697168111008513 -0.0039408251932976342 0.0054833758192299551 0.0039498652689488852 0.00077846743072124667 -0.010123447526128856 0.0017274351504545944 0.0018483660130129314 -0.0040697568023124082 0.00046655834596155904 0.0010784109241581672 -0.0025836080091977479 -0.0033140269295312162 -0.0044639118595691772 -0.008984320697824677 -0.0092501343540312142 0.0022217608968632756 -0.008008039872213206 -0.0018838502811489109 0 0.0096036983382082625 -0.0017325885557457072 -0.00096746399771574759 0.0019825703886225021 0.0093326446447125448 -0.0014613917039020912 -0.013379365979664423 -0.018339861750924003 0.004003118376397022 0.0026182858174385285 -0.0080628226758550602 0.0059390328820938297 -0.0046544878569413422 0.0042778304365966059 -0.0038807039723249776 -0.0077221172962092027 0.011849101151486442 -0.0025281179948804691 0.0091773771395038759 0.0049345054987898285 0.013884009900002853 0.011969347110149032 0.013536571382847003 0.0060312315975829343 0.0047312936704840929 0.010973880187914467 0.0097590922008873454 0.0071230139541237471 0.011813081090965486 -0.0044358300567548976 -0.00042968549775037457 0.0049252892742945005 0.0032812414192395071 -0.0076111003384868696 0.0099572426483612066 0.0051989022490158869
leaf_weight=595.45502030849457 68.599261820316315 726.99306254088879 72.549451723694801 1037.203951254487 119.91756746172905 1315.1598541140556 2778.9684725552797 593.88977941870689 498.19271112978458 109.50295542180538 851.08194467425346 187.28860877454281 106.55430309474468 301.25953233242035 1938.6873746216297 5966.9022083878517 47.763535693287849 1683.3860459029675 119.64078432321548 221.82776927947998 4785.1624679118395 1124.3127590417862 541.55182437598705 82.733708441257477 328.82691158354282 42.573521792888641 702.91729012131691 5739.1448444724083 1777.577666759491 6825.3065373450518 639.3975985199213 131.97054640948772 362.84947882592678 59.873410612344742 5896.6866416484118 42.275537520647049 195.47434462606907 152.57146425545216 8406.4110636115074 97.461492389440536 90.293889597058296 305.15128193795681 451.73085103929043 770.79193736612797 464.366505458951 3938.8333375751972 92.846604198217392 109.71442878246307 35.497532695531845 46.178554937243462 140.72549192607403 105.74933862686157 1833.5277256071568 1184.4038870036602 35.812745988368988 234.19923183321953 814.11414788663387 510.40566256642342 737.49168701469898 100.71435116231441 95.247718319296837 99.508766502141953
leaf_count=2383 291 3303 300 4168 528 5497 12120 2429 2180 475 3616 764 450 1253 7993 25021 194 6914 497 899 19337 4574 2330 344 1396 181 3131 23752 7437 28796 2785 540 1453 241 25159 171 810 644 34439 407 390 1233 2016 3204 2002 16992 411 480 150 191 601 459 8086 5219 154 959 3429 2167 3161 406 410 417
internal_value=-7.94231e-06 0.00378989 -0.00498535 -0.00957832 0.00198509 -0.00323395 0.007403 -0.00858373 0.006819 0.000954378 0.00360202 -0.00174195 -0.00227633 -0.00437181 -0.00251571 0.00148072 -0.0156181 -0.00394925 -0.00414814 -0.00920666 -0.00855076 -0.00726818 0.00585002 0.000924271 0.003028 0.00136581 0.0121514 -0.00232559 -0.00141617 0.00127679 0.00669726 -0.00844748 -0.0170511 -0.00885592 0.0036064 -0.00887856 -0.00167109 0.00182298 -0.00431105 -0.00275159 0.00388046 -0.0116688 0.00869752 -0.00367761 0.00504649 0.00538933 0.00867275 0.00863308 0.00319734 -0.00256872 7.85657e-05 0.00646255 0.00828186 0.00873492 0.00144068 -0.00236632 0.00130289 0.00234901 0.0048969 -0.0118799 0.00408483 -0.000627402
internal_weight=69473.2 39404.5 30068.7 8295.81 26283 21772.9 13121.5 7129.15 11691.6 16058.8 10224.2 9428.4 8077.42 12344.5 7865.12 13146.8 1166.66 10781.5 10362 6437.8 5095.44 1563.03 7723.72 419.491 8632.13 12944.5 1429.91 7677.83 2911.95 12792.2 1592.05 1256.28 958.304 208.351 6456.53 4827.44 2843.35 272.212 10089.8 691.351 5986.98 1342.36 3967.86 966.266 4944.75 4403.2 202.35 152.288 336.757 268.006 469.552 212.304 3516.12 3017.93 1350.97 306.749 2175.6 1361.49 952.657 160.588 832.739 1877.09
internal_count=291739 168544 123195 33512 111165 89683 57379 28835 50945 67523 43642 39069 33418 50614 32509 55364 4677 44241 42494 25999 20598 6373 33444 1747 36758 54478 6434 31745 12159 53817 6884 5114 3836 841 27546 19508 11868 1141 41353 2836 25549 5401 17501 4014 21324 18994 886 661 1403 1090 1997 909 15485 13305 5651 1259 9212 5783 4099 647 3571 7854
is_linear=0
shrinkage=0.015


Tree=23
num_leaves=63
num_cat=0
split_feature=20 20 19 19 5 14 19 19 18 35 6 16 0 16 7 5 29 6 17 7 7 11 14 6 22 7 18 12 20 34 28 18 19 33 7 18 7 19 1 16 20 16 0 20 5 34 7 7 20 14 18 18 18 11 12 22 34 12 14 7 7 28
split_gain=5697.54 1089.42 1083.56 225.033 176.976 147.904 138.036 113.182 100.175 82.2811 81.0967 78.0957 71.4822 62.4956 57.3389 60.817 56.8206 55.7553 51.7433 51.5521 50.3614 43.959 43.8514 40.2357 37.4396 34.5375 33.6061 31.9565 31.8473 31.753 38.8348 31.5184 31.3147 32.6623 30.7848 30.6812 29.9819 29.2489 29.2459 29.0075 35.6822 27.2828 26.9103 26.348 26.1503 27.5093 25.9916 25.7969 25.4653 25.1035 23.2285 23.0155 22.3008 22.1276 21.6252 25.815 20.5553 20.4497 20.4377 19.7478 18.7244 18.6083
threshold=2.8175553083419804 1.9607831835746767 4.0477070808410653 1.3148456811904909 3.9103916883468632 4.7103025913238534 3.3599542379379277 2.3457101583480839 1.6298643350601199 79.713794708251967 60.289426803588874 -3.3566296100616451 -9.3236508369445783 -2.8252570629119869 0.55025506019592296 2.2671097517013554 7.3398733139038095 28.361934661865238 3.2978665828704838 0.85891112685203563 0.72662886977195751 6.388890504837037 9.8216738700866717 28.718088150024418 24.351327896118168 0.77496403455734264 1.7320598959922793 -13.628675937652586 1.7762666344642641 -60.759508132934563 -0.78799763321876515 1.9724234342575075 2.6167687177658085 -138.17700195312497 1.2274730205535891 0.94994667172431957 1.3811267018318178 1.8328085541725161 1.4830563664436343 -1.9081984162330625 4.2023925781250009 -2.7696077823638912 -12.603084564208983 4.2726438045501718 5.5617151260375985 -1.0000000180025095e-35 0.74857068061828624 0.79951065778732311 1.4772928953170779 7.1476337909698495 1.9979940056800845 2.2042946815490727 1.4176245927810671 -2.0679663419723506 -10.166133880615233 47.692302703857429 -2.8571449518203731 -3.1264116764068599 -3.7415330410003658 1.1452444791793825 0.95688310265541088 1.009153485298157
decision_type=2 2 2 2 2 2 2 2 2 2 2 2 2 2 2 2 2 2 2 2 2 2 2 2 2 2 2 2 2 2 2 2 2 2 2 2 2 2 2 2 2 2 2 2 2 2 2 2 2 2 2 2 2 2 2 2 2 2 2 2 2 2
left_child=1 3 6 10 11 7 17 20 9 28 35 24 -8 -6 -9 26 29 18 27 32 41 39 56 59 42 43 -16 51 46 57 -31 -21 -19 -34 48 53 -20 -25 -12 40 -14 -3 -4 -13 45 -15 -5 -41 -11 -33 -17 -2 -36 -1 55 -27 -7 -10 -30 -22 -29 -44
right_child=2 5 4 8 13 22 12 14 16 34 38 25 21 44 15 50 -18 19 36 31 23 -23 -24 37 -26 54 -28 60 58 30 -32 49 33 -35 52 -37 -38 -39 -40 47 -42 -43 61 -45 -46 -47 -48 -49 -50 -51 -52 -53 -54 -55 -56 -57 -58 -59 -60 -61 -62 -63
leaf_value=-0.0056238689043867467 0.0064413746511188088 0.0026682028341107581 0.013806005342486036 -0.013415675767360257 0.013617502252084262 0.0011350549701749212 0.0090838324092592775 -0.0085422713568803037 -0.0097862446384974038 -0.011588321276483562 -0.014070624134999725 0.0011444955930664726 0.0028606677892033762 0.0077373185804214418 -0.0032811657690949626 -0.0021661134156033303 0.009294810453050955 -0.0063751534000732963 0.018111239578174773 -0.00017063826617905767 -0.00029036694823616815 0.0059760172527240961 0.014845670651251563 -0.0088635497371277183 0.012800546142303817 0.0051969883544490201 -0.0013618009656815374 0.0021691797505198913 0.00055779144871571408 0.0046590642336643961 -0.0044739357098102558 0.0014672824249919391 0.0037617201878780665 -0.0013094642181510935 -0.0037697413025776752 -0.012612921220346948 0.0011203447794070863 -0.0041379758535878925 -0.0057756933424453006 0.00055010783588567284 0.0072102990112763547 -0.0082211739109373638 0.0068214653384080339 0.0047263743038171817 0.011255586058931 0.015884943514386674 -0.0097823356991172273 0.0025551397908036362 -0.0056814575163272926 0.0059120606051244083 0.0046448868743646518 0.0012768277904460362 0.0047488086911747435 -0.018311844325477045 0.0053421973368453978 0.0092974164418119353 0.007688476060346644 -0.0047772873208780557 -0.0081727890636539222 -0.0050253947374657168 -0.0023155624982179731 -0.0029526885476705766
leaf_weight=38.194065392017365 538.67724539339542 51.878271177411079 128.64314065873623 573.91258853673935 658.46821548044682 590.06494663655758 420.40617157518864 289.29005205631256 419.2817170470953 215.93110616505146 143.23057906329632 692.45624344050884 1794.9404914677143 3288.5959090441465 3296.5881816893816 146.841552734375 60.431337475776672 243.44186042249203 77.031328707933426 3139.9003590196371 920.63847924768925 885.12519472837448 68.5359917730093 314.8066574037075 439.95414586365223 671.82951459288597 5568.3955474048853 553.51692850887775 58.814552798867226 115.25916750729084 902.74085219204426 4570.3711614608765 314.55079159140587 2845.6368460506201 369.03594695031643 493.66033218801022 36.335979670286179 6578.2872288227081 332.61821641027927 2038.3126581162214 567.03024432063103 893.27941578626633 753.1930850893259 1475.9822234213352 712.2262384146452 99.82669098675251 2987.2799363136292 5138.4858404397964 834.8569550216198 306.34947302937508 436.85670883953571 317.42783315479755 81.820537179708481 732.41060444712639 5508.19835691154 795.73045711219311 132.4947903752327 367.19056436419487 1826.8615048080683 253.52797971665859 332.49026456475258 43.236559018492699
leaf_count=153 2281 214 582 2312 2981 2474 1842 1189 1702 875 574 2965 7642 14514 13593 610 251 1007 335 13123 3790 3818 301 1280 1952 2928 23092 2322 240 473 3679 19229 1315 11880 1511 1979 158 26954 1343 8602 2441 3640 3302 6369 3189 449 12035 21832 3403 1318 1832 1348 337 2932 23835 3488 564 1492 7401 1045 1398 189
internal_value=-1.34283e-05 -0.00492742 0.00374083 -0.00881121 0.00686791 -0.00282849 0.00176031 -0.00309704 -0.00783057 -0.00866225 -0.0137547 0.0057752 0.00301614 0.00927427 -0.00197241 -0.00176791 -0.00471778 0.000733057 0.00314423 0.000339511 -0.00430983 0.00276829 0.00350934 -0.00392033 0.00913945 0.00526947 -0.00207782 0.0024861 -0.00952425 -0.00520513 -0.00341807 0.000997156 -0.00120472 -0.000797898 -0.00551705 -0.0157599 0.0129092 -0.00435848 -0.0083523 0.00246787 0.00391643 -0.00760326 0.00735823 0.00359158 0.00856689 0.00799101 -0.0103793 0.00198808 -0.00692924 0.00175188 0.00290428 0.00455138 -0.00217654 -0.0177186 0.00578772 0.00744013 0.00237535 -0.00748472 -0.00789223 -0.00133232 0.000467882 0.00626599
internal_weight=69483.4 30095 39388.4 10553.5 15268.3 19541.5 24120 18750.4 8813.42 6948.51 1740.11 10509.2 10844.3 4759.12 9737.97 9448.68 1864.9 13275.7 1855.48 11420.3 9012.42 10423.9 791.096 8067.26 1365.03 9144.2 8864.98 1742.11 5446.87 1804.47 1018 8016.62 3403.63 3160.19 1501.64 1264.27 113.367 6893.09 475.849 9538.77 2361.97 945.158 925.073 2168.44 4100.65 3388.42 3561.19 7176.8 1050.79 4876.72 583.698 856.105 450.856 770.605 6975.76 1467.56 722.56 786.472 1885.68 1174.17 886.007 796.43
internal_count=291904 123270 168634 42692 66743 80578 101891 77239 35711 28114 6981 45610 46177 21133 40316 39127 7597 55714 7842 47872 36923 44335 3339 33069 6025 39585 36685 7349 21988 7346 4152 33670 14202 13195 6126 5064 493 28234 1917 40517 10083 3854 4073 9334 18152 14963 14347 30434 4278 20547 2442 3629 1848 3085 30251 6416 3038 3194 7641 4835 3720 3491
is_linear=0
shrinkage=0.015


Tree=24
num_leaves=63
num_cat=0
split_feature=20 20 20 20 32 14 32 20 6 20 5 22 18 28 18 28 20 5 27 14 32 5 22 7 20 22 7 21 20 27 20 11 18 11 7 27 5 13 7 18 14 28 14 28 14 5 18 32 16 2 18 5 18 27 27 23 21 16 23 22 11 32
split_gain=5521.89 1051.11 967.75 178.632 178.586 155.507 153.76 124.845 105.339 103.622 71.8246 57.3341 56.3855 52.7892 46.3195 43.991 43.0976 42.6351 42.7121 41.517 40.3622 37.7787 37.7476 37.2688 36.9978 33.9539 33.1996 34.9709 32.8989 32.5733 31.3751 30.9863 30.8101 30.3422 29.1035 28.9568 27.6706 27.5264 27.3596 26.1717 25.7908 24.8945 24.7551 24.3473 23.991 22.9797 22.621 21.88 21.822 21.5753 20.6937 20.1499 19.9512 18.7233 18.4435 18.0917 17.3846 17.2812 17.2711 16.9707 16.4187 16.4002
threshold=2.8292545080184941 1.8870581984519961 4.6037724018096933 1.1254712939262392 -24.13409328460693 6.8543155193328866 -33.636129379272454 2.2788311243057255 59.322301864624031 3.6510154008865361 4.3289175033569345 86.36359024047853 1.6298643350601199 -0.46213746070861811 1.4279384016990664 -0.81579503417015065 4.0652780532836923 3.2747739553451543 -0.14430194348096845 0.64971399307250988 -22.915781974792477 2.6076492071151738 46.808528900146491 0.66422078013420116 1.555584788322449 99.99591445922853 0.76620224118232738 57.999141693115241 2.5986659526824956 0.3030031174421311 5.3221290111541757 7.6853070259094247 2.5493342876434331 -6.4405910968780509 1.0328249335289004 0.5047833025455476 2.4910854101181035 4.3087260723114023 0.74273928999900829 1.765528738498688 -3.6032866239547725 0.28395016491413122 -6.9545006752014151 0.52486026287078869 9.8216738700866717 1.8512036204338076 0.88693159818649303 -34.166456222534173 -1.33385694026947 5.5929203033447275 3.2105686664581303 1.7986640930175783 2.384130716323853 1.0000000180025095e-35 0.44965454936027532 59.181468963623054 52.597795486450202 -2.4763437509536739 29.875430107116703 55.745346069335945 -1.7730503082275388 -14.009475231170653
decision_type=2 2 2 2 2 2 2 2 2 2 2 2 2 2 2 2 2 2 2 2 2 2 2 2 2 2 2 2 2 2 2 2 2 2 2 2 2 2 2 2 2 2 2 2 2 2 2 2 2 2 2 2 2 2 2 2 2 2 2 2 2 2
left_child=1 3 4 19 16 7 30 13 12 11 20 17 24 36 34 -16 22 18 -6 46 50 23 42 39 60 29 27 -15 -25 51 -4 -13 -31 -22 41 -28 38 -35 -3 -9 -26 -10 -2 -23 -7 -44 -1 -18 -32 -36 -8 -11 56 -14 -33 -12 -24 -52 -55 -50 -5 -17
right_child=2 5 6 8 9 44 10 21 14 25 55 31 53 26 15 61 47 -19 -20 -21 33 43 52 28 40 -27 35 -29 -30 32 48 54 -34 37 49 -37 -38 -39 -40 -41 -42 -43 45 -45 -46 -47 -48 -49 59 -51 57 -53 -54 58 -56 -57 -58 -59 -60 -61 -62 -63
leaf_value=-0.019931466801366916 0.0078728402926328857 -0.0071380172778663176 0.0087377585922145066 -0.007677220568438739 0.0018722038700876935 0.0054653462488636973 0.0092593487679139656 -0.0084335686151832193 -0.006743833192528261 0.0083385187338028254 0.011118588225641627 0.0023632240800724462 -0.0077598000402611111 -0.0084573519569872205 0.0073008046495109755 -0.0071534401353299118 0.0091879266588211807 0.0081820953579767094 -0.00019378160608892619 -0.0099496828455159121 0.0083829141754185217 0.0067739224474459778 0.0080818908027232052 -0.0026681316703636485 0.00010181474229190183 0.013255873741108393 -0.0046981877434527728 -0.0017465942018362129 -0.0010341687204738414 -0.0013488915525545278 0.014750889296258087 0.008672276783859378 0.0032759158364932452 0.004207692583417931 -0.006667584668888977 0.0027110839601531232 0.0090962312065589763 0.0083523636277128277 -0.0012970341434332623 -0.0032522192553332378 -0.0091635837733717879 -0.01235978083864726 0.0046696128187653186 -0.0023917314683291296 0.015803087187935109 0.0013162055888085156 -0.013367271839525286 0.0053869360834064772 0.0049381502849703577 -0.0017043419928630113 0.0086994973660057383 0.0031815891268343636 0.0060505441499549952 0.00049371401283743611 -0.0023383764361420462 0.0081110838910206165 0.00087538089046530309 0.0052345815188809437 -0.0058923563442029592 0.012008225780733616 -0.012217817845214174 -0.0017510592420783306
leaf_weight=394.62797816097736 180.6539411842823 215.25943998992443 630.3560299128294 235.94777198135853 3053.4781845062971 185.9063756018877 990.28117622435093 336.82063761353493 473.06173260509968 178.07024620473385 718.17403560876846 1163.33748036623 650.13077495992184 1020.9263171255589 91.747307479381561 204.76776146888733 470.68945552408695 156.77083806693554 8520.5817133486271 241.36435584723949 575.22478701174259 172.76516790688038 95.20289908349514 6705.768870845437 65.958243981003761 70.805917888879776 5382.6584984660149 219.27019660174847 4797.9153822213411 719.473478987813 721.62434811890125 312.03096207976341 583.30914279818535 3550.6461387276649 613.0505945533514 117.54847794771194 47.82098875939846 412.4588371515274 1146.2097980082035 683.57009874284267 2773.0600980371237 318.41202361881733 608.03950418531895 99.65810364484787 74.279732257127762 1975.3529677689075 225.81091816723347 1496.6302955746651 115.66358745098114 306.01399953663349 514.63384875655174 6295.8257203549147 1543.388854816556 146.25731289386749 35.251919969916344 1613.6292786002159 366.76268047094345 1051.2120344638824 249.74617455899715 326.77690888941288 1744.9858264327049 357.30491590499878
leaf_count=1581 784 880 2805 948 12828 798 4341 1377 1913 753 3189 4910 2636 4156 377 835 2070 670 35702 970 2505 726 403 27652 268 313 22005 895 19916 3051 3318 1354 2502 15374 2481 483 200 1806 4702 2822 11184 1286 2573 416 327 8409 904 6490 520 1255 2266 26846 6632 595 153 7167 1561 4607 1013 1474 7008 1457
internal_value=7.71699e-05 -0.00472758 0.00380593 -0.00899469 0.00230527 -0.00289667 0.00752492 -0.00304065 -0.00830652 0.00162469 0.00675217 0.000813477 -0.0093888 -0.00449338 -0.00560932 -0.00217107 0.00443247 0.000457523 0.000350202 -0.0155151 0.00599164 -0.00211373 0.00365157 -0.0022348 -0.0100807 0.00299102 -0.00504668 -0.00728767 -0.00198825 0.00289225 0.0115639 0.00356349 0.000712175 0.00512716 -0.00691069 -0.00453619 -0.00183299 0.00464683 -0.00224066 -0.00499035 -0.00894312 -0.00904751 0.0025015 0.00337328 0.00857188 0.00211428 -0.0176171 0.00631236 0.0130637 -0.00503859 0.00751544 0.00332828 0.0052252 -0.00617343 0.00750467 0.00905253 0.00242128 0.00639258 -0.00350545 0.0102242 -0.0116928 -0.00376417
internal_weight=69345 30298.6 39046.3 9092.25 27825.7 21206.4 11220.7 20946.2 8230.44 21088.9 9426.26 13241.5 5866.09 8149.69 2364.36 653.82 6736.72 11730.8 11574.1 861.803 7094.46 12796.5 4769.4 12524.1 4819.95 7847.48 6740.4 1240.2 11503.7 7776.68 1794.42 1510.62 1302.78 4538.33 1710.54 5500.21 1409.29 3963.1 1361.47 1020.39 2839.02 791.474 2764.05 272.423 260.186 2583.39 620.439 1967.32 1164.06 919.065 2556.13 6473.9 2005.35 1046.13 347.283 2331.8 461.966 1565.85 396.003 442.44 1980.93 562.073
internal_count=291442 124066 167376 36711 118004 87355 49372 86230 33256 89082 41255 55617 23652 33321 9604 2669 28922 49200 48530 3455 30899 52909 20362 51767 19408 33465 27539 5051 47568 33152 8117 6417 5553 19685 6935 22488 5782 17180 5582 4199 11452 3199 11766 1142 1125 10982 2485 8560 5312 3736 11214 27599 8596 4244 1507 10356 1964 6873 1608 1994 7956 2292
is_linear=0
shrinkage=0.015


Tree=25
num_leaves=63
num_cat=0
split_feature=19 20 19 19 19 32 20 3 5 6 7 18 0 11 6 32 3 3 32 17 19 27 26 7 34 17 11 6 5 34 26 7 23 32 18 33 34 7 18 20 32 2 26 26 5 26 7 12 7 9 25 23 34 6 26 33 10 7 19 32 17 12
split_gain=5336.52 1001.85 966.192 193.913 188.881 161.331 124.757 103.512 85.797 84.6719 73.309 63.8129 63.3516 61.1597 52.6002 46.5497 46.3169 46.0223 44.8829 40.6063 39.6406 38.1864 38.119 36.3043 35.6029 35.4586 34.7463 34.3263 30.8994 30.1341 29.9029 29.6196 28.8975 28.7897 28.2761 28.1515 27.643 27.2544 30.8085 26.9836 26.5912 26.1811 26.0996 25.9065 24.3885 24.3674 24.3153 23.5372 23.5087 22.7885 21.4152 20.5004 31.5389 20.2608 28.1983 26.4668 19.1216 19.0727 18.5192 28.9217 24.6389 18.4768
threshold=2.7584658861160283 1.9166098237037661 4.2550795078277597 1.2097520828247073 3.5169357061386113 -35.899211883544915 2.4559180736541752 1.6577963232994082 3.9103916883468632 32.027151107788093 0.80458751320838939 1.6298643350601199 -10.288425445556639 2.2624388933181767 70.194477081298842 -18.400004386901852 -11.538161277770994 1.2658231854438784 -22.915781974792477 3.1705461740493779 1.5827200412750246 -0.029157279990613457 0.17772468179464343 0.88046774268150341 -1.35889196395874 1.5384767055511477 6.388890504837037 72.392330169677749 2.1421458721160893 -1.35889196395874 0.25153271853923803 1.6681505441665652 18.327179908752445 -25.777112960815426 0.88693159818649303 -84.43831634521483 -1.0000000180025095e-35 0.77214652299880993 1.7494105100631716 2.8409599065780644 -17.376911163330075 18.350852012634281 0.67664590477943432 0.70257878303527843 3.0565710067749028 -0.13490895926952359 0.75762352347373974 -6.8210701942443839 1.0328249335289004 25.065501213073734 0.72390219569206249 62.07342720031739 -63.829769134521477 56.07365798950196 0.70711526274681102 -173.34582519531247 0.44286277890205389 0.9302712380886079 1.9761613607406618 -16.666665077209469 0.76448404788970958 13.016779422760012
decision_type=2 2 2 2 2 2 2 2 2 2 2 2 2 2 2 2 2 2 2 2 2 2 2 2 2 2 2 2 2 2 2 2 2 2 2 2 2 2 2 2 2 2 2 2 2 2 2 2 2 2 2 2 2 2 2 2 2 2 2 2 2 2
left_child=1 3 4 17 10 27 14 11 18 19 21 20 -6 37 22 57 -12 34 -7 39 46 35 58 33 40 32 49 30 47 -15 -4 61 -9 -24 -1 -2 51 38 -11 -8 -18 -29 -39 -25 -20 -22 -5 -13 -34 -17 -19 52 -10 55 -55 -23 -37 -14 59 -3 -60 -16
right_child=2 6 5 7 12 8 9 25 36 13 16 28 15 29 31 26 24 50 44 -21 45 53 23 43 -26 -27 -28 41 -30 -31 -32 -33 48 -35 -36 56 -38 42 -40 -41 -42 -43 -44 -45 -46 -47 -48 -49 -50 -51 -52 -53 -54 54 -56 -57 -58 -59 60 -61 -62 -63
leaf_value=-0.018175224757849565 0.002630573195010122 8.0408632386664756e-05 0.014680425532464967 -0.015527124383566501 0.010041223623746622 0.0069411826139027409 -0.00043113422313207706 0.0043469181705718049 0.0071732920641615254 -0.0085865362624765098 0.0088681122159969712 -0.0092812155690005244 0.0033182768746336543 -9.726299826846166e-05 -0.00272245133411204 -0.0020689784367299026 0.0021175790001301169 0.0018821155826263683 0.0031738775013572047 0.012035777967090306 -0.0059366370182563624 0.0053464631877324599 0.0045200531873350333 -0.0036001721645623516 0.00841769767463167 0.0022655310654947562 0.0063141094459720501 -0.00015913349434864207 0.0050266032674391291 0.010206881727705317 0.0095794502827892015 0.0071888700432449944 -0.0078279001042810634 -0.00680456757858134 -0.01242267046511011 0.0046183032876545033 0.015731508039027869 -0.0020550529916444969 -0.0032068179924689862 0.0034708587111439344 0.00066310539948322383 0.01046513265065367 -0.0054188365567360555 -0.0078545878161291865 0.0054399764209272835 -0.0091589595899532784 -0.010463358007395842 -0.0046799061080828571 -0.0042255577777067527 0.0021432285023780719 -0.01019748185443892 0.0069979588971479847 0.01148619263301982 0.0012563627336943859 -0.0056800536238463739 -0.0036780919331182412 -0.0015763208731882522 0.0051458031815886937 -0.00028264874702569996 -0.0062442925079235255 -0.0033556966049872088 0.0017569951138215003
leaf_weight=571.65722674131393 957.22301828861237 196.24342972040176 752.45804668962955 264.86943450570107 330.01554840803146 2884.2758295685053 1246.3396463543177 62.465445756912231 824.01192787289619 389.18088354170322 191.86868140101433 390.50199784338474 2471.4132943749428 1469.6731905788183 827.89401386678219 306.51970174908638 5423.2450765371323 37.002378433942795 1853.9256257563829 73.749579086899757 740.1217577457428 74.356394857168198 48.765518859028816 2987.1263006776571 161.88508553802967 141.57757522165775 431.82033528387547 87.424311414361 54.656352967023849 64.650978952646255 458.13471758365631 91.110436990857124 748.91754062473774 2249.5730797797441 360.56161443889141 123.59141314029694 111.57950903475285 3877.4378221184015 666.5474418848753 580.67472447454929 5998.2219574153423 117.97606994211674 607.54035122692585 369.74723975360394 2716.7296652346849 2380.7802825570107 2026.4870738536119 791.35136450827122 983.39844992756844 3965.7472815215588 184.4745137989521 2174.6891428530216 795.69682131707668 633.3977213203907 164.23063224554062 1322.9302157014608 989.74900658428669 2897.0365175008774 755.79044316709042 831.992317289114 2815.8064813017845 270.31692431867123
leaf_count=2291 4015 803 3460 1063 1462 12652 5165 255 3662 1593 846 1582 10591 6107 3405 1298 22935 150 7986 316 2989 311 201 12231 705 584 1867 391 227 282 2065 384 3041 9184 1443 517 506 16025 2747 2443 25184 529 2509 1515 11803 9597 8138 3207 4007 16831 742 9652 3547 2646 683 5515 4140 12496 3095 3390 11554 1120
internal_value=-1.81584e-05 -0.00476228 0.00362959 -0.00872143 0.001992 0.00701674 -0.00287267 -0.00793809 0.00641661 -0.0015455 0.000969604 -0.0088304 0.0035666 -0.00230126 -0.00391181 0.00335102 0.00158025 -0.0145138 0.00546397 0.00125916 -0.00953833 -0.00071257 -0.00425848 -0.00508869 0.00145673 -0.00486053 0.00225339 0.0118054 -0.00570921 0.000339876 0.0127814 -0.000907839 -0.0054329 -0.00655404 -0.0159977 0.000743046 0.00822724 -0.0030352 -0.00521665 0.000803263 0.00135529 0.00591289 -0.00251627 -0.00407764 0.00452588 -0.00840388 -0.0110683 -0.00622603 -0.00579881 0.00183668 -0.00811343 0.00799445 0.00931285 -0.00209197 -0.000163712 -0.00318018 -0.000868161 0.00430883 -0.00323277 -0.00502482 -0.00271012 -0.00160504
internal_weight=69379.1 30159 39220.2 9738.82 26443.3 12776.9 20420.2 8585.13 11360.9 8975.79 16040.7 6648.77 10402.6 7075.03 11444.4 10072.5 11775.2 1153.7 7454.93 1900.76 5412.26 4265.48 10255 5655.21 11583.4 1936.36 4704.09 1415.99 1236.51 1534.32 1210.59 1189.32 1794.78 2298.34 932.219 2070.56 3905.98 5540.71 1055.73 1827.01 11421.5 205.4 4484.98 3356.87 4570.66 3120.9 2291.36 1181.85 1732.32 4272.27 221.477 3794.4 1619.71 2194.91 797.628 1397.29 1113.34 5368.45 4599.83 1028.24 3571.6 1098.21
internal_count=291680 123385 168295 39316 112042 56253 84069 34690 49808 37187 67497 26803 44545 29263 46882 43083 49670 4626 32441 7924 21787 17827 41973 23131 48824 7887 19996 6445 5016 6389 5525 4909 7303 9385 3734 8672 17367 22874 4340 7608 48119 920 18534 13746 19789 12586 9201 4789 7048 18129 892 16861 7209 9155 3329 5826 4657 23087 18842 4193 14649 4525
is_linear=0
shrinkage=0.015


end of trees

feature_importances:
Column_19=143
Column_7=125
Column_32=119
Column_3=96
Column_20=92
Column_5=85
Column_18=75
Column_34=71
Column_26=56
Column_12=54
Column_13=53
Column_11=52
Column_14=52
Column_15=46
Column_17=44
Column_22=40
Column_28=39
Column_23=37
Column_2=36
Column_0=35
Column_6=34
Column_24=33
Column_16=28
Column_35=26
Column_25=21
Column_29=21
Column_27=20
Column_33=18
Column_1=17
Column_9=15
Column_10=15
Column_21=7
Column_8=4
Column_30=2
Column_4=1

parameters:
[boosting: gbdt]
[objective: binary]
[metric: auc]
[tree_learner: serial]
[device_type: cpu]
[data_sample_strategy: bagging]
[data: ]
[valid: ]
[num_iterations: 2000]
[learning_rate: 0.015]
[num_leaves: 63]
[num_threads: 0]
[seed: 42]
[deterministic: 0]
[force_col_wise: 0]
[force_row_wise: 0]
[histogram_pool_size: -1]
[max_depth: 7]
[min_data_in_leaf: 150]
[min_sum_hessian_in_leaf: 0.001]
[bagging_fraction: 0.8]
[pos_bagging_fraction: 1]
[neg_bagging_fraction: 1]
[bagging_freq: 1]
[bagging_seed: 400]
[bagging_by_query: 0]
[feature_fraction: 0.7]
[feature_fraction_bynode: 1]
[feature_fraction_seed: 30056]
[extra_trees: 0]
[extra_seed: 12879]
[early_stopping_round: 0]
[early_stopping_min_delta: 0]
[first_metric_only: 0]
[max_delta_step: 0]
[lambda_l1: 1]
[lambda_l2: 2]
[linear_lambda: 0]
[min_gain_to_split: 0]
[drop_rate: 0.1]
[max_drop: 50]
[skip_drop: 0.5]
[xgboost_dart_mode: 0]
[uniform_drop: 0]
[drop_seed: 17869]
[top_rate: 0.2]
[other_rate: 0.1]
[min_data_per_group: 100]
[max_cat_threshold: 32]
[cat_l2: 10]
[cat_smooth: 10]
[max_cat_to_onehot: 4]
[top_k: 20]
[monotone_constraints: ]
[monotone_constraints_method: basic]
[monotone_penalty: 0]
[feature_contri: ]
[forcedsplits_filename: ]
[refit_decay_rate: 0.9]
[cegb_tradeoff: 1]
[cegb_penalty_split: 0]
[cegb_penalty_feature_lazy: ]
[cegb_penalty_feature_coupled: ]
[path_smooth: 0]
[interaction_constraints: ]
[verbosity: -1]
[saved_feature_importance_type: 0]
[use_quantized_grad: 0]
[num_grad_quant_bins: 4]
[quant_train_renew_leaf: 0]
[stochastic_rounding: 1]
[linear_tree: 0]
[max_bin: 255]
[max_bin_by_feature: ]
[min_data_in_bin: 3]
[bin_construct_sample_cnt: 200000]
[data_random_seed: 175]
[is_enable_sparse: 1]
[enable_bundle: 1]
[use_missing: 1]
[zero_as_missing: 0]
[feature_pre_filter: 0]
[pre_partition: 0]
[two_round: 0]
[header: 0]
[label_column: ]
[weight_column: ]
[group_column: ]
[ignore_column: ]
[categorical_feature: ]
[forcedbins_filename: ]
[precise_float_parser: 0]
[parser_config_file: ]
[objective_seed: 16083]
[num_class: 1]
[is_unbalance: 0]
[scale_pos_weight: 1]
[sigmoid: 1]
[boost_from_average: 1]
[reg_sqrt: 0]
[alpha: 0.9]
[fair_c: 1]
[poisson_max_delta_step: 0.7]
[tweedie_variance_power: 1.5]
[lambdarank_truncation_level: 30]
[lambdarank_norm: 1]
[label_gain: ]
[lambdarank_position_bias_regularization: 0]
[eval_at: ]
[multi_error_top_k: 1]
[auc_mu_weights: ]
[num_machines: 1]
[local_listen_port: 12400]
[time_out: 120]
[machine_list_filename: ]
[machines: ]
[gpu_platform_id: -1]
[gpu_device_id: -1]
[gpu_device_id_list: ]
[gpu_use_dp: 0]
[num_gpu: 1]

end of parameters

pandas_categorical:null
