tree
version=v4
num_class=1
num_tree_per_iteration=1
label_index=0
max_feature_idx=35
objective=binary sigmoid:1
feature_names=Column_0 Column_1 Column_2 Column_3 Column_4 Column_5 Column_6 Column_7 Column_8 Column_9 Column_10 Column_11 Column_12 Column_13 Column_14 Column_15 Column_16 Column_17 Column_18 Column_19 Column_20 Column_21 Column_22 Column_23 Column_24 Column_25 Column_26 Column_27 Column_28 Column_29 Column_30 Column_31 Column_32 Column_33 Column_34 Column_35
feature_infos=[-47.103679656982422:150.52197265625] [-59.247543334960938:452.04678344726562] [-74.539772033691406:473.08987426757812] [-52.495719909667969:189.53501892089844] [-1:1] [0.23095789551734924:13.006614685058594] [0:99.737266540527344] [0.12247937917709351:3.6458005905151367] [0:0.60000002384185791] [0:100] [0:1] [-40.613231658935547:75.466316223144531] [-81.991645812988281:606.01629638671875] [-28.773584365844727:40.193557739257812] [-41.854465484619141:96.625701904296875] [-71.550308227539062:329.937744140625] [-39.97088623046875:42.846347808837891] [0:18.476491928100586] [0.37696051597595215:10.168983459472656] [0.62395989894866943:17.367979049682617] [0.50675678253173828:21.882646560668945] [0:100] [0:100] [0:100] [-82.708183288574219:0] [0.14999581873416901:8.031855583190918] [-0.96866923570632935:0.96716147661209106] [-1.0534703731536865:1.0376003980636597] [-3.698124885559082:3.8860962390899658] [-1.9222511053085327:13.733846664428711] [0.05000000074505806:0.89999997615814209] [-0.99997603893280029:0.99965560436248779] [-80.769569396972656:-1.7985610961914062] [-422.89956665039062:450.18832397460938] [-100:0] [-53.766407012939453:155.8541259765625]
tree_sizes=6969 7032 7058 7036 7038 7024 7056 7082 7054 7044 7060 7051 7048 7057 7061 7037 7045 7065

Tree=0
num_leaves=63
num_cat=0
split_feature=19 14 19 19 20 11 34 22 9 33 33 6 7 19 32 6 6 32 22 34 19 10 19 19 10 20 32 0 7 31 13 9 32 17 5 32 10 11 1 12 7 14 17 0 33 33 1 19 10 10 33 23 12 20 7 2 27 2 7 20 10 5
split_gain=7212.56 1165.65 989.921 513.926 459.472 255.073 280.614 239.127 201.161 137.941 136.653 134.314 131.137 123.966 117.127 85.8386 80.3793 76.7994 79.912 74.7028 60.9042 58.2506 48.2778 46.9292 46.4379 55.288 46.3243 43.1764 49.2389 49.8153 40.0626 58.9777 34.7813 32.1507 30.1178 31.6791 30.3519 26.9619 26.747 25.4679 25.4316 24.3141 23.9088 22.6391 22.022 21.8581 20.3351 20.3044 20.2301 28.0659 19.2684 19.9617 19.0248 18.7681 19.2006 18.611 18.9836 18.4712 18.3347 17.1958 17.1005 16.825
threshold=2.3534127473831181 3.8164386749267583 1.7427526116371157 3.1059385538101201 10.584874153137209 -14.808413982391356 -70.492790222167955 99.997756958007827 13.716305255889894 157.00270080566409 -18.797555923461911 51.147434234619148 0.77821370959281932 1.2051506638526919 -20.253043174743649 58.157836914062507 25.356511116027836 -21.779748916625973 37.945960998535163 -27.585843086242672 1.9925340414047243 0.46212266385555273 2.6762934923172002 2.1095763444900517 0.59140166640281688 7.9230308532714853 -22.69509124755859 8.7645611763000506 1.9625299572944643 0.94756859540939342 -11.359719276428221 53.138473510742195 -10.572605609893797 2.6490550041198735 2.2263062000274663 -4.1507363319396964 0.39290553331375128 6.3548572063446054 -3.9721970558166499 2.5178790092468266 0.67119655013084423 7.319411277770997 3.3081333637237553 -10.393847942352293 174.83880615234378 298.63006591796881 14.031699180603029 2.6424893140792851 0.57720685005187999 0.50351935625076305 -39.978225708007805 40.856515884399421 13.63396739959717 2.6327236890792851 1.2419550418853762 -15.311431884765623 -0.22617523372173307 -12.433188915252684 0.83663085103034984 1.3771178722381594 0.49160423874855047 5.2535946369171151
decision_type=2 2 2 2 2 2 2 2 2 2 2 2 2 2 2 2 2 2 2 2 2 2 2 2 2 2 2 2 2 2 2 2 2 2 2 2 2 2 2 2 2 2 2 2 2 2 2 2 2 2 2 2 2 2 2 2 2 2 2 2 2 2
left_child=2 3 13 12 5 16 8 9 -7 21 30 14 26 -1 55 32 -5 43 42 -8 58 37 -20 34 25 -23 50 53 45 -30 -6 -32 59 38 35 36 -13 52 -22 -17 47 -9 -19 -14 48 -29 -12 -28 49 -25 51 -2 -3 54 -11 -4 -57 -42 -16 -15 -52 -26
right_child=1 7 11 4 10 6 19 41 -10 27 46 23 17 15 20 39 -18 18 22 -21 33 24 -24 44 61 -27 40 28 29 -31 31 -33 -34 -35 -36 -37 -38 -39 -40 -41 57 -43 -44 -45 -46 -47 -48 -49 -50 -51 60 -53 -54 -55 -56 56 -58 -59 -60 -61 -62 -63
leaf_value=-0.055642630836868878 -0.034649838770389116 -0.035821713014621386 -0.027890819610918435 -0.0084015264148398563 -0.036983512452443579 -0.030417188113230194 -0.030637031119978619 -0.028001675570383973 -0.034378308615060804 -0.036780045225069093 -0.03574033076998178 -0.045389113897967966 -0.021488360129892761 -0.052580353346560263 -0.049208892442035995 -0.046915615801435204 -0.024229880486261728 -0.037737128479895847 -0.03584772299824391 -0.027785469408705452 -0.045230542494069506 -0.027254080666138741 -0.032268016842808368 -0.038519324154340735 -0.034675990534424189 -0.03177287896067308 -0.045306948812275635 -0.023651624803257117 -0.026573540349149546 -0.040731237748762639 -0.050336544073751613 -0.03958059519950731 -0.051912261515401875 -0.030772487677024549 -0.027935839345215919 -0.03266028799538967 -0.040316960486116882 -0.028623060438457623 -0.041552590133594997 -0.041513498752568039 -0.029773476679048977 -0.01464263947901805 -0.028976797112371791 -0.032423283129176417 -0.032400127305017637 -0.016594001602747266 -0.026724721811099646 -0.03991198424748036 -0.041279422989123141 -0.033677780364154579 -0.036338669654985403 -0.046021484940580504 -0.031195245983350255 -0.026845877142529839 -0.026889397314856407 -0.041089576415126255 -0.035669575987839576 -0.038700119678806988 -0.045204054792423405 -0.047367113080554281 -0.024682398004722564 -0.026812045102917483
leaf_weight=760.78127825260162 274.92096126079559 394.88647162914276 42.737713068723679 120.96522295475006 109.21860006451607 4201.2921443581581 14366.369722902775 39.488647162914276 9178.611183911562 93.723054975271225 139.45990580320358 338.4027104973793 41.987928628921509 205.69086465239525 446.8715261220932 513.60234126448631 197.44323581457138 2511.0280888974667 1631.7808691561222 2435.5497886240482 693.55060681700706 4620.1717180609703 1758.9942957758904 761.53106269240379 322.15738096833229 716.29406815767288 266.423404276371 2028.1669096648693 254.92670953273773 68.730240315198898 398.38546568155289 171.70063671469688 1414.8432379066944 48.98591673374176 38.98879086971283 97.971833467483521 1520.5628439188004 376.14186063408852 1505.0672988295555 367.89423179626465 51.485198199748993 367.3943755030632 68.980168461799622 2084.9005989432335 191.94481658935547 113.96723484992981 89.974132776260376 458.86807715892792 294.16542854905128 407.1329508125782 41.738000482320786 38.488934576511383 398.88532197475433 1043.6999402046204 78.477438032627106 243.92987108230591 385.13927391171455 1090.6864317655563 909.23859733343124 1045.1995090842247 72.729090660810471 72.979018807411194
leaf_count=3044 1100 1580 171 484 437 16810 57482 158 36725 375 558 1354 168 823 1788 2055 790 10047 6529 9745 2775 18486 7038 3047 1289 2866 1066 8115 1020 275 1594 687 5661 196 156 392 6084 1505 6022 1472 206 1470 276 8342 768 456 360 1836 1177 1629 167 154 1596 4176 314 976 1541 4364 3638 4182 291 292
internal_value=-0.0339032 -0.031498 -0.0442794 -0.0326414 -0.0316846 -0.0313708 -0.0315129 -0.0271511 -0.0331353 -0.0275897 -0.04218 -0.0411273 -0.0355317 -0.0500693 -0.042937 -0.0488582 -0.0180481 -0.034632 -0.035505 -0.0302221 -0.0440108 -0.0288484 -0.0339864 -0.0389999 -0.0282244 -0.0278568 -0.038696 -0.0252383 -0.0240827 -0.0296495 -0.045555 -0.0471544 -0.0502183 -0.042459 -0.0405557 -0.0408207 -0.0412597 -0.0319228 -0.0427288 -0.0447003 -0.0397155 -0.0158672 -0.0374935 -0.0321889 -0.0371084 -0.0232533 -0.0322381 -0.0419403 -0.0377377 -0.0368223 -0.0342052 -0.0361619 -0.0335147 -0.0276063 -0.0323298 -0.0371418 -0.0378111 -0.0382781 -0.0465554 -0.0482648 -0.0290301 -0.0332329
internal_weight=65026.3 52792.1 12234.2 41802 31409 30500.2 30181.8 10990.1 13379.9 10583.2 908.739 7926.22 10393 4308.01 4275.52 3547.23 318.408 8097.67 5970.78 16801.9 3603.71 6901.52 3390.78 3650.7 5731.6 5336.47 2295.34 3681.69 2465.79 323.657 679.305 570.086 2665.73 2247.6 1995.93 1956.94 1858.97 1169.91 2198.62 881.497 1867.46 406.883 2580.01 2126.89 1654.77 2142.13 229.434 725.291 1462.83 1168.66 427.877 313.41 793.772 1215.9 172.2 671.807 629.069 1142.17 1356.11 1250.89 114.467 395.136
internal_count=260180 211229 48951 167256 125672 122036 120762 43973 53535 42345 3636 31714 41584 17237 17107 14193 1274 32400 23890 67227 14419 27614 13567 14607 22933 21352 9184 14731 9866 1295 2718 2281 10666 8993 7986 7830 7438 4681 8797 3527 7472 1628 10323 8510 6621 8571 918 2902 5853 4676 1712 1254 3176 4865 689 2688 2517 4570 5426 5005 458 1581
is_linear=0
shrinkage=1


Tree=1
num_leaves=63
num_cat=0
split_feature=19 19 14 33 15 19 11 19 22 19 19 19 19 33 26 6 6 32 32 6 2 6 0 32 7 10 10 22 18 32 14 19 7 33 13 32 7 10 32 6 10 17 32 19 10 27 27 22 32 33 7 23 5 2 33 23 23 32 18 18 19 13
split_gain=7042.97 1133.35 1088.98 385.149 391.267 403.221 212.955 199.324 177.023 170.357 155.852 134.028 123.834 101.476 99.8831 89.8387 88.9566 75.1614 71.8603 63.633 59.3628 118.48 62.8756 56.3203 52.9324 52.1792 51.1549 48.2869 45.2114 43.4219 42.4777 56.4063 40.1247 39.8744 38.9683 35.7755 35.7713 34.97 46.6884 31.6721 28.0364 27.9012 27.0336 26.475 22.7524 22.1709 21.9102 21.6297 21.4952 20.6736 20.3696 20.2698 19.8501 18.5625 17.5807 17.2093 16.6433 28.5763 23.5672 18.792 16.3638 16.244
threshold=2.4384670257568364 1.7427526116371157 5.3145680427551278 12.206027030944826 -11.201395511627195 7.9255590438842782 -13.125268459320067 2.9426299333572392 99.997756958007827 3.1059385538101201 1.9718006253242495 7.9255590438842782 1.2051506638526919 151.96794891357425 0.49623027443885809 42.893379211425788 57.969907760620124 -20.146162986755368 -27.967533111572262 55.931674957275398 -4.552114486694335 60.64775466918946 -14.486086845397947 -25.546384811401364 0.78099027276039135 0.63972872495651256 0.43498492240905767 82.223091125488295 1.5488985776901247 -21.866329193115231 29.301043510437015 5.0000526905059823 1.0763301253318789 253.47505187988284 -9.3727478981018049 -10.572605609893797 0.72289723157882702 0.59584274888038646 -8.8743572235107404 26.659009933471683 0.42086863517761236 2.7517614364624028 -22.57613372802734 9.5688114166259783 0.4687583595514298 1.0000000180025095e-35 0.1585832014679909 47.143856048583991 -34.925088882446282 -37.324602127075188 0.88444218039512645 83.566574096679702 2.608899831771851 7.9508399963378915 -39.978225708007805 68.182231903076186 31.948666572570804 -9.6626377105712873 1.4195187687873843 1.2134513854980471 6.8694472312927255 -4.8863031864166251
decision_type=2 2 2 2 2 2 2 2 2 2 2 2 2 2 2 2 2 2 2 2 2 2 2 2 2 2 2 2 2 2 2 2 2 2 2 2 2 2 2 2 2 2 2 2 2 2 2 2 2 2 2 2 2 2 2 2 2 2 2 2 2 2
left_child=1 12 3 4 5 6 39 25 13 24 19 14 -1 27 -11 17 35 45 -8 42 21 47 -22 -13 54 32 -24 51 49 -26 33 -32 -5 40 -7 46 -19 38 -30 -2 -15 -38 -3 -36 -34 -12 -14 -9 -29 -17 -44 61 -23 -18 -6 -39 59 -58 -59 -21 -53 -4
right_child=2 10 8 7 9 34 18 20 -10 11 15 23 16 30 -16 28 53 36 -20 56 22 52 26 -25 29 -27 -28 48 37 -31 31 -33 44 -35 43 -37 41 55 -40 -41 -42 -43 50 -45 -46 -47 -48 -49 -50 -51 -52 60 -54 -55 -56 -57 57 58 -60 -61 -62 -63
leaf_value=-0.021441717562073692 0.022921108313565527 -0.0025723147040571559 0.012686996615833498 -0.0011340079085757964 -0.006013602524993408 -0.0032783214745748706 0.0055151591822295114 0.0064713419913125011 0.017782040666008723 0.0017661857167887284 -0.0038602652201392856 -0.0080167861077652253 -0.014782542420346038 0.0034167385175831191 -0.00066054112656727874 -0.0092891985329468345 -0.011114759712774858 -0.014081479220445758 0.0018930235517666137 -0.010764746141454647 0.017714625228550239 0.0059430097540102257 0.00084369577841577172 -0.0014543652141280452 0.0019412233063000842 -0.0077807428685299175 0.0041372831940929729 0.0013507348386858832 -0.0028728560931265057 -0.002568873811465647 -0.013475420813247315 0.0069333550115999731 -0.00079817266947052338 0.013856235129591461 -0.010556502152136485 -0.017842193963316995 -0.00854734186086651 -0.0046669883887979734 0.0035399908052474757 0.010413691276578967 0.0093069350145067245 0.0029637412549932932 -0.014194771605101826 -0.021606731557917001 0.0036274026324439146 0.0052053526984628482 -0.0073081941838346424 0.0025205292872567853 0.007894078334350834 -0.00505595317174344 -0.010458715995566577 0.0095685615930453452 0.018264130574818845 -0.0015630281570543629 -0.0020912915730704287 -0.012227276033150611 -0.010834777804979925 -0.0067289936880680582 0.0015856870602272621 0.00089461279881944129 0.003654301682281068 0.0031137049165007318
leaf_weight=770.40354770421982 153.98635293543339 77.222304940223694 40.240599989891052 1529.2912975996733 1197.5340068936348 75.969998836517334 3555.1328565329313 1024.0122661739588 378.72657214105129 8863.8944246172905 463.84008695185184 548.53521446883678 1139.0864679664373 208.21445648372173 6687.4676276445389 330.6110200881958 865.31287609040737 288.36597077548504 1913.0158069878817 38.983810469508171 72.233669728040695 41.490825057029724 1198.2202800512314 649.0531961619854 579.59802636504173 179.69521126151085 10226.726505368948 127.97295248508453 1765.8688572049141 2681.8539516180754 39.989122554659843 107.9804624915123 350.65116858482361 438.18935836851597 116.4512176066637 1399.3070530593395 1536.0578709244728 222.16310732066631 294.89503140747547 79.733590915799141 2514.0994586497545 45.987908929586411 627.90358878672123 107.4327984303236 962.74332973361015 66.729208379983902 111.18547411262989 474.39540493488312 1700.8991901427507 1524.1725086569786 922.80032721161842 250.45029148459435 211.20577190816402 52.975590839982033 347.37102341651917 106.95877814292908 323.61279584467411 315.37270875275135 96.709648266434669 120.70157405734062 205.70450888574123 1706.8922211825848
leaf_count=3084 616 309 161 6119 4792 304 14224 4097 1515 35465 1856 2195 4559 833 26757 1323 3463 1154 7654 156 289 166 4794 2597 2319 719 40916 512 7066 10731 160 432 1403 1753 466 5601 6147 889 1180 319 10058 184 2513 430 3852 267 445 1898 6805 6099 3693 1002 845 212 1390 428 1295 1262 387 483 823 6829
internal_value=4.73713e-05 -0.00959319 0.00257412 0.00165851 0.000577286 0.00396409 0.00485896 0.00348852 0.0077689 -0.000365299 -0.00659924 0.000348324 -0.0159115 0.00724554 0.000721718 -0.0053862 -0.0147018 -0.00771266 0.00425186 -0.0097813 0.0042814 0.00686664 0.00388521 -0.00448103 -0.00285433 7.54396e-06 0.00379338 0.00563311 -0.0040637 -0.00176208 0.00920156 0.00121166 0.000510264 0.00956988 -0.0129219 -0.0161141 -0.0091288 -0.0026846 -0.00194536 0.0188424 0.00886477 -0.00819994 -0.0115633 -0.0160698 0.00243504 -0.00267666 -0.0141426 0.00523554 0.00744638 -0.00582779 -0.0119975 0.00411579 0.0163625 -0.0105846 -0.00514521 -0.00722826 -0.00650608 -0.00746517 -0.0047432 -0.00195695 0.00696184 0.00335703
internal_weight=65054.3 13507.2 51547.1 43827.7 27557 6001.72 5701.87 16270.7 7719.36 21555.3 9168.96 16749 4338.27 7340.63 15551.4 6645.65 3567.87 2400.98 5468.15 2523.31 13248.3 1751.1 11497.2 1197.59 4806.36 3022.38 11424.9 4032.16 4244.67 3261.45 3308.47 147.97 2842.69 3160.5 299.854 2649.58 1870.41 2389.89 2060.76 233.72 2722.31 1582.05 1627.93 223.884 1313.39 530.569 1250.27 1498.41 1828.87 1854.78 1550.7 2203.29 252.697 918.288 1544.91 329.122 895.381 735.695 412.082 159.685 456.155 1747.13
internal_count=260295 54055 206240 175357 110259 24013 22813 65098 30883 86246 36691 67014 17364 29368 62222 26593 14280 9608 21878 10098 53005 7006 45999 4792 19232 12093 45710 16132 16985 13050 13236 592 11374 12644 1200 10605 7485 9563 8246 935 10891 6331 6515 896 5255 2123 5004 5995 7317 7422 6206 8815 1011 3675 6182 1317 3583 2944 1649 639 1825 6990
is_linear=0
shrinkage=0.015


Tree=2
num_leaves=63
num_cat=0
split_feature=20 3 20 20 20 35 34 2 11 34 34 34 26 3 32 18 18 20 18 1 18 9 9 1 32 10 13 25 34 28 26 25 25 21 20 25 18 10 13 11 20 29 25 25 32 20 29 20 25 17 27 27 12 2 18 28 27 2 29 32 17 0
split_gain=6225.42 1134.73 838.877 524.91 512.991 254.024 236.791 284.291 218.772 184.652 172.367 138.667 110.806 104.57 104.336 85.7553 85.0379 71.6207 70.8582 67.8684 62.3493 60.1597 56.2238 50.7873 50.5666 48.3503 48.1655 46.7952 45.2698 44.5945 40.7273 36.9841 36.9154 36.8534 36.1809 35.0491 33.3524 31.834 30.2863 36.6706 30.9411 30.2628 28.9727 28.5795 28.3877 28.1606 27.1721 27.0522 25.7034 31.4825 25.302 25.2533 26.3848 24.9738 23.3115 21.7864 21.7544 21.4664 25.3862 20.4825 20.3517 20.2708
threshold=2.3461383581161503 6.3925034999847421 1.7059823870658877 3.0817580223083501 10.584874153137209 94.464378356933608 -52.081871032714837 -16.434836387634274 -11.982764720916746 -64.096061706542955 -67.712776184082017 -1.0000000180025095e-35 0.39059090614318853 1.7860415577888491 -22.69509124755859 1.8100136518478396 1.1545144915580752 2.0181494951248173 1.5333650112152102 0.5783514976501466 2.089613795280457 54.569210052490241 77.735336303710952 -4.8548758029937735 -26.115954399108883 0.43138749897480017 -9.3727478981018049 1.0807890295982363 -27.585843086242672 -1.8504436612129209 0.023615993559360508 2.0974121093750004 1.0368518233299258 21.4731559753418 3.2146644592285161 0.79900991916656505 2.2991806268692021 0.42915824055671697 5.6883249282836923 30.713603019714359 2.8228957653045659 4.2206990718841562 1.1620414853096011 1.846273720264435 -11.61435031890869 2.5615832805633549 5.8608555793762216 11.857779502868654 2.741263866424561 2.2638487815856938 0.2620712965726853 -0.092178631573915468 -5.8033895492553702 -7.0592620372772208 1.580443859100342 0.16014175117015841 0.13271994888782504 5.5491104125976571 1.7818530797958376 -16.406338691711422 0.91565108299255382 -12.225118637084959
decision_type=2 2 2 2 2 2 2 2 2 2 2 2 2 2 2 2 2 2 2 2 2 2 2 2 2 2 2 2 2 2 2 2 2 2 2 2 2 2 2 2 2 2 2 2 2 2 2 2 2 2 2 2 2 2 2 2 2 2 2 2 2 2
left_child=2 3 13 10 6 19 7 8 -5 17 14 25 -9 16 51 30 -1 56 22 43 35 33 -11 -22 26 48 -6 36 -29 -16 41 34 53 -21 -23 -8 -17 -34 40 -40 -27 -12 -24 -3 -19 -31 -18 -28 49 -7 -44 52 -2 60 -46 -33 -4 58 -15 -32 -20 -35
right_child=1 5 9 4 24 11 20 12 -10 18 15 -13 -14 57 29 27 46 44 32 21 23 31 42 -25 -26 38 47 28 -30 45 59 55 37 61 -36 -37 -38 -39 39 -41 -42 -43 50 -45 54 -47 -48 -49 -50 -51 -52 -53 -54 -55 -56 -57 -58 -59 -60 -61 -62 -63
leaf_value=-0.018975589877795049 -0.00047193167891870048 0.00013444287340417358 -0.013454345681736719 0.018606735711159766 -0.0050676283087921501 -0.0011086605169050197 -0.0080602201218407422 0.0019836809108839432 0.0043915974124313379 -0.0086645994461608377 -0.0052208408676991279 0.017535045139012238 -0.00033228989631062375 -0.012970679800363543 0.0074033021185871623 -0.0015124835656437914 -0.014363778636026427 -0.0064731846437133152 0.010977820723888922 0.02261218174143427 -0.0016886552514337222 -0.0013206770645923674 -0.0059871679797023234 0.0047224785138633854 -0.0037599716602379593 0.0015879083215557886 -0.010711856721192741 0.00096684972776117032 0.0081550555252614225 -0.00791609443604116 0.0021430621098100251 -0.0018604108803231335 -0.006885142158531022 0.018162378565229145 0.0052691934013620999 0.0014482726802878241 0.0016240213253441501 0.0021249553940239801 0.01067339376663849 0.0027652843562459366 0.0080407569796612233 -0.018035147687735068 0.0038607677549616169 -0.010483615466286796 -0.012583413992569915 -0.0048058468039482429 -0.0026621806984830033 -0.019247342532660968 -0.0068740501691315053 0.0080414885689414524 -0.0045205618595113416 0.0036656180758621996 -0.010967520836901714 -0.0048293725529007653 -0.0059105111347838996 0.0029745570074978375 -0.0071508417807723641 -0.0042403293137261945 -0.0028894692876735655 -0.0023358528259466394 -0.0024564202638131523 0.0071957560625226999
leaf_weight=1829.2634781897068 517.10242345929146 268.94735322892666 1144.5154888480902 266.97368867695332 138.17926859855652 129.97814159095287 94.97709284722805 8355.7384962886572 2716.6855580359697 1603.1950393617153 449.31636537611485 402.74455124139786 10451.526233702898 364.93595676124096 56.226008579134941 1412.795033544302 1384.8187488615513 1098.0757079124451 39.231566771864891 40.492814898490906 282.44299621880054 193.45448230206966 528.71964220702648 8976.2158959954977 191.16260875761509 192.46911312639713 169.11818104982376 441.87537859380245 362.92187847197056 981.20962533354759 272.66011276841164 272.4543344527483 109.94955053925514 41.496775299310684 3518.9739081263542 850.57952520251274 1650.8160570263863 412.82268925011158 1891.1222253441811 149.22369015216827 1762.5742361098528 45.724175557494164 162.41606836020947 69.484463796019554 425.95013724267483 2200.5562447309494 50.461724817752838 220.03524252772331 46.741984248161316 224.97249247133732 157.42211669683456 314.41282741725445 58.730540290474892 1562.2278914302588 184.63921882212162 851.36418686807156 158.62169745564461 135.90779000520706 72.688629671931267 1327.5172378867865 61.471466600894928 687.39460134506226
leaf_count=7326 2069 1076 4582 1068 553 520 380 33431 10869 6417 1798 1611 41817 1461 225 5653 5545 4395 157 162 1130 774 2116 35911 765 770 677 1768 1452 3927 1091 1090 440 166 14078 3403 6605 1652 7565 597 7051 183 650 278 1705 8806 202 881 187 900 630 1258 235 6252 739 3406 635 544 291 5312 246 2750
internal_value=3.66283e-06 0.00215343 -0.010015 0.00105894 0.00198173 0.00651165 0.00226385 0.00137956 0.00568018 -0.007137 -0.00193067 0.00908145 0.000695959 -0.0157403 -0.00428631 -0.000296605 -0.0167881 -0.010035 -0.00524816 0.00443166 0.00415014 0.00482627 -0.00700429 0.00452496 -0.010532 0.00829613 -0.0129351 0.0010243 0.00423913 -0.00553621 -0.00274121 0.00419725 -0.00326682 0.00873958 0.00492123 0.000462359 0.000172675 0.000182348 0.00879737 0.0101056 0.00741543 -0.00650241 -0.00383679 -0.0020503 -0.00797304 -0.00577408 -0.0139671 -0.0156501 0.00325451 0.00466137 -0.000220313 0.000245229 -0.00160262 -0.00435905 -0.0106159 0.00178784 -0.0127107 -0.00971274 -0.0113511 -0.00156159 0.00274306 0.00788861
internal_weight=65036.7 53549.4 11487.3 42805.5 32713.6 10743.9 31995.1 21790.9 2983.66 7649.26 10091.9 4799.83 18807.3 3838.08 4128.24 5963.63 3264.54 3011.8 4637.46 5944.06 10204.2 5605.63 2451.75 9258.66 718.495 4397.08 527.333 3868.41 804.797 3237.99 2095.22 4836.25 2185.7 769.384 3712.43 945.557 3063.61 522.772 3995.39 2040.35 1955.04 495.041 848.558 338.432 1708.67 3181.77 1435.28 389.153 401.693 354.951 319.838 890.246 575.833 1662.93 610.589 1123.82 1303.14 573.532 437.625 1600.18 100.703 728.891
internal_count=260233 214248 45985 171267 130885 42981 128009 87185 11937 30616 40382 19201 75248 15369 16520 23862 13073 12056 18560 23780 40824 22426 9813 37041 2876 17590 2111 15478 3220 12958 8384 19348 8747 3078 14852 3783 12258 2092 15983 8162 7821 1981 3396 1354 6839 12733 5747 1558 1607 1420 1280 3562 2304 6655 2444 4496 5217 2296 1752 6403 403 2916
is_linear=0
shrinkage=0.015


Tree=3
num_leaves=63
num_cat=0
split_feature=20 14 20 20 20 15 34 34 11 34 6 16 33 34 6 18 18 18 20 17 24 20 15 13 7 7 20 24 13 13 20 25 20 18 29 10 10 10 20 24 1 20 23 33 29 9 10 16 15 20 29 18 34 28 28 22 15 18 10 11 10 20
split_gain=5931.31 1140.17 822.84 542.495 452.983 261.679 453.367 211.022 192.539 169.759 156.103 143.23 138.058 119.522 113.31 99.3074 91.3704 86.3801 73.7624 68.3443 60.5654 49.9682 43.4176 42.8037 44.4964 41.2829 39.5312 39.2085 35.8821 35.6942 49.2482 35.5311 34.1454 33.6976 33.5956 33.0143 48.3488 30.8754 36.3751 30.5939 30.4658 30.0392 30.1743 29.424 28.77 27.8913 27.5055 25.7524 25.5689 25.5505 24.3856 23.6533 23.4842 21.8169 21.1766 20.1022 19.1188 21.8878 21.5443 18.8538 18.3989 18.2243
threshold=2.3461383581161503 3.9039151668548588 1.760597348213196 3.0817580223083501 10.584874153137209 -11.201395511627195 -70.492790222167955 -1.0000000180025095e-35 -14.808413982391356 -64.504070281982408 60.438203811645515 6.4530236721038827 134.45558166503909 -79.129974365234361 55.931674957275398 1.8498888015747073 2.1024814844131474 1.1724804639816286 1.9758958220481875 1.6432021856307986 -6.0894031524658194 2.0181494951248173 -10.419332504272459 5.063500404357911 2.2591631412506108 0.71962556242942821 8.1484327316284197 -27.563423156738278 5.063500404357911 -11.359719276428221 11.857779502868654 1.0957176685333254 1.6780882477760317 1.3575230240821841 2.7939261198043828 0.44446247816085821 0.59584274888038646 0.47222955524921423 8.2779026031494158 -24.142182350158688 5.8357892036437997 2.6666762828826909 43.825193405151374 157.00270080566409 2.318282008171082 87.301998138427749 0.40302126109600073 -0.93368810415267933 3.9574408531188969 1.3276186585426333 0.47514165937900549 1.8498888015747073 -84.336883544921861 -1.8504436612129209 -1.1064170002937315 33.336606979370124 4.5572209358215341 1.0933661460876467 0.44602425396442419 6.3548572063446054 0.42915824055671697 2.5798683166503911
decision_type=2 2 2 2 2 2 2 2 2 2 2 2 2 2 2 2 2 2 2 2 2 2 2 2 2 2 2 2 2 2 2 2 2 2 2 2 2 2 2 2 2 2 2 2 2 2 2 2 2 2 2 2 2 2 2 2 2 2 2 2 2 2
left_child=2 3 10 13 5 8 19 12 34 21 17 29 20 22 -10 25 -8 49 56 -7 37 -4 31 41 26 50 -25 -17 -9 -6 -31 -2 54 47 -5 45 -37 59 -39 -23 -13 42 -14 -27 -26 -35 -29 -20 -49 -1 -15 -22 -41 -19 -12 61 57 -11 -59 -3 -43 -24
right_child=1 7 9 4 11 6 16 28 14 18 32 40 23 15 -16 27 -18 53 33 -21 51 39 55 24 44 43 -28 46 -30 30 -32 -33 -34 35 -36 36 -38 38 -40 52 -42 60 -44 -45 -46 -47 -48 48 -50 -51 -52 -53 -54 -55 -56 -57 -58 58 -60 -61 -62 -63
leaf_value=-0.020809279702229545 7.3319154896117871e-05 -0.0010278623496062806 -0.012150264186147569 0.011860912410141066 -0.0039281620554948351 -0.0027524535482639418 -0.00035069385240514052 0.0039009356040661473 0.0042910967410740419 -0.014288358169412497 0 -0.0044766752973394788 0.0097114599245482561 -0.0043028737103227707 0.017436542088614674 0.0064106542840062829 0.0035126292804142758 -0.0021664711394779588 0.001652414185659748 -7.4616797611774458e-05 -0.00019994992238120439 -0.00078940065479369875 -0.008249512484352425 0.010003089160610124 -0.0056677663296255754 -0.0030368256120889459 0.0020273815165648143 -0.0038444145773793509 0.018030355259050758 -0.0095191037317259464 -0.019255772459343873 -0.0091441230114060676 -0.0033271606857809763 -0.0068295960959808008 0.026539840116725655 -2.5296373913548893e-05 -0.006524765060380874 0.0046233518992299591 -0.00019495649247914322 -0.010430935628180212 0.0049334851922710077 0.0024965915578069073 -0.0020577699257571104 0.0054835215394533864 0.0076282775527937354 0.003485641866897515 0.00043858869243059914 -0.0098054710224036428 -0.0039855995103680614 -0.016919685279105593 -0.013861898921698852 0.0071486590512515272 -0.0066311347807154492 -0.014013595155299591 -0.011428051646789133 -0.00044397876504420473 -0.0043550719416757065 -0.011140897193247554 -0.0060778762203241446 0.0039470740020234639 0.0072903896309504486 -0.0051155104385289703
leaf_weight=815.99237695336342 577.3001225143671 538.16155195236206 1066.174283310771 68.991098061203957 91.203226447105408 3023.1449018716812 1511.172080680728 49.495962709188461 5183.2234086692333 141.09770596027374 40.464311644434929 171.89798693358898 65.487652808427811 131.67623823881149 150.98442634940147 227.69894111156464 14751.667054161429 39.709256991744041 82.678657442331314 7408.7528493255377 100.98066826164722 129.92799018323421 662.51202453672886 2406.688858538866 72.238571628928185 2297.7147498577833 154.74342688918114 370.36967347562313 398.96033518016338 249.51708488166332 249.86923699080944 109.70214387774467 179.09765267372131 490.9481442719698 100.47760084271431 1281.3464185595512 321.79290452599525 2386.2759654372931 406.43981567025185 766.54817193746567 137.22518083453178 211.97218291461468 173.96187289059162 91.968595519661903 69.743689641356468 63.71883362531662 3581.1240401566029 365.70541137456894 346.54089160263538 1063.6272611916065 123.66459240019321 1529.6336480230093 804.82093425095081 1498.7723392546177 691.34728583693504 154.67131036520004 330.28861856460571 296.23618634045124 631.49218514561653 247.72137703001499 1979.3843777775764 1336.2975490987301
leaf_count=3271 2310 2153 4270 276 365 12096 6046 198 20736 565 162 688 262 527 604 911 59016 159 331 29643 404 520 2652 9627 289 9195 619 1482 1596 999 1001 439 717 1965 402 5128 1288 9546 1626 3069 549 848 696 368 279 255 14329 1464 1387 4262 495 6119 3222 6004 2769 619 1322 1186 2528 991 7918 5348
internal_value=0 0.00209506 -0.00979901 0.000995023 0.0019082 0.0022021 0.00158705 0.00645159 0.00518094 -0.00665631 -0.0149585 -0.00857467 0.00601013 -0.00213048 0.00467238 -0.00105083 0.00315272 -0.0164377 -0.00479854 -0.000852465 0.00428042 -0.00956665 -0.00471647 0.00775983 0.00907573 -0.00332475 0.00952906 0.000385654 0.0165284 -0.012893 -0.0144782 -0.00139904 -0.00936755 -0.00344107 0.0208595 -0.00245286 -0.00134576 0.00317759 0.00391711 -0.00792637 -0.000246267 0.00628393 0.00115268 -0.00269833 0.000774497 -0.00560939 3.16111e-05 -0.00609185 -0.00701392 -0.0186366 -0.00906246 0.0066847 -0.0085052 -0.0137208 -0.0108123 -0.00576555 -0.00764368 -0.00863589 -0.00773119 0.000527308 0.00683622 -0.00616899
internal_weight=65003 53554.7 11448.3 42762.8 33098.1 32198.4 26694.7 10791.9 5503.68 7119.32 4329.01 899.713 10343.4 9664.7 5334.21 6824.22 16262.8 3418.1 4351.85 10431.9 5209.21 2767.47 2840.48 5134.22 2703.41 2645.02 2561.43 4179.19 448.456 590.59 499.386 687.002 910.909 2952.73 169.469 2157.81 1603.14 3578.6 2792.72 1701.3 309.123 2430.81 239.45 2389.68 141.982 554.667 3951.49 794.925 712.246 1879.62 255.341 1630.61 1571.37 1538.48 731.812 2153.48 1399.11 1068.83 927.728 785.883 2191.36 1998.81
internal_count=260111 214267 45844 171096 132421 128819 106801 43171 22018 28500 17344 3602 41377 38675 21340 27307 65062 13696 17419 41739 20839 11081 11368 20538 10814 10585 10246 16722 1794 2365 2000 2749 3648 11818 678 8636 6416 14316 11172 6811 1237 9724 958 9563 568 2220 15811 3182 2851 7533 1022 6523 6291 6163 2931 8619 5601 4279 3714 3144 8766 8000
is_linear=0
shrinkage=0.015


Tree=4
num_leaves=63
num_cat=0
split_feature=19 19 14 19 20 15 34 34 11 6 1 6 14 6 7 19 26 19 7 20 11 6 19 18 29 15 10 11 3 10 10 10 18 20 10 15 13 23 13 14 23 23 25 19 7 26 18 19 8 28 30 18 15 28 1 28 34 6 13 25 2 26
split_gain=6379.39 1060.37 1008.01 365.582 433.116 255.588 396.102 199.418 155.876 146.329 135.708 110.193 107.683 101.592 94.7145 83.9995 79.2598 67.6686 66.3659 62.2633 58.7732 58.7476 55.259 54.6527 50.8328 46.4076 45.6226 41.4591 40.6768 37.0312 35 45.6547 33.8268 33.0084 34.5223 32.7508 32.5372 30.8471 29.5687 29.0798 28.8335 26.7512 26.4241 25.6159 25.58 25.2654 24.277 21.7767 20.7856 20.617 20.1995 21.4288 19.8696 19.0949 18.3159 18.0715 17.4714 17.3297 17.287 16.8641 16.66 16.2987
threshold=2.4384670257568364 1.7427526116371157 3.9039151668548588 3.1059385538101201 9.8130331039428729 -11.201395511627195 -70.492790222167955 -1.0000000180025095e-35 -13.125268459320067 48.547294616699226 -11.066956996917723 58.157836914062507 7.0855681896209726 55.931674957275398 0.73926755785942089 1.9500573277473452 0.49623027443885809 1.2051506638526919 1.9625299572944643 6.9098246097564706 -14.808413982391356 67.031631469726577 2.0907282829284672 1.8498888015747073 3.7475416660308842 -10.234882354736326 0.4545604288578034 -8.9927611351013166 -2.2655774354934688 0.45193406939506536 0.59584274888038646 0.44446247816085821 1.1724804639816286 8.2779026031494158 0.59140166640281688 12.101140022277834 5.063500404357911 55.481985092163093 6.2242231369018564 0.53623560070991527 37.750249862670906 50.435892105102546 0.79553839564323436 2.6592531204223637 0.60339123010635387 0.22347613424062732 2.2868548631668095 2.3356962203979497 0.22500000149011615 -0.55625197291374195 0.47499999403953558 1.5155596137046816 -8.7439494132995588 -1.0005514025688169 30.692884445190433 1.5794794559478762 -15.526343822479246 23.336688041687015 8.9422168731689471 1.0136656165122988 -6.5540161132812491 0.80123537778854381
decision_type=2 2 2 2 2 2 2 2 2 2 2 2 2 2 2 2 2 2 2 2 2 2 2 2 2 2 2 2 2 2 2 2 2 2 2 2 2 2 2 2 2 2 2 2 2 2 2 2 2 2 2 2 2 2 2 2 2 2 2 2 2 2
left_child=1 11 3 14 5 8 16 12 24 15 20 17 29 -10 43 -3 -7 -1 19 38 57 -8 42 39 -5 49 56 -25 -29 60 31 48 -19 34 -31 -12 -9 -13 -14 41 -22 -16 46 -2 -27 -33 53 -46 -24 -17 -44 -52 -45 -11 -35 -28 -20 -6 -21 -51 -4 -41
right_child=2 9 7 4 10 6 21 36 13 22 35 37 18 -15 23 25 -18 32 26 58 40 -23 30 27 -26 44 55 28 -30 33 -32 45 -34 54 -36 -37 -38 -39 -40 61 -42 -43 50 52 47 -47 -48 -49 -50 59 51 -53 -54 -55 -56 -57 -58 -59 -60 -61 -62 -63
leaf_value=-0.021429358456353357 -0.0076512027789322357 -0.011853218162229239 0.0092932576761258559 0.010309333392978836 0.0060022555453462679 0.0006315375749874132 0.0029158745066721324 0.0043938959052905041 0.0046012579670053778 0 -0.0082185764524112855 -0.013280613320743758 0.0080148868211627599 0.017209101155485143 -0.0020878926830006682 0.0026831344528636851 -0.0021093144435111902 -0.017370882166000925 -0.0082829489096274706 0.0038934416324782925 -0.01758935826306408 0.0053825117678574707 -0.0019776530877450276 0.013507901314745311 0.025567504831886217 -0.015471855587155581 0.0031893854729221349 -0.001612889024350422 0.0011548864213906055 0.0058604811919214786 -0.007011632532735357 -0.0041141596176977845 -0.013780010627029458 -0.002103159445359709 0.0010336152902572068 0.00049770900272684863 0.017877288932591256 -0.0078952208887937917 0.011016835923545033 -0.0007663682224316906 -0.010175084070339145 -0.0061328556452320522 -0.0077553163986344873 0.00068162107893187979 -0.0081844116091284239 0.00032263218461119769 -0.00053047066946080494 -0.0048357760699088504 -0.0074325044723105834 -0.0021329403516691368 -0.0052512062838914507 -0.00026220582054077676 -0.0043962333220135524 -0.011139544427839964 0.0078883751050334173 0.0088935299533240437 0.0026511195905163489 -0.0054926768191683297 0.0081692959449072445 -0.0094871674860368179 0.00097353249616068853 0.00842407770357031
leaf_weight=591.54685486853123 466.14585809409618 1111.4967390298843 57.242512464523315 107.47962139546871 39.471631452441216 5634.0882692188025 13001.82867141068 49.996095076203346 4631.0360878109932 39.968416959047318 118.4067500680685 609.3789691478014 1644.2130058854818 147.74733842909336 979.54288110136986 119.68460570275784 4093.430587887764 1359.7112240046263 87.736260250210762 740.45148782432079 216.58896757662296 2635.2660405635834 261.82660628855228 50.739669859409332 105.43204583227634 96.869791567325592 369.47905841469765 1886.5339523255825 3246.0966004878283 3873.8320919722319 413.44216737151146 381.28267386555672 1295.8150205165148 205.46848224103451 374.21316510438919 485.32505971193314 390.11508500576019 447.58850775659084 1515.4725942909718 901.91300123929977 328.11417137086391 607.94090902805328 494.75840389728546 210.9231763780117 2159.2059812694788 1150.9581997543573 69.190632909536362 593.52380456030369 435.46955107152462 237.60371677577496 780.50802861154079 266.3000679910183 849.74273666739464 453.0191565155983 49.49385629594326 201.48775884509087 47.993137836456299 95.676039591431618 319.24083985388279 103.66910047829151 750.4000813215971 43.485786035656929
leaf_count=2374 1866 4453 229 430 158 22542 52014 200 18526 160 474 2442 6577 591 3920 479 16379 5453 351 2962 868 10542 1048 203 422 388 1478 7549 12988 15496 1655 1526 5194 822 1497 1942 1561 1793 6062 3609 1314 2433 1981 844 8646 4606 277 2376 1743 951 3125 1066 3401 1814 198 806 192 383 1277 415 3002 174
internal_value=8.9215e-06 -0.00918061 0.00241074 0.00133832 0.00210513 0.0024665 0.00185474 0.00651477 0.00557007 -0.00629234 -0.00641996 -0.0153242 0.00608491 0.00500123 -0.00128482 -0.00826014 -0.000520493 -0.0167086 0.00768774 0.00840293 -0.0110088 0.00333316 -0.00445327 -0.000606614 0.0181025 -0.00704283 0.00338477 0.000273382 0.000134418 0.004593 -0.00299476 -0.00223754 -0.015636 0.00512496 0.0054395 -0.0012085 0.0164063 -0.0110335 0.00946551 -0.00241218 -0.0132042 -0.00365215 -0.00627392 -0.00469725 -0.00775976 -0.000775566 -0.00910047 -0.00747188 -0.00541724 -0.00256409 -0.00522296 -0.00399926 -0.00337296 -0.010266 -5.89053e-05 0.00525251 -0.00432546 -0.00198749 0.00520867 -0.0044529 0.00160323 -0.000310909
internal_weight=65032.6 13472.8 51559.8 40883 31639.9 30356.3 25364.6 10676.8 4991.7 9168.78 1283.58 4304.04 10236.7 4778.78 9243.06 4422.05 9727.52 3247.07 4926.07 4219.38 679.851 15637.1 4746.72 7716.25 212.912 3310.56 706.696 5183.37 5132.63 5310.65 2642.98 2229.54 2655.53 4503.01 4248.05 603.732 440.111 1056.97 3159.69 2532.88 544.703 1587.48 2103.74 1526.81 2849.6 1532.24 562.178 2752.73 697.296 460.957 1541.57 1046.81 1060.67 492.988 254.962 570.967 135.729 135.148 1059.69 341.273 807.643 945.399
internal_count=260247 53965 206282 163572 126585 121446 101477 42710 19969 36709 5139 17256 40949 19117 36987 17708 38921 13021 19705 16878 2723 62556 19001 30876 852 13255 2827 20740 20537 21244 10578 8923 10647 18013 16993 2416 1761 4235 12639 10136 2182 6353 8423 6111 11410 6132 2251 11022 2791 1845 6172 4191 4245 1974 1020 2284 543 541 4239 1366 3231 3783
is_linear=0
shrinkage=0.015


Tree=5
num_leaves=63
num_cat=0
split_feature=5 33 5 18 13 34 18 9 34 28 5 34 1 32 2 33 34 32 5 1 10 10 18 18 24 32 29 29 18 32 29 33 7 0 29 1 32 5 13 18 5 32 21 10 18 26 35 32 18 13 32 7 3 9 5 26 32 10 23 32 13 5
split_gain=5444 1041.5 824.233 370.06 298.659 240.548 234.954 227.871 159.541 136.05 100.714 98.3425 93.9648 93.4791 92.2245 91.7853 90.7402 88.8672 101.631 82.693 78.4218 86.9596 73.6641 67.8469 62.6008 51.9201 50.2431 48.8714 48.0348 43.5081 43.2222 42.1162 42.8339 36.9091 36.7363 41.477 34.1555 33.0473 31.4935 30.014 29.7592 29.0816 28.9642 28.2426 27.5266 29.4598 26.2968 25.0448 23.0707 22.8276 22.6017 22.4938 22.4542 22.0089 20.6901 19.8636 18.4334 22.0043 20.1674 18.0461 17.2401 17.1982
threshold=1.5828661322593691 76.216419219970717 0.99169152975082409 2.089613795280457 3.6188558340072636 -66.88259124755858 1.5488985776901247 9.953644275665285 -1.0000000180025095e-35 -1.8504436612129209 7.0453209877014169 -49.037603378295891 23.936912536621097 -21.510895729064938 3.7307920455932622 -119.19608306884764 -80.880737304687486 -27.590435981750485 3.5427335500717168 -5.0449995994567862 0.45193406939506536 0.59357658028602611 0.93127477169036876 1.5488985776901247 -19.020163536071774 -9.6626377105712873 0.43117871880531317 0.37426403164863592 1.2509964108467104 -21.047062873840328 1.5553272366523745 151.96794891357425 2.2591631412506108 7.4313828945159921 7.9035797119140634 9.3112182617187518 -15.464456081390379 6.4576094150543222 -7.6360619068145743 1.1146413087844851 0.79212206602096569 -9.2329826354980451 98.299404144287124 0.4666824489831925 1.8641676306724551 0.48661024868488317 40.244173049926765 -16.124221801757809 2.1805748939514165 7.2782745361328134 -14.314008712768553 2.1324603557586674 2.6966226100921635 31.201921463012699 1.8464834690093996 -0.079094134271144853 -25.218918800354 0.48485609889030462 5.2596778869628915 -11.938765048980711 -0.46302472054958338 1.2857640385627749
decision_type=2 2 2 2 2 2 2 2 2 2 2 2 2 2 2 2 2 2 2 2 2 2 2 2 2 2 2 2 2 2 2 2 2 2 2 2 2 2 2 2 2 2 2 2 2 2 2 2 2 2 2 2 2 2 2 2 2 2 2 2 2 2
left_child=2 3 14 13 20 7 11 17 31 15 -11 28 19 56 22 -9 29 18 -5 33 51 34 -1 50 -21 30 -14 44 61 -8 -25 -6 49 -7 35 -22 -30 -28 -19 52 -24 43 -34 -29 47 -46 -27 -18 -42 -33 -15 54 -13 -31 -3 -23 57 -2 -58 -56 -55 -4
right_child=1 4 6 5 8 12 16 9 -10 10 -12 39 26 23 -16 -17 27 38 -20 24 21 55 40 25 -26 46 37 41 36 53 -32 32 42 -35 -36 -37 -38 -39 -40 -41 48 -43 -44 -45 45 -47 -48 -49 -50 -51 -52 -53 -54 60 59 -57 58 -59 -60 -61 -62 -63
leaf_value=-0.019636040520248366 0 -0.0027564198280769165 -0.013937967957410312 0.0072709280034542589 0.0059323274082581966 0.00033884186786187746 -0.002954405165072786 0.024716624980246654 0.01717325472510282 -0.00059158198587665135 -0.0077818943094261342 -0.012305142621272075 0.0033763989257814017 -0.0020164950021886547 -0.0075250218847528151 0.0021449302790201496 6.3001298525724799e-05 0.011765691337076754 -5.1615677305957738e-05 0.0045956581607048607 0.0039781463922457256 -0.0097752563699069726 -0.017056033783999766 -0.0026817416350109211 0.0023692055077268221 -0.0034124822541080611 0.0071371764819707067 -0.010233559846071357 -0.0042297825271454467 -0.010257146362632795 -0.0069945162629599031 0.007917477645625037 0.0051692381492036178 -0.0064715525648441621 0.013999635891758597 0.0064872358813157565 -0.0098536156775768293 0.018065052528408801 0.0006293859596518828 -0.0054994142669344791 -0.013253394744400468 0.00011108179769950618 -0.0092520785964749115 -0.004572974579980061 -0.001838923083624955 0.0025617983691911509 0.0018752427995180837 -0.0049540216976723377 -0.0012747706853615608 0.010628638334945539 -0.0090191380166767705 -0.0088307110825344842 -0.0053110360199532056 -0.0041564220517445703 0.00094574381139418879 0.0001673024854535355 -0.0051868766351463027 0.0076989810587331431 0.0021239575520677141 0.0059002052092990073 -0.012615762037382438 -0.0094071024660372649
leaf_weight=822.42200422286987 142.97082826495171 257.64154198765755 883.02314920723438 1668.122627466917 2051.936970025301 1296.0172670036554 417.25206455588341 75.699881479144096 430.70308110117912 12033.997747331858 453.43542677164078 300.12262646853924 184.73841863870621 134.14370086789131 357.90595233440399 88.985144212841988 294.27962751686573 57.231703951954842 567.22101074457169 4322.7783795148134 3945.3052543699741 46.484441965818405 632.01978373527527 2070.7090263813734 8479.313472494483 305.56384256482124 116.49464553594589 331.14501845836639 319.07438652217388 739.964639082551 710.99363331496716 1755.6700341254473 96.74352765083313 205.20229099690914 102.98962558805943 2453.1740539222956 1262.9238508492708 161.74182108044624 1843.8124294728041 1985.9972600638866 1433.3570432960987 160.37856261432171 43.736376643180847 547.74689528346062 1292.1170335561037 461.49560022354126 674.01000271737576 861.21256378293037 40.424538359045982 1331.9038218706846 595.65579584240913 52.237268537282944 178.79006110131741 326.84369486570358 833.39285795390606 635.385508030653 119.46035578846931 209.21591140329838 279.66293258965015 208.46281424164772 67.655967950820923 296.49673596024513
leaf_count=3303 572 1031 3541 6673 8208 5185 1670 303 1724 48152 1816 1203 739 537 1434 356 1178 229 2270 17293 15783 186 2537 8287 33921 1223 466 1326 1278 2964 2846 7023 387 821 412 9813 5060 647 7377 7953 5749 642 175 2193 5172 1847 2697 3448 162 5328 2385 209 716 1309 3334 2542 478 837 1119 834 271 1188
internal_value=0 0.00227361 -0.00828092 0.000939814 0.00571715 0.00155327 -0.00626286 0.000323921 0.00837463 -0.000674389 -0.000855077 -0.00854296 0.00294972 -0.00274898 -0.0148559 0.0127824 -0.00409116 0.00337996 0.00540773 0.00273207 0.00393577 0.00455967 -0.015741 -0.00356933 0.00312277 -0.00274824 0.009601 -0.00287449 -0.0104977 -0.00716968 -0.00379369 0.00764783 0.00872932 -0.000589467 0.00509421 0.0049442 -0.00873558 0.0136268 0.000984544 -0.00634018 -0.0141955 -0.00567115 0.000507245 -0.00674117 -0.00186703 -0.000670649 0.00020694 -0.00366543 -0.0129372 0.00909798 -0.00776152 0.000607362 -0.0097582 -0.00869892 0.00101127 -0.000515173 0.00213131 0.00462269 -4.17821e-05 0.00196085 -0.00570133 -0.0128296
internal_weight=65055.6 51042.9 14012.6 36797.2 14245.8 31554.8 10726.5 16788.5 5710.69 12652.1 12487.4 5226.43 14766.3 5242.39 3286.13 164.685 5500.09 4136.39 2235.34 14303.3 8535.07 7183.34 2928.22 4491.08 12802.1 3761.28 462.975 3948.38 2761.52 1551.72 2781.7 5279.99 3228.05 1501.22 6501.47 6398.48 1582 278.236 1901.04 2464.91 2105.8 1039.27 140.48 878.892 2909.1 1753.61 979.574 1155.49 1473.78 3087.57 729.799 1351.73 478.913 1134.46 1299.5 681.87 751.31 352.187 399.123 1041.86 394.5 1179.52
internal_count=260362 204218 56144 147229 56989 126248 42959 67176 22845 50627 49968 20939 59072 20981 13185 659 22020 16549 8943 57220 34144 28736 11751 17975 51214 15053 1852 15806 11067 6214 11133 21121 12913 6006 26008 25596 6338 1113 7606 9872 8448 4161 562 3519 11645 7019 3920 4626 5911 12351 2922 5408 1919 4544 5199 2728 3006 1409 1597 4168 1580 4729
is_linear=0
shrinkage=0.015


Tree=6
num_leaves=63
num_cat=0
split_feature=18 14 18 17 34 15 34 15 33 2 29 17 6 15 6 33 2 6 18 32 6 18 16 32 10 6 6 34 18 15 13 13 2 29 32 33 14 35 21 10 18 10 18 10 18 18 13 10 10 10 13 32 27 16 13 9 15 6 23 30 18 15
split_gain=4864.58 1030.86 619.982 362.578 189.682 186.289 350.196 164.401 155.509 164.201 147.067 146.534 136.503 119.101 112.642 111.158 110.319 106.739 106.003 86.5536 86.4547 81.846 86.127 79.0993 69.5245 61.0406 56.3523 55.3201 52.1087 47.2073 45.4447 38.5371 37.635 35.8026 33.9374 33.7356 34.2203 55.5286 33.3602 32.8902 32.1051 32.0498 31.7968 31.3037 31.0558 29.9837 28.916 27.4313 27.1469 26.3726 23.8936 24.7447 23.4012 23.1103 22.6444 20.4958 19.3481 18.1522 17.7464 17.5149 17.3015 17.0043
threshold=1.7527582645416262 3.8164386749267583 1.1724804639816286 1.4681354165077212 -1.0000000180025095e-35 -11.62386894226074 -66.88259124755858 3.9574408531188969 -160.62259674072263 -32.924871444702141 4.4044222831726083 1.6192581057548525 56.85058784484864 -11.201395511627195 32.329317092895515 154.41193389892581 -5.1251692771911612 50.385597229003913 2.2868548631668095 -15.656466484069822 55.737295150756843 6.1314146518707284 -4.7310872077941886 -12.438255310058592 0.45317980647087103 80.030513763427749 58.157836914062507 -36.020389556884759 1.9465357065200808 2.060998916625977 5.2604408264160165 3.1133021116256718 -16.898461341857907 4.8130366802215585 -27.439371109008786 298.63006591796881 29.301043510437015 129.25526428222659 16.327742576599125 0.60094869136810314 1.5333650112152102 0.4583489745855332 1.3409314155578616 0.45588608086109167 0.8812568485736848 2.2052987813949589 4.7328777313232431 0.58078095316886913 0.28358395397663122 0.61259162425994884 -0.29133923351764673 -22.162029266357418 -0.040620010346174233 -0.72878131270408619 4.2966361045837411 48.398353576660163 -10.801350593566893 62.629564285278327 29.630493164062504 0.47499999403953558 1.6117309331893923 8.7386875152587908
decision_type=2 2 2 2 2 2 2 2 2 2 2 2 2 2 2 2 2 2 2 2 2 2 2 2 2 2 2 2 2 2 2 2 2 2 2 2 2 2 2 2 2 2 2 2 2 2 2 2 2 2 2 2 2 2 2 2 2 2 2 2 2 2
left_child=2 3 7 12 15 8 21 23 10 38 32 17 13 50 55 24 33 19 41 34 -11 22 -7 56 54 39 44 -20 -16 58 42 40 -5 -14 -4 36 43 -38 -10 -26 59 -8 -13 -17 -25 -27 -6 -42 -18 -50 51 -2 -36 -23 -3 -15 -1 -58 -21 -19 -31 -44
right_child=1 4 11 5 46 6 18 -9 9 20 -12 30 16 14 28 35 48 31 27 29 -22 53 -24 26 25 45 -28 -29 -30 60 -32 -33 -34 -35 52 -37 37 -39 -40 -41 47 -43 61 -45 -46 -47 -48 -49 49 -51 -52 -53 -54 -55 -56 -57 57 -59 -60 -61 -62 -63
leaf_value=0.00017123985560826127 0.0037649625821910928 -0.00069619226909287081 0.0064198876868145245 0.011680063297926166 0.0029788387227841925 0.0080223666293974191 -0.0031156795209574908 -0.0052161210201153831 0.00076521085081845475 0.0036207468462583084 0.025596188814015756 -0.007805155245867436 0.007900565620282558 -0.0071093747469588844 -0.0051457227565713717 0.0043364373960005876 -0.010242553518974148 -0.0087339271219273283 0.0027906365069362456 -0.012405070345743546 0.016461141357831818 -0.0027314677287339352 -0.00061912304477311237 -0.020358651258960778 0.0048668028328831704 -0.0004082713881449239 -0.011519164302890518 0.0050572894334802929 -0.0013160304836979857 -0.0072384038279307127 0.010961066345814899 0.0034020789521595793 0.0043127288177495626 0.023164298703339598 -0.0066940990757390767 0.014764082087335095 0.0068404212078124063 -0.013550484645772125 -0.014098010270213795 -0.00082498554770559505 -0.0022616265835626293 0.0009565037776723699 -0.0028164720232848285 0.008425174511767922 -0.015869273519168416 0.010128795887205081 0.017039225093767488 -0.0081994925389666691 0.0014424929818689159 -0.004444325374083037 -0.001792825789095349 -0.0036263591089720874 -2.8476861596239653e-05 -0.008516064211510006 0.0045002791112694826 -0.0022269507757142347 -0.011431918646283944 -0.0027688965791479643 -0.0097169326506553119 -0.0056739916824621707 -0.00022308823039678309 0.0015822869637407402
leaf_weight=42.648109167814255 935.59382325410843 665.41319338977337 53.480373233556747 302.41626138985157 39.743353173136711 264.43523141741753 560.29374620318413 464.5381261408329 42.207139357924461 3593.5314500778913 124.81866449117661 268.86103004217148 105.98185794055462 1407.4730661511421 963.380514934659 519.94179518520832 46.715240836143494 653.04227289557457 8522.1525718420744 1155.9360618591309 120.98462457954884 301.31669721007347 9753.9858837276697 545.65836714208126 4741.3937957435846 63.496273770928383 557.82255819439888 3431.0680233091116 4805.0344251096249 309.98637281358242 51.487652391195297 108.94007667899132 346.70497299730778 56.239120304584503 730.1774130910635 156.45558452606201 87.489900052547455 43.238957971334457 137.18609823286533 234.7303904145956 903.96608801186085 1915.8085898607969 1472.3730169981718 2910.1940211504698 1496.6271913200617 685.7328237593174 400.25498525798321 220.5374158769846 2487.6759608238935 180.91011039912701 301.69391715526581 110.69607427716255 146.81616650521755 348.92708377540112 259.48976454138756 237.83970908820629 364.19465819001198 71.348610058426857 1385.53119777143 1451.3136758804321 112.13602055609226 222.44004069268703
leaf_count=171 3743 2662 214 1210 159 1058 2242 1861 169 14376 500 1077 424 5635 3858 2080 187 2617 34092 4635 484 1206 39030 2195 18966 254 2238 13725 19230 1242 206 436 1387 225 2925 626 350 173 550 939 3619 7665 5894 11642 6011 2743 1603 883 9954 724 1207 443 588 1397 1038 952 1462 286 5554 5813 449 890
internal_value=1.56283e-05 0.00204684 -0.00827434 0.000969467 0.00617206 0.00184739 0.00133456 -0.0136129 0.00459974 0.00337009 0.0107425 -0.00622482 -0.00127434 -0.00220586 -0.00295229 0.00575808 0.00155639 -0.00722274 0.00285818 -0.00891667 0.00405164 -0.000724859 -0.000387979 -0.014871 0.00458884 0.00520555 -0.0159142 0.00344325 -0.00195979 -0.0101752 -0.00263253 -0.00523786 0.00779344 0.0135012 -0.00487877 0.00784221 0.00752576 0 -0.0105485 0.00459508 -0.00553594 2.72241e-05 -0.00300737 0.00781266 -0.0170948 0.00921712 0.0158224 -0.00345197 0.000827829 0.00103476 0.00188658 0.00296323 -0.00559789 -0.00587513 0.000752106 -0.00641626 -0.00912502 -0.0100662 -0.0109543 -0.00663809 -0.00542001 -0.00222912
internal_weight=65002.5 52212.6 12789.9 41405.1 10807.6 29765.8 25098 3542.84 4667.85 3893.91 773.94 9247.02 11639.2 8761.71 7413.73 10367.6 2877.52 7231.86 14429.3 3894.06 3714.52 10668.7 10018.4 3078.3 6650.26 5725.35 2600.11 11953.2 5768.41 2963.59 2015.16 3337.8 649.121 162.221 930.474 3717.32 3560.86 130.729 179.393 4976.12 3228.86 2476.1 1963.67 3430.14 2042.29 749.229 439.998 1124.5 2715.3 2668.59 1347.98 1046.29 876.994 650.244 924.903 1645.31 478.191 435.543 2541.47 2104.36 422.122 1694.81
internal_count=260174 208908 51266 165673 43235 119091 100415 14224 18676 15579 3097 37042 46582 35068 29675 41473 11514 28975 57724 15607 14860 42691 40088 12363 26602 22902 10444 47817 23088 11880 8067 13368 2597 649 3727 14871 14245 523 719 19905 12932 9907 7861 13722 8206 2997 1762 4502 10865 10678 5393 4186 3513 2603 3700 6587 1919 1748 10189 8430 1691 6784
is_linear=0
shrinkage=0.015


Tree=7
num_leaves=63
num_cat=0
split_feature=19 19 33 13 20 15 19 34 13 34 19 19 19 10 33 33 26 32 20 32 22 28 33 15 10 19 13 7 7 7 26 5 16 7 32 7 26 12 26 12 15 10 23 34 9 15 2 2 30 2 32 12 19 20 35 10 7 2 8 26 28 28
split_gain=5840.98 960.478 956.427 419.715 370.93 438.469 219.299 169.494 162.91 146.055 145.216 128.808 114.02 77.1477 73.8217 72.4257 69.6065 66.871 70.5439 63.4171 62.1845 58.4872 58.2886 57.3358 54.2739 53.9384 53.7321 52.0587 50.0229 49.0681 42.5941 37.7822 37.3956 34.5245 32.9701 32.3283 31.2056 29.4415 29.3766 29.2294 26.7791 26.6392 25.5163 24.7868 24.5767 29.763 23.936 24.1713 23.3994 23.0747 22.8309 22.7151 22.5783 22.2715 22.2477 21.8642 22.105 21.8334 21.0698 20.7129 19.9924 19.5548
threshold=2.4384670257568364 1.7427526116371157 16.704711914062504 3.7254297733306889 10.584874153137209 -11.201395511627195 3.1059385538101201 -70.492790222167955 -7.1209435462951651 -1.0000000180025095e-35 3.0087181329727177 1.9718006253242495 1.3726419210433962 0.43498492240905767 72.425525665283217 134.45558166503909 0.49623027443885809 -27.967533111572262 7.1239893436431894 -16.499383926391598 59.908098220825202 -1.2376595735549925 92.044651031494155 15.574822425842287 0.60687276721000682 7.7897639274597177 -11.359719276428221 0.94535121321678173 0.73926755785942089 1.3228317499160769 0.54759785532951366 1.8953301906585696 0.78083050251007091 0.68362182378768932 -21.866329193115231 2.2591631412506108 0.64629203081130993 2.8927024602890019 0.29233111441135412 -19.289811134338375 -5.7293620109558097 0.63972872495651256 52.325254440307624 -83.99953460693358 45.037466049194343 12.362120151519777 -16.434836387634274 -5.7120537757873526 0.57500001788139354 12.209488391876222 -10.572605609893797 14.27409601211548 6.2111225128173837 6.5352706909179696 83.957027435302749 0.44446247816085821 0.77821370959281932 2.4362591505050664 0.22500000149011615 -0.34677979350090021 0.64473947882652294 0.99402582645416271
decision_type=2 2 2 2 2 2 2 2 2 2 2 2 2 2 2 2 2 2 2 2 2 2 2 2 2 2 2 2 2 2 2 2 2 2 2 2 2 2 2 2 2 2 2 2 2 2 2 2 2 2 2 2 2 2 2 2 2 2 2 2 2 2
left_child=1 12 4 10 5 8 28 16 21 15 27 20 32 44 19 48 -8 18 -10 46 39 -2 50 26 25 -15 -6 40 59 55 -9 -19 -1 42 -30 53 -37 -22 -29 -3 -4 -40 -21 -35 61 -46 -13 -48 -5 -26 -14 -42 -23 -17 -50 58 -57 -52 -16 -7 -24 -12
right_child=2 11 3 9 23 6 7 30 17 -11 13 14 22 24 29 35 -18 31 -20 33 37 52 60 -25 49 -27 -28 38 34 -31 -32 -33 -34 43 -36 36 -38 -39 41 -41 51 -43 -44 -45 45 -47 47 -49 54 -51 57 -53 -54 -55 -56 56 -58 -59 -60 -61 -62 -63
leaf_value=-0.018514651598376827 0.022975415511100633 -0.00013320845849817167 0.0040642443710372806 0.0061848169283197345 -0.0025261428437878216 0.0020628240636660104 0.00037097172890323367 0.0032844940973904948 0.005695936379142179 0.016475288563896975 0.0061892065436479097 0.0076488698085731121 -0.012201347529155219 0.0048952165619645131 -0.0018541276865688364 0.0093522179506030645 -0.0021804069946513155 -0.0019280416102553774 -0.0011238518847289151 -0.015631630821084094 -0.0082690572014237594 0.012711325726974575 -0.010196907420486892 -0.0042622847182278364 0.0021793612719621896 0.00095543358094085911 -0.01552497348146932 -0.0010902257141405356 0.00081580179541696602 0.0020668560782094061 0.00084757582135361483 0.0027860046934728667 -0.0067440069312765857 -0.0089683908548810476 -0.0028362087678500971 -0.0036167028640241702 0.0097922358326370564 -0.0027657265848203974 0.0032035718216764479 -0.011116507932760712 -0.0045221591232859782 -0.0056946646410074037 -0.0057565349037761717 -0.0057830931093545675 -0.002466698297582501 0.0025461850783617974 -0.0056574013339552925 -0.0018159221217976531 -0.00059234509429198956 -0.0037939889302760817 -0.016397751934171572 0.00092218310125090548 0.0022651794102578216 0.0060277729563742071 0.004770767449030139 -0.011050062102355165 -0.0019904283207641833 -0.0099765442098940435 -0.0091266771620956821 -0.0062442237505211089 -0.0037431574089501888 -0.0048865766753959988
leaf_weight=1453.5986529141665 116.97890850901604 59.411806613206863 128.21592952311039 1273.7155105471611 92.185578480362892 68.181966438889503 5724.4143834710121 4293.8657884150743 3154.6313082873821 419.22188241779804 241.47588504850864 39.978805884718895 1038.8359636366367 10999.609809681773 143.84959131479263 2977.1772257387638 4138.0697056204081 530.60406036674976 377.94935961067677 182.07818400859833 486.37957574427128 167.70835725963116 434.91271056234837 265.71352095901966 422.218360632658 853.21309301257133 388.36256004869938 585.56124663352966 669.8248288333416 418.49383346736431 2618.449804008007 1333.8879692703485 70.745757043361664 792.04571031033993 3093.3299294710159 94.226278156042099 62.993239432573318 420.62998548150063 1619.1462498307228 1556.3864244073629 687.89347416162491 76.46152837574482 100.06988641619682 2123.3796326965094 641.68137508630753 451.45946907997131 753.12086249887943 755.06063863635063 271.74096703529358 219.23768156766891 975.80331589281559 223.40049110352993 70.733604460954666 586.41361655294895 458.48206600546837 63.678756237030029 1013.1455887109041 164.18231019377708 270.92515657842159 1103.878407612443 158.85766132175922 38.996167868375778
leaf_count=5850 469 238 513 5095 369 273 22904 17177 12619 1680 966 160 4171 44000 576 11911 16559 2123 1512 730 1949 671 1745 1064 1689 3413 1558 2343 2680 1675 10475 5336 284 3175 12382 377 252 1685 6478 6243 2753 306 401 8506 2567 1806 3016 3023 1087 877 3923 894 283 2346 1834 255 4056 659 1085 4420 637 156
internal_value=-3.13196e-06 -0.00879537 0.00229558 0.00454223 0.000436558 0.000720931 -0.000254165 0.000562865 0.00440237 0.0079087 0.00333725 -0.00605036 -0.0146499 0.00401199 -0.00494859 0.00727322 -0.000698232 0.00374747 0.00496182 -0.00595301 -0.00894496 0.0142285 -0.0127978 -0.00998229 0.00438311 0.00461309 -0.0130832 0.00051415 -0.00303339 -0.00244159 0.00236405 0.0014358 -0.0179877 -0.00716426 -0.0021821 0.00851833 0.00171717 -0.00574506 0.00178527 -0.0107226 -0.00225895 0.00278724 -0.0122472 -0.00665915 0.000624024 -0.000381847 -0.00343558 -0.00374908 0.00494769 0.000109023 -0.0139495 -0.00317198 0.00971949 0.00881305 0.00275832 -0.00371763 -0.00255957 -0.0155052 -0.00666145 -0.00574551 -0.00851381 0.00457246
internal_weight=65016.9 13475.6 51541.3 23332.5 28208.8 27462.5 21710 16774.8 5752.49 6143.97 17188.6 9178.63 4296.94 13867.9 6655.83 5724.75 9862.48 5397.07 3532.58 4745.73 2522.81 355.421 2772.59 746.262 12494.3 11852.8 480.548 3320.68 4935.22 1910.09 6912.32 1864.49 1524.34 3197.57 3763.15 3720.81 157.22 907.01 2281.17 1615.8 1039.51 1695.61 282.148 2915.43 1373.61 1093.14 1548.16 1508.18 2003.94 641.456 2178.82 911.294 238.442 3563.59 730.223 1491.6 1076.82 1139.99 414.775 1172.06 593.77 280.472
internal_count=260259 54042 206217 93343 112874 109883 86870 67115 23013 24582 68761 36773 17269 55474 26658 22902 39463 21590 14131 19011 10115 1423 11135 2991 49979 47413 1927 13287 19755 7647 27652 7459 6134 12812 15062 14886 629 3634 9127 6481 4160 6784 1131 11681 5495 4373 6199 6039 8016 2566 8753 3647 954 14257 2921 5972 4311 4582 1661 4693 2382 1122
is_linear=0
shrinkage=0.015


Tree=8
num_leaves=63
num_cat=0
split_feature=19 19 33 20 14 24 19 33 19 34 34 19 19 32 19 28 22 28 6 33 6 32 25 18 7 33 32 13 10 10 20 10 10 14 19 7 7 3 35 22 10 12 12 23 25 7 23 32 6 27 28 27 19 20 20 23 2 13 22 12 10 18
split_gain=5680.81 969.549 908.857 391.078 378.947 374.478 212.734 181.867 163.655 138.182 135.196 129.16 108.099 91.7906 82.7305 78.6732 65.1917 62.2808 83.5736 58.3975 57.2686 59.8451 54.1551 50.4895 48.2496 47.5565 47.5491 48.0297 47.4668 48.3978 44.6608 43.6624 55.4896 43.2468 51.8694 39.4642 39.1771 38.901 34.4431 34.1836 31.2096 30.8794 30.0911 30.815 27.029 25.3178 25.104 24.3136 26.5187 24.0276 24.0306 22.6478 21.7796 21.609 21.5681 25.9734 21.1434 20.4586 19.2582 18.7802 17.7622 23.6134
threshold=2.4384670257568364 1.7427526116371157 12.206027030944826 10.584874153137209 7.0855681896209726 -28.529507637023922 3.1865910291671757 -157.67770385742185 2.9259648323059086 -1.0000000180025095e-35 -70.492790222167955 1.9718006253242495 1.3726419210433962 -38.673273086547844 6.8694472312927255 -1.2376595735549925 63.547193527221687 -2.0624883174896236 52.059804916381843 201.11147308349612 42.893379211425788 -20.253043174743649 1.0460281372070315 1.712122440338135 0.73926755785942089 92.044651031494155 -25.407040596008297 -9.3727478981018049 0.44156573712825781 0.60687276721000682 6.839595079421998 0.58211380243301403 0.44446247816085821 29.301043510437015 4.9741482734680185 0.8896596133708955 0.73286789655685436 1.8493327498435976 79.426128387451186 82.223091125488295 0.51286974549293529 -17.298808097839352 3.2747722864151005 55.165266036987312 2.0503354072570805 0.72289723157882702 22.289653778076175 -10.572605609893797 61.235713958740241 0.013443440198898317 -0.67017710208892811 0.10012781992554666 2.6592531204223637 6.3705461025238046 1.8370487689971926 33.418693542480476 -17.383028984069821 2.5685577392578129 40.002470016479499 3.6622780561447148 0.58622449636459362 1.4524201750755312
decision_type=2 2 2 2 2 2 2 2 2 2 2 2 2 2 2 2 2 2 2 2 2 2 2 2 2 2 2 2 2 2 2 2 2 2 2 2 2 2 2 2 2 2 2 2 2 2 2 2 2 2 2 2 2 2 2 2 2 2 2 2 2 2
left_child=1 12 3 5 8 7 24 15 22 19 13 16 37 -8 36 -2 41 18 -10 39 21 49 60 -24 52 47 27 -5 58 -30 -12 32 57 53 -35 -34 -9 -1 -20 44 -16 -3 54 -44 -6 -23 -26 -14 -49 50 -13 -29 -7 -21 55 -18 -17 -22 -19 -39 61 -4
right_child=2 11 4 26 9 6 10 14 17 -11 30 20 25 -15 40 56 42 28 38 33 31 45 23 -25 46 -27 -28 51 29 -31 -32 -33 35 34 -36 -37 -38 59 -40 -41 -42 -43 43 -45 -46 -47 -48 48 -50 -51 -52 -53 -54 -55 -56 -57 -58 -59 -60 -61 -62 -63
leaf_value=-0.018628390314641457 0.022897867082078856 -0.0021127718902971301 0.0075012723377326515 -0.0049002140542878025 0.0061896692232397774 -0.0081438338092978575 -0.011366798092265509 0.0014158398600095591 -6.5457074831701986e-05 0.016547592813020619 0.0030683313014112082 0.0038693896759483658 -0.012017191839143017 -0.00018297576042181532 0.00059226633344638794 0.012485281414379181 0.0041947866569912295 0.0071228642399690902 0.023196283033275148 0.011867009113759826 -0.0063277831243031303 -0.012132751401249999 -0.0013487725064439209 0.0046633368856468082 -0.00039955841481006065 -0.0088607231205626268 -0.0038620005483993836 -0.017327247842657004 0.0044106407840740986 0.0004996521901984882 -0.00029733786903433939 -0.006968811194224646 -0.0049240367431224296 -0.012417817799260936 0.009016613006066489 -0.00046324080620987183 0.0047550375004005024 -0.013136743506540321 0.0073790498726700312 0.0075369723284081014 -0.0071030775619767006 -0.011004182431829402 0.0095054795775958868 -0.0037106305391226197 0.0021153591297308457 -0.0071644769600859 -0.0027083697263091356 -0.016231542782675103 -0.008537867657312825 0.0068493761991560032 -0.0049095952271047466 -0.0084190071858464902 -0.0038523391237957638 0.0052423421094459225 -0.010547846950237538 -0.0078898420651234754 0.00662671922427744 0.00059757368686226022 0.001117758436644644 -0.00039969334230027879 -0.0050260538171731633 -0.0012908353227373797
leaf_weight=1376.9999827742577 110.40624061226845 98.561255916953087 69.940064862370491 144.05738604068756 939.89767776429653 382.4169854670763 166.19247137010098 1104.6029552817345 86.748384490609169 389.93174640834332 5035.1212928295135 82.442288801074028 1044.7481233626604 9327.9880040287971 266.16622769832611 251.67389398813248 59.380683913826942 129.23727579414845 102.47114589810371 946.78582541644573 1052.406117811799 289.64693860709667 488.03404551744461 861.10540370643139 1706.8875592947006 589.49224856495857 199.52663889527321 305.75007544457912 12718.768619328737 763.9370025396347 1066.6451974958181 783.59700465202332 610.21573697030544 38.982057720422745 64.485691145062447 1682.263189509511 2932.0665619671345 107.2304707467556 52.242966920137405 2144.8210557550192 206.9366101026535 1608.2995507717133 42.438614636659622 343.46583579480648 626.93718507885933 1552.8203124552965 2869.3734158724546 1022.5445725619793 129.55134564638138 56.464708060026169 379.86201417446136 98.518743023276329 990.62640896439552 140.44837720692158 278.94801768660545 108.49513611197472 372.45938044786453 100.91891895234585 1653.1032643616199 37.611904367804527 273.83162024617195 1395.5172797292471
leaf_count=5551 443 395 280 577 3760 1532 665 4419 347 1564 20142 330 4198 37324 1065 1007 238 517 410 3789 4216 1162 1953 3445 6831 2366 799 1228 50877 3056 4267 3139 2444 156 258 6735 11729 431 209 8581 828 6455 170 1376 2508 6225 11485 4116 520 226 1521 395 3966 562 1118 435 1490 404 6613 151 1096 5584
internal_value=-2.05295e-05 -0.00870381 0.00224856 0.000390625 0.00438957 0.000690155 -0.000184259 0.00428407 0.00337961 0.00793272 0.000735599 -0.00593122 -0.0145707 -0.000382677 0.00314912 0.0112044 -0.00881326 0.00400761 0.0115738 0.00723797 -0.00481607 -0.00669656 0.000221115 0.00247865 -0.0025976 -0.012774 -0.0102923 -0.0125824 0.00388544 0.00419026 0.00247762 -0.00375999 -0.00302231 0.0101547 0.000716504 -0.00166042 0.00384616 -0.0178295 0.0181133 0.00629326 -0.00275786 -0.0105026 -0.00531573 -0.00217705 0.00457375 -0.00796596 -0.00185104 -0.0138082 -0.0153957 -0.00214606 -0.00330182 -0.0152454 -0.00506861 0.0110362 -0.00797129 -0.00352793 0.0090454 -0.00570883 0.00156909 -0.0099819 -0.00152224 -0.000851352
internal_weight=64863 13438.4 51424.6 27537.4 23887.2 26789.6 21545.3 5244.31 18594.9 5292.29 15595.9 9130.23 4308.18 9494.18 4509.77 734.54 2539.59 15506.5 241.462 4902.36 6590.64 2361.24 3088.43 1349.14 5949.3 2786.34 747.853 548.326 15265 13482.7 6101.77 4229.4 3445.8 1190.7 103.468 2292.48 4036.67 1521.84 154.714 3711.66 473.103 1706.86 832.728 385.904 1566.83 1842.47 4576.26 2196.84 1152.1 518.769 462.304 404.269 1373.04 1087.23 446.824 167.876 624.133 1153.33 1782.34 144.842 1739.29 1465.46
internal_count=259679 53922 205757 110192 95565 107193 86212 20981 74387 21178 62398 36589 17333 37989 18041 2940 10187 62029 966 19614 26402 9464 12358 5398 23814 11200 2999 2200 61063 53933 24409 16938 13799 4765 414 9179 16148 6133 619 14849 1893 6850 3337 1546 6268 7387 18316 8834 4636 2077 1851 1623 5498 4351 1791 673 2497 4620 7130 582 6960 5864
is_linear=0
shrinkage=0.015


Tree=9
num_leaves=63
num_cat=0
split_feature=19 19 14 19 20 15 34 33 1 13 19 19 3 24 34 34 32 3 21 3 19 17 32 0 20 16 1 1 33 23 1 15 18 17 17 0 32 1 20 23 13 33 33 24 26 3 14 20 32 10 24 33 32 33 32 32 29 18 23 32 3 15
split_gain=5636.37 925.963 917.214 319.999 373.258 213.302 316.135 182.63 150.305 123.093 122.598 97.8611 71.2187 66.2999 64.5932 62.8686 76.8027 59.3243 58.6886 58.5968 57.3022 50.4267 49.0146 47.9802 47.5467 43.3597 45.2578 41.5263 41.1065 40.8975 40.1702 39.9563 36.4674 35.4771 34.5958 34.2384 34.2308 33.474 67.9838 33.0234 31.5973 31.0085 27.635 34.6882 26.8575 26.4302 27.5373 26.2481 26.1156 25.9336 25.9236 25.7177 25.6004 25.5182 25.091 24.4585 23.7742 23.012 22.0007 21.9568 20.8941 20.6619
threshold=2.4384670257568364 1.7427526116371157 3.9039151668548588 3.0408695936203007 9.0667581558227557 -11.201395511627195 -70.492790222167955 201.11147308349612 -11.644935607910154 -9.3727478981018049 2.0324425697326665 1.2051506638526919 1.4250166416168215 -7.0959112644195548 -2.7012135982513423 -67.712776184082017 -22.69509124755859 1.0734965205192568 16.779422760009769 -1.8757815361022947 3.4676849842071538 1.6432021856307986 -20.146162986755368 7.8359112739562997 11.857779502868654 3.7753788232803349 26.818349838256839 14.52047920227051 73.672100067138686 48.511032104492195 16.715847015380863 2.1699115037918095 1.8357532024383547 3.4713670015335087 3.1905051469802861 9.3123741149902362 -20.840851783752438 40.985294342041023 5.1134955883026132 36.337396621704109 3.1133021116256718 115.23963165283205 67.249607086181655 -12.095445632934569 0.27864779531955725 43.626420974731452 10.651455879211428 2.5258375406265263 -10.659305095672606 0.57720685005187999 -22.237732887268063 -73.867641448974595 -10.232162475585936 -137.8237609863281 -44.20481872558593 -26.916029930114743 0.70134675502777111 1.7527582645416262 75.001369476318374 -28.261574745178219 -18.55473709106445 2.060998916625977
decision_type=2 2 2 2 2 2 2 2 2 2 2 2 2 2 2 2 2 2 2 2 2 2 2 2 2 2 2 2 2 2 2 2 2 2 2 2 2 2 2 2 2 2 2 2 2 2 2 2 2 2 2 2 2 2 2 2 2 2 2 2 2 2
left_child=1 11 3 15 5 9 21 13 18 60 12 -1 36 25 37 16 39 48 53 22 -8 -7 56 -11 -20 33 41 57 -28 31 55 47 42 40 -18 49 -3 -9 -39 59 -4 -27 43 -17 -38 46 -16 -21 -13 -31 -32 -34 -53 -6 -35 -10 -12 -15 -19 -2 -5 -46
right_child=2 10 7 4 8 6 20 14 30 23 19 17 -14 27 45 32 34 58 24 29 -22 -23 -24 -25 -26 26 28 -29 -30 35 50 -33 51 54 -36 -37 44 38 -40 -41 -42 -43 -44 -45 61 -47 -48 -49 -50 -51 -52 52 -54 -55 -56 -57 -58 -59 -60 -61 -62 -63
leaf_value=-0.019298084680700982 0.0050191628805740353 -0.0034738948003243128 0.0018028921004997094 0.023182758288793254 0.0016613130035520428 -0.0019751136238767091 0.0012667264388648459 0.0095565075373248501 -0.0061122548360022797 0.0049269263824849889 -0.0044234590532439477 -0.012654458011148976 -0.0047720381064436891 -2.7221025260649654e-05 0.0096168198056345976 0.0013713449377506534 -0.0043269966014052447 -0.011264759915543503 -0.0084415472808575531 -0.0018904275891525925 0.0035403029916563173 0.00036818859211012057 -0.0081039209084795474 -0.0075033089854079655 -0.017460300161119418 -0.0020433241376098432 0.012044929452617217 0.0083425305979073893 0.0029181120572895599 -0.0042420196967299572 0.014028511086027111 0.0036108081818101386 0.0080338284579013902 -0.0025037598609671296 0.0077038125990889893 0.0084320035053698141 -0.0087266018589156683 -0.014079478364694222 0.011124765689305477 -0.0068312858663816083 0.0055099238915437528 0.0038557121289382931 0.00039125112965480611 -0.0052204096832379069 -0.01346161731498838 0.0064201157910683824 0.020002006621077879 -0.0071477330785017969 -0.015860821940995529 -0.0082207902686052461 0.0016204432950037439 -5.5507444067814478e-05 0.0039324161138639523 -0.0077499030946644549 0.0075842169069035856 -0.00040259492300129328 0.0032758622544024401 0.0056981589709133029 -0.005681412319902681 9.1070303638700802e-06 0.0099015188272404599 -0.0073205552262989139
leaf_weight=762.62474004924297 304.45755569636822 195.40977448225021 940.43485394120216 92.82762710750103 125.58456252515316 2955.9360791146755 3136.7333040237427 1330.9673382341862 235.74862653017044 4826.632257387042 354.87303183972836 1191.8053888976574 976.9357473552227 167.22060120105743 89.650570914149284 232.58179932832718 2694.7977683842182 673.96268762648106 382.8902380913496 1318.9440277814865 12675.322212874889 6832.5589425414801 1458.1307292580605 68.24638307094574 216.16699606180191 613.21853975951672 146.74218180775642 1936.2053266912699 476.95192907750607 1536.726266682148 56.493097022175789 253.26410400867462 104.45569486916065 54.989309594035149 52.232145801186562 39.491678655147552 1264.976870983839 40.223159000277519 53.980862528085709 110.6782693862915 1198.8061812222004 295.20571285486221 635.92502914369106 731.30228160321712 703.83423784375191 65.780488178133965 259.76786345243454 257.97663259506226 1444.7408994436264 506.11600734293461 118.9964517056942 2512.287401214242 419.86475792527199 126.43155723810196 1181.7895452976227 606.00389136373997 116.90070152282715 1820.1675279140472 233.1861127614975 567.06687100231647 50.417505845427513 174.18343640863895
leaf_count=3082 1218 783 3762 373 503 11829 12548 5327 944 19308 1421 4795 3915 669 359 931 10791 2708 1534 5283 50703 27339 5848 273 869 2453 587 7748 1908 6155 226 1014 418 220 209 158 5079 161 216 443 4796 1181 2545 2928 2826 264 1042 1033 5825 2028 476 10052 1680 507 4728 2425 468 7282 936 2269 202 699
internal_value=2.99982e-05 -0.00861091 0.00228764 0.00126458 0.00193806 0.00233537 0.00177899 0.00620344 -0.00456502 0.00515773 -0.00590848 -0.014349 -0.00821897 0.00530205 0.0105105 -0.00135042 -0.00280005 -0.0132694 -0.00920988 -0.00459244 0.00309045 -0.00033817 -0.00674044 0.00474756 -0.0117681 0.004129 0.00201619 0.00676278 0.00512107 -0.00352617 -0.000653741 -0.00187409 -0.000180498 0.00508164 -0.00408735 -0.0049678 -0.00964731 0.00894553 0.000138185 0.000786022 0.00389048 -0.000105611 -0.00201451 -0.00361477 -0.0101995 0.0157777 0.0174501 -0.00276796 -0.0144278 -0.00524218 0.00581239 0.000781487 0.000512716 -0.0030249 0.00712026 -0.00203017 -0.00247821 0.00520934 -0.00986169 0.00178397 0.0188122 -0.0122798
internal_weight=65008.8 13464.1 51544.7 40872.6 32507 30638.7 25600.6 10672.1 1868.32 5038.12 9157.76 4306.32 3315.34 8831.73 1840.37 8365.65 3729.23 3543.7 851.073 5842.42 15812.1 9788.5 1929.9 4894.88 599.057 4908.14 1532.12 3923.59 623.694 3912.52 1017.24 1830.18 4636.42 3376.02 2747.03 2082.33 2338.4 1425.17 94.204 982.203 2139.24 908.424 1599.81 963.884 2142.99 415.199 349.418 1576.92 2636.55 2042.84 175.49 3036.61 2932.15 252.016 1236.78 841.753 471.774 1987.39 907.149 871.524 143.245 878.018
internal_count=260302 54056 206246 163543 130059 122575 102419 42703 7484 20156 36710 17346 13302 35334 7369 33484 14930 14264 3413 23408 63251 39168 7737 19581 2403 19635 6129 15699 2495 15671 4071 7330 18554 13506 11000 8341 9387 5704 377 3930 8558 3634 6404 3859 8604 1665 1401 6316 10620 8183 702 12150 11732 1010 4948 3369 1889 7951 3644 3487 575 3525
is_linear=0
shrinkage=0.015


Tree=10
num_leaves=63
num_cat=0
split_feature=18 14 18 17 6 22 15 34 6 33 1 3 29 33 15 18 2 18 6 1 18 16 17 14 9 15 10 29 18 12 10 6 10 6 10 12 12 34 10 34 16 10 26 10 10 12 14 12 3 34 0 13 33 18 16 15 27 26 27 17 11 26
split_gain=4477.91 939.475 611.607 342.564 199.973 173.539 165.91 284.545 148.707 128.511 194.765 120.802 117.489 111.724 100.044 99.3833 96.5581 78.6253 75.5011 69.5548 68.9804 71.2483 64.6026 62.3486 59.1932 57.1932 55.9138 52.6475 50.6076 48.31 46.0876 47.6678 41.4718 41.4199 40.7209 38.3681 35.985 34.7773 30.6067 29.7168 27.4645 27.2301 26.6186 26.1904 45.5975 36.3072 25.9596 25.8196 24.8568 24.1108 24.0067 21.9326 27.3474 21.4294 20.3781 19.9098 17.4018 17.3102 16.586 16.3389 14.9635 14.9372
threshold=1.7527582645416262 3.9039151668548588 1.3237103819847109 1.4681354165077212 58.157836914062507 99.997756958007827 -11.201395511627195 -67.314884185791001 44.294342041015632 -170.35691070556638 -18.915963172912594 1.72509241104126 4.4044222831726083 151.96794891357425 -11.201395511627195 1.1146413087844851 -6.1853253841400138 2.2868548631668095 45.813022613525398 -4.0583283901214591 6.1314146518707284 -4.7310872077941886 1.4034593105316164 6.856349229812623 48.398353576660163 -5.9636495113372794 0.47511355578899389 5.8608555793762216 4.9466066360473642 5.0870614051818857 0.28358395397663122 56.85058784484864 0.43795920908451086 32.329317092895515 0.60968202352523815 -15.333839893341063 3.0836369991302495 -17.134633064270016 0.55552300810813915 -59.134984970092766 -2.6224408149719234 0.4853383749723435 0.45436920225620275 0.60094869136810314 0.50238665938377391 8.2059698104858416 1.1438128948211672 -17.614303588867184 5.5963482856750497 -85.318008422851548 -8.3963551521301252 18.400418281555179 253.47505187988284 0.8812568485736848 -0.72878131270408619 -14.97574472427368 -0.22617523372173307 0.69003325700759899 0.013443440198898317 1.5532441139221194 0.14736492931842807 0.24437955021858218
decision_type=2 2 2 2 2 2 2 2 2 2 2 2 2 2 2 2 2 2 2 2 2 2 2 2 2 2 2 2 2 2 2 2 2 2 2 2 2 2 2 2 2 2 2 2 2 2 2 2 2 2 2 2 2 2 2 2 2 2 2 2 2 2
left_child=2 3 4 8 15 13 9 20 14 12 28 22 40 26 50 25 27 32 -12 -19 21 -8 35 43 33 -1 -3 39 -11 -6 -18 -32 -9 -16 37 58 49 -28 -38 -10 -5 51 -26 44 45 -13 47 -17 59 -37 -2 52 -15 -27 -22 -24 -49 -31 -4 -43 -52 -46
right_child=1 5 11 6 29 -7 7 17 16 10 18 23 -14 41 24 46 30 19 -20 -21 54 -23 55 -25 42 53 34 -29 -30 57 31 -33 -34 -35 -36 36 38 -39 -40 -41 -42 48 -44 -45 61 -47 -48 56 -50 -51 60 -53 -54 -55 -56 -57 -58 -59 -60 -61 -62 -63
leaf_value=-0.0082992546272218082 0.0072156644438815774 0.0017138888142044569 -0.003936361860322265 0.010682715629869666 -0.0093547837327510527 0.015667931614776712 0.0078115062844503775 -0.0039921244039591358 0.00065590666640135417 -0.00044277936323512007 0.0035840153137157889 -0.006245824031986924 0.024757695302786757 0.0051266883163978722 -0.0069595858232948298 -0.0023811547016587779 -0.011354116745416677 -2.5553431216924147e-06 0.0094552032918808534 0.0035717767295107123 -0.0023475603158041045 -0.0004717260474539113 0.0054931406298462087 0.010476356658618556 0.0012595737918622996 -0.019570740318997439 0.0043336025539825549 0.018231305495200901 -0.010521269059923843 -0.0051003661063039893 -0.0014940300137392419 0.0013071668774301403 0.0011246998558721907 -0.0035518456277924097 -0.0015520207256010461 -0.011289569377676259 -0.0031653880647003413 0.0070059427766821598 -0.0092035261195669224 0.007460200158268154 0.0037412986130906777 -0.0017145037974332477 -0.003862795925272877 -0.0067423507955138504 -0.0031272665552912597 -0.00058440116605703413 -0.0059233536060541211 -0.014882008651746517 0.0089878090689025671 -0.0078408297309531336 0.00095430619451731776 -0.0037788934269543857 0.012454437194777729 -0.015584086218153289 -0.0078498593750764012 -0.0039773002690675456 -0.011036910041198252 0.0016711269773985499 0.0051983881354533733 0.0062133604576961434 -0.0036631606836695389 0.0021300144634240842
leaf_weight=213.34618404507637 117.73669251799583 1412.3441411703825 292.469024553895 297.55600954592228 1039.4302745163441 401.03944003582001 237.45566961169243 427.5042544901371 276.6085374802351 213.36407592892647 3296.1652454286814 605.13128997385502 108.182756960392 954.31262981891632 1413.1678920090199 69.814822286367416 80.886566489934921 1372.2893929332495 584.38627579808235 10792.758347421885 291.18242648243904 9436.9031984210014 48.736194863915443 83.707175776362419 578.68356250226498 524.15354549884796 2834.2436809837818 67.706047892570496 242.43999724090099 570.64189849793911 2710.9368626177311 2751.5150548368692 2082.2328305840492 1946.0820186436176 193.2325227856636 703.48603066802025 572.70473955571651 1866.834964454174 292.41276985406876 313.67154903709888 244.90492458641529 71.48102268576622 371.91633538901806 289.80142930150032 150.31889271736145 450.85821324586868 218.19282834231853 414.131740629673 2387.8544900268316 1622.1028200089931 883.00561548769474 50.214068874716759 134.35604044795036 1249.9568619430065 343.64252135157585 1449.2235047519207 1196.2570513486862 95.052163332700729 49.674255341291428 252.17883950471878 189.94708798825741 576.26097768545151
leaf_count=860 471 5650 1172 1191 4178 1611 950 1711 1107 854 13186 2424 435 3819 5662 280 324 5490 2338 43173 1166 37765 195 335 2317 2123 11338 271 974 2288 10853 11011 8331 7794 773 2826 2297 7469 1173 1255 980 286 1489 1161 602 1805 876 1667 9558 6512 3533 201 538 5044 1377 5807 4812 381 199 1009 760 2307
internal_value=4.23189e-05 0.00198979 -0.00791608 0.000976637 -0.0116385 0.00598635 0.00182659 0.0013269 -0.00119894 0.00432543 0.00338444 -0.00501571 0.0105443 0.0055996 -0.00299422 -0.0135237 0.00039149 0.00266867 0.00447646 0.0031674 -0.000581754 -0.000265293 -0.00629003 -0.0020323 -0.00405771 -0.0158963 0.00436228 0.0058161 -0.00585879 -0.00732275 -0.000251564 -8.03201e-05 0.000244652 -0.00499316 0.00512245 -0.00740152 -0.00791578 0.00540053 -0.00524012 0.00430998 0.00760168 0.00761903 -0.000732678 -0.00255439 -0.00185833 -0.00384851 -0.0110178 -0.0116626 0.00845136 -0.00889932 0.00084298 0.00561288 0.00606596 -0.0167911 -0.00536491 -0.00365227 -0.0120523 -0.00410891 -0.00254404 0.00441664 0.000117618 0.00101617
internal_weight=65008.8 52230.9 12777.9 41672.8 5590.98 10558.1 29971 24984 11701.9 4987 4336.36 7186.89 650.644 10157.1 5500.54 3885.85 6201.32 14674.8 3880.55 12165 10309.2 9674.36 5030.81 2156.08 4309.85 1987.46 6306.66 657.986 455.804 1705.12 5543.34 5462.45 2509.74 3359.25 4894.31 3532.85 3190.71 4701.08 865.118 590.28 542.461 3850.4 950.6 2072.37 1782.57 1055.99 1898.4 1680.2 2711.51 2325.59 1190.69 1138.88 1088.67 1774.11 634.825 1497.96 1610.39 665.694 342.143 323.66 1072.95 726.58
internal_count=260344 209020 51324 166768 22509 42252 119921 99963 46847 19958 17352 28815 2606 40641 22026 15662 24821 58705 15524 48663 41258 38715 20181 8634 17262 8027 25230 2633 1828 6847 22188 21864 10042 13456 19580 14179 12808 18807 3470 2362 2171 15411 3806 8299 7138 4229 7635 6759 10853 9338 4764 4558 4357 7167 2543 6002 6479 2669 1371 1295 4293 2909
is_linear=0
shrinkage=0.015


Tree=11
num_leaves=63
num_cat=0
split_feature=19 14 19 19 19 24 34 1 13 11 34 3 13 34 19 19 34 13 17 10 12 19 10 24 10 10 19 2 34 31 19 3 12 23 10 2 24 1 24 5 1 35 10 27 3 12 28 28 23 5 10 5 34 11 28 27 2 24 23 34 1 14
split_gain=5343.96 947.776 581.158 573.056 285.467 237.499 311.527 175.017 165.352 121.641 93.9861 90.3802 80.9098 77.0878 71.0382 64.6267 63.0773 60.3211 59.4588 58.0841 52.1263 48.2547 43.7728 38.6957 37.5944 48.7439 37.4279 36.3367 35.2824 34.8466 35.1041 33.5831 32.5331 40.3384 38.538 32.1412 32.0498 31.2092 29.4847 29.274 24.8187 24.7213 23.4814 22.3119 22.2802 21.2675 20.9208 20.5553 20.5035 30.952 21.0276 19.7078 18.3436 17.8664 17.6854 17.1828 18.1943 16.02 15.4912 14.5529 14.5388 17.6832
threshold=2.232735395431519 3.9039151668548588 1.7165113091468813 2.8118120431900029 7.7897639274597177 -29.629328727722164 -67.314884185791001 -15.369533061981199 7.2782745361328134 -14.808413982391356 -6.2188363075256339 1.8493327498435976 -6.6958789825439444 -79.486640930175767 1.3726419210433962 3.4676849842071538 -57.059564590454094 3.6188558340072636 2.6892699003219609 0.45193406939506536 -13.592991352081297 1.9500573277473452 0.59140166640281688 -8.8862705230712873 0.59584274888038646 0.50668573379516613 4.4885940551757821 -9.6745500564575178 -91.280822753906236 0.94756859540939342 5.0000526905059823 1.6656888127326968 2.1471437215805058 48.832355499267585 0.39718179404735571 -12.917813777923582 -25.441227912902828 -5.6354479789733878 -28.029639244079586 6.1255755424499521 0.5783514976501466 107.91786956787111 0.52000451087951671 -0.26024447381496424 -2.4388980865478511 3.0836369991302495 0.2970400750637055 1.1499225497245791 33.418693542480476 1.4320181608200075 0.54651591181755077 5.1911520957946786 -1.0000000180025095e-35 -11.982764720916746 -0.78927233815193165 -0.077401533722877489 -16.898461341857907 -2.9246665239334102 48.511032104492195 -97.296035766601548 40.985294342041023 11.859802246093752
decision_type=2 2 2 2 2 2 2 2 2 2 2 2 2 2 2 2 2 2 2 2 2 2 2 2 2 2 2 2 2 2 2 2 2 2 2 2 2 2 2 2 2 2 2 2 2 2 2 2 2 2 2 2 2 2 2 2 2 2 2 2 2 2
left_child=2 3 11 13 5 9 12 28 17 54 29 14 -7 20 -1 -8 18 19 21 -3 55 -4 23 -21 25 37 60 -11 59 41 -31 -27 34 57 -18 -22 -23 -15 -30 -19 -9 -10 -37 -16 -38 -13 -26 -35 49 -36 -50 -24 -28 -42 -5 56 -2 -34 -48 -6 61 -12
right_child=1 8 16 4 7 6 15 40 10 27 26 45 -14 24 43 -17 32 39 -20 22 35 36 51 -25 46 31 52 -29 38 30 -32 -33 33 47 48 42 44 -39 -40 -41 53 -43 -44 -45 -46 -47 58 -49 50 -51 -52 -53 -54 -55 -56 -57 -58 -59 -60 -61 -62 -63
leaf_value=-0.017936369584411454 0.0057497898156075771 -0.00013582576781160559 -0.011180430114688177 0.022461363725848473 -0.010126106042370964 0.0056338572080916506 0.0014381068138324766 -0.0026813594257622778 0.0056692831645712947 0.0056991898098053707 0.011519423105671785 -0.011253953475230973 -0.00044625367184659059 -0.0099356570469064948 -0.016650434110617261 0.003546355790995848 -0.011965057809131433 0.0067025504991895081 0.0081379443562397489 0.0033906269656837559 0.00072614173606198678 0.0019423121956947695 -0.0023621199004108429 0.0064759159082954654 -0.0026122890117204235 -0.00093101410279153459 0.0087292478654789913 0.0028207460407963449 -0.016525406682527433 -0.0085989918478430617 0.0066505912599145716 0.0030838861744071238 0 -0.0055424208105802628 -0.0019120594920082586 -0.0086778145148503766 -0.0093896550599288087 -0.0021815780286131448 -0.0054221802234284073 0.0019530745960495849 0.0076692266520965472 0.0099626812307988914 -0.0047361865387087485 -0.012552582661886509 -0.0058177823154908345 -0.0052314061980027662 -0.0030061444110266642 0.00018319522557749159 -0.0055505120962783434 -0.0083915397913152234 -0.010879976051286341 0.0079246978199022967 0.014538780475438566 0.00023094297002191255 0.010630078383912231 0.0021961864281181765 -0.0039351825283256148 0.010106797856959638 -0.0097798316517819749 -0.0030875118700227256 0.0079475766112588886 0.021981313966278455
leaf_weight=1371.8700727373362 45.234056144952774 724.40336380898952 1215.8739080578089 95.511659786105156 129.63510581851006 510.93698468804359 4627.9679880142212 834.75751809775829 656.14793759584427 3012.0606745630503 64.095350831747055 329.09395626187325 12226.421804696321 121.59842389822006 432.40354032814503 11428.861374735832 294.26034989953041 3507.1875275820494 44.684224292635918 1901.0080791115761 123.61108638346195 78.664988249540329 277.44362732768059 1836.8408028036356 491.52011077105999 1292.2100701332092 354.90259709954262 1515.5143782049417 239.07514621317387 60.190619587898254 72.695237874984741 730.68804925680161 155.40816184878349 1184.5474807918072 498.99486561119556 894.27170459926128 857.2797916084528 2735.1387912482023 78.362267628312111 330.687619805336 80.219427332282066 624.49604313075542 600.4266826659441 1658.8928063362837 819.94297610223293 250.50832644104958 127.08320163190365 154.24929164350033 441.61287900805473 254.47189144790173 297.87619838118553 46.997294440865517 226.47012907266617 670.8921936750412 57.655515134334564 191.81194962561131 462.00774568319321 43.679051920771599 232.13613845407963 154.81951388716698 37.334022372961044 179.39862111210823
leaf_count=5558 181 2898 4892 385 520 2045 18515 3342 2626 12050 257 1324 48925 487 1745 45717 1181 14036 179 7605 495 315 1110 7349 1969 5174 1421 6063 962 241 291 2924 623 4749 2002 3585 3442 10952 314 1323 321 2501 2407 6692 3290 1006 509 618 1771 1020 1195 188 911 2684 231 768 1850 175 930 621 150 720
internal_value=1.26082e-05 0.00188849 -0.00984963 0.000901165 0.00171731 0.00206072 0.00155035 -0.00352752 0.00584544 0.00519516 0.00944947 -0.0142977 -0.000200337 -0.00271315 -0.015224 0.0029399 -0.00700799 0.00489075 -0.00859051 0.00375679 -0.00502439 -0.00885239 0.00445435 0.00491345 -0.00177445 -0.00126181 0.0133748 0.00474067 -0.0104021 0.00702903 -0.000170582 0.000513408 -0.00556356 -0.00393258 -0.00695267 -0.00650473 -0.00722091 -0.0025236 -0.0138825 0.00629845 -0.000899122 0.00778689 -0.00711291 -0.0134221 -0.00766142 -0.0087037 -0.00468733 -0.00487227 -0.00594001 -0.00413668 -0.00774108 -0.000786637 0.0110601 0.00106353 0.0182989 -0.00156724 -0.00302287 0.00229756 -0.0074549 -0.00639589 0.0180016 0.0194048
internal_weight=64995 54610.7 10384.3 43710.4 35662.7 33474.9 28794.2 2187.76 10900.3 4680.74 2275.73 4042.77 12737.4 8047.74 3463.17 16056.8 6341.55 8624.57 3016.45 4786.69 2317.36 2971.76 4062.29 3737.85 5730.37 4879.64 862.201 4527.58 601.892 1413.53 132.886 2022.9 3325.1 1537.88 1787.22 1618.31 1755.89 2856.74 317.437 3837.88 1585.87 1280.64 1494.7 2091.3 1677.22 579.602 850.739 1338.8 1492.96 753.467 739.489 324.441 581.373 751.112 153.167 699.054 507.242 199.087 359.219 284.455 280.828 243.494
internal_count=260330 218553 41777 174926 142695 133931 115202 8764 43627 18729 9118 16325 50970 32231 13995 64232 25452 34509 12118 19150 9286 11939 16252 14954 22945 19537 3459 18113 2417 5659 532 8098 13334 6165 7169 6487 7047 11439 1276 15359 6347 5127 5992 8437 6732 2330 3408 5367 5988 3022 2966 1298 2332 3005 616 2799 2031 798 1439 1141 1127 977
is_linear=0
shrinkage=0.015


Tree=12
num_leaves=63
num_cat=0
split_feature=5 14 5 18 33 15 18 22 33 3 29 1 17 18 27 33 25 15 10 10 10 25 2 18 1 23 23 14 35 25 23 22 21 10 35 14 22 29 5 17 3 18 29 28 11 31 14 26 29 1 10 23 2 18 29 10 21 2 15 22 25 11
split_gain=4447.69 842.168 664.48 333.235 256.383 284.144 210.236 157.871 148.592 171.469 135.648 106.643 97.7362 89.1376 84.7307 73.4508 72.2546 72.1474 69.8389 65.4905 62.3612 59.48 59.1023 54.8717 46.2588 43.5554 42.8672 40.4026 40.3987 39.7146 38.8759 34.6224 33.3295 31.4869 28.7522 28.3196 33.869 28.0467 24.843 24.6696 27.5483 24.2241 24.2113 29.0553 22.9672 22.8595 22.8079 22.7601 22.6844 21.8109 20.5286 20.5131 20.4336 19.6624 19.5971 19.2626 19.108 35.7411 18.7063 17.6451 17.1394 16.7924
threshold=1.5828661322593691 5.3145680427551278 0.99169152975082409 1.767514228820801 12.206027030944826 -11.201395511627195 1.4992663264274599 99.997756958007827 -160.62259674072263 -18.55473709106445 4.4044222831726083 -18.915963172912594 1.457871198654175 0.93127477169036876 -0.0054655601270496837 157.00270080566409 0.85550832748413097 3.2625858783721928 0.60687276721000682 0.45317980647087103 0.3891322016716004 0.62312453985214245 3.9680411815643315 1.2134513854980471 23.936912536621097 48.511032104492195 76.910339355468764 29.301043510437015 84.914051055908217 1.8187351822853091 74.238090515136733 40.002470016479499 98.299404144287124 0.45317980647087103 -0.87747293710708607 10.651455879211428 89.237110137939467 -0.10352534428238867 0.88131761550903331 1.2478874921798708 -2.0959106683731075 2.2598167657852177 0.098552450537681593 -0.04298597760498523 -2.3697559833526607 0.8158279061317445 -5.4961297512054434 0.49937850236892706 1.4861947298049929 2.8988015651702885 0.66095221042633068 67.84827041625978 0.95208781957626354 1.6979701519012453 0.95140424370765697 0.38523328304290777 79.217483520507827 13.392553806304933 -10.419332504272459 90.148239135742202 1.3509430289268496 6.3548572063446054
decision_type=2 2 2 2 2 2 2 2 2 2 2 2 2 2 2 2 2 2 2 2 2 2 2 2 2 2 2 2 2 2 2 2 2 2 2 2 2 2 2 2 2 2 2 2 2 2 2 2 2 2 2 2 2 2 2 2 2 2 2 2 2 2
left_child=2 3 13 16 5 8 17 15 10 -10 -5 34 -13 52 46 28 48 23 19 31 26 37 38 42 -21 -19 54 35 56 -27 39 -6 -29 61 -7 59 -37 -22 60 40 -18 -20 43 -4 -44 -23 -8 -32 -2 58 -43 -35 -1 -50 -16 -51 -3 -58 -25 -17 -15 -30
right_child=1 7 6 4 18 11 14 -9 9 -11 -12 12 -14 22 20 27 30 25 41 24 21 45 -24 49 -26 29 -28 32 33 -31 47 -33 -34 51 -36 36 -38 -39 -40 -41 -42 50 44 -45 -46 -47 -48 -49 53 55 -52 -53 -54 -55 -56 -57 57 -59 -60 -61 -62 -63
leaf_value=-0.019123965042880348 -0.0057443442228353805 0.0040081200637305673 -0.0046283016357172588 0.006713322256761532 0.0069471649927809343 0.0026930830997974353 0.0015952213458417016 0.015814543975838827 -0.0091818091262749462 0.0032415266090309266 0.0231202931176509 -0.0019139027858641482 0.00056543122186372263 -0.014765153912793826 -0.0080763618814093698 0.0079935591354505231 -0.01103055607416127 0.0043593050253486042 -0.0051374043595262273 0.0036758079539888446 -0.0027165424036319878 -0.0004390303738645285 -0.0049517815558024038 -0.0017619457346595884 0.0098681875715311076 -0.006562534506306051 0.0016315256522519139 0.0077631707399398757 -0.00096985245913523168 0.0040204704878715296 -0.0019110606367203592 0.00044087208406882653 -0.0068964263117566029 0.003910886680303257 -0.0093957292380916421 0.0073735673545481271 0.012350455089649066 -0.0099690094245121121 -0.010857580573767933 -0.0021641092922563073 -0.0034788847739863449 0.0021235062672043795 -0.0063481730596589934 -0.01155835397268074 -0.014352912654025893 0.0058626275636196948 -0.005847690020343712 0.0045702995401961681 -0.013741251632154304 -0.012601925531789819 -0.0048999662300147837 0.0071591319916942961 -0.013482564179944173 -0.0033061871646209357 -0.018257603247028426 -0.0016811704170866279 0.0026443730104738473 -0.0063841521603980695 -0.0085938763704864665 0.0046126890620998276 -0.0058444258576435563 0.0055301977482605114
leaf_weight=634.35518057644367 499.3407179415226 853.10750049352646 222.04845103621483 784.74456977844238 200.94999045133591 47.692524418234825 91.641381800174713 395.69257222115993 262.39675724506378 4445.6347733736038 132.71154609322548 4719.6067883819342 14757.41269479692 1073.7878326773643 268.76565477252007 1091.7634994536638 172.8218114823103 99.779111385345459 242.90655167400837 11474.467709988356 303.6326043009758 1917.865065202117 256.45735135674477 102.45221744477749 279.94914653897285 1110.8287049382925 88.648653835058212 62.702761501073837 218.72384211421013 82.840053379535675 229.29740384221077 2064.436311095953 73.690187960863113 608.53719940781593 347.06107950210571 651.38451400399208 654.66693513095379 207.9534912109375 980.2018046528101 1190.3089822083712 319.68963359296322 417.71921515464783 104.83060346543789 411.60220016539097 681.69238193333149 136.88217510282993 2920.3010134398937 251.56947885453701 193.76535493135452 42.591758295893669 117.98996524512768 1919.1503900587559 249.71939158439636 58.343814745545387 55.310706093907356 230.59852786362171 384.66546350717545 130.23332470655441 1675.3015387803316 565.21174184978008 60.40569794178009 145.4591953009367
leaf_count=2579 2001 3413 894 3141 804 191 367 1593 1055 17785 535 18892 59049 4344 1078 4371 693 400 972 45903 1217 7683 1030 411 1120 4455 355 251 875 332 918 8259 295 2435 1392 2609 2623 834 3954 4767 1281 1671 423 1658 2751 548 11713 1007 778 171 472 7680 1010 234 222 925 1539 521 6735 2263 244 582
internal_value=-3.26872e-05 0.00202476 -0.00751733 0.00120733 0.00156193 0.000649572 -0.00571597 0.00657608 0.00362519 0.00254234 0.00914806 -0.00019232 -3.47175e-05 -0.0134579 -0.0038389 0.00607315 -0.00368696 -0.00807047 0.0031326 0.00337571 -0.00203526 -0.00115521 -0.0119005 -0.00920361 0.00382622 -0.00500846 -0.0074393 0.0078392 0.0047816 -0.00581004 -0.00228146 0.00103024 -3.39123e-05 0.00579083 -0.00789119 0.00820645 0.0098948 -0.00572113 -0.0127307 -0.0033581 -0.00619299 -0.00122321 -0.0114991 -0.00917568 -0.0133238 -6.6438e-06 -0.00561535 0.00145354 -0.00769718 -0.00759716 0.000536218 0.00638676 -0.0175814 -0.0114304 -0.00996134 -0.00351749 0.00263186 0.000315903 -0.008211 0.0068563 -0.0143144 0.00160141
internal_weight=64976.3 50965.8 14010.5 43210.8 40295.7 25497.3 10755.6 7754.99 5625.49 4708.03 917.456 19871.8 19477 3254.93 5991 7359.3 2915.14 4764.57 14798.4 14019.8 2979.06 2566.33 2370.85 3471.12 11754.4 1293.45 412.725 3099.42 4259.88 1193.67 2163.69 2265.39 136.393 2891.87 394.754 2963.03 1306.05 511.586 2114.4 1682.82 492.511 778.616 1420.17 633.651 786.523 2054.75 3011.94 480.867 751.45 2050.94 535.709 2527.69 884.075 252.109 324.076 273.19 1368.01 514.899 1777.75 1656.98 1134.19 364.183
internal_count=260303 203970 56333 172920 161241 102040 43172 31050 22516 18840 3676 79524 77941 13161 24017 29457 11679 19155 59201 56086 11937 10282 9572 13968 47023 5187 1655 12412 17045 4787 8666 9063 546 11572 1583 11866 5232 2051 8542 6741 1974 3115 5726 2552 3174 8231 12080 1925 3013 8242 2143 10115 3589 1012 1300 1096 5473 2060 7146 6634 4588 1457
is_linear=0
shrinkage=0.015


Tree=13
num_leaves=63
num_cat=0
split_feature=19 14 19 19 19 11 33 16 22 3 33 19 7 33 12 0 29 10 32 3 19 10 16 35 7 14 3 19 33 25 18 26 16 26 21 19 9 10 29 10 11 32 11 17 7 12 32 25 22 23 21 32 17 12 18 21 23 2 26 32 25 7
split_gain=5078.21 927.701 590.394 519.629 276.994 202.427 184.589 181.488 159.149 155.02 103.772 99.7543 92.4973 67.459 58.221 57.9194 53.165 50.7546 47.0119 53.045 44.0289 42.9635 40.8068 39.3102 39.1707 44.0644 37.1394 34.4069 31.3859 30.1345 27.6476 26.0396 30.3424 25.7833 24.7835 24.462 23.3718 35.5025 31.7422 23.032 21.2603 26.5397 21.1074 19.8437 19.2784 19.2715 19.21 19.1115 18.5712 23.1116 18.3704 18.0527 17.9067 17.7142 17.4831 16.142 16.0603 17.9497 15.5739 15.1317 14.5945 14.4405
threshold=2.232735395431519 3.9909290075302128 1.7427526116371157 2.7786946296691899 7.9255590438842782 -14.808413982391356 12.206027030944826 -3.1246308088302608 99.997756958007827 -8.5561294555664045 154.41193389892581 1.3726419210433962 0.71259948611259472 15.241504669189455 -18.934210777282711 -14.486086845397947 3.7475416660308842 0.47099594771862036 -20.840851783752438 -1.9305266737937925 1.8853860497474673 0.61259162425994884 -0.19511462748050687 86.364509582519545 2.2591631412506108 8.5004072189331072 1.8493327498435976 9.9528346061706561 -51.529754638671868 0.79553839564323436 1.5488985776901247 0.77138105034828197 0.78083050251007091 0.55892661213874828 17.26115703582764 2.7620846033096318 78.138996124267592 0.42915824055671697 0.19239154458045962 0.59357658028602611 5.8521053791046151 -38.029695510864251 8.1349606513977069 2.7736587524414067 0.96361729502677929 25.244194030761722 -9.0026235580444318 0.99219849705696117 18.788305282592777 62.246368408203132 76.935958862304702 -9.5460586547851545 0.74058458209037792 8.4420871734619158 1.2323097586631777 21.049994468688968 66.842517852783217 -4.4443764686584464 0.089039817452430739 -21.692559242248532 0.46865709125995642 1.628922760486603
decision_type=2 2 2 2 2 2 2 2 2 2 2 2 2 2 2 2 2 2 2 2 2 2 2 2 2 2 2 2 2 2 2 2 2 2 2 2 2 2 2 2 2 2 2 2 2 2 2 2 2 2 2 2 2 2 2 2 2 2 2 2 2 2
left_child=2 3 11 12 5 16 7 -7 10 27 17 26 52 14 55 -8 -5 40 31 51 -16 23 46 -19 25 35 60 47 59 30 -15 32 -14 -26 -29 -12 37 54 -39 -21 41 -3 -10 -30 -24 -27 -13 -6 58 -50 53 -20 56 -38 -31 -4 57 -2 -22 -11 -1 -52
right_child=1 8 13 4 9 6 15 -9 42 28 24 22 18 29 20 -17 -18 21 19 39 48 -23 44 -25 33 45 -28 34 43 36 -32 -33 -34 -35 -36 -37 50 38 -40 -41 -42 -43 -44 -45 -46 -47 -48 -49 49 -51 61 -53 -54 -55 -56 -57 -58 -59 -60 -61 -62 -63
leaf_value=-0.0075243502888413883 -0.00054037220139394645 -0.0090368529391511038 0.0055236314350184572 0.0095039758054068849 -0.0091707227457355871 0.0035349828625871353 0.019144186321314684 0.00031543613556686464 0.005433244225827887 -0.0071654314714303686 0.0019767895677877205 -0.012657637928875955 0.00061755221090023808 -0.011365540124656352 -0.011531576015374375 0.0033100812391097536 0.023421586525533594 0.0036984851986810955 -0.0043334275907341057 -0.0012103603617998817 -0.0071446953657420924 -0.0020253653521343381 -0.012470118493408766 0.0064179576109287453 -0.0078160513337310455 0.01107620257126981 -0.0093591306862603058 -0.0057674991088003278 -0.0046273771415194925 -0.0028244291116903452 -0.0050948207312827721 0.01062215988398697 -0.0057245827537190574 0.0052825929602675044 -0.017667644314699221 0.0067431389241512044 -0.0031460619308913708 -0.00098039517453724816 -0.0065066417092739994 -0.00448859516688616 0.0040536738638897937 0.00091063695478653666 0.016357328795454925 0.0014617500685886289 -0.0085180913159133061 0.0078716567080834507 -0.016688264697469785 -0.0023167391412322888 -0.0050912974133009844 -0.0098510490377628681 -0.0052641260769805843 -0.0087747933348585033 -0.0088034509629028503 0.0032409475595228843 -0.011377069752065781 -0.0035315553065609928 0.0047714911546811699 -0.0095679270317189351 -0.011088925962211404 -0.00086077645937029121 -0.018115215970466732 0.0041840169934137007
leaf_weight=38.924332916736603 95.732340306043625 63.493092745542526 74.837144911289215 196.00027810037136 321.49369360506535 5067.7380965948105 50.723223626613617 17733.113701045513 52.587224572896957 210.5952957868576 303.11754408478737 1031.0186118483543 1302.4984193444252 270.12398731708527 832.64133721590042 11125.412126541138 97.103517115116119 2233.4883816540241 1408.7614678889513 2919.7585331052542 539.31066209077835 188.71029722690582 518.1019814312458 2704.6556454747915 59.45844666659832 824.19340717792511 143.4727571606636 60.987567588686943 137.96629418432713 76.872460946440697 429.27240888774395 49.738840237259865 192.92233149707317 72.684199810028076 160.33536358177662 1486.8034077733755 169.81383180618286 496.84838509559631 454.22763548791409 583.41422605514526 495.11811465024948 760.38857001066208 352.56267286837101 837.4877852499485 767.26083089411259 1067.4682933092117 452.27243031561375 139.08970701694489 1027.6944133192301 312.94036190211773 322.09041211009026 253.20348289608955 603.70462277531624 222.77081190049648 249.37458188831806 102.03283028304577 37.904906496405602 110.41104190051556 473.13552939891815 154.37378711998463 1326.9526932537556 37.712745472788811
leaf_count=158 384 254 300 785 1290 20275 203 70956 211 844 1213 4165 5213 1085 3355 44506 393 8936 5648 11692 2168 755 2093 10824 238 3303 579 245 552 309 1721 199 772 291 647 5952 681 1993 1822 2338 1981 3042 1422 3351 3094 4277 1833 558 4127 1257 1291 1016 2421 893 1001 409 152 443 1903 618 5398 151
internal_value=-1.35248e-05 0.00181653 -0.00963438 0.000851024 0.00159645 0.00191513 0.00180708 0.00103192 0.00578414 -0.00379306 0.00541549 -0.0139086 -0.00272588 -0.00662672 -0.00805712 0.0033867 0.0142931 0.00424722 -0.00213154 -0.00281817 -0.00852206 0.00492369 -0.0121776 0.00519299 0.00738289 0.00767105 -0.0170534 -0.00960644 -0.000814568 -0.00485419 -0.00756361 0.000154687 -0.000197174 -0.000528066 -0.0145366 0.00594745 -0.00390667 -0.00514745 -0.00364355 -0.00176284 0.001603 0.000105836 0.0150099 0.000577464 -0.0101396 0.00928602 -0.0139175 -0.00715231 -0.00744187 -0.00622654 -0.00177225 -0.00502883 -0.00739655 0.000438267 -0.00943703 0.000234933 -0.00381204 -0.0054931 -0.00902092 -0.0045588 -0.0178358 -0.00421471
internal_weight=64884.9 54515.2 10369.7 43850.5 36292.4 34270.1 33977 22800.9 10664.7 2022.33 10259.6 4278 7558.05 6091.7 3362.59 11176.1 293.104 6445.85 6710.3 5165.14 3185.72 5126.85 2768.65 4938.14 3813.73 3681.58 1509.35 681.906 1340.42 2729.11 699.396 1545.16 1495.42 132.143 221.323 1789.92 2029.71 1277.32 951.076 3503.17 1319 823.882 405.15 975.454 1285.36 1891.66 1483.29 460.583 2353.08 1340.63 752.388 1661.96 847.753 392.585 326.247 176.87 244.048 206.143 1012.45 364.969 1365.88 359.803
internal_count=259986 218200 41786 175501 145223 137118 135940 91231 42699 8105 41066 17320 30278 24466 13519 44709 1178 25792 26878 20694 12810 20515 11185 19760 15274 14745 6135 2740 5365 10947 2806 6184 5985 529 892 7165 8141 5125 3815 14030 5277 3296 1633 3903 5187 7580 5998 1848 9455 5384 3016 6664 3400 1574 1310 709 979 827 4071 1462 5556 1442
is_linear=0
shrinkage=0.015


Tree=14
num_leaves=63
num_cat=0
split_feature=19 19 34 20 19 14 15 34 16 11 19 34 2 25 19 34 32 20 34 19 29 19 29 32 20 7 5 13 12 32 10 20 35 33 25 32 10 29 13 7 12 7 34 14 2 16 19 33 32 19 32 29 10 12 32 32 32 7 7 22 20 25
split_gain=4865.79 796.635 793.99 261.504 278.68 225.325 205.174 237.013 138.823 131.236 118.484 107.879 107.085 87.8384 83.6247 82.3939 80.8255 79.1736 72.1095 71.3304 58.291 52.5288 50.7414 49.3613 45.632 47.7294 40.9039 38.9343 37.88 37.8211 35.7802 34.9659 30.9339 29.9459 29.5282 29.0461 28.3114 28.0209 27.6795 26.6337 26.3178 25.0239 24.4367 24.3171 24.268 23.3429 21.9679 21.9108 21.4184 21.2888 21.2667 21.1597 20.9785 19.9811 19.1924 18.9533 17.1749 18.7696 16.1303 16.0164 14.5848 13.7124
threshold=2.4214700460433964 1.7690107822418215 -31.578530311584469 11.091628551483156 3.1382396221160893 7.0855681896209726 -11.201395511627195 -70.492790222167955 6.4530236721038827 -13.125268459320067 3.4331911802291875 -1.0000000180025095e-35 3.4825633764266972 1.0907038450241091 1.2051506638526919 -84.660774230957017 -21.779748916625973 7.1239893436431894 -55.812788009643548 2.2159832715988164 6.2578365802764901 7.4609789848327646 3.7475416660308842 -38.673273086547844 7.1239893436431894 2.1324603557586674 2.0892816781997685 -11.359719276428221 1.0902466773986819 -15.754202842712401 0.43498492240905767 7.8177080154418954 85.879882812500014 -18.797555923461911 1.106154799461365 -12.438255310058592 0.65481996536254894 2.7168951034545903 -5.7402825355529776 0.72289723157882702 13.311001777648928 1.5093501806259157 -97.296035766601548 10.651455879211428 -2.2021455764770503 -0.19511462748050687 2.8768091201782231 196.07490539550784 -25.218918800354 2.6762934923172002 -12.549777984619139 -0.74431690573692311 0.58211380243301403 15.649965286254885 -30.046065330505368 -28.261574745178219 -16.862427711486813 0.67545339465141307 0.96906808018684398 53.822025299072273 4.8238790035247812 0.74669888615608226
decision_type=2 2 2 2 2 2 2 2 2 2 2 2 2 2 2 2 2 2 2 2 2 2 2 2 2 2 2 2 2 2 2 2 2 2 2 2 2 2 2 2 2 2 2 2 2 2 2 2 2 2 2 2 2 2 2 2 2 2 2 2 2 2
left_child=1 12 3 4 16 10 9 23 27 22 13 24 14 36 -1 26 40 -11 38 28 30 -9 -6 -8 25 43 35 42 29 61 59 -32 56 -10 53 -3 46 -27 -18 -31 55 51 -5 -7 60 50 -4 52 -26 -20 -16 -34 -15 -30 -29 -2 -21 -58 -52 -12 -22 -17
right_child=2 15 5 8 6 11 7 21 33 17 20 -13 -14 47 45 19 18 -19 49 32 44 -23 -24 -25 48 37 -28 54 34 39 31 -33 41 -35 -36 -37 -38 -39 -40 -41 -42 -43 -44 -45 -46 -47 -48 -49 -50 -51 58 -53 -54 -55 -56 -57 57 -59 -60 -61 -62 -63
leaf_value=-0.018879650399050225 0.0033476728204930727 -0.0071121326904249708 -0.0015270110614832803 -0.011102841533044323 0.0088006271148924325 0.0070653437365627405 -0.0066394800343557957 0.0027197356925026837 -0.0059395712035009655 0.0046406944140445225 0.0090428437364945616 0.015309956597754878 -0.0069077856741568888 0.00442990871876429 -0.01195282198520722 -0.0067736904970656731 0.0085357336833836381 -0.0017531719630056173 -0.00193253426316675 -0.0014387716864637057 0.020784555246675149 -0.00047249808528539053 0.023518594191734517 -0.00042502238247181919 -2.2683265745673303e-05 -0.0020252166558998906 0.0050588411153096946 -0.017247258663642039 -0.0063950028896463222 -0.014669793917014395 0.0054893682471178077 2.5958824918879161e-05 0.0070710926540175434 0.0049492766824876999 -0.0016747905071448209 -0.01121471552581221 -0.0081547408327306784 0.0075163671320270476 -0.0036315070983195118 -0.0079271767245161183 -0.0092645626324483234 0.0082381680834777201 0.0047237611471908766 0.0097573504072661198 0.005753781003482606 -0.011340433665102755 0.0015261992994151331 0.0095870124429209454 0.0052769938034966336 0.0013726319119861867 -0.017079858575043485 -0.0022790853123079626 -0.00058078342549034389 -0.0012645865070544623 -0.0093746361275976169 0.00031477713441760874 -0.011235787491442165 -0.0039997106699159587 -0.013292806253806437 0.00018772019824134955 0.0083480044676932964 -0.0030660566450488149
leaf_weight=712.43401427567005 677.84594134986401 1009.2377017885447 1000.4976950138807 41.914350897073746 124.19029189646244 1798.5970740318298 295.06997247040272 12654.91436727345 85.772510007023811 4239.6027424931526 49.243177369236946 387.06377056241035 537.1988987326622 1265.6559373885393 754.45636370778084 433.12806199491024 39.972440183162689 480.97298286855221 712.23282799124718 621.13217967748642 85.134199440479279 1267.5653360337019 102.27397589385509 9516.2923380881548 226.60708977282047 169.1140902787447 46.636677160859108 264.68861874938011 1137.0953241884708 155.2243924587965 4666.9605462104082 285.21216686069965 61.917687207460403 157.20560893416405 652.45832927525043 696.59934991598129 96.149542093276978 112.8729735314846 3890.0352352410555 1345.9223853498697 52.455405116081238 79.708581387996674 40.685847327113152 1464.3084709495306 74.468296498060226 1231.3562446832657 1122.2998735308647 160.89391259849072 639.00064842402935 1132.020313501358 694.97304391860962 353.8487733155489 214.16333279013634 211.16343146562576 120.50546553730965 1500.6922183185816 88.10840767621994 1238.3876863718033 583.33485099673271 487.21057710051537 39.733386591076851 523.91275563836098
leaf_count=2910 2712 4055 4004 168 498 7203 1181 50624 344 16961 197 1563 2163 5064 3050 1738 160 1925 2852 2488 341 5071 415 38081 907 677 187 1069 4567 625 18674 1141 248 629 2617 2806 385 452 15584 5411 210 319 163 5869 298 4985 4490 644 2558 4530 2821 1417 857 847 484 6005 354 4966 2367 1949 159 2102
internal_value=-3.64073e-05 -0.00817676 0.00203524 0.00088381 0.00105895 0.00503535 0.00174986 0.00116957 -0.00811256 0.0045292 0.00369838 0.00769027 -0.0132871 0.00166286 -0.0141413 -0.00550725 -0.00141434 0.00398559 -0.00235176 -0.00476214 0.00507591 0.002428 0.0156608 -0.000614762 0.00701153 0.00777047 -0.00842452 -0.0128759 -0.00589381 -0.00715253 0.00477857 0.00517788 -0.00268745 0.00102712 -0.00433419 -0.00880743 -0.000277046 0.00176728 -0.00349966 -0.00865296 0.00100511 0.000631363 -0.00320255 0.00828328 0.0130599 -0.0130915 8.00456e-05 0.00429273 0.00387545 8.73732e-05 -0.0141327 -0.000823527 0.00369482 -0.00560565 -0.0148842 0.00126754 -0.00353923 -0.00450783 -0.0153869 0.00105899 0.0171394 -0.00477029
internal_weight=64910.3 13168.2 51742.1 37396.9 36686.1 14345.2 28680.9 23733.8 710.772 4947.04 9547.62 4797.56 4513.75 3859.66 3976.55 8654.48 8005.25 4720.58 5774.26 6902.01 5687.96 13922.5 226.464 9811.36 4410.5 3544.89 1752.47 467.794 4458.9 2458.19 5488.63 4952.17 2443.1 242.978 2000.72 1705.84 2218.95 281.987 3930.01 1501.15 2230.99 495.475 82.6002 3262.91 199.336 3264.12 2122.8 1640.71 865.608 1844.25 2032.76 415.766 1479.82 1348.26 385.194 2178.54 1947.63 1326.5 1278.31 536.454 124.868 957.041
internal_count=260141 53043 207098 149666 146809 57432 114756 94957 2857 19799 38203 19229 18296 15444 16133 34747 32053 18886 23126 27699 22759 55695 913 39262 17666 14201 7048 1884 17907 9876 21961 19815 9792 973 8031 6861 8879 1129 15744 6036 8927 1984 331 13072 798 13223 8494 6565 3465 7382 8238 1665 5921 5414 1553 8717 7808 5320 5188 2146 500 3840
is_linear=0
shrinkage=0.015


Tree=15
num_leaves=63
num_cat=0
split_feature=19 14 19 19 19 15 34 11 3 11 34 6 19 7 17 10 19 6 12 29 6 19 34 19 33 10 6 34 12 25 21 5 19 27 21 10 7 9 33 10 10 12 22 5 0 34 9 14 33 5 10 12 26 25 29 10 17 9 21 12 11 29
split_gain=4644.74 833.644 555.521 498.557 277.281 256.542 320.809 163.394 130.81 127.372 125.416 104.87 89.4419 85.8958 74.46 74.2973 68.2089 67.8088 58.2792 56.1954 55.6686 47.1987 45.7639 45.0741 43.0792 42.3808 37.8202 37.8024 43.5481 33.0679 31.2418 32.1169 30.6511 27.6369 26.9557 25.2428 24.0919 23.4893 22.5441 21.5173 45.4005 21.2922 20.9364 20.5952 22.7545 20.5792 20.358 19.7488 31.0202 27.7563 19.6353 18.7997 18.7809 18.6467 17.8012 17.4974 17.2372 17.2248 16.8701 16.7298 15.9978 15.9922
threshold=2.232735395431519 3.3301354646682744 1.7427526116371157 2.7786946296691899 7.7897639274597177 -11.201395511627195 -68.490947723388658 7.8747861385345468 -8.5561294555664045 -13.125268459320067 -1.1594300270080564 55.370798110961921 1.3726419210433962 0.71259948611259472 1.5426167249679568 0.45193406939506536 3.4676849842071538 54.463541030883796 -18.597260475158688 3.2543891668319707 64.319004058837905 1.9500573277473452 -13.04272413253784 9.9528346061706561 92.044651031494155 0.59140166640281688 56.115940093994148 -82.597721099853501 -12.172941684722899 0.79553839564323436 82.701477050781264 6.4576094150543222 7.7897639274597177 -0.26024447381496424 16.779422760009769 0.38523328304290777 2.2591631412506108 15.151581764221193 136.53107452392581 0.50002312660217296 0.59357658028602611 -2.0137100219726558 42.534965515136726 1.353120803833008 -1.3832294344902036 -80.880737304687486 51.708379745483406 29.301043510437015 253.47505187988284 6.1255755424499521 0.58332499861717235 0.21908026188611987 -0.28709302842617029 1.0319643020629885 2.2635754346847539 0.52334138751029979 8.3305797576904315 78.948226928710952 76.585098266601577 51.838069915771491 5.6974446773529062 5.8608555793762216
decision_type=2 2 2 2 2 2 2 2 2 2 2 2 2 2 2 2 2 2 2 2 2 2 2 2 2 2 2 2 2 2 2 2 2 2 2 2 2 2 2 2 2 2 2 2 2 2 2 2 2 2 2 2 2 2 2 2 2 2 2 2 2 2
left_child=2 3 12 13 5 9 14 15 23 19 22 -11 26 -2 -7 42 -8 18 -4 -5 30 41 36 54 33 32 -1 28 37 52 31 -17 -22 -14 -25 57 38 -15 -9 61 -41 -20 -3 44 -23 46 -10 48 -24 -49 58 -45 -19 -32 -6 -47 -38 -31 -37 60 -44 -29
right_child=1 7 17 4 8 6 16 10 45 11 -12 -13 24 27 -16 20 -18 29 21 -21 25 43 47 34 -26 -27 -28 39 -30 35 53 -33 -34 -35 -36 50 56 -39 -40 40 -42 -43 59 51 -46 55 -48 49 -50 -51 -52 -53 -54 -55 -56 -57 -58 -59 -60 -61 -62 -63
leaf_value=-0.017803148004330267 -0.0072936691662261128 0.011209399467201835 0 0.008035950950891952 -0.0071879772395193609 -0.0025616380631807386 0.0010647791990148999 0.0036419776852582384 -0.012065384755298962 0.0038832727935213156 0.014595142097774558 0.016001730256147199 -0.016182586086605492 -0.0021129620022180911 8.0552604318595922e-05 0.00434852207448015 0.0032486589588439719 0.00053002267883551786 -0.011810494115205681 0.023565259660080079 0.0065660680711965499 -0.0075737348413268662 0.0079816712722891019 -0.005420594337460791 -0.0080203477000554465 0.00039302478972037439 -0.012053758254585897 -0.002854062024309924 -0.0062212697765574041 -0.01048687798288748 -0.0015475549165520274 -0.0035481353475502056 0.0016587630602437889 -0.011796556148279269 -0.017758433194581324 -0.00024806976690048567 -0.0053753616908343415 0.0072266292821870966 0.0068646714969144941 0.00057805762113329799 -0.0038139870819130285 -0.0077166350274145666 -0.0014569010734493155 -0.0095765055975617994 -0.0032254520127528059 0.001044014355310552 -0.0019073286381855843 -0.0065043295000935721 0.014462277640873801 0.0092125141421175692 -0.0056638872509957635 -0.004836136924152302 -0.0084418359054438431 0.0028479920669933498 0.0031480125562699801 -0.0026488990971085622 0.0053654308870936 -0.0031174555901761322 -0.0040272331078316523 0.0059403714115897569 0.0027487793286092143 0.0051732805239689678
leaf_weight=1122.9356260299683 862.66009639203548 37.494321286678314 215.21281427145004 113.17067138850689 450.34851750731468 3389.2663832455873 4591.3733560591936 890.66900256276131 69.064704298973083 5167.3318738490343 494.08485585451126 165.01713305711746 452.78260840475559 517.98800159990788 8173.4055826365948 1991.9443909525871 10961.071320652962 54.816110596060753 838.38804203271866 108.70365555584431 3236.1248749643564 511.30910037457943 1386.6333455890417 60.435020461678505 589.61442922055721 322.59201838076115 385.88179813325405 2243.5960125476122 977.15795178711414 169.92506068944931 462.05200646817684 119.47417078912258 325.12988598644733 1723.1238376349211 165.25537006556988 770.17446199059486 80.683085262775421 66.162111312150955 1188.0452903658152 1875.420507594943 733.71324130892754 506.64349016547203 837.56271164119244 713.79481963813305 623.21779982745647 744.60995210707188 133.05015681684017 45.946334198117256 199.78371360898018 50.686077684164047 348.52697460353374 285.79042163491249 505.84614388644695 403.51546163856983 37.659439861774445 466.53605325520039 53.972285106778145 138.35604597628117 411.81210979819298 99.228645190596581 265.36659419536591 54.194519370794296
leaf_count=4592 3462 150 863 454 1808 13568 18369 3564 277 20673 1994 661 1838 2075 32705 7971 43848 220 3382 442 12954 2058 5557 243 2378 1291 1568 8987 3921 683 1849 478 1301 6985 669 3090 323 265 4761 7509 2941 2044 3351 2868 2505 2980 533 184 802 203 1399 1148 2031 1615 151 1867 216 555 1651 397 1062 217
internal_value=-2.80132e-05 0.00171904 -0.00923128 0.000709438 0.00145873 0.00180076 0.00119823 0.00512217 -0.00378443 0.00473807 0.00745634 0.00426697 -0.0133801 -0.0028445 -0.000692942 0.00385366 0.00260512 -0.00631531 -0.00759694 0.0158538 0.0044644 -0.00806525 0.00654024 -0.00901253 -0.011738 0.00565178 -0.0163606 -0.00224673 -0.00428434 -0.00433111 0.00290752 0.00389166 0.00612344 -0.0127302 -0.0145971 -0.00333765 0.00509676 -0.0010085 0.00549588 -0.00159385 -0.000653258 -0.0102933 0.000459722 -0.00664566 -0.00520822 -0.00112463 -0.00553614 0.00842134 0.00882442 0.0016071 -0.00252749 -0.00824853 -0.00753923 0.00048614 -0.00635015 -0.000368161 -0.000944976 -0.00726925 -0.001582 9.3931e-05 -0.000428288 -0.00265388
internal_weight=64986.3 54618.2 10368.2 42127.2 34796.3 32669.3 27115.1 12491 2126.96 5554.22 4390.5 5332.35 4274.34 7330.89 11562.7 8100.49 15552.4 6093.81 3694.36 221.874 6860.83 3479.14 3896.42 713.698 2765.52 3883.85 1508.82 6468.23 1561.31 2399.46 2976.99 2111.42 3561.25 2175.91 225.69 1838.79 2213.37 584.15 2078.71 4906.92 2609.13 1345.03 1239.65 2134.11 1134.53 1413.26 202.115 1683.05 1586.42 96.6324 1530.51 999.585 560.662 865.567 488.008 1211.15 134.655 308.281 1181.99 1202.16 1102.93 2297.79
internal_count=260506 218648 41858 168625 139248 130720 108490 50023 8528 22230 17604 21334 17361 29377 46273 32419 62217 24497 14868 896 27459 14005 15610 2871 11201 15546 6160 25915 6261 9629 11913 8449 14255 8823 912 7378 8864 2340 8325 19654 10450 5426 4960 8579 4563 5657 810 6746 6359 387 6140 4016 2251 3464 1959 4847 539 1238 4741 4810 4413 9204
is_linear=0
shrinkage=0.015


Tree=16
num_leaves=63
num_cat=0
split_feature=19 14 19 19 19 24 34 33 13 11 7 34 19 6 19 28 26 32 6 32 13 10 34 6 32 21 19 25 10 28 32 3 19 34 31 33 29 35 14 19 29 29 9 16 3 2 28 2 7 32 33 33 11 29 19 2 6 34 21 32 9 32
split_gain=4620.66 820.998 512.999 509.099 257.72 238.947 307.639 158.553 155.812 134.03 106.218 83.8444 81.5922 81.3197 76.041 69.8877 68.6899 65.1441 60.5781 51.0573 46.1818 45.4984 42.5945 40.2341 36.4893 35.945 33.7993 32.9824 38.2049 32.5072 30.0911 29.7809 28.3709 28.2025 30.0892 25.2218 23.9186 22.3511 21.7578 30.3266 20.8753 20.1381 19.2098 19.1066 23.5883 19.0196 18.9087 18.3332 18.3315 18.2328 17.8629 17.0727 16.9019 16.6755 16.401 16.3121 18.0549 16.2708 30.3597 15.0818 14.4897 14.3444
threshold=2.232735395431519 4.0812196731567392 2.7786946296691899 1.7427526116371157 7.9255590438842782 -28.529507637023922 -66.88259124755858 -55.248638153076165 7.2782745361328134 -14.808413982391356 0.71259948611259472 -2.7012135982513423 1.2051506638526919 51.147434234619148 3.4676849842071538 -1.4267762303352354 0.40159295499324804 -20.348052978515621 60.438203811645515 -30.220409393310543 3.6188558340072636 0.45193406939506536 -82.597721099853501 62.015230178833015 -15.464456081390379 16.779422760009769 2.5587004423141484 0.79553839564323436 0.41641654074192053 -0.91399580240249623 -10.572605609893797 43.626420974731452 1.8853860497474673 -13.456277847290037 0.94756859540939342 138.58134460449222 -1.127302825450897 91.030525207519545 29.301043510437015 6.1618511676788339 2.7168951034545903 1.3247686028480532 78.138996124267592 -2.1806055307388301 -6.890660047531127 -17.383028984069821 0.71530207991600048 7.9508399963378915 0.96906808018684398 -23.279582023620602 206.88455963134768 253.47505187988284 -11.982764720916746 -0.32914483547210688 4.919673204421998 -12.917813777923582 33.435970306396491 -17.537663459777828 80.885765075683608 -38.029695510864251 37.58140945434571 -14.110654830932615
decision_type=2 2 2 2 2 2 2 2 2 2 2 2 2 2 2 2 2 2 2 2 2 2 2 2 2 2 2 2 2 2 2 2 2 2 2 2 2 2 2 2 2 2 2 2 2 2 2 2 2 2 2 2 2 2 2 2 2 2 2 2 2 2
left_child=3 2 10 12 5 9 15 19 20 40 55 33 -1 17 -8 -7 -11 43 30 25 21 59 24 49 45 -6 -25 29 42 -15 60 46 -19 34 50 57 61 -38 54 -40 -4 -26 -29 44 -5 -12 -13 -20 -32 -23 -10 -33 -9 -44 -35 -2 -57 58 -22 -3 -14 -24
right_child=1 8 4 13 7 6 14 52 11 16 22 31 18 27 -16 -17 -18 32 47 -21 35 23 36 26 41 -27 -28 28 -30 -31 48 51 -34 38 -36 -37 37 -39 39 -41 -42 -43 53 -45 -46 -47 -48 -49 -50 -51 -52 -53 -54 -55 -56 56 -58 -59 -60 -61 -62 -63
leaf_value=-0.017691554217829763 0.0011456148249403475 -0.0072354609128000447 0.011304087392319872 0.0028633395989139912 -0.0047005409518966028 0.0080942991695332998 0.0011639345713336266 0.0065495368024940026 0.004273729872499266 0.0056016154914924057 0.0077994808659684542 0.010699448078779624 -0.012033245607762219 0.0023319721162282491 0.0034075442700216693 -0.00052133618583685693 0.0020254302923397634 -0.011351339516818569 -0.0088776000142375289 -0.0043955263439311061 0.0047119435607660938 -0.00046730176808770834 0.008301638508267534 -0.0029429914935931892 -0.0079599609678309043 -0.013937161567082126 0.0055013591384517578 -0.0099065673191786555 -0.0024367062529828958 -0.0083028613319237835 -0.016418171840651162 0.011465679320305686 -0.0078622158936914495 0.01294768494483651 -0.0047798594289375244 0.0068544731155714377 -0.0018667745004676026 0.0015114597074859166 -0.0077324955143296976 0.0095827630030527414 0.023067018072212085 -0.001174815156027435 -0.010533669151120979 9.1561868131060013e-05 -0.0092841353710404733 -0.0026044671416685719 0.018051690855596329 0.00011333453083487285 -0.012742871614568264 0.0034503528128352196 0.0092953480657630653 -0.0008217308894726571 -0.00011103150415301397 -0.00040583998450974848 0.0082759918609914464 -0.01170352273086984 -0.0065715507718020153 0.005995083804626428 -0.0014648389486041529 0.00061763847882379376 -0.0068714620152302078 -0.00051623298031493951
leaf_weight=752.39839339256287 41.915656730532646 58.489893838763237 76.233441218733788 45.152108535170555 141.34094965457916 213.36040855944157 4863.8870810717344 91.703347459435463 477.65903399884701 3513.003555059433 38.97219455242157 138.44030694663525 1122.2635419368744 68.523267164826393 11487.025231853127 12429.014231130481 1870.4636977314949 765.07180404663086 686.69874295592308 490.31356884539127 590.2620494812727 477.82722228765488 87.915963113307953 107.70803326368332 569.42127697169781 348.79649095237255 2573.520707949996 273.48497089743614 1651.3704671263695 653.82360178232193 775.28383409976959 56.469934150576591 2056.6235546022654 290.70600432157516 59.151583939790726 2217.0240768492222 4598.5026314258575 480.88584274053574 38.460099592804909 49.169988349080086 90.597192704677582 126.30789744853973 50.822484001517296 253.23739269375801 137.29627649486065 823.04867547750473 308.86553256213665 51.507315322756767 703.7138647288084 586.73728403449059 260.18182019889355 40.819956243038177 963.52883736789227 130.62930153310299 553.54385244846344 234.90822102129459 580.26682545244694 715.26233130693436 250.89767891168594 601.90712004899979 164.34226685762405 71.100906416773796
leaf_count=3089 168 234 306 181 568 855 19459 367 1913 14057 156 558 4554 275 45954 49739 7484 3092 2773 1966 2362 1912 352 431 2287 1408 10301 1100 6627 2627 3162 228 8280 1167 237 8884 18420 1925 154 197 370 507 204 1016 551 3298 1248 207 2867 2348 1044 165 3856 524 2220 944 2329 2864 1004 2408 665 285
internal_value=3.90944e-05 0.00177826 0.000884283 -0.00915405 0.00162344 0.00192942 0.00138265 -0.00355814 0.00555884 0.00478136 -0.00264613 0.00903956 -0.0131371 -0.00636271 0.00274128 -0.00037349 0.00436308 -0.00798541 -0.0121452 -0.00789542 0.00458759 0.00353284 -0.00201422 0.00417262 -0.00419521 -0.011334 0.00515461 -0.00448443 -0.00351615 -0.00726966 -0.0131778 0.0142052 -0.00882094 0.00738919 0.00525 0.0058127 -0.00136145 -0.00154352 0.00918751 0.00181292 0.0179784 -0.00675653 -0.00737378 -0.00252433 -0.00619812 -0.00209978 0.0158673 -0.00823139 -0.0146991 0.00168028 0.0060851 0.00624647 0.000464902 -0.0034082 0.00992915 -0.00762288 -0.00809381 0.00431225 0.00285266 -7.49943e-05 -0.0113972 0.00430832
internal_weight=65027.9 54685.6 44232.5 10342.2 36579.3 34543.6 28993.3 2035.68 10453.1 5550.3 7653.25 2273.47 4256.21 6086.04 16350.9 12642.4 5383.47 3257.38 3503.81 980.451 8179.64 4406.19 6796.16 3745.79 1557.75 490.137 2681.23 2828.65 2106.31 722.347 2765.6 544.596 2821.7 1728.87 796.992 3773.45 5238.41 5079.39 931.88 87.6301 166.831 695.729 454.937 435.686 182.448 862.021 447.306 738.206 1479 1064.56 737.841 97.2899 1055.23 181.452 844.25 857.091 815.175 1556.42 841.16 660.397 1286.61 159.017
internal_count=260733 218939 177060 41794 146389 138224 116007 8165 41879 22217 30671 9131 17317 24477 65413 50594 21541 13120 14228 3942 32748 17634 27230 14992 6248 1976 10732 11357 8455 2902 11248 2199 11372 6932 3194 15114 20982 20345 3738 351 676 2794 1828 1748 732 3454 1806 2980 6029 4260 2957 393 4223 728 3387 3441 3273 6230 3366 2642 5219 637
is_linear=0
shrinkage=0.015


Tree=17
num_leaves=63
num_cat=0
split_feature=19 19 14 19 19 11 1 34 24 33 19 6 7 32 24 24 19 6 28 30 34 21 26 16 1 19 6 32 1 10 19 5 32 23 10 26 32 19 10 10 25 32 1 8 1 10 26 23 10 11 16 10 6 0 25 25 28 18 7 26 25 16
split_gain=4380.87 748.307 687.49 265.172 296.596 183.098 167.234 150.43 195.551 140.372 98.315 93.1102 79.8967 70.4863 68.2798 54.8453 54.5175 53.9599 49.6376 45.6509 45.5573 42.664 42.2668 41.0706 39.7132 55.2723 38.3044 58.6215 37.5529 36.994 36.8893 34.1631 30.1593 49.9611 28.9739 36.7346 27.4678 27.3292 26.8543 29.2461 26.0512 26.0512 25.0754 24.2466 23.9862 23.3749 23.113 30.3642 23.0035 24.9217 22.7052 22.3 22.2051 20.7126 20.4001 19.9815 19.5988 19.5442 18.7382 18.7184 18.0574 17.8746
threshold=2.4041951894760136 1.7427526116371157 3.9909290075302128 3.1059385538101201 7.7897639274597177 -14.808413982391356 -15.369533061981199 -73.605300903320298 -29.629328727722164 201.11147308349612 1.268990755081177 42.893379211425788 0.77821370959281932 -20.253043174743649 -19.020163536071774 -7.0959112644195548 2.0907282829284672 57.969907760620124 -1.3241574764251707 0.47499999403953558 -1.1594300270080564 15.848180294036867 0.37575827538967138 4.2777493000030526 40.985294342041023 5.0000526905059823 53.711040496826179 -21.779748916625973 11.126961231231691 0.58211380243301403 4.043900966644288 1.8100354671478274 -17.553921699523922 40.856515884399421 0.50732636451721203 0.23417012393474582 -23.152640342712399 1.9500573277473452 0.31288564205169683 0.60419252514839183 0.79553839564323436 -10.572605609893797 -23.043866157531735 0.27500000596046453 47.635602951049812 0.43498492240905767 0.34858162701129919 54.22450256347657 0.50002312660217296 8.4338302612304705 -1.0000000180025095e-35 0.72240495681762706 82.542270660400405 -10.393847942352293 0.96253636479377758 1.0319643020629885 -0.87850835919380177 1.4992663264274599 1.4269094467163088 0.51758992671966564 1.3080015182495119 1.4786971807479861
decision_type=2 2 2 2 2 2 2 2 2 2 2 2 2 2 2 2 2 2 2 2 2 2 2 2 2 2 2 2 2 2 2 2 2 2 2 2 2 2 2 2 2 2 2 2 2 2 2 2 2 2 2 2 2 2 2 2 2 2 2 2 2 2
left_child=1 10 3 12 5 18 21 8 -7 15 -1 13 32 -3 -9 23 19 41 -5 -13 24 -6 37 48 55 -26 27 53 -25 34 -30 58 33 -2 43 -36 59 -15 -28 -40 56 -12 -23 -18 -22 -33 47 -34 49 -4 -31 -52 -47 -14 -38 -11 -21 -42 -17 -8 -43 -48
right_child=2 11 9 4 6 7 36 14 -10 20 17 16 26 22 -16 31 29 -19 -20 40 44 42 -24 28 25 -27 38 -29 30 50 -32 45 46 -35 35 -37 54 -39 39 -41 57 60 -44 -45 -46 52 61 -49 -50 -51 51 -53 -54 -55 -56 -57 -58 -59 -60 -61 -62 -63
leaf_value=-0.017136414684318726 0.00057725665311422324 -0.0026180625377383612 0.0016650444393581617 0.02238526303402422 -0.0035334038293932954 0.0041844732289305041 -0.00070391172153456429 0.0041910688874078113 -0.00037866082761531131 0.0048731111438900963 -0.011104398878150535 -0.0081041430829578796 0.011530549211272395 -0.010217369369954103 0.0022114879632651758 -0.0026457285352101539 -0.001849677071080563 -0.0083292029407606022 0.0090759402951021331 0.0014985053390619253 0.016668929544807181 -0.016578633653465152 -0.012231297210821132 -0.0039001979302230772 -0.014731804348727782 0.0070299240885015237 -0.0063058866709280337 -0.0023277248685114335 -0.010323158520644053 -0.0020643708557220473 0.0030374829604628388 0.0022110041238887551 -0.0057613321422562164 -0.0079322857941544374 -0.0045748897885091516 0.002425263300449852 -0.0033917253414456499 -0.0062387414223196488 0.0018098762403461241 -0.0032868587090293753 -0.0039769601166620054 -0.015107960139450862 -0.009044419825311201 -0.0059721333392381707 0.0064048463210762867 0.0060242949744247973 -0.0084160115743599825 0.00084387165372584955 0.0053865687506093034 0.0062565846291152589 -0.010150955643902291 0.0001094919634369404 0.0093753376156827644 0.00094082806380181593 0.0021385773807682095 0.009578594541420276 -0.0084459032726429458 0.00048745750835611133 0.0066886763129683068 -0.0054686426226935019 -0.0090061738738949019 -0.0024459140424430217
leaf_weight=1005.2965399622917 651.71187099814415 580.45451597869396 1055.90157546103 102.43413256108761 164.23380775749683 2758.883310854435 384.95087890326977 5985.5317602902651 8986.5098783522844 273.29481622576714 1147.9092897921801 1065.4152095317841 41.168025940656662 576.2244840413332 11577.404942706227 156.92139892280102 1111.3314974755049 842.72697396576405 189.34026184678078 47.290101364254951 244.63357850909233 208.51923532783985 542.71302129328251 254.42542454600334 38.444162398576736 72.604159861803055 106.38535878062248 3252.9420080631971 46.232263013720512 199.55536089837551 1068.1101454943419 312.43869370222092 366.94190776348114 200.66537462174892 234.68567110598087 582.10962109267712 191.90122166275978 1400.5298820137978 2480.2817435562611 278.41907168924809 837.91815191507339 1104.2494414299726 235.88387322425842 462.06460537016392 75.829129636287689 2809.3894238173962 511.11627678573132 265.15088523924351 2018.0028821080923 361.96484249830246 294.7046385705471 53.299699917435646 562.70250743627548 1448.6033134758472 646.77318848669529 1133.9685340821743 365.092514321208 290.93528166413307 67.457188740372658 372.78607708215714 147.70666864514351 157.22676721215248
leaf_count=4132 2610 2328 4226 419 660 11040 1542 23948 35960 1096 4662 4290 165 2331 46316 628 4457 3406 759 190 991 845 2189 1018 154 291 426 13031 185 801 4275 1251 1472 804 941 2332 768 5638 9925 1115 3369 4511 949 1853 307 11257 2050 1063 8080 1450 1183 214 2257 5796 2588 4551 1469 1167 270 1493 603 630
internal_value=-2.19165e-07 -0.00782883 0.00193625 0.00106764 0.00173151 0.00212723 -0.00357091 0.00200837 0.00069243 0.00535543 -0.0129857 -0.00529055 -0.00109396 -0.00737943 0.00288739 0.00455533 -0.0041177 -0.0116845 0.0139201 -0.00570202 0.00912973 -0.01025 -0.00846749 0.00347164 0.00800242 -0.000498494 -0.000369475 -0.00119798 0.00125654 -0.00270391 0.00245223 0.00588105 -0.00364451 -0.00142237 -0.00188612 0.000389363 -0.00100547 -0.00741525 0.000996642 0.00128805 -0.00402342 -0.0128486 -0.0126716 -0.0030759 0.0143415 0.00622703 -0.00508509 -0.002973 0.00434848 0.00285494 -0.00622656 -0.00854498 0.00659316 0.00125858 0.00085026 0.00868363 -0.0072676 -0.00281427 0.000128607 -0.003076 -0.0144155 -0.00704542
internal_weight=65010.3 12892.2 52118.1 41565.8 31805.2 29600.1 2205.05 29308.3 11745.4 10552.3 4247.89 8644.32 9760.61 3099.92 17562.9 8713.55 5544.4 3242.59 291.774 2606.65 1838.77 608.637 2519.47 4804.64 1518.31 111.048 7607.8 4742.71 1368.77 2937.75 1114.34 3908.91 2152.81 852.377 2390.19 816.795 1596.41 1976.75 2865.09 2758.7 1541.24 2399.87 444.403 1573.4 320.463 3684.53 1300.44 632.093 3435.87 1417.87 547.56 348.004 3372.09 1489.77 838.674 1407.26 412.383 1128.85 224.379 757.737 1251.96 668.343
internal_count=260727 52066 208661 166374 127287 118442 8845 117264 47000 42287 17314 34752 39087 12486 70264 34897 22266 13182 1178 10485 7390 2454 10158 19234 6092 445 30458 18992 5478 11781 4460 15663 8629 3414 9583 3273 6391 7969 11466 11040 6195 9776 1794 6310 1298 14765 5215 2535 13756 5676 2198 1397 13514 5961 3356 5647 1659 4536 898 3035 5114 2680
is_linear=0
shrinkage=0.015


end of trees

feature_importances:
Column_19=104
Column_10=90
Column_32=74
Column_34=59
Column_18=57
Column_33=52
Column_20=45
Column_6=42
Column_7=41
Column_13=35
Column_29=34
Column_14=32
Column_15=31
Column_2=30
Column_1=29
Column_25=29
Column_12=28
Column_23=28
Column_26=27
Column_11=26
Column_3=23
Column_5=23
Column_28=23
Column_17=21
Column_22=19
Column_16=18
Column_24=17
Column_9=16
Column_21=15
Column_27=15
Column_0=11
Column_35=11
Column_30=4
Column_31=4
Column_8=3

parameters:
[boosting: gbdt]
[objective: binary]
[metric: auc]
[tree_learner: serial]
[device_type: cpu]
[data_sample_strategy: bagging]
[data: ]
[valid: ]
[num_iterations: 18]
[learning_rate: 0.015]
[num_leaves: 63]
[num_threads: 0]
[seed: 42]
[deterministic: 0]
[force_col_wise: 0]
[force_row_wise: 0]
[histogram_pool_size: -1]
[max_depth: 7]
[min_data_in_leaf: 150]
[min_sum_hessian_in_leaf: 0.001]
[bagging_fraction: 0.8]
[pos_bagging_fraction: 1]
[neg_bagging_fraction: 1]
[bagging_freq: 1]
[bagging_seed: 400]
[bagging_by_query: 0]
[feature_fraction: 0.7]
[feature_fraction_bynode: 1]
[feature_fraction_seed: 30056]
[extra_trees: 0]
[extra_seed: 12879]
[early_stopping_round: 0]
[early_stopping_min_delta: 0]
[first_metric_only: 0]
[max_delta_step: 0]
[lambda_l1: 1]
[lambda_l2: 2]
[linear_lambda: 0]
[min_gain_to_split: 0]
[drop_rate: 0.1]
[max_drop: 50]
[skip_drop: 0.5]
[xgboost_dart_mode: 0]
[uniform_drop: 0]
[drop_seed: 17869]
[top_rate: 0.2]
[other_rate: 0.1]
[min_data_per_group: 100]
[max_cat_threshold: 32]
[cat_l2: 10]
[cat_smooth: 10]
[max_cat_to_onehot: 4]
[top_k: 20]
[monotone_constraints: ]
[monotone_constraints_method: basic]
[monotone_penalty: 0]
[feature_contri: ]
[forcedsplits_filename: ]
[refit_decay_rate: 0.9]
[cegb_tradeoff: 1]
[cegb_penalty_split: 0]
[cegb_penalty_feature_lazy: ]
[cegb_penalty_feature_coupled: ]
[path_smooth: 0]
[interaction_constraints: ]
[verbosity: -1]
[saved_feature_importance_type: 0]
[use_quantized_grad: 0]
[num_grad_quant_bins: 4]
[quant_train_renew_leaf: 0]
[stochastic_rounding: 1]
[linear_tree: 0]
[max_bin: 255]
[max_bin_by_feature: ]
[min_data_in_bin: 3]
[bin_construct_sample_cnt: 200000]
[data_random_seed: 175]
[is_enable_sparse: 1]
[enable_bundle: 1]
[use_missing: 1]
[zero_as_missing: 0]
[feature_pre_filter: 1]
[pre_partition: 0]
[two_round: 0]
[header: 0]
[label_column: ]
[weight_column: ]
[group_column: ]
[ignore_column: ]
[categorical_feature: ]
[forcedbins_filename: ]
[precise_float_parser: 0]
[parser_config_file: ]
[objective_seed: 16083]
[num_class: 1]
[is_unbalance: 0]
[scale_pos_weight: 1]
[sigmoid: 1]
[boost_from_average: 1]
[reg_sqrt: 0]
[alpha: 0.9]
[fair_c: 1]
[poisson_max_delta_step: 0.7]
[tweedie_variance_power: 1.5]
[lambdarank_truncation_level: 30]
[lambdarank_norm: 1]
[label_gain: ]
[lambdarank_position_bias_regularization: 0]
[eval_at: ]
[multi_error_top_k: 1]
[auc_mu_weights: ]
[num_machines: 1]
[local_listen_port: 12400]
[time_out: 120]
[machine_list_filename: ]
[machines: ]
[gpu_platform_id: -1]
[gpu_device_id: -1]
[gpu_device_id_list: ]
[gpu_use_dp: 0]
[num_gpu: 1]

end of parameters

pandas_categorical:null
